rundate,report_period,reporting_reporting_grp_name,reporting_reporting_name,mail_scheduled_passenger_aircraft_foreign_EU,mail_scheduled_cargo_aircraft_foreign_EU,mail_charter_passenger_aircraft_foreign_EU,mail_charter_cargo_aircraft_foreign_EU,mail_scheduled_passenger_aircraft_foreign_non_EU,mail_scheduled_cargo_aircraft_foreign_non_EU,mail_charter_passenger_aircraft_foreign_non_EU,mail_charter_cargo_aircraft_foreign_non_EU,mail_scheduled_passenger_aircraft_uk,mail_scheduled_cargo_aircraft_uk,mail_charter_passenger_aircraft_uk,mail_charter_cargo_aircraft_uk
02/10/2002 13:04,200207,London Area Airports,GATWICK,65.952,0,0.233,0,224.414,0.001,0.958,0,45.853,0,0,379.218
02/10/2002 13:04,200207,London Area Airports,HEATHROW,1157.562,0,0,0,4135.053,17.666,0.915,0,34.659,402.934,0,0
02/10/2002 13:04,200207,London Area Airports,STANSTED,1.358,0,0,16.449,0,0,0,0,0,0,0,531.393
02/10/2002 13:04,200207,Other UK Airports,ABERDEEN,0,0,0,0,0.002,0,0,0,1.429,0,0,47.402
02/10/2002 13:04,200207,Other UK Airports,BARRA,0,0,0,0,0,0,0,0,4.835,0,0,0
02/10/2002 13:04,200207,Other UK Airports,BELFAST CITY,0,0,0,0,0,0,0,0,6.571,0,0,0
02/10/2002 13:04,200207,Other UK Airports,BELFAST INTERNATIONAL,0,0,0,0,0,0,0,0,5.053,0,0,1064.979
02/10/2002 13:04,200207,Other UK Airports,BENBECULA,0,0,0,0,0,0,0,0,3.873,0,0,0
02/10/2002 13:04,200207,Other UK Airports,BIGGIN HILL,0,0,0,0,0,0,0,0,0,0,0,18.339
02/10/2002 13:04,200207,Other UK Airports,BIRMINGHAM,42.285,0,0.004,0,6.103,0,0,0,14.894,0,0,0
02/10/2002 13:04,200207,Other UK Airports,BOURNEMOUTH,0,0,0,17.385,0,0,0,0,0,0,0,399.802
02/10/2002 13:04,200207,Other UK Airports,BRISTOL,0,0,0,0,0,0,0,0,0,1.955,0,392.491
02/10/2002 13:04,200207,Other UK Airports,CARDIFF WALES,0,0,0,0,0,0,0,0,0,0,0,13.068
02/10/2002 13:04,200207,Other UK Airports,COVENTRY,0,0,0,16.22,0,0,0,0,0,0,0,542.463
02/10/2002 13:04,200207,Other UK Airports,EAST MIDLANDS,0.191,0,0,0,0,0,0,0,1.221,0,0,771.024
02/10/2002 13:04,200207,Other UK Airports,EDINBURGH,6.916,0,0,42.161,0,0,0,16.095,4.669,395.251,0,2100.14
02/10/2002 13:04,200207,Other UK Airports,EXETER,0,0,0,0,0,0,0,0,0,0,0,107.109
02/10/2002 13:04,200207,Other UK Airports,GLASGOW,16.698,0,0,0,6.807,0,0,0,30.824,0,0,0
02/10/2002 13:04,200207,Other UK Airports,INVERNESS,0,0,0,0,0,0,0,0,5.456,0,0,0
02/10/2002 13:04,200207,Other UK Airports,ISLAY,0,0,0,0,0,0,0,0,4.896,0,0,0
02/10/2002 13:04,200207,Other UK Airports,ISLE OF MAN,0,0,0,0,0,0,0,0,0.002,2.945,0,229.168
02/10/2002 13:04,200207,Other UK Airports,ISLES OF SCILLY (ST.MARYS),0,0,0,0,0,0,0,0,11,3,0,0
02/10/2002 13:04,200207,Other UK Airports,ISLES OF SCILLY (TRESCO),0,0,0,0,0,0,0,0,0.5,0.2,0,0
02/10/2002 13:04,200207,Other UK Airports,KIRKWALL,0,0,0,0,0,0,0,0,2.161,0.034,0,0.018
02/10/2002 13:04,200207,Other UK Airports,LIVERPOOL,0,0,0,11.849,0,0,0,0,0,3.41,0,1200.079
02/10/2002 13:04,200207,Other UK Airports,MANCHESTER,98.109,0,0.219,0,84.971,0,0,0,3.884,0,0,0
02/10/2002 13:04,200207,Other UK Airports,NEWCASTLE,0,0,0,0,0,0,0,0,2.031,0,0,176.589
02/10/2002 13:04,200207,Other UK Airports,PENZANCE HELIPORT,0,0,0,0,0,0,0,0,10,0,0,0
02/10/2002 13:04,200207,Other UK Airports,STORNOWAY,0,0,0,0,0,0,0,0,4.443,0,0,0
02/10/2002 13:04,200207,Other UK Airports,TEESSIDE,0,0,0,2.106,0,0,0,0,0,0,0,0
02/10/2002 13:04,200207,Other UK Airports,TIREE,0,0,0,0,0,0,0,0,2.341,0,0,0
02/10/2002 13:04,200207,Channel Islands Airports,ALDERNEY,0,0,0,0,0,0,0,0,11.436,1.736,0,0
02/10/2002 13:04,200207,Channel Islands Airports,GUERNSEY,0,0,0,0,0,0,0,0,25.758,0,0,178.662
02/10/2002 13:04,200207,Channel Islands Airports,JERSEY,0.048,0,0,0,0,0,0,0,43.603,0,1.345,1.735
