rundate,report_period,reporting_airport_group_name,reporting_airport_name,freight_scheduled_passenger_aircraft_foreign_eu,freight_scheduled_cargo_aircraft_foreign_eu,freight_charter_passenger_aircraft_foreign_eu,freight_charter_cargo_aircraft_foreign_eu,freight_scheduled_passenger_aircraft_foreign_non_eu,freight_scheduled_cargo_aircraft_foreign_non_eu,freight_charter_passenger_aircraft_foreign_non_eu,freight_charter_cargo_aircraft_foreign_non_eu,freight_scheduled_passenger_aircraft_uk,freight_scheduled_cargo_aircraft_uk,freight_charter_passenger_aircraft_uk,freight_charter_cargo_aircraft_uk
02/10/2002 13:03,200207,London Area Airports,GATWICK,375.844,0,234.605,768.811,15926.922,361.464,1209.186,1946.749,185.263,0.021,8.745,15.029
02/10/2002 13:03,200207,London Area Airports,HEATHROW,8002.125,0,0.912,1866.888,89165.601,7187.188,26.605,361.486,444.618,1.81,0,0
02/10/2002 13:03,200207,London Area Airports,LUTON,18.886,131.645,2.343,800.21,0.42,487.754,0,38.778,0.763,0,0,0
02/10/2002 13:03,200207,London Area Airports,SOUTHEND,0,0,0,32.275,0,0,0,0,0,0,0,0
02/10/2002 13:03,200207,London Area Airports,STANSTED,107.138,2055.772,0,2961.78,65.809,8940.538,0.513,73.966,89.097,0,0,863.734
02/10/2002 13:03,200207,Other UK Airports,ABERDEEN,12.852,0,3.487,0,62.72,0,46.909,12.369,51.154,0,44.441,105.457
02/10/2002 13:03,200207,Other UK Airports,BARRA,0,0,0,0,0,0,0,0,3.164,0,0,0
02/10/2002 13:03,200207,Other UK Airports,BELFAST CITY,0.158,0,0,0,0,0,0,0,128.045,0,0,0
02/10/2002 13:03,200207,Other UK Airports,BELFAST INTERNATIONAL,0,0,0.292,0,6.482,0,1.435,0,116.647,0,0,2173.978
02/10/2002 13:03,200207,Other UK Airports,BENBECULA,0,0,0,0,0,0,0,0,17.227,0,0,0
02/10/2002 13:03,200207,Other UK Airports,BIRMINGHAM,115.423,0,4.463,85.112,1020.033,0,37.569,0,49.002,0,0.02,0
02/10/2002 13:03,200207,Other UK Airports,BLACKPOOL,0,0,0,0,0,0,4.165,0,0,0,0,0
02/10/2002 13:03,200207,Other UK Airports,BOURNEMOUTH,0,0,0,102.795,0,0,0,0,0,160.703,0,305.929
02/10/2002 13:03,200207,Other UK Airports,BRISTOL,0,0,0,0.355,0,0,0,2.206,0,0.159,0,0
02/10/2002 13:03,200207,Other UK Airports,CAMBRIDGE,0,0,12.28,0,0,0,0,0,0,0,0,0
02/10/2002 13:03,200207,Other UK Airports,CARDIFF WALES,0.027,0,6.736,61.985,6.588,0,0,10.435,0.033,0,0,17.29
02/10/2002 13:03,200207,Other UK Airports,COVENTRY,0,0,0,243.292,0,0,0,0,0,0,0,186.233
02/10/2002 13:03,200207,Other UK Airports,EAST MIDLANDS,0.108,2198.457,0.098,9916.099,0,3354.153,0,2.282,0.831,0,0,2237.699
02/10/2002 13:03,200207,Other UK Airports,EDINBURGH,26.591,0,0,823.258,0,0,1.19,518.488,14.427,0,0,652.986
02/10/2002 13:03,200207,Other UK Airports,GLASGOW,14.097,0,3.915,0,453.346,0,68.093,0,91.929,0,1.076,13.119
02/10/2002 13:03,200207,Other UK Airports,HUMBERSIDE,0.008,0,0,0,0,0,9.116,0.722,0,0,0,0
02/10/2002 13:03,200207,Other UK Airports,INVERNESS,0,0,0,0,0,0,0,0,59.402,17.02,0,0
02/10/2002 13:03,200207,Other UK Airports,ISLAY,0,0,0,0,0,0,0,0,16.513,0,0,0
02/10/2002 13:03,200207,Other UK Airports,ISLE OF MAN,0.366,0,0,0,0,0,0,0,25.469,0,0,156.596
02/10/2002 13:03,200207,Other UK Airports,ISLES OF SCILLY (ST.MARYS),0,0,0,0,0,0,0,0,15,4,0,0
02/10/2002 13:03,200207,Other UK Airports,ISLES OF SCILLY (TRESCO),0,0,0,0,0,0,0,0,4.4,0,0,0
02/10/2002 13:03,200207,Other UK Airports,KENT INTERNATIONAL,0,0,0,432.466,0,38.1,8.73,2227.015,0,0,0,0
02/10/2002 13:03,200207,Other UK Airports,KIRKWALL,0,0,0,0,0,0,0,0,9.077,0.008,0,0
02/10/2002 13:03,200207,Other UK Airports,LEEDS BRADFORD,0.082,0,0.069,5.5,0,0,0,0,4.91,0,0,0
02/10/2002 13:03,200207,Other UK Airports,LIVERPOOL,0,0,0,503.009,0,0,0,0,3.794,0,0,477.864
02/10/2002 13:03,200207,Other UK Airports,MANCHESTER,334.886,72.882,88.481,6.7,5017.621,3394.325,555.188,0,49.049,0,0.866,0
02/10/2002 13:03,200207,Other UK Airports,NEWCASTLE,0.325,0,2.942,39.831,4.6,0,0,39.783,1.294,0,0,0
02/10/2002 13:03,200207,Other UK Airports,NORWICH,3.237,0,0,0,0,0,4.225,1.024,0.021,0,0,0
02/10/2002 13:03,200207,Other UK Airports,PENZANCE HELIPORT,0,0,0,0,0,0,0,0,19,0,0,0
02/10/2002 13:03,200207,Other UK Airports,PLYMOUTH,1.25,0,0,0,0,0,0,0,2,0,0,0
02/10/2002 13:03,200207,Other UK Airports,PRESTWICK,0,760.218,0,6.08,0,1951.349,0,398.074,0,54.74,0,0
02/10/2002 13:03,200207,Other UK Airports,SCATSTA,0,0,0,0,0,0,13.244,0.324,0,0,42.695,0.019
02/10/2002 13:03,200207,Other UK Airports,SOUTHAMPTON,0,0,0,0,0,0,0,0,32.681,0,0,0
02/10/2002 13:03,200207,Other UK Airports,STORNOWAY,0,0,0,0,0,0,0,0,51.983,15.79,0,0
02/10/2002 13:03,200207,Other UK Airports,SUMBURGH,0,0,0,0,0,0,0.006,0.249,6.885,0,0.04,0
02/10/2002 13:03,200207,Other UK Airports,TEESSIDE,0,0,0.003,78.562,0,0,0,0,3.921,0,0,6
02/10/2002 13:03,200207,Other UK Airports,TIREE,0,0,0,0,0,0,0,0,2.691,0,0,0
02/10/2002 13:03,200207,Channel Islands Airports,ALDERNEY,0,0,0,0,0,0,0,0,39.643,3.901,0,0
02/10/2002 13:03,200207,Channel Islands Airports,GUERNSEY,4.003,0,0,0,1.056,0,0,0,133.581,77.807,0,158.569
02/10/2002 13:03,200207,Channel Islands Airports,JERSEY,0.406,0,0,0,0.641,0,0,0,164.416,81.449,0.02,228.264
