rundate,report_period,reporting_airport_group_name,reporting_airport_name,total_pax,pax_terminal_scheduled_uk,pax_transit_scheduled_uk,pax_terminal_scheduled_foreign_EU,pax_transit_scheduled_foreign_EU,pax_terminal_scheduled_foreign_non_EU,pax_transit_scheduled_foreign_non_EU,pax_terminal_charter_uk,pax_transit_charter_uk,pax_terminal_charter_foreign_EU,pax_transit_charter_foreign_EU,pax_terminal_charter_foreign_non_EU,pax_transit_charter_foreign_non_EU
02/10/2002 12:56,200207,London Area Airports,GATWICK,3258967,1277835,72,151596,86,426320,70,1360757,3440,12601,576,25330,284
02/10/2002 12:56,200207,London Area Airports,HEATHROW,6093457,3140378,0,1169677,0,1734213,30204,14195,0,22,0,4768,0
02/10/2002 12:56,200207,London Area Airports,LONDON CITY,144634,41785,0,78816,0,23889,0,0,0,144,0,0,0
02/10/2002 12:56,200207,London Area Airports,LUTON,677925,442741,0,35849,0,51587,0,134502,299,8266,12,4668,1
02/10/2002 12:56,200207,London Area Airports,SOUTHEND,678,0,0,0,0,0,0,678,0,0,0,0,0
02/10/2002 12:56,200207,London Area Airports,STANSTED,1672167,611756,0,863226,0,37753,0,141172,134,13152,80,4894,0
02/10/2002 12:56,200207,Miscellaneous,METRO LONDON HELIPORT,1025,0,0,0,0,0,0,1025,0,0,0,0,0
02/10/2002 12:56,200207,Other UK Airports,ABERDEEN,244425,158637,42,6773,0,12345,104,48155,0,14726,0,3643,0
02/10/2002 12:56,200207,Other UK Airports,BARRA,1062,1062,0,0,0,0,0,0,0,0,0,0,0
02/10/2002 12:56,200207,Other UK Airports,BELFAST CITY,177632,176938,694,0,0,0,0,0,0,0,0,0,0
02/10/2002 12:56,200207,Other UK Airports,BELFAST INTERNATIONAL,406634,276143,0,542,442,4404,0,86759,1874,25207,59,11143,61
02/10/2002 12:56,200207,Other UK Airports,BENBECULA,3009,3009,0,0,0,0,0,0,0,0,0,0,0
02/10/2002 12:56,200207,Other UK Airports,BIGGIN HILL,240,0,0,0,0,0,0,136,0,104,0,0,0
02/10/2002 12:56,200207,Other UK Airports,BIRMINGHAM,858362,290294,10282,95398,0,58883,3222,373346,1786,12216,0,12921,14
02/10/2002 12:56,200207,Other UK Airports,BLACKPOOL,4763,2128,0,0,0,0,0,2635,0,0,0,0,0
02/10/2002 12:56,200207,Other UK Airports,BOURNEMOUTH,36658,964,0,20289,0,0,0,13058,0,798,174,1375,0
02/10/2002 12:56,200207,Other UK Airports,BRISTOL,367512,168066,1348,32212,1111,0,0,126070,0,22370,0,16068,267
02/10/2002 12:56,200207,Other UK Airports,CAMBRIDGE,104,0,22,0,0,0,0,21,0,61,0,0,0
02/10/2002 12:56,200207,Other UK Airports,CAMPBELTOWN,671,654,17,0,0,0,0,0,0,0,0,0,0
02/10/2002 12:56,200207,Other UK Airports,CARDIFF WALES,162505,12101,0,18918,0,1691,0,112378,228,14106,167,2916,0
02/10/2002 12:56,200207,Other UK Airports,DUNDEE,4218,3766,61,0,0,0,0,391,0,0,0,0,0
02/10/2002 12:56,200207,Other UK Airports,EAST MIDLANDS,390048,176009,0,0,0,0,0,194154,25,11723,0,8137,0
02/10/2002 12:56,200207,Other UK Airports,EDINBURGH,687782,543871,2673,70147,0,2656,0,39385,0,19352,0,9698,0
02/10/2002 12:56,200207,Other UK Airports,EXETER,32638,9233,1048,168,0,1284,534,8849,89,8833,0,2600,0
02/10/2002 12:56,200207,Other UK Airports,GLASGOW,890112,472035,12,15606,308,57309,48,271673,3460,50413,116,18154,978
02/10/2002 12:56,200207,Other UK Airports,HAWARDEN,176,0,0,0,0,0,0,176,0,0,0,0,0
02/10/2002 12:56,200207,Other UK Airports,HUMBERSIDE,53491,13968,0,0,0,0,0,20921,0,14214,0,3961,427
02/10/2002 12:56,200207,Other UK Airports,INVERNESS,38711,34498,2090,0,0,0,0,1282,0,0,0,841,0
02/10/2002 12:56,200207,Other UK Airports,ISLAY,1813,1811,2,0,0,0,0,0,0,0,0,0,0
02/10/2002 12:56,200207,Other UK Airports,ISLE OF MAN,66475,65419,997,0,0,0,0,59,0,0,0,0,0
02/10/2002 12:56,200207,Other UK Airports,ISLES OF SCILLY (ST.MARYS),18796,18618,161,0,0,0,0,17,0,0,0,0,0
02/10/2002 12:56,200207,Other UK Airports,ISLES OF SCILLY (TRESCO),5814,5574,240,0,0,0,0,0,0,0,0,0,0
02/10/2002 12:56,200207,Other UK Airports,KENT INTERNATIONAL,52,0,0,0,0,0,0,0,0,0,0,52,0
02/10/2002 12:56,200207,Other UK Airports,KIRKWALL,10201,9266,738,0,0,0,0,100,0,97,0,0,0
02/10/2002 12:56,200207,Other UK Airports,LEEDS BRADFORD,156897,69977,161,18472,0,0,0,48921,0,14834,0,4532,0
02/10/2002 12:56,200207,Other UK Airports,LERWICK  (TINGWALL),262,262,0,0,0,0,0,0,0,0,0,0,0
02/10/2002 12:56,200207,Other UK Airports,LIVERPOOL,288699,200947,0,28029,0,2067,0,47643,0,9427,24,562,0
02/10/2002 12:56,200207,Other UK Airports,LONDONDERRY,20803,4891,0,13333,0,0,0,9,0,2522,0,48,0
02/10/2002 12:56,200207,Other UK Airports,LYDD,555,555,0,0,0,0,0,0,0,0,0,0,0
02/10/2002 12:56,200207,Other UK Airports,MANCHESTER,2077495,468665,230,198799,831,176288,10036,1152814,2833,33381,91,33448,79
02/10/2002 12:56,200207,Other UK Airports,NEWCASTLE,395307,148054,3750,8824,0,5890,0,182194,0,26311,459,19825,0
02/10/2002 12:56,200207,Other UK Airports,NORWICH,39844,17155,0,0,0,0,0,15067,0,4412,49,3161,0
02/10/2002 12:56,200207,Other UK Airports,PENZANCE HELIPORT,17114,17114,0,0,0,0,0,0,0,0,0,0,0
02/10/2002 12:56,200207,Other UK Airports,PLYMOUTH,9562,6921,2641,0,0,0,0,0,0,0,0,0,0
02/10/2002 12:56,200207,Other UK Airports,PRESTWICK,168711,283,125,129835,9,2,244,7323,987,26880,0,2983,40
02/10/2002 12:56,200207,Other UK Airports,SCATSTA,21281,0,0,0,0,0,0,21281,0,0,0,0,0
02/10/2002 12:56,200207,Other UK Airports,SHEFFIELD CITY,1765,1178,0,0,0,0,0,587,0,0,0,0,0
02/10/2002 12:56,200207,Other UK Airports,SHOREHAM,37,0,0,0,0,0,0,30,7,0,0,0,0
02/10/2002 12:56,200207,Other UK Airports,SOUTHAMPTON,76798,60991,54,6397,0,0,0,1965,0,6200,0,1191,0
02/10/2002 12:56,200207,Other UK Airports,STORNOWAY,8049,7981,68,0,0,0,0,0,0,0,0,0,0
02/10/2002 12:56,200207,Other UK Airports,SUMBURGH,12937,11900,0,0,0,0,0,317,349,371,0,0,0
02/10/2002 12:56,200207,Other UK Airports,TEESSIDE,74481,22996,0,9574,0,0,0,32453,179,9279,0,0,0
02/10/2002 12:56,200207,Other UK Airports,TIREE,518,518,0,0,0,0,0,0,0,0,0,0,0
02/10/2002 12:56,200207,Other UK Airports,WICK,2233,1548,676,0,0,0,0,0,9,0,0,0,0
02/10/2002 12:56,200207,Channel Islands Airports,ALDERNEY,7532,7532,0,0,0,0,0,0,0,0,0,0,0
02/10/2002 12:56,200207,Channel Islands Airports,GUERNSEY,81406,76090,2346,510,0,938,587,147,182,466,140,0,0
02/10/2002 12:56,200207,Channel Islands Airports,JERSEY,157307,133285,2734,1558,0,1404,383,13198,0,3756,218,771,0
