rundate,this_period,last_period,group_name,airport_1_name,airport_2_name,total_pax_this_period,total_pax_scheduled_this_period,total_pax_charter_this_period,total_pax_last_period,total_pax_scheduled_last_period,total_pax_charter_last_period,total_pax_percent,charters_tm_only_small_acf,charters_lm_only_small_acf
14-Aug-2014 09:44,201406,201306,Other Reporting Airports      ,ABERDEEN                      ,BELFAST CITY (GEORGE BEST)    , 3263 , 3263 , 0 , 2508 , 2508 , 0 , 30.10367 ,N,N
14-Aug-2014 09:44,201406,201306,Other Reporting Airports      ,ABERDEEN                      ,BIRMINGHAM                    , 11572 , 11572 , 0 , 9171 , 9171 , 0 , 26.18035 ,N,N
14-Aug-2014 09:44,201406,201306,Other Reporting Airports      ,ABERDEEN                      ,BRISTOL                       , 2849 , 2849 , 0 , 2816 , 2816 , 0 , 1.171875 ,N,N
14-Aug-2014 09:44,201406,201306,Other Reporting Airports      ,ABERDEEN                      ,CARDIFF WALES                 , 1149 , 1149 , 0 , 1098 , 1098 , 0 , 4.644809 ,N,N
14-Aug-2014 09:44,201406,201306,Other Reporting Airports      ,ABERDEEN                      ,DURHAM TEES VALLEY            , 3009 , 3009 , 0 , 2700 , 2700 , 0 , 11.44444 ,N,N
14-Aug-2014 09:44,201406,201306,Other Reporting Airports      ,ABERDEEN                      ,EAST MIDLANDS INTERNATIONAL   , 1448 , 1448 , 0 , 1541 , 1541 , 0 ,-6.035042 ,N,N
14-Aug-2014 09:44,201406,201306,Other Reporting Airports      ,ABERDEEN                      ,EDINBURGH                     , 16 , 0 , 16 , 0 , 0 , 0 ,Null,N,N
14-Aug-2014 09:44,201406,201306,Other Reporting Airports      ,ABERDEEN                      ,FARNBOROUGH                   , 0 , 0 , 0 , 2 , 0 , 2 ,-100 ,N,Y
14-Aug-2014 09:44,201406,201306,Other Reporting Airports      ,ABERDEEN                      ,GLASGOW                       , 0 , 0 , 0 , 19 , 0 , 19 ,-100 ,N,N
14-Aug-2014 09:44,201406,201306,Other Reporting Airports      ,ABERDEEN                      ,HUMBERSIDE                    , 3152 , 3152 , 0 , 3001 , 3001 , 0 , 5.031656 ,N,N
14-Aug-2014 09:44,201406,201306,Other Reporting Airports      ,ABERDEEN                      ,JERSEY                        , 411 , 411 , 0 , 554 , 554 , 0 ,-25.81227 ,N,N
14-Aug-2014 09:44,201406,201306,Other Reporting Airports      ,ABERDEEN                      ,KIRKWALL                      , 4641 , 4641 , 0 , 4468 , 4428 , 40 , 3.871979 ,N,N
14-Aug-2014 09:44,201406,201306,Other Reporting Airports      ,ABERDEEN                      ,LEEDS BRADFORD                , 591 , 521 , 70 , 1349 , 1349 , 0 ,-56.18977 ,N,N
14-Aug-2014 09:44,201406,201306,Other Reporting Airports      ,ABERDEEN                      ,MANCHESTER                    , 20007 , 20007 , 0 , 16929 , 16929 , 0 , 18.18182 ,N,N
14-Aug-2014 09:44,201406,201306,Other Reporting Airports      ,ABERDEEN                      ,NEWCASTLE                     , 2678 , 2678 , 0 , 2552 , 2552 , 0 , 4.937304 ,N,N
14-Aug-2014 09:44,201406,201306,Other Reporting Airports      ,ABERDEEN                      ,NORWICH                       , 5362 , 5362 , 0 , 5544 , 5544 , 0 ,-3.282828 ,N,N
14-Aug-2014 09:44,201406,201306,Other Reporting Airports      ,ABERDEEN                      ,SCATSTA                       , 12939 , 0 , 12939 , 13845 , 0 , 13845 ,-6.543879 ,N,N
14-Aug-2014 09:44,201406,201306,Other Reporting Airports      ,ABERDEEN                      ,SOUTHAMPTON                   , 1327 , 1327 , 0 , 744 , 744 , 0 , 78.36021 ,N,N
14-Aug-2014 09:44,201406,201306,Other Reporting Airports      ,ABERDEEN                      ,STORNOWAY                     , 499 , 499 , 0 , 476 , 476 , 0 , 4.831933 ,N,N
14-Aug-2014 09:44,201406,201306,Other Reporting Airports      ,ABERDEEN                      ,SUMBURGH                      , 13620 , 8461 , 5159 , 10493 , 7215 , 3278 , 29.80082 ,N,N
14-Aug-2014 09:44,201406,201306,Other Reporting Airports      ,ABERDEEN                      ,WICK JOHN O GROATS            , 1367 , 1151 , 216 , 1226 , 1226 , 0 , 11.50082 ,N,N
14-Aug-2014 09:44,201406,201306,Other Reporting Airports      ,ALDERNEY                      ,GUERNSEY                      , 3489 , 3489 , 0 , 3152 , 3152 , 0 , 10.69162 ,N,N
14-Aug-2014 09:44,201406,201306,Other Reporting Airports      ,ALDERNEY                      ,JERSEY                        , 30 , 30 , 0 , 0 , 0 , 0 ,Null,N,N
14-Aug-2014 09:44,201406,201306,Other Reporting Airports      ,ALDERNEY                      ,SOUTHAMPTON                   , 2232 , 2232 , 0 , 2338 , 2338 , 0 ,-4.53379 ,N,N
14-Aug-2014 09:44,201406,201306,Other Reporting Airports      ,ANGLESEY (VALLEY)             ,CARDIFF WALES                 , 830 , 830 , 0 , 819 , 819 , 0 , 1.343101 ,N,N
14-Aug-2014 09:44,201406,201306,Other Reporting Airports      ,ANGLESEY (VALLEY)             ,ISLE OF MAN                   , 0 , 0 , 0 , 46 , 46 , 0 ,-100 ,N,N
14-Aug-2014 09:44,201406,201306,Other Reporting Airports      ,BARRA                         ,GLASGOW                       , 1300 , 1300 , 0 , 1006 , 1006 , 0 , 29.22465 ,N,N
14-Aug-2014 09:44,201406,201306,Other Reporting Airports      ,BELFAST CITY (GEORGE BEST)    ,BIRMINGHAM                    , 22326 , 22326 , 0 , 23484 , 23484 , 0 ,-4.931017 ,N,N
14-Aug-2014 09:44,201406,201306,Other Reporting Airports      ,BELFAST CITY (GEORGE BEST)    ,CARDIFF WALES                 , 3572 , 3572 , 0 , 3338 , 3185 , 153 , 7.010186 ,N,N
14-Aug-2014 09:44,201406,201306,Other Reporting Airports      ,BELFAST CITY (GEORGE BEST)    ,DONCASTER SHEFFIELD           , 820 , 820 , 0 , 0 , 0 , 0 ,Null,N,N
14-Aug-2014 09:44,201406,201306,Other Reporting Airports      ,BELFAST CITY (GEORGE BEST)    ,EAST MIDLANDS INTERNATIONAL   , 12672 , 12672 , 0 , 13224 , 12970 , 254 ,-4.174229 ,N,N
14-Aug-2014 09:44,201406,201306,Other Reporting Airports      ,BELFAST CITY (GEORGE BEST)    ,EDINBURGH                     , 13187 , 13187 , 0 , 12153 , 12153 , 0 , 8.508187 ,N,N
14-Aug-2014 09:44,201406,201306,Other Reporting Airports      ,BELFAST CITY (GEORGE BEST)    ,EXETER                        , 3414 , 3414 , 0 , 1196 , 1196 , 0 , 185.4515 ,N,N
14-Aug-2014 09:44,201406,201306,Other Reporting Airports      ,BELFAST CITY (GEORGE BEST)    ,FARNBOROUGH                   , 0 , 0 , 0 , 3 , 0 , 3 ,-100 ,N,Y
14-Aug-2014 09:44,201406,201306,Other Reporting Airports      ,BELFAST CITY (GEORGE BEST)    ,GLASGOW                       , 12807 , 12807 , 0 , 10933 , 10933 , 0 , 17.14077 ,N,N
14-Aug-2014 09:44,201406,201306,Other Reporting Airports      ,BELFAST CITY (GEORGE BEST)    ,INVERNESS                     , 2637 , 2637 , 0 , 2099 , 2099 , 0 , 25.63125 ,N,N
14-Aug-2014 09:44,201406,201306,Other Reporting Airports      ,BELFAST CITY (GEORGE BEST)    ,ISLE OF MAN                   , 2359 , 2359 , 0 , 2373 , 2373 , 0 ,-0.5899705 ,N,N
14-Aug-2014 09:44,201406,201306,Other Reporting Airports      ,BELFAST CITY (GEORGE BEST)    ,JERSEY                        , 0 , 0 , 0 , 226 , 226 , 0 ,-100 ,N,N
14-Aug-2014 09:44,201406,201306,Other Reporting Airports      ,BELFAST CITY (GEORGE BEST)    ,LEEDS BRADFORD                , 13683 , 13683 , 0 , 10994 , 10994 , 0 , 24.4588 ,N,N
14-Aug-2014 09:44,201406,201306,Other Reporting Airports      ,BELFAST CITY (GEORGE BEST)    ,MANCHESTER                    , 26305 , 26305 , 0 , 24567 , 24567 , 0 , 7.074531 ,N,N
14-Aug-2014 09:44,201406,201306,Other Reporting Airports      ,BELFAST CITY (GEORGE BEST)    ,NEWCASTLE                     , 2257 , 2257 , 0 , 4104 , 4104 , 0 ,-45.00488 ,N,N
14-Aug-2014 09:44,201406,201306,Other Reporting Airports      ,BELFAST CITY (GEORGE BEST)    ,NEWQUAY                       , 361 , 361 , 0 , 493 , 493 , 0 ,-26.77485 ,N,N
14-Aug-2014 09:44,201406,201306,Other Reporting Airports      ,BELFAST CITY (GEORGE BEST)    ,SOUTHAMPTON                   , 10081 , 10081 , 0 , 8330 , 8123 , 207 , 21.02041 ,N,N
14-Aug-2014 09:44,201406,201306,Other Reporting Airports      ,BELFAST INTERNATIONAL         ,BIRMINGHAM                    , 14893 , 14893 , 0 , 12339 , 11938 , 401 , 20.6986 ,N,N
14-Aug-2014 09:44,201406,201306,Other Reporting Airports      ,BELFAST INTERNATIONAL         ,BLACKPOOL                     , 0 , 0 , 0 , 1312 , 1312 , 0 ,-100 ,N,N
14-Aug-2014 09:44,201406,201306,Other Reporting Airports      ,BELFAST INTERNATIONAL         ,BRISTOL                       , 19670 , 19670 , 0 , 18930 , 18493 , 437 , 3.909139 ,N,N
14-Aug-2014 09:44,201406,201306,Other Reporting Airports      ,BELFAST INTERNATIONAL         ,EAST MIDLANDS INTERNATIONAL   , 0 , 0 , 0 , 343 , 0 , 343 ,-100 ,N,N
14-Aug-2014 09:44,201406,201306,Other Reporting Airports      ,BELFAST INTERNATIONAL         ,EDINBURGH                     , 19552 , 19552 , 0 , 18796 , 18796 , 0 , 4.022132 ,N,N
14-Aug-2014 09:44,201406,201306,Other Reporting Airports      ,BELFAST INTERNATIONAL         ,FARNBOROUGH                   , 6 , 0 , 6 , 0 , 0 , 0 ,Null,Y,N
14-Aug-2014 09:44,201406,201306,Other Reporting Airports      ,BELFAST INTERNATIONAL         ,GLASGOW                       , 19487 , 19487 , 0 , 19679 , 19679 , 0 ,-0.9756593 ,N,N
14-Aug-2014 09:44,201406,201306,Other Reporting Airports      ,BELFAST INTERNATIONAL         ,JERSEY                        , 189 , 189 , 0 , 2180 , 2180 , 0 ,-91.33028 ,N,N
14-Aug-2014 09:44,201406,201306,Other Reporting Airports      ,BELFAST INTERNATIONAL         ,LEEDS BRADFORD                , 86 , 0 , 86 , 2617 , 2617 , 0 ,-96.71379 ,N,N
14-Aug-2014 09:44,201406,201306,Other Reporting Airports      ,BELFAST INTERNATIONAL         ,LIVERPOOL (JOHN LENNON)       , 33420 , 33420 , 0 , 30721 , 30721 , 0 , 8.785522 ,N,N
14-Aug-2014 09:44,201406,201306,Other Reporting Airports      ,BELFAST INTERNATIONAL         ,MANCHESTER                    , 15905 , 15905 , 0 , 13242 , 13242 , 0 , 20.11026 ,N,N
14-Aug-2014 09:44,201406,201306,Other Reporting Airports      ,BELFAST INTERNATIONAL         ,NEWCASTLE                     , 17078 , 17078 , 0 , 15281 , 15281 , 0 , 11.7597 ,N,N
14-Aug-2014 09:44,201406,201306,Other Reporting Airports      ,BENBECULA                     ,GLASGOW                       , 2147 , 2147 , 0 , 1806 , 1806 , 0 , 18.88151 ,N,N
14-Aug-2014 09:44,201406,201306,Other Reporting Airports      ,BENBECULA                     ,INVERNESS                     , 503 , 503 , 0 , 0 , 0 , 0 ,Null,N,N
14-Aug-2014 09:44,201406,201306,Other Reporting Airports      ,BENBECULA                     ,STORNOWAY                     , 679 , 679 , 0 , 592 , 592 , 0 , 14.69595 ,N,N
14-Aug-2014 09:44,201406,201306,Other Reporting Airports      ,BIRMINGHAM                    ,CITY OF DERRY (EGLINTON)      , 4448 , 4448 , 0 , 4492 , 4492 , 0 ,-0.9795191 ,N,N
14-Aug-2014 09:44,201406,201306,Other Reporting Airports      ,BIRMINGHAM                    ,EDINBURGH                     , 24717 , 24717 , 0 , 24880 , 24544 , 336 ,-0.6551447 ,N,N
14-Aug-2014 09:44,201406,201306,Other Reporting Airports      ,BIRMINGHAM                    ,GLASGOW                       , 21149 , 21149 , 0 , 17939 , 17939 , 0 , 17.89397 ,N,N
14-Aug-2014 09:44,201406,201306,Other Reporting Airports      ,BIRMINGHAM                    ,GUERNSEY                      , 1918 , 1918 , 0 , 3221 , 3221 , 0 ,-40.45327 ,N,N
14-Aug-2014 09:44,201406,201306,Other Reporting Airports      ,BIRMINGHAM                    ,INVERNESS                     , 3610 , 3608 , 2 , 3345 , 3345 , 0 , 7.922272 ,N,N
14-Aug-2014 09:44,201406,201306,Other Reporting Airports      ,BIRMINGHAM                    ,ISLE OF MAN                   , 4606 , 4606 , 0 , 4006 , 4006 , 0 , 14.97753 ,N,N
14-Aug-2014 09:44,201406,201306,Other Reporting Airports      ,BIRMINGHAM                    ,JERSEY                        , 5836 , 5836 , 0 , 4695 , 4695 , 0 , 24.30245 ,N,N
14-Aug-2014 09:44,201406,201306,Other Reporting Airports      ,BIRMINGHAM                    ,MANCHESTER                    , 34 , 0 , 34 , 0 , 0 , 0 ,Null,N,N
14-Aug-2014 09:44,201406,201306,Other Reporting Airports      ,BIRMINGHAM                    ,NEWCASTLE                     , 678 , 678 , 0 , 743 , 743 , 0 ,-8.748318 ,N,N
14-Aug-2014 09:44,201406,201306,Other Reporting Airports      ,BIRMINGHAM                    ,NEWQUAY                       , 3361 , 3361 , 0 , 0 , 0 , 0 ,Null,N,N
14-Aug-2014 09:44,201406,201306,Other Reporting Airports      ,BLACKPOOL                     ,ISLE OF MAN                   , 1872 , 1872 , 0 , 2075 , 2075 , 0 ,-9.783133 ,N,N
14-Aug-2014 09:44,201406,201306,Other Reporting Airports      ,BRISTOL                       ,EDINBURGH                     , 28024 , 28024 , 0 , 25513 , 25513 , 0 , 9.842041 ,N,N
14-Aug-2014 09:44,201406,201306,Other Reporting Airports      ,BRISTOL                       ,GLASGOW                       , 19805 , 19805 , 0 , 22212 , 22212 , 0 ,-10.83648 ,N,N
14-Aug-2014 09:44,201406,201306,Other Reporting Airports      ,BRISTOL                       ,GUERNSEY                      , 2355 , 2355 , 0 , 2370 , 2370 , 0 ,-0.6329114 ,N,N
14-Aug-2014 09:44,201406,201306,Other Reporting Airports      ,BRISTOL                       ,HAWARDEN                      , 491 , 0 , 491 , 695 , 0 , 695 ,-29.35252 ,N,N
14-Aug-2014 09:44,201406,201306,Other Reporting Airports      ,BRISTOL                       ,INVERNESS                     , 7919 , 7919 , 0 , 7961 , 7961 , 0 ,-0.5275719 ,N,N
14-Aug-2014 09:44,201406,201306,Other Reporting Airports      ,BRISTOL                       ,ISLE OF MAN                   , 0 , 0 , 0 , 815 , 815 , 0 ,-100 ,N,N
14-Aug-2014 09:44,201406,201306,Other Reporting Airports      ,BRISTOL                       ,JERSEY                        , 3007 , 3007 , 0 , 3402 , 3402 , 0 ,-11.61082 ,N,N
14-Aug-2014 09:44,201406,201306,Other Reporting Airports      ,BRISTOL                       ,MANCHESTER                    , 0 , 0 , 0 , 27 , 0 , 27 ,-100 ,N,N
14-Aug-2014 09:44,201406,201306,Other Reporting Airports      ,BRISTOL                       ,NEWCASTLE                     , 15089 , 15089 , 0 , 14520 , 14520 , 0 , 3.918733 ,N,N
14-Aug-2014 09:44,201406,201306,Other Reporting Airports      ,CAMBRIDGE                     ,JERSEY                        , 331 , 0 , 331 , 212 , 0 , 212 , 56.13208 ,N,N
14-Aug-2014 09:44,201406,201306,Other Reporting Airports      ,CAMPBELTOWN                   ,GLASGOW                       , 869 , 869 , 0 , 819 , 819 , 0 , 6.105006 ,N,N
14-Aug-2014 09:44,201406,201306,Other Reporting Airports      ,CAMPBELTOWN                   ,PRESTWICK                     , 0 , 0 , 0 , 31 , 0 , 31 ,-100 ,N,N
14-Aug-2014 09:44,201406,201306,Other Reporting Airports      ,CARDIFF WALES                 ,DUNDEE                        , 1 , 0 , 1 , 0 , 0 , 0 ,Null,Y,N
14-Aug-2014 09:44,201406,201306,Other Reporting Airports      ,CARDIFF WALES                 ,EDINBURGH                     , 4409 , 4409 , 0 , 6812 , 6812 , 0 ,-35.27598 ,N,N
14-Aug-2014 09:44,201406,201306,Other Reporting Airports      ,CARDIFF WALES                 ,GLASGOW                       , 2969 , 2969 , 0 , 4188 , 4188 , 0 ,-29.10697 ,N,N
14-Aug-2014 09:44,201406,201306,Other Reporting Airports      ,CARDIFF WALES                 ,JERSEY                        , 1277 , 1277 , 0 , 1659 , 1659 , 0 ,-23.02592 ,N,N
14-Aug-2014 09:44,201406,201306,Other Reporting Airports      ,CARDIFF WALES                 ,NEWCASTLE                     , 1058 , 1058 , 0 , 1057 , 1057 , 0 , 9.460738E-02 ,N,N
14-Aug-2014 09:44,201406,201306,Other Reporting Airports      ,CITY OF DERRY (EGLINTON)      ,LIVERPOOL (JOHN LENNON)       , 5907 , 5907 , 0 , 6841 , 6841 , 0 ,-13.65298 ,N,N
14-Aug-2014 09:44,201406,201306,Other Reporting Airports      ,CITY OF DERRY (EGLINTON)      ,PRESTWICK                     , 5079 , 5079 , 0 , 5367 , 5367 , 0 ,-5.366127 ,N,N
14-Aug-2014 09:44,201406,201306,Other Reporting Airports      ,DONCASTER SHEFFIELD           ,ISLE OF MAN                   , 235 , 235 , 0 , 0 , 0 , 0 ,Null,N,N
14-Aug-2014 09:44,201406,201306,Other Reporting Airports      ,DONCASTER SHEFFIELD           ,JERSEY                        , 559 , 559 , 0 , 700 , 700 , 0 ,-20.14286 ,N,N
14-Aug-2014 09:44,201406,201306,Other Reporting Airports      ,DUNDEE                        ,JERSEY                        , 316 , 0 , 316 , 449 , 0 , 449 ,-29.62138 ,N,N
14-Aug-2014 09:44,201406,201306,Other Reporting Airports      ,DUNKESWELL                    ,JERSEY                        , 2 , 0 , 2 , 0 , 0 , 0 ,Null,Y,N
14-Aug-2014 09:44,201406,201306,Other Reporting Airports      ,DURHAM TEES VALLEY            ,JERSEY                        , 449 , 449 , 0 , 503 , 503 , 0 ,-10.73559 ,N,N
14-Aug-2014 09:44,201406,201306,Other Reporting Airports      ,DURHAM TEES VALLEY            ,NEWCASTLE                     , 0 , 0 , 0 , 31 , 0 , 31 ,-100 ,N,N
14-Aug-2014 09:44,201406,201306,Other Reporting Airports      ,EAST MIDLANDS INTERNATIONAL   ,EDINBURGH                     , 8509 , 8509 , 0 , 8991 , 8991 , 0 ,-5.360917 ,N,N
14-Aug-2014 09:44,201406,201306,Other Reporting Airports      ,EAST MIDLANDS INTERNATIONAL   ,GLASGOW                       , 8253 , 8253 , 0 , 8811 , 8811 , 0 ,-6.332993 ,N,N
14-Aug-2014 09:44,201406,201306,Other Reporting Airports      ,EAST MIDLANDS INTERNATIONAL   ,GUERNSEY                      , 3003 , 3003 , 0 , 3233 , 3233 , 0 ,-7.114135 ,N,N
14-Aug-2014 09:44,201406,201306,Other Reporting Airports      ,EAST MIDLANDS INTERNATIONAL   ,JERSEY                        , 3639 , 3639 , 0 , 3067 , 3067 , 0 , 18.65015 ,N,N
14-Aug-2014 09:44,201406,201306,Other Reporting Airports      ,EAST MIDLANDS INTERNATIONAL   ,SOUTHAMPTON                   , 3 , 0 , 3 , 0 , 0 , 0 ,Null,Y,N
14-Aug-2014 09:44,201406,201306,Other Reporting Airports      ,EDAY                          ,KIRKWALL                      , 48 , 48 , 0 , 67 , 67 , 0 ,-28.35821 ,N,N
14-Aug-2014 09:44,201406,201306,Other Reporting Airports      ,EDINBURGH                     ,EXETER                        , 3588 , 3588 , 0 , 3472 , 3472 , 0 , 3.341014 ,N,N
14-Aug-2014 09:44,201406,201306,Other Reporting Airports      ,EDINBURGH                     ,ISLE OF MAN                   , 0 , 0 , 0 , 872 , 872 , 0 ,-100 ,N,N
14-Aug-2014 09:44,201406,201306,Other Reporting Airports      ,EDINBURGH                     ,JERSEY                        , 532 , 532 , 0 , 1566 , 1566 , 0 ,-66.0281 ,N,N
14-Aug-2014 09:44,201406,201306,Other Reporting Airports      ,EDINBURGH                     ,KIRKWALL                      , 5124 , 5124 , 0 , 4632 , 4632 , 0 , 10.62176 ,N,N
14-Aug-2014 09:44,201406,201306,Other Reporting Airports      ,EDINBURGH                     ,MANCHESTER                    , 9896 , 9896 , 0 , 10746 , 10746 , 0 ,-7.90992 ,N,N
14-Aug-2014 09:44,201406,201306,Other Reporting Airports      ,EDINBURGH                     ,NEWQUAY                       , 540 , 540 , 0 , 932 , 932 , 0 ,-42.06009 ,N,N
14-Aug-2014 09:44,201406,201306,Other Reporting Airports      ,EDINBURGH                     ,NORWICH                       , 2455 , 2455 , 0 , 2198 , 2198 , 0 , 11.69245 ,N,N
14-Aug-2014 09:44,201406,201306,Other Reporting Airports      ,EDINBURGH                     ,OXFORD (KIDLINGTON)           , 0 , 0 , 0 , 1177 , 1177 , 0 ,-100 ,N,N
14-Aug-2014 09:44,201406,201306,Other Reporting Airports      ,EDINBURGH                     ,SOUTHAMPTON                   , 19158 , 19158 , 0 , 19720 , 19720 , 0 ,-2.849899 ,N,N
14-Aug-2014 09:44,201406,201306,Other Reporting Airports      ,EDINBURGH                     ,STORNOWAY                     , 1959 , 1959 , 0 , 1717 , 1717 , 0 , 14.09435 ,N,N
14-Aug-2014 09:44,201406,201306,Other Reporting Airports      ,EDINBURGH                     ,SUMBURGH                      , 4536 , 4536 , 0 , 4471 , 4471 , 0 , 1.453813 ,N,N
14-Aug-2014 09:44,201406,201306,Other Reporting Airports      ,EDINBURGH                     ,WICK JOHN O GROATS            , 1195 , 1195 , 0 , 1115 , 1115 , 0 , 7.174888 ,N,N
14-Aug-2014 09:44,201406,201306,Other Reporting Airports      ,EXETER                        ,GLASGOW                       , 2895 , 2895 , 0 , 2496 , 2496 , 0 , 15.98558 ,N,N
14-Aug-2014 09:44,201406,201306,Other Reporting Airports      ,EXETER                        ,GUERNSEY                      , 2123 , 2123 , 0 , 2025 , 2025 , 0 , 4.839506 ,N,N
14-Aug-2014 09:44,201406,201306,Other Reporting Airports      ,EXETER                        ,INVERNESS                     , 0 , 0 , 0 , 1 , 0 , 1 ,-100 ,N,Y
14-Aug-2014 09:44,201406,201306,Other Reporting Airports      ,EXETER                        ,ISLES OF SCILLY (ST.MARYS)    , 2366 , 2366 , 0 , 2038 , 2038 , 0 , 16.09421 ,N,N
14-Aug-2014 09:44,201406,201306,Other Reporting Airports      ,EXETER                        ,JERSEY                        , 2970 , 2970 , 0 , 3139 , 3139 , 0 ,-5.38388 ,N,N
14-Aug-2014 09:44,201406,201306,Other Reporting Airports      ,EXETER                        ,MANCHESTER                    , 9161 , 9161 , 0 , 7523 , 7523 , 0 , 21.77323 ,N,N
14-Aug-2014 09:44,201406,201306,Other Reporting Airports      ,EXETER                        ,NEWCASTLE                     , 0 , 0 , 0 , 2304 , 2304 , 0 ,-100 ,N,N
14-Aug-2014 09:44,201406,201306,Other Reporting Airports      ,FAIR ISLE                     ,LERWICK (TINGWALL)            , 366 , 366 , 0 , 359 , 359 , 0 , 1.949861 ,N,N
14-Aug-2014 09:44,201406,201306,Other Reporting Airports      ,FAIR ISLE                     ,SUMBURGH                      , 17 , 17 , 0 , 13 , 13 , 0 , 30.76923 ,N,N
14-Aug-2014 09:44,201406,201306,Other Reporting Airports      ,FARNBOROUGH                   ,GLASGOW                       , 0 , 0 , 0 , 8 , 0 , 8 ,-100 ,N,Y
14-Aug-2014 09:44,201406,201306,Other Reporting Airports      ,FARNBOROUGH                   ,GUERNSEY                      , 0 , 0 , 0 , 8 , 0 , 8 ,-100 ,N,Y
14-Aug-2014 09:44,201406,201306,Other Reporting Airports      ,FARNBOROUGH                   ,STORNOWAY                     , 7 , 0 , 7 , 14 , 0 , 14 ,-50 ,Y,Y
14-Aug-2014 09:44,201406,201306,Other Reporting Airports      ,FOULA                         ,LERWICK (TINGWALL)            , 35 , 35 , 0 , 150 , 150 , 0 ,-76.66666 ,N,N
14-Aug-2014 09:44,201406,201306,London Area Airports          ,GATWICK                       ,ABERDEEN                      , 13910 , 13910 , 0 , 15261 , 15261 , 0 ,-8.852631 ,N,N
14-Aug-2014 09:44,201406,201306,London Area Airports          ,GATWICK                       ,BELFAST CITY (GEORGE BEST)    , 22287 , 22287 , 0 , 36821 , 35946 , 875 ,-39.47204 ,N,N
14-Aug-2014 09:44,201406,201306,London Area Airports          ,GATWICK                       ,BELFAST INTERNATIONAL         , 39204 , 39204 , 0 , 32215 , 32048 , 167 , 21.69486 ,N,N
14-Aug-2014 09:44,201406,201306,London Area Airports          ,GATWICK                       ,EDINBURGH                     , 61689 , 61689 , 0 , 62009 , 62009 , 0 ,-0.5160541 ,N,N
14-Aug-2014 09:44,201406,201306,London Area Airports          ,GATWICK                       ,GLASGOW                       , 56565 , 56565 , 0 , 56427 , 56427 , 0 , 0.2445638 ,N,N
14-Aug-2014 09:44,201406,201306,London Area Airports          ,GATWICK                       ,GUERNSEY                      , 27485 , 27485 , 0 , 30750 , 30750 , 0 ,-10.61789 ,N,N
14-Aug-2014 09:44,201406,201306,London Area Airports          ,GATWICK                       ,INVERNESS                     , 17206 , 17206 , 0 , 20179 , 20179 , 0 ,-14.73314 ,N,N
14-Aug-2014 09:44,201406,201306,London Area Airports          ,GATWICK                       ,ISLE OF MAN                   , 14418 , 14418 , 0 , 16577 , 16577 , 0 ,-13.02407 ,N,N
14-Aug-2014 09:44,201406,201306,London Area Airports          ,GATWICK                       ,JERSEY                        , 53903 , 53903 , 0 , 45805 , 45805 , 0 , 17.67929 ,N,N
14-Aug-2014 09:44,201406,201306,London Area Airports          ,GATWICK                       ,LIVERPOOL (JOHN LENNON)       , 274 , 274 , 0 , 0 , 0 , 0 ,Null,N,N
14-Aug-2014 09:44,201406,201306,London Area Airports          ,GATWICK                       ,MANCHESTER                    , 184 , 184 , 0 , 0 , 0 , 0 ,Null,N,N
14-Aug-2014 09:44,201406,201306,London Area Airports          ,GATWICK                       ,NEWCASTLE                     , 10551 , 10551 , 0 , 7533 , 7533 , 0 , 40.06372 ,N,N
14-Aug-2014 09:44,201406,201306,London Area Airports          ,GATWICK                       ,NEWQUAY                       , 7590 , 7590 , 0 , 9103 , 9103 , 0 ,-16.62089 ,N,N
14-Aug-2014 09:44,201406,201306,Other Reporting Airports      ,GLASGOW                       ,GUERNSEY                      , 0 , 0 , 0 , 47 , 0 , 47 ,-100 ,N,N
14-Aug-2014 09:44,201406,201306,Other Reporting Airports      ,GLASGOW                       ,INVERNESS                     , 67 , 0 , 67 , 0 , 0 , 0 ,Null,N,N
14-Aug-2014 09:44,201406,201306,Other Reporting Airports      ,GLASGOW                       ,ISLAY                         , 2580 , 2580 , 0 , 2449 , 2449 , 0 , 5.349122 ,N,N
14-Aug-2014 09:44,201406,201306,Other Reporting Airports      ,GLASGOW                       ,ISLE OF MAN                   , 873 , 873 , 0 , 871 , 871 , 0 , 0.2296211 ,N,N
14-Aug-2014 09:44,201406,201306,Other Reporting Airports      ,GLASGOW                       ,JERSEY                        , 3816 , 3816 , 0 , 3871 , 3871 , 0 ,-1.420822 ,N,N
14-Aug-2014 09:44,201406,201306,Other Reporting Airports      ,GLASGOW                       ,KIRKWALL                      , 1603 , 1603 , 0 , 1647 , 1647 , 0 ,-2.671524 ,N,N
14-Aug-2014 09:44,201406,201306,Other Reporting Airports      ,GLASGOW                       ,LEEDS BRADFORD                , 946 , 946 , 0 , 891 , 891 , 0 , 6.17284 ,N,N
14-Aug-2014 09:44,201406,201306,Other Reporting Airports      ,GLASGOW                       ,MANCHESTER                    , 6776 , 6776 , 0 , 5612 , 5612 , 0 , 20.74127 ,N,N
14-Aug-2014 09:44,201406,201306,Other Reporting Airports      ,GLASGOW                       ,NEWQUAY                       , 0 , 0 , 0 , 415 , 415 , 0 ,-100 ,N,N
14-Aug-2014 09:44,201406,201306,Other Reporting Airports      ,GLASGOW                       ,SOUTHAMPTON                   , 15228 , 15228 , 0 , 17345 , 17345 , 0 ,-12.20525 ,N,N
14-Aug-2014 09:44,201406,201306,Other Reporting Airports      ,GLASGOW                       ,STORNOWAY                     , 5563 , 5563 , 0 , 5022 , 5022 , 0 , 10.7726 ,N,N
14-Aug-2014 09:44,201406,201306,Other Reporting Airports      ,GLASGOW                       ,SUMBURGH                      , 2214 , 2214 , 0 , 1789 , 1789 , 0 , 23.75629 ,N,N
14-Aug-2014 09:44,201406,201306,Other Reporting Airports      ,GLASGOW                       ,TIREE                         , 764 , 764 , 0 , 706 , 706 , 0 , 8.215298 ,N,N
14-Aug-2014 09:44,201406,201306,Other Reporting Airports      ,GLOUCESTERSHIRE               ,ISLE OF MAN                   , 1476 , 1476 , 0 , 1366 , 1366 , 0 , 8.052709 ,N,N
14-Aug-2014 09:44,201406,201306,Other Reporting Airports      ,GLOUCESTERSHIRE               ,JERSEY                        , 154 , 154 , 0 , 139 , 139 , 0 , 10.79137 ,N,N
14-Aug-2014 09:44,201406,201306,Other Reporting Airports      ,GUERNSEY                      ,JERSEY                        , 11251 , 11251 , 0 , 12118 , 12118 , 0 ,-7.154646 ,N,N
14-Aug-2014 09:44,201406,201306,Other Reporting Airports      ,GUERNSEY                      ,MANCHESTER                    , 5586 , 5586 , 0 , 6209 , 6209 , 0 ,-10.03382 ,N,N
14-Aug-2014 09:44,201406,201306,Other Reporting Airports      ,GUERNSEY                      ,NORWICH                       , 240 , 240 , 0 , 249 , 249 , 0 ,-3.614458 ,N,N
14-Aug-2014 09:44,201406,201306,Other Reporting Airports      ,GUERNSEY                      ,SOUTHAMPTON                   , 16546 , 16546 , 0 , 11650 , 11650 , 0 , 42.02575 ,N,N
14-Aug-2014 09:44,201406,201306,London Area Airports          ,HEATHROW                      ,ABERDEEN                      , 68975 , 68975 , 0 , 60826 , 60826 , 0 , 13.39723 ,N,N
14-Aug-2014 09:44,201406,201306,London Area Airports          ,HEATHROW                      ,BELFAST CITY (GEORGE BEST)    , 61178 , 61178 , 0 , 59136 , 59136 , 0 , 3.453057 ,N,N
14-Aug-2014 09:44,201406,201306,London Area Airports          ,HEATHROW                      ,EDINBURGH                     , 139207 , 139207 , 0 , 128727 , 128727 , 0 , 8.14126 ,N,N
14-Aug-2014 09:44,201406,201306,London Area Airports          ,HEATHROW                      ,GLASGOW                       , 76701 , 76701 , 0 , 73621 , 73621 , 0 , 4.183589 ,N,N
14-Aug-2014 09:44,201406,201306,London Area Airports          ,HEATHROW                      ,LEEDS BRADFORD                , 11593 , 11593 , 0 , 9738 , 9738 , 0 , 19.04909 ,N,N
14-Aug-2014 09:44,201406,201306,London Area Airports          ,HEATHROW                      ,MANCHESTER                    , 68299 , 68299 , 0 , 63840 , 63840 , 0 , 6.984649 ,N,N
14-Aug-2014 09:44,201406,201306,London Area Airports          ,HEATHROW                      ,NEWCASTLE                     , 40819 , 40819 , 0 , 40717 , 40717 , 0 , 0.2505096 ,N,N
14-Aug-2014 09:44,201406,201306,Other Reporting Airports      ,HUMBERSIDE                    ,ISLE OF MAN                   , 0 , 0 , 0 , 30 , 0 , 30 ,-100 ,N,N
14-Aug-2014 09:44,201406,201306,Other Reporting Airports      ,HUMBERSIDE                    ,JERSEY                        , 501 , 501 , 0 , 535 , 535 , 0 ,-6.35514 ,N,N
14-Aug-2014 09:44,201406,201306,Other Reporting Airports      ,HUMBERSIDE                    ,NORWICH                       , 56 , 56 , 0 , 95 , 95 , 0 ,-41.05263 ,N,N
14-Aug-2014 09:44,201406,201306,Other Reporting Airports      ,INVERNESS                     ,JERSEY                        , 454 , 454 , 0 , 438 , 438 , 0 , 3.652968 ,N,N
14-Aug-2014 09:44,201406,201306,Other Reporting Airports      ,INVERNESS                     ,KIRKWALL                      , 1784 , 1784 , 0 , 1874 , 1874 , 0 ,-4.802561 ,N,N
14-Aug-2014 09:44,201406,201306,Other Reporting Airports      ,INVERNESS                     ,MANCHESTER                    , 6073 , 6073 , 0 , 5005 , 4985 , 20 , 21.33866 ,N,N
14-Aug-2014 09:44,201406,201306,Other Reporting Airports      ,INVERNESS                     ,STORNOWAY                     , 2542 , 2340 , 202 , 2997 , 2757 , 240 ,-15.18185 ,N,N
14-Aug-2014 09:44,201406,201306,Other Reporting Airports      ,INVERNESS                     ,SUMBURGH                      , 315 , 315 , 0 , 264 , 264 , 0 , 19.31818 ,N,N
14-Aug-2014 09:44,201406,201306,Other Reporting Airports      ,ISLE OF MAN                   ,LEEDS BRADFORD                , 0 , 0 , 0 , 288 , 288 , 0 ,-100 ,N,N
14-Aug-2014 09:44,201406,201306,Other Reporting Airports      ,ISLE OF MAN                   ,LIVERPOOL (JOHN LENNON)       , 17608 , 17608 , 0 , 17868 , 17868 , 0 ,-1.455115 ,N,N
14-Aug-2014 09:44,201406,201306,Other Reporting Airports      ,ISLE OF MAN                   ,MANCHESTER                    , 15235 , 15235 , 0 , 12354 , 12354 , 0 , 23.32038 ,N,N
14-Aug-2014 09:44,201406,201306,Other Reporting Airports      ,ISLE OF MAN                   ,NEWCASTLE                     , 426 , 426 , 0 , 527 , 527 , 0 ,-19.16508 ,N,N
14-Aug-2014 09:44,201406,201306,Other Reporting Airports      ,ISLE OF MAN                   ,NORWICH                       , 0 , 0 , 0 , 197 , 197 , 0 ,-100 ,N,N
14-Aug-2014 09:44,201406,201306,Other Reporting Airports      ,ISLE OF MAN                   ,OXFORD (KIDLINGTON)           , 0 , 0 , 0 , 64 , 64 , 0 ,-100 ,N,N
14-Aug-2014 09:44,201406,201306,Other Reporting Airports      ,ISLE OF MAN                   ,SOUTHAMPTON                   , 0 , 0 , 0 , 748 , 748 , 0 ,-100 ,N,N
14-Aug-2014 09:44,201406,201306,Other Reporting Airports      ,ISLES OF SCILLY (ST.MARYS)    ,NEWQUAY                       , 2394 , 2394 , 0 , 2226 , 2226 , 0 , 7.54717 ,N,N
14-Aug-2014 09:44,201406,201306,Other Reporting Airports      ,JERSEY                        ,LEEDS BRADFORD                , 2442 , 2442 , 0 , 3019 , 3019 , 0 ,-19.11229 ,N,N
14-Aug-2014 09:44,201406,201306,Other Reporting Airports      ,JERSEY                        ,LIVERPOOL (JOHN LENNON)       , 8028 , 8028 , 0 , 8035 , 8035 , 0 ,-8.711886E-02 ,N,N
14-Aug-2014 09:44,201406,201306,Other Reporting Airports      ,JERSEY                        ,MANCHESTER                    , 5806 , 4986 , 820 , 4853 , 4853 , 0 , 19.63734 ,N,N
14-Aug-2014 09:44,201406,201306,Other Reporting Airports      ,JERSEY                        ,NEWCASTLE                     , 2079 , 2079 , 0 , 2680 , 2680 , 0 ,-22.42537 ,N,N
14-Aug-2014 09:44,201406,201306,Other Reporting Airports      ,JERSEY                        ,NORWICH                       , 558 , 558 , 0 , 527 , 527 , 0 , 5.882353 ,N,N
14-Aug-2014 09:44,201406,201306,Other Reporting Airports      ,JERSEY                        ,OXFORD (KIDLINGTON)           , 223 , 223 , 0 , 0 , 0 , 0 ,Null,N,N
14-Aug-2014 09:44,201406,201306,Other Reporting Airports      ,JERSEY                        ,SOUTHAMPTON                   , 15312 , 15312 , 0 , 15232 , 15232 , 0 , 0.5252101 ,N,N
14-Aug-2014 09:44,201406,201306,Other Reporting Airports      ,KIRKWALL                      ,NORTH RONALDSAY               , 634 , 634 , 0 , 676 , 676 , 0 ,-6.213018 ,N,N
14-Aug-2014 09:44,201406,201306,Other Reporting Airports      ,KIRKWALL                      ,PAPA WESTRAY                  , 364 , 364 , 0 , 370 , 370 , 0 ,-1.621622 ,N,N
14-Aug-2014 09:44,201406,201306,Other Reporting Airports      ,KIRKWALL                      ,SANDAY                        , 141 , 141 , 0 , 194 , 194 , 0 ,-27.31959 ,N,N
14-Aug-2014 09:44,201406,201306,Other Reporting Airports      ,KIRKWALL                      ,STRONSAY                      , 256 , 256 , 0 , 248 , 248 , 0 , 3.225806 ,N,N
14-Aug-2014 09:44,201406,201306,Other Reporting Airports      ,KIRKWALL                      ,SUMBURGH                      , 946 , 946 , 0 , 862 , 862 , 0 , 9.74478 ,N,N
14-Aug-2014 09:44,201406,201306,Other Reporting Airports      ,KIRKWALL                      ,WESTRAY                       , 289 , 289 , 0 , 325 , 325 , 0 ,-11.07692 ,N,N
14-Aug-2014 09:44,201406,201306,Other Reporting Airports      ,LEEDS BRADFORD                ,SOUTHAMPTON                   , 1758 , 1758 , 0 , 4916 , 4916 , 0 ,-64.23922 ,N,N
14-Aug-2014 09:44,201406,201306,Other Reporting Airports      ,LERWICK (TINGWALL)            ,OUT SKERRIES                  , 7 , 7 , 0 , 23 , 23 , 0 ,-69.56522 ,N,N
14-Aug-2014 09:44,201406,201306,Other Reporting Airports      ,LERWICK (TINGWALL)            ,PAPA STOUR                    , 6 , 6 , 0 , 0 , 0 , 0 ,Null,N,N
14-Aug-2014 09:44,201406,201306,Other Reporting Airports      ,LERWICK (TINGWALL)            ,WHALSAY                       , 6 , 6 , 0 , 0 , 0 , 0 ,Null,N,N
14-Aug-2014 09:44,201406,201306,London Area Airports          ,LONDON CITY                   ,ABERDEEN                      , 7147 , 7147 , 0 , 6789 , 6789 , 0 , 5.273236 ,N,N
14-Aug-2014 09:44,201406,201306,London Area Airports          ,LONDON CITY                   ,DUNDEE                        , 0 , 0 , 0 , 2314 , 2314 , 0 ,-100 ,N,N
14-Aug-2014 09:44,201406,201306,London Area Airports          ,LONDON CITY                   ,EDINBURGH                     , 29689 , 29689 , 0 , 29468 , 29468 , 0 , 0.7499661 ,N,N
14-Aug-2014 09:44,201406,201306,London Area Airports          ,LONDON CITY                   ,GLASGOW                       , 19160 , 19160 , 0 , 17215 , 17215 , 0 , 11.29829 ,N,N
14-Aug-2014 09:44,201406,201306,London Area Airports          ,LONDON CITY                   ,ISLE OF MAN                   , 6750 , 6750 , 0 , 5486 , 5486 , 0 , 23.04047 ,N,N
14-Aug-2014 09:44,201406,201306,London Area Airports          ,LONDON CITY                   ,JERSEY                        , 3058 , 3058 , 0 , 3050 , 3050 , 0 , 0.2622951 ,N,N
14-Aug-2014 09:44,201406,201306,London Area Airports          ,LUTON                         ,ABERDEEN                      , 6871 , 6867 , 4 , 7620 , 7620 , 0 ,-9.829396 ,N,N
14-Aug-2014 09:44,201406,201306,London Area Airports          ,LUTON                         ,BELFAST INTERNATIONAL         , 21650 , 21650 , 0 , 19830 , 19830 , 0 , 9.178013 ,N,N
14-Aug-2014 09:44,201406,201306,London Area Airports          ,LUTON                         ,EDINBURGH                     , 22952 , 22942 , 10 , 23224 , 23224 , 0 ,-1.171202 ,N,N
14-Aug-2014 09:44,201406,201306,London Area Airports          ,LUTON                         ,GLASGOW                       , 24197 , 24197 , 0 , 23596 , 23595 , 1 , 2.547042 ,N,N
14-Aug-2014 09:44,201406,201306,London Area Airports          ,LUTON                         ,INVERNESS                     , 8396 , 8396 , 0 , 8081 , 8081 , 0 , 3.898032 ,N,N
14-Aug-2014 09:44,201406,201306,London Area Airports          ,LUTON                         ,ISLE OF MAN                   , 0 , 0 , 0 , 1487 , 1487 , 0 ,-100 ,N,N
14-Aug-2014 09:44,201406,201306,London Area Airports          ,LUTON                         ,JERSEY                        , 0 , 0 , 0 , 1674 , 1674 , 0 ,-100 ,N,N
14-Aug-2014 09:44,201406,201306,London Area Airports          ,LUTON                         ,SUMBURGH                      , 0 , 0 , 0 , 4 , 0 , 4 ,-100 ,N,Y
14-Aug-2014 09:44,201406,201306,Other Reporting Airports      ,MANCHESTER                    ,NEWQUAY                       , 4542 , 4542 , 0 , 3981 , 3981 , 0 , 14.09194 ,N,N
14-Aug-2014 09:44,201406,201306,Other Reporting Airports      ,MANCHESTER                    ,NORWICH                       , 2713 , 2713 , 0 , 2802 , 2802 , 0 ,-3.176303 ,N,N
14-Aug-2014 09:44,201406,201306,Other Reporting Airports      ,MANCHESTER                    ,SOUTHAMPTON                   , 14457 , 14457 , 0 , 11354 , 11354 , 0 , 27.32957 ,N,N
14-Aug-2014 09:44,201406,201306,Other Reporting Airports      ,MANCHESTER                    ,STORNOWAY                     , 0 , 0 , 0 , 74 , 0 , 74 ,-100 ,N,N
14-Aug-2014 09:44,201406,201306,Other Reporting Airports      ,NEWCASTLE                     ,NEWQUAY                       , 521 , 521 , 0 , 581 , 581 , 0 ,-10.32702 ,N,N
14-Aug-2014 09:44,201406,201306,Other Reporting Airports      ,NEWCASTLE                     ,SOUTHAMPTON                   , 8987 , 8987 , 0 , 8309 , 8309 , 0 , 8.159826 ,N,N
14-Aug-2014 09:44,201406,201306,Other Reporting Airports      ,NEWQUAY                       ,NORWICH                       , 0 , 0 , 0 , 502 , 502 , 0 ,-100 ,N,N
14-Aug-2014 09:44,201406,201306,Other Reporting Airports      ,SOUTH MARSTON                 ,WARTON                        , 22 , 0 , 22 , 0 , 0 , 0 ,Null,N,N
14-Aug-2014 09:44,201406,201306,London Area Airports          ,SOUTHEND                      ,BELFAST INTERNATIONAL         , 0 , 0 , 0 , 6821 , 6821 , 0 ,-100 ,N,N
14-Aug-2014 09:44,201406,201306,London Area Airports          ,SOUTHEND                      ,EDINBURGH                     , 1972 , 1972 , 0 , 3990 , 3990 , 0 ,-50.57644 ,N,N
14-Aug-2014 09:44,201406,201306,London Area Airports          ,SOUTHEND                      ,JERSEY                        , 1790 , 1790 , 0 , 4738 , 4738 , 0 ,-62.22034 ,N,N
14-Aug-2014 09:44,201406,201306,London Area Airports          ,SOUTHEND                      ,NEWQUAY                       , 1315 , 1315 , 0 , 709 , 709 , 0 , 85.4725 ,N,N
14-Aug-2014 09:44,201406,201306,London Area Airports          ,STANSTED                      ,BELFAST INTERNATIONAL         , 25307 , 25307 , 0 , 23241 , 23181 , 60 , 8.889462 ,N,N
14-Aug-2014 09:44,201406,201306,London Area Airports          ,STANSTED                      ,BIRMINGHAM                    , 0 , 0 , 0 , 16 , 0 , 16 ,-100 ,N,Y
14-Aug-2014 09:44,201406,201306,London Area Airports          ,STANSTED                      ,CITY OF DERRY (EGLINTON)      , 9818 , 9818 , 0 , 11175 , 11175 , 0 ,-12.14318 ,N,N
14-Aug-2014 09:44,201406,201306,London Area Airports          ,STANSTED                      ,DUNDEE                        , 1772 , 1772 , 0 , 0 , 0 , 0 ,Null,N,N
14-Aug-2014 09:44,201406,201306,London Area Airports          ,STANSTED                      ,EAST MIDLANDS INTERNATIONAL   , 0 , 0 , 0 , 6 , 0 , 6 ,-100 ,N,Y
14-Aug-2014 09:44,201406,201306,London Area Airports          ,STANSTED                      ,EDINBURGH                     , 27240 , 27240 , 0 , 26335 , 26335 , 0 , 3.436491 ,N,N
14-Aug-2014 09:44,201406,201306,London Area Airports          ,STANSTED                      ,GLASGOW                       , 23493 , 23493 , 0 , 27470 , 27470 , 0 ,-14.47761 ,N,N
14-Aug-2014 09:44,201406,201306,London Area Airports          ,STANSTED                      ,GUERNSEY                      , 2312 , 2312 , 0 , 2564 , 2564 , 0 ,-9.828393 ,N,N
14-Aug-2014 09:44,201406,201306,London Area Airports          ,STANSTED                      ,JERSEY                        , 1895 , 1895 , 0 , 897 , 897 , 0 , 111.2598 ,N,N
14-Aug-2014 09:44,201406,201306,London Area Airports          ,STANSTED                      ,LONDON CITY                   , 74 , 74 , 0 , 0 , 0 , 0 ,Null,N,N
14-Aug-2014 09:44,201406,201306,London Area Airports          ,STANSTED                      ,MANCHESTER                    , 0 , 0 , 0 , 69 , 0 , 69 ,-100 ,N,Y
