rundate,this_period,last_period,reporting_airport_group_name,reporting_airport_name,total_mail_passenger_aircraft_this_period,total_mail_passenger_aircraft_last_period,total_mail_passenger_aircraft_percent_change,total_mail_cargo_aircraft_this_period,total_mail_cargo_aircraft_last_period,total_mail_cargo_aircraft_percent_change,total_mail_this_period,total_mail_last_period,total_mail_percent_change
07/11/2001 15:38,200106,200006,London Area Airports,GATWICK,582.25,803.055,-28,392.908,375.501,5,975.158,1178.556,-17
07/11/2001 15:38,200106,200006,London Area Airports,HEATHROW,6172.202,6944.307,-11,465.263,381.569,22,6637.465,7325.876,-9
07/11/2001 15:38,200106,200006,London Area Airports,LUTON,0,0,,0,5.141,,0,5.141,
07/11/2001 15:38,200106,200006,London Area Airports,STANSTED,0,0.176,,1178.606,1030.963,14,1178.606,1031.139,14
07/11/2001 15:38,200106,200006,Other UK Airports,ABERDEEN,2.559,5.784,-50,51.12,26.614,89,53.679,32.398,69
07/11/2001 15:38,200106,200006,Other UK Airports,BARRA,4.495,3.51,0,0,0,,4.495,3.51,0
07/11/2001 15:38,200106,200006,Other UK Airports,BELFAST CITY,2.636,9.986,-70,0,0,,2.636,9.986,-70
07/11/2001 15:38,200106,200006,Other UK Airports,BELFAST INTERNATIONAL,41.448,44.411,-7,1200.734,993.971,21,1242.182,1038.382,20
07/11/2001 15:38,200106,200006,Other UK Airports,BENBECULA,5.335,4.595,0,0,0,,5.335,4.595,0
07/11/2001 15:38,200106,200006,Other UK Airports,BIGGIN HILL,0,0,,22.791,13.058,77,22.791,13.058,77
07/11/2001 15:38,200106,200006,Other UK Airports,BIRMINGHAM,132.202,140.217,-6,0,0,,132.202,140.217,-6
07/11/2001 15:38,200106,200006,Other UK Airports,BOURNEMOUTH,0,0,,456.121,428.634,6,456.121,428.634,6
07/11/2001 15:38,200106,200006,Other UK Airports,BRISTOL,0,0,,425.477,391.364,9,425.477,391.364,9
07/11/2001 15:38,200106,200006,Other UK Airports,CARDIFF WALES,0,0,,98.211,105.51,-8,98.211,105.51,-8
07/11/2001 15:38,200106,200006,Other UK Airports,CARLISLE,0,0,,10,13,-23,10,13,-23
07/11/2001 15:38,200106,200006,Other UK Airports,COVENTRY,0,0,,763.612,544.997,40,763.612,544.997,40
07/11/2001 15:38,200106,200006,Other UK Airports,EAST MIDLANDS,2.687,1.253,200,784.9,727.09,8,787.587,728.343,8
07/11/2001 15:38,200106,200006,Other UK Airports,EDINBURGH,19.101,34.925,-46,3084.263,2703.612,14,3103.364,2738.537,13
07/11/2001 15:38,200106,200006,Other UK Airports,EXETER,0,0,,77.801,108.282,-28,77.801,108.282,-28
07/11/2001 15:38,200106,200006,Other UK Airports,GLASGOW,152.651,169.162,-9,0,0,,152.651,169.162,-9
07/11/2001 15:38,200106,200006,Other UK Airports,INVERNESS,6.802,6.576,0,0,0,,6.802,6.576,0
07/11/2001 15:38,200106,200006,Other UK Airports,ISLAY,4.628,3.354,67,0,0,,4.628,3.354,67
07/11/2001 15:38,200106,200006,Other UK Airports,ISLE OF MAN,0,0.266,,216.329,207.738,4,216.329,208.004,4
07/11/2001 15:38,200106,200006,Other UK Airports,ISLES OF SCILLY (ST.MARYS),12,13,-8,5,0,,17,13,31
07/11/2001 15:38,200106,200006,Other UK Airports,ISLES OF SCILLY (TRESCO),0.6,0.52,0,0,0,,0.6,0.52,0
07/11/2001 15:38,200106,200006,Other UK Airports,KIRKWALL,2.265,2.504,-33,0.039,0.054,,2.304,2.558,-33
07/11/2001 15:38,200106,200006,Other UK Airports,LIVERPOOL,0,0,,1239.822,1099.795,13,1239.822,1099.795,13
07/11/2001 15:38,200106,200006,Other UK Airports,MANCHESTER,323.507,350.176,-7,0,0,,323.507,350.176,-7
07/11/2001 15:38,200106,200006,Other UK Airports,NEWCASTLE,2.155,2.289,0,300,171.075,75,302.155,173.364,75
07/11/2001 15:38,200106,200006,Other UK Airports,PENZANCE HELIPORT,10,8,25,0,0,,10,8,25
07/11/2001 15:38,200106,200006,Other UK Airports,PLYMOUTH,0,0,,0,18,,0,18,
07/11/2001 15:38,200106,200006,Other UK Airports,STORNOWAY,2.477,4.06,-50,0,0,,2.477,4.06,-50
07/11/2001 15:38,200106,200006,Other UK Airports,TEESSIDE,0.009,0,,3.825,0,,3.834,0,
07/11/2001 15:38,200106,200006,Other UK Airports,TIREE,2.409,2.606,-33,0,0,,2.409,2.606,-33
07/11/2001 15:38,200106,200006,Channel Islands Airports,ALDERNEY,14.414,14.442,0,0,0,,14.414,14.442,0
07/11/2001 15:38,200106,200006,Channel Islands Airports,GUERNSEY,32.35,54.411,-41,198.845,182.717,9,231.195,237.128,-3
07/11/2001 15:38,200106,200006,Channel Islands Airports,JERSEY,38.755,40.705,-5,0,0,,38.755,40.705,-5
