rundate,report_period,reporting_airport_group_name,reporting_airport_name,freight_scheduled_passenger_aircraft_foreign_eu,freight_scheduled_cargo_aircraft_foreign_eu,freight_charter_passenger_aircraft_foreign_eu,freight_charter_cargo_aircraft_foreign_eu,freight_scheduled_passenger_aircraft_foreign_non_eu,freight_scheduled_cargo_aircraft_foreign_non_eu,freight_charter_passenger_aircraft_foreign_non_eu,freight_charter_cargo_aircraft_foreign_non_eu,freight_scheduled_passenger_aircraft_uk,freight_scheduled_cargo_aircraft_uk,freight_charter_passenger_aircraft_uk,freight_charter_cargo_aircraft_uk
07/11/2001 15:35,200106,London Area Airports,GATWICK,675.886,0,261.129,79.837,19491.742,0,1001.689,2705.666,233.291,0,0,10.261
07/11/2001 15:35,200106,London Area Airports,HEATHROW,10541.812,341.318,0.33,1216.815,84316.055,6727.475,0,416.659,561.786,0,0,0
07/11/2001 15:35,200106,London Area Airports,LUTON,16.618,0,8.183,1271.972,0.051,0.002,2.494,483.894,1.131,0,0,0
07/11/2001 15:35,200106,London Area Airports,STANSTED,111.569,1208.858,0.002,2728.964,8.223,8918.964,0,849.839,33.831,0,0,357.786
07/11/2001 15:35,200106,Other UK Airports,ABERDEEN,11.294,0,2.208,0,86.693,0,50.946,9.896,63.082,0,27.655,113.226
07/11/2001 15:35,200106,Other UK Airports,BARRA,0,0,0,0,0,0,0,0,3.023,0,0,0
07/11/2001 15:35,200106,Other UK Airports,BELFAST CITY,0,0,0,0,0,0,0,0,28.968,0,0,0
07/11/2001 15:35,200106,Other UK Airports,BELFAST INTERNATIONAL,8.76,0,0.972,0.758,36.581,0,8.833,105.424,252.845,0,0,2514.776
07/11/2001 15:35,200106,Other UK Airports,BENBECULA,0,0,0,0,0,0,0,0,19.425,0,0,0
07/11/2001 15:35,200106,Other UK Airports,BIRMINGHAM,145.753,0,6.402,52.366,969.248,0,50.039,15.634,53.549,0,0,1.1
07/11/2001 15:35,200106,Other UK Airports,BLACKPOOL,0,0,0,0,0,0,7.133,0,0,0,0,0
07/11/2001 15:35,200106,Other UK Airports,BOURNEMOUTH,0,0,0,0,0,0,0,0,0,157.327,0,257.622
07/11/2001 15:35,200106,Other UK Airports,BRISTOL,0,1.678,0,0.153,0,0,0,0,0,0.785,0,0
07/11/2001 15:35,200106,Other UK Airports,CAMBRIDGE,0,0,4.3,0,0,0,0,0,0,0,0,0
07/11/2001 15:35,200106,Other UK Airports,CARDIFF WALES,0.329,0,2.487,233.344,0,0,1.856,0,0.142,0,0,0
07/11/2001 15:35,200106,Other UK Airports,COVENTRY,0,0,0,98.607,0,0,0,1.467,0,0,0,169.405
07/11/2001 15:35,200106,Other UK Airports,EAST MIDLANDS,1.324,2063.09,0.163,8513.992,0,2721.505,0,196.097,3.818,983.825,0,1583.146
07/11/2001 15:35,200106,Other UK Airports,EDINBURGH,21.612,0,0,390.313,3.3,0,0,164.283,94.053,0,0,613.837
07/11/2001 15:35,200106,Other UK Airports,GLASGOW,49.817,0,1.478,1.035,338.591,0,51.527,0,178.859,0,0,16.832
07/11/2001 15:35,200106,Other UK Airports,HUMBERSIDE,0.517,0,0,3.092,0,0,10.459,2.723,0,0,0,0
07/11/2001 15:35,200106,Other UK Airports,INVERNESS,0,0,0,0,0,0,0,0,25.801,0,0,0
07/11/2001 15:35,200106,Other UK Airports,ISLAY,0,0,0,0,0,0,0,0,19.16,0,0,0
07/11/2001 15:35,200106,Other UK Airports,ISLE OF MAN,0.475,0,0,0,0,0,0,0,34.607,0,0,137.987
07/11/2001 15:35,200106,Other UK Airports,ISLES OF SCILLY (ST.MARYS),0,0,0,0,0,0,0,0,17,4,0,0
07/11/2001 15:35,200106,Other UK Airports,ISLES OF SCILLY (TRESCO),0,0,0,0,0,0,0,0,2.8,0,0,0
07/11/2001 15:35,200106,Other UK Airports,KENT INTERNATIONAL,0,0,0,285.441,0,0,0,2994.99,0,0,0,0
07/11/2001 15:35,200106,Other UK Airports,KIRKWALL,0,0,0,0,0,0,0,0,9.359,0.002,0,0
07/11/2001 15:35,200106,Other UK Airports,LEEDS BRADFORD,2.256,0,0.15,153.547,0,0,0,182.967,11.311,0,0,0
07/11/2001 15:35,200106,Other UK Airports,LIVERPOOL,0,0,0,1501.378,0,0,0,0,8.323,0,0,743.623
07/11/2001 15:35,200106,Other UK Airports,MANCHESTER,467.66,40,122.95,238.95,5006.693,1992.391,384.228,737.18,59.005,0,0,0
07/11/2001 15:35,200106,Other UK Airports,NEWCASTLE,2.83,0,0.258,48.313,3.852,0,0.09,0.418,6.683,0,0,0
07/11/2001 15:35,200106,Other UK Airports,NORWICH,3.438,0,0,0,0,0,4.59,0.294,0.176,0,0,0
07/11/2001 15:35,200106,Other UK Airports,PENZANCE HELIPORT,0,0,0,0,0,0,0,0,19,0,0,0
07/11/2001 15:35,200106,Other UK Airports,PLYMOUTH,1.5,0,0,0,0,0,0,0,1,0,0,0
07/11/2001 15:35,200106,Other UK Airports,PRESTWICK,115.008,851.93,0,8.131,90.529,2685.635,0,0,0.075,0,0,29.712
07/11/2001 15:35,200106,Other UK Airports,SCATSTA,0,0,0,0,0,0,12.596,0.194,0,0,41.449,0.093
07/11/2001 15:35,200106,Other UK Airports,SOUTHAMPTON,0,0,0,0,0,0,0,0,25.501,0,0,0
07/11/2001 15:35,200106,Other UK Airports,STORNOWAY,0,0,0,0,0,0,0,0,19.214,0,0,0
07/11/2001 15:35,200106,Other UK Airports,SUMBURGH,0,0,0,0,0,0,0.087,0,5.353,0,1.188,0
07/11/2001 15:35,200106,Other UK Airports,TEESSIDE,0,0,0,176.453,0,0,0,0,0.824,0,0,16.795
07/11/2001 15:35,200106,Other UK Airports,TIREE,0,0,0,0,0,0,0,0,2.457,0,0,0
07/11/2001 15:35,200106,Other UK Airports,WICK,0,0,0,2.496,0,0,0,0,0.334,0,0,0
07/11/2001 15:35,200106,Channel Islands Airports,ALDERNEY,0,0,0,0,0,0,0,0,41.339,0,0,0
07/11/2001 15:35,200106,Channel Islands Airports,GUERNSEY,3.199,0.067,0,0,1.247,0,0,0,151.017,88.617,0,156.062
07/11/2001 15:35,200106,Channel Islands Airports,JERSEY,0.558,0,0,0,1.237,0,0,0,156.594,91.109,1.61,233.272
