rundate,this_period,last_period,group_name,airport1_name,airport2_name,total_pax_this_period,total_pax_scheduled_this_period,total_pax_charter_this_period,total_pax_last_period,total_pax_scheduled_last_period,total_pax_charter_last_period,total_pax_percent_change
07/11/2001 15:31,200106,200006,London Area Airports,GATWICK,ABERDEEN,21484,21484,0,21880,21880,0,-1.809872031
07/11/2001 15:31,200106,200006,London Area Airports,GATWICK,BELFAST CITY,20733,20733,0,24392,24392,0,-15.00082016
07/11/2001 15:31,200106,200006,London Area Airports,GATWICK,BIRMINGHAM,155,0,155,0,0,0,
07/11/2001 15:31,200106,200006,London Area Airports,GATWICK,BRISTOL,1516,1481,35,1256,1256,0,20.70063782
07/11/2001 15:31,200106,200006,London Area Airports,GATWICK,BRIZE NORTON,9,0,9,0,0,0,
07/11/2001 15:31,200106,200006,London Area Airports,GATWICK,EDINBURGH,34990,34990,0,32599,32599,0,7.334580898
07/11/2001 15:31,200106,200006,London Area Airports,GATWICK,GATWICK,0,0,0,77,0,77,
07/11/2001 15:31,200106,200006,London Area Airports,GATWICK,GLASGOW,31785,31785,0,31600,31600,0,0.58544302
07/11/2001 15:31,200106,200006,London Area Airports,GATWICK,GUERNSEY,28975,28975,0,29068,29068,0,-0.319939464
07/11/2001 15:31,200106,200006,London Area Airports,GATWICK,INVERNESS,14944,14944,0,14903,14903,0,0.275112391
07/11/2001 15:31,200106,200006,London Area Airports,GATWICK,JERSEY,48206,48206,0,35566,35475,91,35.53955841
07/11/2001 15:31,200106,200006,London Area Airports,GATWICK,MANCHESTER,40534,40153,381,39816,39812,4,1.803295135
07/11/2001 15:31,200106,200006,London Area Airports,GATWICK,NEWCASTLE,17006,17006,0,15398,15398,0,10.44291496
07/11/2001 15:31,200106,200006,London Area Airports,GATWICK,NEWQUAY,5283,5283,0,5424,5424,0,-2.599557638
07/11/2001 15:31,200106,200006,London Area Airports,GATWICK,PLYMOUTH,4445,4445,0,3550,3550,0,25.21126747
07/11/2001 15:31,200106,200006,London Area Airports,HEATHROW,ABERDEEN,43839,43839,0,45637,45637,0,-3.939785719
07/11/2001 15:31,200106,200006,London Area Airports,HEATHROW,BELFAST INTERNATIONAL,85910,85910,0,98068,98065,3,-12.39752007
07/11/2001 15:31,200106,200006,London Area Airports,HEATHROW,EDINBURGH,142846,142846,0,148528,148483,45,-3.825541258
07/11/2001 15:31,200106,200006,London Area Airports,HEATHROW,FILTON,0,0,0,100,0,100,
07/11/2001 15:31,200106,200006,London Area Airports,HEATHROW,GLASGOW,122006,122006,0,137973,137973,0,-11.57255363
07/11/2001 15:31,200106,200006,London Area Airports,HEATHROW,ISLE OF MAN,9821,9821,0,10423,10423,0,-5.775688171
07/11/2001 15:31,200106,200006,London Area Airports,HEATHROW,JERSEY,576,576,0,23281,23281,0,-97.52587891
07/11/2001 15:31,200106,200006,London Area Airports,HEATHROW,LEEDS BRADFORD,17897,17897,0,16158,15958,200,10.76247025
07/11/2001 15:31,200106,200006,London Area Airports,HEATHROW,MANCHESTER,106268,106268,0,102414,102414,0,3.763157368
07/11/2001 15:31,200106,200006,London Area Airports,HEATHROW,NEWCASTLE,38335,38335,0,38303,38303,0,0.083544374
07/11/2001 15:31,200106,200006,London Area Airports,HEATHROW,TEESSIDE,13150,13150,0,12376,12376,0,6.254040241
07/11/2001 15:31,200106,200006,London Area Airports,LONDON CITY,ABERDEEN,4981,4981,0,0,0,0,
07/11/2001 15:31,200106,200006,London Area Airports,LONDON CITY,BELFAST CITY,4756,4756,0,1631,1631,0,191.6002502
07/11/2001 15:31,200106,200006,London Area Airports,LONDON CITY,BIRMINGHAM,0,0,0,4,0,4,
07/11/2001 15:31,200106,200006,London Area Airports,LONDON CITY,DUNDEE,4401,4401,0,4257,4257,0,3.382663965
07/11/2001 15:31,200106,200006,London Area Airports,LONDON CITY,EDINBURGH,15096,15096,0,12517,12517,0,20.60397911
07/11/2001 15:31,200106,200006,London Area Airports,LONDON CITY,GLASGOW,3689,3689,0,3364,3364,0,9.661117554
07/11/2001 15:31,200106,200006,London Area Airports,LONDON CITY,GLOUCESTERSHIRE,27,0,27,0,0,0,
07/11/2001 15:31,200106,200006,London Area Airports,LONDON CITY,ISLE OF MAN,3748,3748,0,1931,1931,0,94.09632111
07/11/2001 15:31,200106,200006,London Area Airports,LONDON CITY,JERSEY,9054,9054,0,1276,1276,0,609.5611572
07/11/2001 15:31,200106,200006,London Area Airports,LONDON CITY,LEEDS BRADFORD,0,0,0,2855,2855,0,
07/11/2001 15:31,200106,200006,London Area Airports,LONDON CITY,STANSTED,0,0,0,1,0,1,
07/11/2001 15:31,200106,200006,London Area Airports,LUTON,ABERDEEN,13405,13405,0,13038,13038,0,2.8148489
07/11/2001 15:31,200106,200006,London Area Airports,LUTON,BELFAST INTERNATIONAL,32992,32992,0,25754,25754,0,28.10437202
07/11/2001 15:31,200106,200006,London Area Airports,LUTON,EDINBURGH,42491,42491,0,32553,32542,11,30.52867699
07/11/2001 15:31,200106,200006,London Area Airports,LUTON,EXETER,40,40,0,0,0,0,
07/11/2001 15:31,200106,200006,London Area Airports,LUTON,GLASGOW,41622,41622,0,37119,37119,0,12.13125324
07/11/2001 15:31,200106,200006,London Area Airports,LUTON,INVERNESS,10072,10072,0,9316,9316,0,8.115071297
07/11/2001 15:31,200106,200006,London Area Airports,LUTON,ISLE OF MAN,3720,3720,0,4192,4192,0,-11.25954151
07/11/2001 15:31,200106,200006,London Area Airports,LUTON,JERSEY,5775,5772,3,5727,5727,0,0.838135123
07/11/2001 15:31,200106,200006,London Area Airports,LUTON,LEEDS BRADFORD,15,0,15,0,0,0,
07/11/2001 15:31,200106,200006,London Area Airports,LUTON,LIVERPOOL,0,0,0,15554,15554,0,
07/11/2001 15:31,200106,200006,London Area Airports,LUTON,MANCHESTER,116,28,88,0,0,0,
07/11/2001 15:31,200106,200006,London Area Airports,LUTON,NEWCASTLE,0,0,0,2,0,2,
07/11/2001 15:31,200106,200006,London Area Airports,SOUTHEND,JERSEY,606,0,606,276,0,276,119.5652161
07/11/2001 15:31,200106,200006,London Area Airports,STANSTED,BELFAST CITY,6520,6520,0,15770,15770,0,-58.65567398
07/11/2001 15:31,200106,200006,London Area Airports,STANSTED,BELFAST INTERNATIONAL,18530,18530,0,36,0,36,51372.22266
07/11/2001 15:31,200106,200006,London Area Airports,STANSTED,BRISTOL,189,189,0,0,0,0,
07/11/2001 15:31,200106,200006,London Area Airports,STANSTED,EDINBURGH,42698,42698,0,36131,36122,9,18.17552757
07/11/2001 15:31,200106,200006,London Area Airports,STANSTED,GLASGOW,24838,24838,0,0,0,0,
07/11/2001 15:31,200106,200006,London Area Airports,STANSTED,GUERNSEY,5085,5085,0,4438,4438,0,14.57863903
07/11/2001 15:31,200106,200006,London Area Airports,STANSTED,INVERNESS,593,0,593,473,0,473,25.36997795
07/11/2001 15:31,200106,200006,London Area Airports,STANSTED,JERSEY,1404,0,1404,1119,0,1119,25.46916962
07/11/2001 15:31,200106,200006,London Area Airports,STANSTED,KIRKWALL,0,0,0,110,0,110,
07/11/2001 15:31,200106,200006,London Area Airports,STANSTED,LEEDS BRADFORD,42,0,42,0,0,0,
07/11/2001 15:31,200106,200006,London Area Airports,STANSTED,LIVERPOOL,62,0,62,0,0,0,
07/11/2001 15:31,200106,200006,London Area Airports,STANSTED,LONDONDERRY,11651,11651,0,10791,10791,0,7.969604492
07/11/2001 15:31,200106,200006,London Area Airports,STANSTED,MANCHESTER,3905,3777,128,2378,2378,0,64.21362305
07/11/2001 15:31,200106,200006,London Area Airports,STANSTED,NEWCASTLE,4866,4866,0,3152,3152,0,54.37817383
07/11/2001 15:31,200106,200006,London Area Airports,STANSTED,PRESTWICK,51083,51083,0,36510,36510,0,39.91509247
07/11/2001 15:31,200106,200006,Other UK Airports,ABERDEEN,ABERDEEN,28,28,0,0,0,0,
07/11/2001 15:31,200106,200006,Other UK Airports,ABERDEEN,BELFAST INTERNATIONAL,1024,1024,0,728,728,0,40.6593399
07/11/2001 15:31,200106,200006,Other UK Airports,ABERDEEN,BIRMINGHAM,5143,5143,0,4842,4842,0,6.216439724
07/11/2001 15:31,200106,200006,Other UK Airports,ABERDEEN,BRISTOL,3044,3044,0,5521,5521,0,-44.8650589
07/11/2001 15:31,200106,200006,Other UK Airports,ABERDEEN,CARDIFF WALES,226,226,0,190,190,0,18.94736862
07/11/2001 15:31,200106,200006,Other UK Airports,ABERDEEN,EAST MIDLANDS,1262,1262,0,1438,1438,0,-12.23922157
07/11/2001 15:31,200106,200006,Other UK Airports,ABERDEEN,EDINBURGH,56,0,56,0,0,0,
07/11/2001 15:31,200106,200006,Other UK Airports,ABERDEEN,GLASGOW,464,462,2,547,547,0,-15.17367458
07/11/2001 15:31,200106,200006,Other UK Airports,ABERDEEN,HUMBERSIDE,2490,2490,0,2015,2015,0,23.57320023
07/11/2001 15:31,200106,200006,Other UK Airports,ABERDEEN,JERSEY,458,0,458,623,0,623,-26.48475075
07/11/2001 15:31,200106,200006,Other UK Airports,ABERDEEN,KIRKWALL,3472,3472,0,4025,4025,0,-13.73913002
07/11/2001 15:31,200106,200006,Other UK Airports,ABERDEEN,LEEDS BRADFORD,1590,1590,0,898,898,0,77.06013489
07/11/2001 15:31,200106,200006,Other UK Airports,ABERDEEN,MANCHESTER,13783,13783,0,11429,11429,0,20.59672737
07/11/2001 15:31,200106,200006,Other UK Airports,ABERDEEN,NEWCASTLE,6380,6380,0,691,691,0,823.2995605
07/11/2001 15:31,200106,200006,Other UK Airports,ABERDEEN,NORWICH,5272,5272,0,5229,5229,0,0.822336972
07/11/2001 15:31,200106,200006,Other UK Airports,ABERDEEN,SCATSTA,6655,0,6655,11500,0,11500,-42.13043594
07/11/2001 15:31,200106,200006,Other UK Airports,ABERDEEN,SOUTHAMPTON,1540,1540,0,3103,3103,0,-50.37060928
07/11/2001 15:31,200106,200006,Other UK Airports,ABERDEEN,SUMBURGH,6712,6496,216,6586,6545,41,1.913149118
07/11/2001 15:31,200106,200006,Other UK Airports,ABERDEEN,TEESSIDE,1573,1573,0,2239,2239,0,-29.74542236
07/11/2001 15:31,200106,200006,Other UK Airports,ABERDEEN,WICK,758,758,0,736,736,0,2.989130497
07/11/2001 15:31,200106,200006,Other UK Airports,ALDERNEY,GUERNSEY,3476,3476,0,3197,3197,0,8.726931572
07/11/2001 15:31,200106,200006,Other UK Airports,ALDERNEY,JERSEY,1140,1140,0,1070,1070,0,6.542056084
07/11/2001 15:31,200106,200006,Other UK Airports,ALDERNEY,SOUTHAMPTON,2520,2520,0,2752,2752,0,-8.430233002
07/11/2001 15:31,200106,200006,Other UK Airports,BARRA,BENBECULA,329,329,0,270,270,0,21.85185242
07/11/2001 15:31,200106,200006,Other UK Airports,BARRA,GLASGOW,640,640,0,547,547,0,17.00182724
07/11/2001 15:31,200106,200006,Other UK Airports,BELFAST CITY,BIRMINGHAM,13804,13804,0,15766,15766,0,-12.44450092
07/11/2001 15:31,200106,200006,Other UK Airports,BELFAST CITY,BLACKPOOL,816,760,56,2382,2382,0,-65.74307251
07/11/2001 15:31,200106,200006,Other UK Airports,BELFAST CITY,BRISTOL,5128,5128,0,6144,6144,0,-16.53645897
07/11/2001 15:31,200106,200006,Other UK Airports,BELFAST CITY,EDINBURGH,6814,6814,0,6458,6458,0,5.512542725
07/11/2001 15:31,200106,200006,Other UK Airports,BELFAST CITY,EXETER,336,336,0,0,0,0,
07/11/2001 15:31,200106,200006,Other UK Airports,BELFAST CITY,GLASGOW,7852,7852,0,8176,8176,0,-3.962817907
07/11/2001 15:31,200106,200006,Other UK Airports,BELFAST CITY,ISLE OF MAN,2555,2555,0,244,244,0,947.1311646
07/11/2001 15:31,200106,200006,Other UK Airports,BELFAST CITY,LEEDS BRADFORD,6565,6565,0,7406,7406,0,-11.35565758
07/11/2001 15:31,200106,200006,Other UK Airports,BELFAST CITY,LIVERPOOL,0,0,0,4031,4031,0,
07/11/2001 15:31,200106,200006,Other UK Airports,BELFAST CITY,MANCHESTER,8136,8136,0,9829,9829,0,-17.2245388
07/11/2001 15:31,200106,200006,Other UK Airports,BELFAST CITY,NEWCASTLE,8602,8602,0,8671,8671,0,-0.795755982
07/11/2001 15:31,200106,200006,Other UK Airports,BELFAST CITY,SHEFFIELD CITY,1744,1744,0,2515,2515,0,-30.65606308
07/11/2001 15:31,200106,200006,Other UK Airports,BELFAST CITY,SOUTHAMPTON,2034,2034,0,2275,2275,0,-10.59340668
07/11/2001 15:31,200106,200006,Other UK Airports,BELFAST INTERNATIONAL,BIRMINGHAM,13439,13431,8,14368,14368,0,-6.46575737
07/11/2001 15:31,200106,200006,Other UK Airports,BELFAST INTERNATIONAL,CARDIFF WALES,462,462,0,1503,1503,0,-69.26147461
07/11/2001 15:31,200106,200006,Other UK Airports,BELFAST INTERNATIONAL,EAST MIDLANDS,6085,6085,0,5864,5864,0,3.768758535
07/11/2001 15:31,200106,200006,Other UK Airports,BELFAST INTERNATIONAL,EDINBURGH,8854,8644,210,2077,2077,0,326.2879028
07/11/2001 15:31,200106,200006,Other UK Airports,BELFAST INTERNATIONAL,GLASGOW,8174,8174,0,3158,3158,0,158.8347015
07/11/2001 15:31,200106,200006,Other UK Airports,BELFAST INTERNATIONAL,ISLE OF MAN,24,24,0,0,0,0,
07/11/2001 15:31,200106,200006,Other UK Airports,BELFAST INTERNATIONAL,JERSEY,1721,1721,0,1403,1403,0,22.66571617
07/11/2001 15:31,200106,200006,Other UK Airports,BELFAST INTERNATIONAL,LIVERPOOL,36878,36878,0,19294,19294,0,91.13713837
07/11/2001 15:31,200106,200006,Other UK Airports,BELFAST INTERNATIONAL,MANCHESTER,6554,6554,0,7929,7929,0,-17.34140587
07/11/2001 15:31,200106,200006,Other UK Airports,BENBECULA,GLASGOW,1759,1759,0,1878,1878,0,-6.336528301
07/11/2001 15:31,200106,200006,Other UK Airports,BENBECULA,STORNOWAY,819,819,0,842,842,0,-2.731591463
07/11/2001 15:31,200106,200006,Other UK Airports,BIGGIN HILL,BLACKPOOL,114,114,0,0,0,0,
07/11/2001 15:31,200106,200006,Other UK Airports,BIRMINGHAM,DUNDEE,38,0,38,0,0,0,
07/11/2001 15:31,200106,200006,Other UK Airports,BIRMINGHAM,EDINBURGH,25456,25456,0,25919,25919,0,-1.786334395
07/11/2001 15:31,200106,200006,Other UK Airports,BIRMINGHAM,EXETER,3009,3009,0,3719,3719,0,-19.0911541
07/11/2001 15:31,200106,200006,Other UK Airports,BIRMINGHAM,GLASGOW,24558,24558,0,26527,26527,0,-7.422626019
07/11/2001 15:31,200106,200006,Other UK Airports,BIRMINGHAM,GUERNSEY,3254,3254,0,3342,3342,0,-2.633153915
07/11/2001 15:31,200106,200006,Other UK Airports,BIRMINGHAM,ISLE OF MAN,4228,4228,0,4306,4306,0,-1.811425924
07/11/2001 15:31,200106,200006,Other UK Airports,BIRMINGHAM,JERSEY,10000,8486,1514,10393,9498,895,-3.781391382
07/11/2001 15:31,200106,200006,Other UK Airports,BIRMINGHAM,LEUCHARS,38,0,38,0,0,0,
07/11/2001 15:31,200106,200006,Other UK Airports,BIRMINGHAM,NEWCASTLE,2775,2775,0,2791,2791,0,-0.573271215
07/11/2001 15:31,200106,200006,Other UK Airports,BLACKBUSHE,JERSEY,0,0,0,699,0,699,
07/11/2001 15:31,200106,200006,Other UK Airports,BLACKPOOL,ISLE OF MAN,487,487,0,2184,2184,0,-77.70146179
07/11/2001 15:31,200106,200006,Other UK Airports,BLACKPOOL,JERSEY,489,0,489,736,0,736,-33.55978394
07/11/2001 15:31,200106,200006,Other UK Airports,BOURNEMOUTH,BRISTOL,0,0,0,39,0,39,
07/11/2001 15:31,200106,200006,Other UK Airports,BOURNEMOUTH,EDINBURGH,0,0,0,347,0,347,
07/11/2001 15:31,200106,200006,Other UK Airports,BOURNEMOUTH,FILTON,0,0,0,100,0,100,
07/11/2001 15:31,200106,200006,Other UK Airports,BOURNEMOUTH,HEATHROW,0,0,0,1133,0,1133,
07/11/2001 15:31,200106,200006,Other UK Airports,BOURNEMOUTH,JERSEY,466,0,466,330,0,330,41.21212006
07/11/2001 15:31,200106,200006,Other UK Airports,BOURNEMOUTH,LYDD,36,0,36,0,0,0,
07/11/2001 15:31,200106,200006,Other UK Airports,BOURNEMOUTH,PRESTWICK,0,0,0,1,0,1,
07/11/2001 15:31,200106,200006,Other UK Airports,BRISTOL,CARDIFF WALES,0,0,0,176,0,176,
07/11/2001 15:31,200106,200006,Other UK Airports,BRISTOL,DUNDEE,51,0,51,0,0,0,
07/11/2001 15:31,200106,200006,Other UK Airports,BRISTOL,EAST MIDLANDS,0,0,0,1,0,1,
07/11/2001 15:31,200106,200006,Other UK Airports,BRISTOL,EDINBURGH,11036,11036,0,9438,9438,0,16.93155289
07/11/2001 15:31,200106,200006,Other UK Airports,BRISTOL,GLASGOW,10860,10860,0,9332,9332,0,16.37376785
07/11/2001 15:31,200106,200006,Other UK Airports,BRISTOL,GUERNSEY,1040,1040,0,611,611,0,70.21276855
07/11/2001 15:31,200106,200006,Other UK Airports,BRISTOL,ISLE OF MAN,1214,1214,0,0,0,0,
07/11/2001 15:31,200106,200006,Other UK Airports,BRISTOL,ISLES OF SCILLY (ST.MARYS),548,548,0,382,382,0,43.45549774
07/11/2001 15:31,200106,200006,Other UK Airports,BRISTOL,JERSEY,2257,2156,101,2436,2436,0,-7.348111629
07/11/2001 15:31,200106,200006,Other UK Airports,BRISTOL,MANCHESTER,276,276,0,23,23,0,1100
07/11/2001 15:31,200106,200006,Other UK Airports,BRISTOL,NEWCASTLE,3767,3767,0,0,0,0,
07/11/2001 15:31,200106,200006,Other UK Airports,BRISTOL,PLYMOUTH,3958,3958,0,1360,1360,0,191.0294189
07/11/2001 15:31,200106,200006,Other UK Airports,BRISTOL,SHEFFIELD CITY,50,0,50,0,0,0,
07/11/2001 15:31,200106,200006,Other UK Airports,CAMBRIDGE,EDINBURGH,0,0,0,16,16,0,
07/11/2001 15:31,200106,200006,Other UK Airports,CAMPBELTOWN,GLASGOW,776,776,0,832,832,0,-6.730769157
07/11/2001 15:31,200106,200006,Other UK Airports,CAMPBELTOWN,INVERNESS,0,0,0,44,0,44,
07/11/2001 15:31,200106,200006,Other UK Airports,CARDIFF WALES,EDINBURGH,2443,2443,0,2313,2313,0,5.620406628
07/11/2001 15:31,200106,200006,Other UK Airports,CARDIFF WALES,EXETER,0,0,0,2,0,2,
07/11/2001 15:31,200106,200006,Other UK Airports,CARDIFF WALES,GATWICK,82,0,82,0,0,0,
07/11/2001 15:31,200106,200006,Other UK Airports,CARDIFF WALES,GLASGOW,2401,2401,0,2273,2273,0,5.631324291
07/11/2001 15:31,200106,200006,Other UK Airports,CARDIFF WALES,GUERNSEY,630,630,0,466,466,0,35.19313431
07/11/2001 15:31,200106,200006,Other UK Airports,CARDIFF WALES,JERSEY,2482,2152,330,1960,1960,0,26.63265228
07/11/2001 15:31,200106,200006,Other UK Airports,CARDIFF WALES,MANCHESTER,298,298,0,0,0,0,
07/11/2001 15:31,200106,200006,Other UK Airports,CARDIFF WALES,NEWCASTLE,568,568,0,0,0,0,
07/11/2001 15:31,200106,200006,Other UK Airports,COVENTRY,EDINBURGH,0,0,0,5,0,5,
07/11/2001 15:31,200106,200006,Other UK Airports,COVENTRY,ISLE OF MAN,0,0,0,1,0,1,
07/11/2001 15:31,200106,200006,Other UK Airports,DUNDEE,JERSEY,491,0,491,390,0,390,25.89743614
07/11/2001 15:31,200106,200006,Other UK Airports,DUNDEE,NORTHOLT,59,0,59,0,0,0,
07/11/2001 15:31,200106,200006,Other UK Airports,EAST MIDLANDS,EDINBURGH,6566,6566,0,6130,6130,0,7.112561226
07/11/2001 15:31,200106,200006,Other UK Airports,EAST MIDLANDS,GLASGOW,7774,7774,0,8042,8042,0,-3.332504272
07/11/2001 15:31,200106,200006,Other UK Airports,EAST MIDLANDS,GUERNSEY,1588,1588,0,1632,1632,0,-2.696078539
07/11/2001 15:31,200106,200006,Other UK Airports,EAST MIDLANDS,HUMBERSIDE,540,0,540,0,0,0,
07/11/2001 15:31,200106,200006,Other UK Airports,EAST MIDLANDS,JERSEY,7224,6626,598,5908,5573,335,22.27488136
07/11/2001 15:31,200106,200006,Other UK Airports,EDAY,KIRKWALL,18,18,0,13,13,0,38.46154022
07/11/2001 15:31,200106,200006,Other UK Airports,EDINBURGH,EXETER,15,0,15,0,0,0,
07/11/2001 15:31,200106,200006,Other UK Airports,EDINBURGH,FARNBOROUGH,0,0,0,9,0,9,
07/11/2001 15:31,200106,200006,Other UK Airports,EDINBURGH,GLASGOW,0,0,0,22,22,0,
07/11/2001 15:31,200106,200006,Other UK Airports,EDINBURGH,GUERNSEY,1,1,0,298,298,0,-99.66442871
07/11/2001 15:31,200106,200006,Other UK Airports,EDINBURGH,INVERNESS,1214,1214,0,866,866,0,40.18475723
07/11/2001 15:31,200106,200006,Other UK Airports,EDINBURGH,ISLAY,0,0,0,33,0,33,
07/11/2001 15:31,200106,200006,Other UK Airports,EDINBURGH,JERSEY,1899,1744,155,1505,997,508,26.1794014
07/11/2001 15:31,200106,200006,Other UK Airports,EDINBURGH,KIRKWALL,2985,2930,55,2476,2476,0,20.55735016
07/11/2001 15:31,200106,200006,Other UK Airports,EDINBURGH,LEEDS BRADFORD,2827,2827,0,2450,2450,0,15.38775539
07/11/2001 15:31,200106,200006,Other UK Airports,EDINBURGH,LIVERPOOL,27,0,27,0,0,0,
07/11/2001 15:31,200106,200006,Other UK Airports,EDINBURGH,MANCHESTER,16755,16561,194,14644,14644,0,14.41546059
07/11/2001 15:31,200106,200006,Other UK Airports,EDINBURGH,NEWCASTLE,16,0,16,0,0,0,
07/11/2001 15:31,200106,200006,Other UK Airports,EDINBURGH,NORWICH,2083,2083,0,1070,1070,0,94.67289734
07/11/2001 15:31,200106,200006,Other UK Airports,EDINBURGH,PLYMOUTH,873,873,0,0,0,0,
07/11/2001 15:31,200106,200006,Other UK Airports,EDINBURGH,SOUTHAMPTON,7010,7010,0,7130,7130,0,-1.683029413
07/11/2001 15:31,200106,200006,Other UK Airports,EDINBURGH,STORNOWAY,1081,1081,0,819,819,0,31.99023247
07/11/2001 15:31,200106,200006,Other UK Airports,EDINBURGH,SUMBURGH,1602,1420,182,1394,1394,0,14.92109013
07/11/2001 15:31,200106,200006,Other UK Airports,EDINBURGH,TEESSIDE,113,0,113,0,0,0,
07/11/2001 15:31,200106,200006,Other UK Airports,EDINBURGH,WICK,676,676,0,596,596,0,13.42281914
07/11/2001 15:31,200106,200006,Other UK Airports,ENNISKILLEN,JERSEY,86,0,86,79,0,79,8.860759735
07/11/2001 15:31,200106,200006,Other UK Airports,EXETER,GUERNSEY,2146,2146,0,2158,2158,0,-0.556070447
07/11/2001 15:31,200106,200006,Other UK Airports,EXETER,INVERNESS,0,0,0,5,0,5,
07/11/2001 15:31,200106,200006,Other UK Airports,EXETER,ISLES OF SCILLY (ST.MARYS),775,775,0,618,618,0,25.40453148
07/11/2001 15:31,200106,200006,Other UK Airports,EXETER,JERSEY,4127,4127,0,4441,4441,0,-7.070479393
07/11/2001 15:31,200106,200006,Other UK Airports,EXETER,NORTHOLT,25,0,25,0,0,0,
07/11/2001 15:31,200106,200006,Other UK Airports,FAIR ISLE,LERWICK  (TINGWALL),214,214,0,222,222,0,-3.603603601
07/11/2001 15:31,200106,200006,Other UK Airports,FAIR ISLE,SUMBURGH,32,32,0,32,32,0,0
07/11/2001 15:31,200106,200006,Other UK Airports,FILTON,HAWARDEN,226,0,226,183,0,183,23.49726868
07/11/2001 15:31,200106,200006,Other UK Airports,GLASGOW,GUERNSEY,349,349,0,472,472,0,-26.05932236
07/11/2001 15:31,200106,200006,Other UK Airports,GLASGOW,HUMBERSIDE,0,0,0,17,17,0,
07/11/2001 15:31,200106,200006,Other UK Airports,GLASGOW,INVERNESS,2344,2282,62,1109,1109,0,111.3615875
07/11/2001 15:31,200106,200006,Other UK Airports,GLASGOW,ISLAY,1809,1809,0,2080,2080,0,-13.02884579
07/11/2001 15:31,200106,200006,Other UK Airports,GLASGOW,ISLE OF MAN,2263,2263,0,2553,2553,0,-11.35918522
07/11/2001 15:31,200106,200006,Other UK Airports,GLASGOW,JERSEY,3167,3167,0,2764,2688,76,14.58031845
07/11/2001 15:31,200106,200006,Other UK Airports,GLASGOW,KIRKWALL,637,486,151,27,27,0,2259.259277
07/11/2001 15:31,200106,200006,Other UK Airports,GLASGOW,LEEDS BRADFORD,3150,3150,0,3020,3020,0,4.304635525
07/11/2001 15:31,200106,200006,Other UK Airports,GLASGOW,LONDONDERRY,1926,1926,0,1479,1479,0,30.22312355
07/11/2001 15:31,200106,200006,Other UK Airports,GLASGOW,MANCHESTER,13715,13658,57,13948,13948,0,-1.670490384
07/11/2001 15:31,200106,200006,Other UK Airports,GLASGOW,NORTHOLT,4,0,4,0,0,0,
07/11/2001 15:31,200106,200006,Other UK Airports,GLASGOW,NORWICH,2,0,2,74,74,0,-97.29729462
07/11/2001 15:31,200106,200006,Other UK Airports,GLASGOW,PLYMOUTH,295,295,0,866,866,0,-65.93533325
07/11/2001 15:31,200106,200006,Other UK Airports,GLASGOW,SOUTHAMPTON,6539,6539,0,7077,7077,0,-7.602091312
07/11/2001 15:31,200106,200006,Other UK Airports,GLASGOW,STORNOWAY,4565,4565,0,4442,4442,0,2.769022942
07/11/2001 15:31,200106,200006,Other UK Airports,GLASGOW,SUMBURGH,1168,964,204,2919,2919,0,-59.98629761
07/11/2001 15:31,200106,200006,Other UK Airports,GLASGOW,TIREE,430,430,0,456,456,0,-5.70175457
07/11/2001 15:31,200106,200006,Other UK Airports,GLASGOW,WICK,50,0,50,0,0,0,
07/11/2001 15:31,200106,200006,Other UK Airports,GLOUCESTERSHIRE,SOUTHAMPTON,32,0,32,0,0,0,
07/11/2001 15:31,200106,200006,Other UK Airports,GUERNSEY,JERSEY,13242,13242,0,14369,14369,0,-7.84327364
07/11/2001 15:31,200106,200006,Other UK Airports,GUERNSEY,LEEDS BRADFORD,639,639,0,656,656,0,-2.591463327
07/11/2001 15:31,200106,200006,Other UK Airports,GUERNSEY,MANCHESTER,5377,5377,0,5353,5054,299,0.448346734
07/11/2001 15:31,200106,200006,Other UK Airports,GUERNSEY,NEWCASTLE,195,195,0,0,0,0,
07/11/2001 15:31,200106,200006,Other UK Airports,GUERNSEY,NORWICH,186,186,0,0,0,0,
07/11/2001 15:31,200106,200006,Other UK Airports,GUERNSEY,PLYMOUTH,94,94,0,0,0,0,
07/11/2001 15:31,200106,200006,Other UK Airports,GUERNSEY,SOUTHAMPTON,11098,11098,0,12213,12213,0,-9.129615784
07/11/2001 15:31,200106,200006,Other UK Airports,HUMBERSIDE,JERSEY,901,0,901,769,0,769,17.16514969
07/11/2001 15:31,200106,200006,Other UK Airports,HUMBERSIDE,LEUCHARS,117,0,117,0,0,0,
07/11/2001 15:31,200106,200006,Other UK Airports,HUMBERSIDE,NORWICH,0,0,0,35,35,0,
07/11/2001 15:31,200106,200006,Other UK Airports,INVERNESS,ISLAY,0,0,0,33,0,33,
07/11/2001 15:31,200106,200006,Other UK Airports,INVERNESS,KIRKWALL,484,484,0,445,445,0,8.764044762
07/11/2001 15:31,200106,200006,Other UK Airports,INVERNESS,NORTHOLT,32,0,32,0,0,0,
07/11/2001 15:31,200106,200006,Other UK Airports,INVERNESS,STORNOWAY,2092,2092,0,1929,1929,0,8.44997406
07/11/2001 15:31,200106,200006,Other UK Airports,INVERNESS,SUMBURGH,729,729,0,699,699,0,4.291845322
07/11/2001 15:31,200106,200006,Other UK Airports,INVERNESS,WARTON,32,0,32,0,0,0,
07/11/2001 15:31,200106,200006,Other UK Airports,ISLE OF MAN,JERSEY,952,952,0,333,333,0,185.8858795
07/11/2001 15:31,200106,200006,Other UK Airports,ISLE OF MAN,LEEDS BRADFORD,1084,1084,0,1192,1192,0,-9.06040287
07/11/2001 15:31,200106,200006,Other UK Airports,ISLE OF MAN,LIVERPOOL,17110,17110,0,20042,19976,66,-14.62927818
07/11/2001 15:31,200106,200006,Other UK Airports,ISLE OF MAN,MANCHESTER,8359,8359,0,8377,8377,0,-0.214874059
07/11/2001 15:31,200106,200006,Other UK Airports,ISLE OF MAN,SOUTHAMPTON,475,475,0,528,528,0,-10.03787899
07/11/2001 15:31,200106,200006,Other UK Airports,JERSEY,LEEDS BRADFORD,3929,3569,360,3535,3535,0,11.14568615
07/11/2001 15:31,200106,200006,Other UK Airports,JERSEY,LIVERPOOL,1337,384,953,574,573,1,132.9268341
07/11/2001 15:31,200106,200006,Other UK Airports,JERSEY,LONDONDERRY,139,0,139,109,0,109,27.52293587
07/11/2001 15:31,200106,200006,Other UK Airports,JERSEY,MANCHESTER,10975,6958,4017,11994,10230,1764,-8.495914459
07/11/2001 15:31,200106,200006,Other UK Airports,JERSEY,NEWCASTLE,2506,689,1817,1977,447,1530,26.75771332
07/11/2001 15:31,200106,200006,Other UK Airports,JERSEY,NORWICH,1434,173,1261,884,0,884,62.2171936
07/11/2001 15:31,200106,200006,Other UK Airports,JERSEY,PLYMOUTH,756,756,0,260,260,0,190.7692261
07/11/2001 15:31,200106,200006,Other UK Airports,JERSEY,PRESTWICK,354,0,354,269,0,269,31.59851265
07/11/2001 15:31,200106,200006,Other UK Airports,JERSEY,SHEFFIELD CITY,863,0,863,0,0,0,
07/11/2001 15:31,200106,200006,Other UK Airports,JERSEY,SOUTHAMPTON,14550,13767,783,14549,13479,1070,0.006873325
07/11/2001 15:31,200106,200006,Other UK Airports,JERSEY,TEESSIDE,1377,1377,0,1036,869,167,32.91505814
07/11/2001 15:31,200106,200006,Other UK Airports,KIRKWALL,MANCHESTER,52,0,52,65,0,65,-20
07/11/2001 15:31,200106,200006,Other UK Airports,KIRKWALL,NORTH RONALDSAY,430,430,0,456,456,0,-5.70175457
07/11/2001 15:31,200106,200006,Other UK Airports,KIRKWALL,PAPA WESTRAY,218,218,0,280,280,0,-22.1428566
07/11/2001 15:31,200106,200006,Other UK Airports,KIRKWALL,SANDAY,192,192,0,228,228,0,-15.78947353
07/11/2001 15:31,200106,200006,Other UK Airports,KIRKWALL,STRONSAY,231,231,0,166,166,0,39.15662766
07/11/2001 15:31,200106,200006,Other UK Airports,KIRKWALL,SUMBURGH,578,578,0,700,700,0,-17.4285717
07/11/2001 15:31,200106,200006,Other UK Airports,KIRKWALL,WESTRAY,245,245,0,208,208,0,17.78846169
07/11/2001 15:31,200106,200006,Other UK Airports,KIRKWALL,WICK,563,563,0,588,588,0,-4.251700878
07/11/2001 15:31,200106,200006,Other UK Airports,LEEDS BRADFORD,MANCHESTER,0,0,0,1,0,1,
07/11/2001 15:31,200106,200006,Other UK Airports,LEEDS BRADFORD,NORTHOLT,111,0,111,0,0,0,
07/11/2001 15:31,200106,200006,Other UK Airports,LEEDS BRADFORD,SOUTHAMPTON,2196,2196,0,2072,2072,0,5.984556198
07/11/2001 15:31,200106,200006,Other UK Airports,LERWICK  (TINGWALL),UNST,0,0,0,7,7,0,
07/11/2001 15:31,200106,200006,Other UK Airports,LONDON CITY,SHEFFIELD CITY,23,0,23,0,0,0,
07/11/2001 15:31,200106,200006,Other UK Airports,LONDONDERRY,MANCHESTER,966,966,0,1087,1087,0,-11.1315546
07/11/2001 15:31,200106,200006,Other UK Airports,LYDD,NORTHOLT,29,0,29,0,0,0,
07/11/2001 15:31,200106,200006,Other UK Airports,LYDD,SOUTHAMPTON,27,0,27,0,0,0,
07/11/2001 15:31,200106,200006,Other UK Airports,MANCHESTER,NORWICH,1433,1433,0,917,917,0,56.27044678
07/11/2001 15:31,200106,200006,Other UK Airports,MANCHESTER,SOUTHAMPTON,5909,5878,31,5434,5434,0,8.741258621
07/11/2001 15:31,200106,200006,Other UK Airports,NEWCASTLE,SOUTHAMPTON,2990,2990,0,2396,2396,0,24.79131889
07/11/2001 15:31,200106,200006,Other UK Airports,NEWCASTLE,WICK,0,0,0,373,373,0,
07/11/2001 15:31,200106,200006,Other UK Airports,NORTHOLT,TEESSIDE,10,0,10,0,0,0,
07/11/2001 15:31,200106,200006,Other UK Airports,NORWICH,TEESSIDE,0,0,0,4,4,0,
07/11/2001 15:31,200106,200006,Other UK Airports,SCATSTA,SCATSTA,0,0,0,95,0,95,
07/11/2001 15:31,200106,200006,Other UK Airports,SHEFFIELD CITY,WARTON,23,0,23,0,0,0,
07/11/2001 15:31,200106,200006,Other UK Airports,SOUTHAMPTON,TEESSIDE,48,0,48,0,0,0,
07/11/2001 15:31,200106,200006,Other UK Airports,STANSTED,TEESSIDE,35,0,35,0,0,0,
07/11/2001 15:31,200106,200006,Other UK Airports,SUMBURGH,UNST,0,0,0,125,125,0,
07/11/2001 15:31,200106,200006,Other UK Airports,SUMBURGH,WICK,61,61,0,37,37,0,64.86486816
