rundate,report_period,reporting_airport_group_name,reporting_airport_name,total_pax,pax_terminal_scheduled_uk,pax_transit_scheduled_uk,pax_terminal_scheduled_foreign_EU,pax_transit_scheduled_foreign_EU,pax_terminal_scheduled_foreign_non_EU,pax_transit_scheduled_foreign_non_EU,pax_terminal_charter_uk,pax_transit_charter_uk,pax_terminal_charter_foreign_EU,pax_transit_charter_foreign_EU,pax_terminal_charter_foreign_non_EU,pax_transit_charter_foreign_non_EU
07/11/2001 15:19,200106,London Area Airports,GATWICK,3261371,1394429,0,171109,0,422381,1357,1229876,1714,14037,63,26323,82
07/11/2001 15:19,200106,London Area Airports,HEATHROW,5627645,3027769,0,1034923,68,1521172,28181,11810,100,0,0,3622,0
07/11/2001 15:19,200106,London Area Airports,LONDON CITY,152490,54586,0,74445,0,23428,0,27,0,4,0,0,0
07/11/2001 15:19,200106,London Area Airports,LUTON,629290,382812,34,33464,0,43008,0,154201,414,9797,613,4947,0
07/11/2001 15:19,200106,London Area Airports,SOUTHEND,606,0,0,0,0,0,0,606,0,0,0,0,0
07/11/2001 15:19,200106,London Area Airports,STANSTED,1316161,464573,366,670660,0,31395,0,138916,0,7805,128,2144,174
07/11/2001 15:19,200106,Miscellaneous,BATTERSEA HELIPORT,1020,1020,0,0,0,0,0,0,0,0,0,0,0
07/11/2001 15:19,200106,Other UK Airports,ABERDEEN,228814,155576,52,4878,0,8331,77,27333,0,8464,84,23715,304
07/11/2001 15:19,200106,Other UK Airports,BARRA,971,969,2,0,0,0,0,0,0,0,0,0,0
07/11/2001 15:19,200106,Other UK Airports,BARROW-IN-FURNESS,12,0,0,0,0,0,0,12,0,0,0,0,0
07/11/2001 15:19,200106,Other UK Airports,BELFAST CITY,95608,95533,0,0,0,0,0,56,0,19,0,0,0
07/11/2001 15:19,200106,Other UK Airports,BELFAST INTERNATIONAL,355865,228680,360,12683,0,5785,0,62873,1657,37448,0,6379,0
07/11/2001 15:19,200106,Other UK Airports,BENBECULA,2917,2900,0,0,0,0,0,0,17,0,0,0,0
07/11/2001 15:19,200106,Other UK Airports,BIGGIN HILL,278,114,0,0,0,0,0,66,0,98,0,0,0
07/11/2001 15:19,200106,Other UK Airports,BIRMINGHAM,816338,282399,5437,100265,0,52116,354,357870,334,11111,0,6452,0
07/11/2001 15:19,200106,Other UK Airports,BLACKPOOL,4880,1452,0,0,0,0,0,3428,0,0,0,0,0
07/11/2001 15:19,200106,Other UK Airports,BOURNEMOUTH,26024,0,0,7678,0,0,0,13393,0,3278,0,1675,0
07/11/2001 15:19,200106,Other UK Airports,BRISTOL,295723,98646,1196,37303,319,228,261,134733,127,13654,0,9256,0
07/11/2001 15:19,200106,Other UK Airports,CAMBRIDGE,1523,1497,0,0,0,0,0,0,0,26,0,0,0
07/11/2001 15:19,200106,Other UK Airports,CAMPBELTOWN,790,772,18,0,0,0,0,0,0,0,0,0,0
07/11/2001 15:19,200106,Other UK Airports,CARDIFF WALES,186558,31431,795,17170,149,1443,0,127271,542,4847,0,2836,74
07/11/2001 15:19,200106,Other UK Airports,COVENTRY,40,0,0,0,0,0,0,20,0,1,0,19,0
07/11/2001 15:19,200106,Other UK Airports,DUNDEE,5008,4420,0,0,0,0,0,588,0,0,0,0,0
07/11/2001 15:19,200106,Other UK Airports,EAST MIDLANDS,289456,68376,55,0,0,0,0,199074,360,11539,0,10052,0
07/11/2001 15:19,200106,Other UK Airports,EDINBURGH,557327,433165,2014,55276,0,3141,0,42542,703,14072,0,6414,0
07/11/2001 15:19,200106,Other UK Airports,EXETER,40533,11756,427,0,0,831,311,7280,53,17726,33,2116,0
07/11/2001 15:19,200106,Other UK Airports,GLASGOW,748299,377584,11,32348,0,58512,853,225312,2056,24553,0,27070,0
07/11/2001 15:19,200106,Other UK Airports,GLOUCESTERSHIRE,64,0,0,0,0,0,0,64,0,0,0,0,0
07/11/2001 15:19,200106,Other UK Airports,HAWARDEN,372,0,0,0,0,0,0,226,146,0,0,0,0
07/11/2001 15:19,200106,Other UK Airports,HUMBERSIDE,47603,13618,0,0,0,0,0,17117,0,14072,0,2796,0
07/11/2001 15:19,200106,Other UK Airports,INVERNESS,34737,31298,1901,0,0,0,0,740,0,56,0,742,0
07/11/2001 15:19,200106,Other UK Airports,ISLAY,1831,1816,12,0,0,0,0,3,0,0,0,0,0
07/11/2001 15:19,200106,Other UK Airports,ISLE OF MAN,60818,60010,570,0,0,0,0,0,0,0,0,238,0
07/11/2001 15:19,200106,Other UK Airports,ISLES OF SCILLY (ST.MARYS),17524,17226,298,0,0,0,0,0,0,0,0,0,0
07/11/2001 15:19,200106,Other UK Airports,ISLES OF SCILLY (TRESCO),5018,4538,480,0,0,0,0,0,0,0,0,0,0
07/11/2001 15:19,200106,Other UK Airports,KIRKWALL,8926,8061,639,0,0,0,0,0,0,184,0,42,0
07/11/2001 15:19,200106,Other UK Airports,LEEDS BRADFORD,155195,59642,397,18518,0,0,0,59210,0,16163,126,1139,0
07/11/2001 15:19,200106,Other UK Airports,LERWICK  (TINGWALL),214,214,0,0,0,0,0,0,0,0,0,0,0
07/11/2001 15:19,200106,Other UK Airports,LIVERPOOL,203788,149624,156,13860,0,7810,0,20714,0,10566,7,1051,0
07/11/2001 15:19,200106,Other UK Airports,LONDONDERRY,16335,4692,0,11643,0,0,0,0,0,0,0,0,0
07/11/2001 15:19,200106,Other UK Airports,LYDD,65,0,0,0,0,0,0,65,0,0,0,0,0
07/11/2001 15:19,200106,Other UK Airports,MANCHESTER,2063213,493570,0,191773,1139,180753,13227,1109824,3124,30268,410,38295,830
07/11/2001 15:19,200106,Other UK Airports,NEWCASTLE,386544,144389,3315,14709,0,5406,0,178172,183,25970,182,13639,579
07/11/2001 15:19,200106,Other UK Airports,NORWICH,43548,17738,0,0,0,0,0,15800,61,7374,2,2573,0
07/11/2001 15:19,200106,Other UK Airports,PENZANCE HELIPORT,15540,15540,0,0,0,0,0,0,0,0,0,0,0
07/11/2001 15:19,200106,Other UK Airports,PLYMOUTH,16654,12450,4204,0,0,0,0,0,0,0,0,0,0
07/11/2001 15:19,200106,Other UK Airports,PRESTWICK,110143,0,0,89282,18,9,7,7057,0,13770,0,0,0
07/11/2001 15:19,200106,Other UK Airports,SCATSTA,18946,0,0,0,0,0,0,18946,0,0,0,0,0
07/11/2001 15:19,200106,Other UK Airports,SHEFFIELD CITY,3923,1722,0,1222,0,0,0,979,0,0,0,0,0
07/11/2001 15:19,200106,Other UK Airports,SHOREHAM,67,0,0,0,0,0,0,52,0,15,0,0,0
07/11/2001 15:19,200106,Other UK Airports,SOUTHAMPTON,80957,68221,65,5502,0,0,0,2392,92,4558,0,127,0
07/11/2001 15:19,200106,Other UK Airports,STORNOWAY,8039,8039,0,0,0,0,0,0,0,0,0,0,0
07/11/2001 15:19,200106,Other UK Airports,SUMBURGH,12092,9788,8,0,0,0,0,1783,291,108,0,114,0
07/11/2001 15:19,200106,Other UK Airports,TEESSIDE,82114,22113,51,5312,0,0,0,32990,215,20099,0,1334,0
07/11/2001 15:19,200106,Other UK Airports,TIREE,431,431,0,0,0,0,0,0,0,0,0,0,0
07/11/2001 15:19,200106,Other UK Airports,WICK,2438,1589,765,0,0,0,0,0,34,50,0,0,0
07/11/2001 15:19,200106,Channel Islands Airports,ALDERNEY,7136,7136,0,0,0,0,0,0,0,0,0,0,0
07/11/2001 15:19,200106,Channel Islands Airports,GUERNSEY,86673,80202,3038,857,388,1157,550,0,0,372,109,0,0
07/11/2001 15:19,200106,Channel Islands Airports,JERSEY,168793,139669,2922,2633,81,1275,493,18285,25,2465,319,626,0
