rundate,report_period,reporting_airport_group_name,reporting_airport_name,total_atms,atms_scheduled_uk_operator,atms_scheduled_foreign_EU_operator,atms_scheduled_foreign_non_EU_operator,atms_charter_uk_operator,atms_charter_foreign_EU_operator,atms_charter_foreign_non_EU_operator
07/11/2001 15:16,200106,London Area Airports,GATWICK,22434,11902,2176,2388,5650,72,246
07/11/2001 15:16,200106,London Area Airports,HEATHROW,38962,21307,8987,8514,78,42,34
07/11/2001 15:16,200106,London Area Airports,LONDON CITY,4887,2098,2143,643,1,2,0
07/11/2001 15:16,200106,London Area Airports,LUTON,5050,3163,404,336,795,273,79
07/11/2001 15:16,200106,London Area Airports,SOUTHEND,10,0,0,0,10,0,0
07/11/2001 15:16,200106,London Area Airports,STANSTED,13895,5485,6303,594,1182,305,26
07/11/2001 15:16,200106,Miscellaneous,BATTERSEA HELIPORT,355,355,0,0,0,0,0
07/11/2001 15:16,200106,Other UK Airports,ABERDEEN,6990,3516,72,211,1438,87,1666
07/11/2001 15:16,200106,Other UK Airports,BARRA,100,100,0,0,0,0,0
07/11/2001 15:16,200106,Other UK Airports,BARROW-IN-FURNESS,6,0,0,0,6,0,0
07/11/2001 15:16,200106,Other UK Airports,BELFAST CITY,2693,2689,0,0,2,2,0
07/11/2001 15:16,200106,Other UK Airports,BELFAST INTERNATIONAL,4153,2728,214,26,813,328,44
07/11/2001 15:16,200106,Other UK Airports,BENBECULA,175,170,0,0,5,0,0
07/11/2001 15:16,200106,Other UK Airports,BIGGIN HILL,40,30,0,0,8,2,0
07/11/2001 15:16,200106,Other UK Airports,BIRMINGHAM,10035,6037,1587,561,1720,86,44
07/11/2001 15:16,200106,Other UK Airports,BLACKPOOL,736,143,0,0,593,0,0
07/11/2001 15:16,200106,Other UK Airports,BOURNEMOUTH,477,55,86,0,305,21,10
07/11/2001 15:16,200106,Other UK Airports,BRISTOL,3925,2265,648,4,860,90,58
07/11/2001 15:16,200106,Other UK Airports,CAMBRIDGE,130,122,0,0,0,8,0
07/11/2001 15:16,200106,Other UK Airports,CAMPBELTOWN,80,80,0,0,0,0,0
07/11/2001 15:16,200106,Other UK Airports,CARDIFF WALES,2215,1106,340,8,696,34,31
07/11/2001 15:16,200106,Other UK Airports,CARLISLE,21,0,0,0,21,0,0
07/11/2001 15:16,200106,Other UK Airports,COVENTRY,327,0,0,0,280,43,4
07/11/2001 15:16,200106,Other UK Airports,DUNDEE,259,247,0,0,12,0,0
07/11/2001 15:16,200106,Other UK Airports,EAST MIDLANDS,3895,1661,174,96,1166,691,107
07/11/2001 15:16,200106,Other UK Airports,EDINBURGH,8483,6658,769,28,693,292,43
07/11/2001 15:16,200106,Other UK Airports,EXETER,754,541,0,6,76,117,14
07/11/2001 15:16,200106,Other UK Airports,GLASGOW,8230,6027,466,350,1063,168,156
07/11/2001 15:16,200106,Other UK Airports,GLOUCESTERSHIRE,2,0,0,0,2,0,0
07/11/2001 15:16,200106,Other UK Airports,HAWARDEN,9,0,0,0,9,0,0
07/11/2001 15:16,200106,Other UK Airports,HUMBERSIDE,1309,634,0,0,563,96,16
07/11/2001 15:16,200106,Other UK Airports,INVERNESS,719,690,0,0,15,3,11
07/11/2001 15:16,200106,Other UK Airports,ISLAY,98,96,0,0,2,0,0
07/11/2001 15:16,200106,Other UK Airports,ISLE OF MAN,1933,1798,0,0,133,0,2
07/11/2001 15:16,200106,Other UK Airports,ISLES OF SCILLY (ST.MARYS),1522,1522,0,0,0,0,0
07/11/2001 15:16,200106,Other UK Airports,ISLES OF SCILLY (TRESCO),300,300,0,0,0,0,0
07/11/2001 15:16,200106,Other UK Airports,KENT INTERNATIONAL,84,0,0,0,2,1,81
07/11/2001 15:16,200106,Other UK Airports,KIRKWALL,618,606,5,0,1,5,1
07/11/2001 15:16,200106,Other UK Airports,LEEDS BRADFORD,2598,1802,314,0,339,93,50
07/11/2001 15:16,200106,Other UK Airports,LERWICK  (TINGWALL),58,58,0,0,0,0,0
07/11/2001 15:16,200106,Other UK Airports,LIVERPOOL,2659,1456,159,60,797,178,9
07/11/2001 15:16,200106,Other UK Airports,LONDONDERRY,399,288,111,0,0,0,0
07/11/2001 15:16,200106,Other UK Airports,LYDD,2,0,0,0,2,0,0
07/11/2001 15:16,200106,Other UK Airports,MANCHESTER,17365,7865,2778,1326,4909,214,273
07/11/2001 15:16,200106,Other UK Airports,NEWCASTLE,4347,2747,272,106,948,176,98
07/11/2001 15:16,200106,Other UK Airports,NORWICH,1437,852,0,0,522,47,16
07/11/2001 15:16,200106,Other UK Airports,PENZANCE HELIPORT,942,942,0,0,0,0,0
07/11/2001 15:16,200106,Other UK Airports,PLYMOUTH,647,647,0,0,0,0,0
07/11/2001 15:16,200106,Other UK Airports,PRESTWICK,1146,0,946,84,29,85,2
07/11/2001 15:16,200106,Other UK Airports,SCATSTA,826,0,0,0,826,0,0
07/11/2001 15:16,200106,Other UK Airports,SHEFFIELD CITY,162,92,48,0,22,0,0
07/11/2001 15:16,200106,Other UK Airports,SHOREHAM,67,0,0,0,51,16,0
07/11/2001 15:16,200106,Other UK Airports,SOUTHAMPTON,2417,2212,146,0,24,34,1
07/11/2001 15:16,200106,Other UK Airports,STORNOWAY,286,286,0,0,0,0,0
07/11/2001 15:16,200106,Other UK Airports,SUMBURGH,426,278,0,0,143,2,3
07/11/2001 15:16,200106,Other UK Airports,TEESSIDE,932,519,57,0,194,154,8
07/11/2001 15:16,200106,Other UK Airports,TIREE,53,52,0,0,1,0,0
07/11/2001 15:16,200106,Other UK Airports,WICK,216,178,0,0,35,3,0
07/11/2001 15:16,200106,Channel Islands Airports,ALDERNEY,709,709,0,0,0,0,0
07/11/2001 15:16,200106,Channel Islands Airports,GUERNSEY,3398,3194,38,60,86,20,0
07/11/2001 15:16,200106,Channel Islands Airports,JERSEY,4508,3789,191,60,391,70,7
