rundate,report_period,rpt_apt_grp_name,rpt_apt_name,mail_shd_pax_acf_fe,mail_shd_cgo_acf_fe,mail_cht_pax_acf_fe,mail_cht_cgo_acf_fe,mail_shd_pax_acf_fn,mail_shd_cgo_acf_fn,mail_cht_pax_acf_fn,mail_cht_cgo_acf_fn,mail_shd_pax_acf_uk,mail_shd_cgo_acf_uk,mail_cht_pax_acf_uk,mail_cht_cgo_acf_uk
15/04/05 14:31,2004,London Area Airports,GATWICK,2426.892,0,1.806,0,2419.986,0.293,5.691,0,304.087,881.489,0,2682.829
15/04/05 14:31,2004,London Area Airports,HEATHROW,20355.325,2.53,0,0,61380.154,259.69,2.16,0,1391.624,3454.835,0,0
15/04/05 14:31,2004,London Area Airports,LUTON,0,0,0,0,0,1.605,0,0,0,0,0,0
15/04/05 14:31,2004,London Area Airports,STANSTED,137.997,111.811,0,12.89,0.24,90.38,0,0.5,0,0,0,12924.708
15/04/05 14:31,2004,Other UK Airports,ABERDEEN,0.005,0,0.001,0,0.129,0,0,0,8.218,0,0,357.317
15/04/05 14:31,2004,Other UK Airports,BARRA,0,0,0,0,0,0,0,0,51.821,0.049,0,0
15/04/05 14:31,2004,Other UK Airports,BELFAST CITY,0,0,0,0,0,0,0,0,30.436,0,0,0
15/04/05 14:31,2004,Other UK Airports,BELFAST INTERNATIONAL,0,0,0,0,0,0,0,0,0,0,0,15038.261
15/04/05 14:31,2004,Other UK Airports,BENBECULA,0,0,0,0,0,0,0,0,56.176,0.039,0,2.641
15/04/05 14:31,2004,Other UK Airports,BIGGIN HILL,0,0,0,0,0,0,0,0,0,0,0,82.704
15/04/05 14:31,2004,Other UK Airports,BIRMINGHAM,550.784,0,0.483,0,0.339,0,0,0,77.403,0,0,0
15/04/05 14:31,2004,Other UK Airports,BOURNEMOUTH,0,0,0,0,0,0,0,0,2699.468,97.856,0,4101.159
15/04/05 14:31,2004,Other UK Airports,BRISTOL,0,0,0,0.34,0,0,0,0,0,62.446,0,4987.726
15/04/05 14:31,2004,Other UK Airports,CARDIFF WALES,0,0,0,42.188,0,0,0,0,0,0,0,4.685
15/04/05 14:31,2004,Other UK Airports,COVENTRY,0,0,0,3.705,0,0,0,0,0,0,0,3107.583
15/04/05 14:31,2004,Other UK Airports,EDINBURGH,3.458,0,0.53,397.723,0.015,0,0,211.487,3.836,3419.746,0,24568.699
15/04/05 14:31,2004,Other UK Airports,EXETER,0,0,0.025,0,0,0,0,0,0.779,0,0,5093.557
15/04/05 14:31,2004,Other UK Airports,GLASGOW,202.762,0,0.203,16.382,166.663,0,0,0,324.852,1.746,0,23.491
15/04/05 14:31,2004,Other UK Airports,INVERNESS,0,0,0,0,0,0,0,0,1.445,0,0,0
15/04/05 14:31,2004,Other UK Airports,ISLAY,0,0,0,0,0,0,0,0,56.152,0.077,0,0
15/04/05 14:31,2004,Other UK Airports,ISLE OF MAN,0,0,0,0,0,0,0,0,0.555,0,0,2400.146
15/04/05 14:31,2004,Other UK Airports,ISLES OF SCILLY (ST.MARYS),0,0,0,0,0,0,0,0,160,36,0,0
15/04/05 14:31,2004,Other UK Airports,ISLES OF SCILLY (TRESCO),0,0,0,0,0,0,0,0,7.58,0,0,0
15/04/05 14:31,2004,Other UK Airports,KIRKWALL,0,0,0,0,0,0,0,0,31.144,0.759,0,0
15/04/05 14:31,2004,Other UK Airports,LANDS END (ST JUST),0,0,0,0,0,0,0,0,44.6,30.4,1.7,6.8
15/04/05 14:31,2004,Other UK Airports,LEEDS BRADFORD,0,0,0,0,0,0,0,0,4.004,0,0,0
15/04/05 14:31,2004,Other UK Airports,LIVERPOOL,0,0,0,19.033,0,0,0,0,0,0,3.213,7236.05
15/04/05 14:31,2004,Other UK Airports,MANCHESTER,1365.967,4.666,2.599,0,1970.658,184.471,1.105,0,564.977,0,0.004,0.816
15/04/05 14:31,2004,Other UK Airports,NEWCASTLE,0.311,0,0,17,0.453,0,0,0,2.8,0,0,7735.538
15/04/05 14:31,2004,Other UK Airports,NORWICH,0,0,0,0,0,0,0,0,2.688,0,0,0
15/04/05 14:31,2004,Other UK Airports,NOTTINGHAM EAST MIDLANDS INT'L,1.911,0,0,4.167,0,0,0,100,0,6831.987,0,17193.82
15/04/05 14:31,2004,Other UK Airports,PENZANCE HELIPORT,0,0,0,0,0,0,0,0,133,0,0,0
15/04/05 14:31,2004,Other UK Airports,SCATSTA,0,0,0,0,0,0,0.178,0,0,0,0.899,0
15/04/05 14:31,2004,Other UK Airports,STORNOWAY,0,0,0,0,0,0,0,0,36.99,8.892,0,10.531
15/04/05 14:31,2004,Other UK Airports,SUMBURGH,0,0,0,0,0,0,0.009,0,3.544,2.825,0,0
15/04/05 14:31,2004,Other UK Airports,TIREE,0,0,0,0,0,0,0,0,32.438,0.034,0,0
15/04/05 14:31,2004,Channel Islands Airports,ALDERNEY,0,0,0,0,0,0,0,0,127.515,63.945,0,0
15/04/05 14:31,2004,Channel Islands Airports,GUERNSEY,0.026,0,0,0,0,0,0,0,230.829,89.291,0,2085.81
15/04/05 14:31,2004,Channel Islands Airports,JERSEY,0,0,0,0,0,0,0,0,263.668,851.528,0,270.845
