rundate,report_period,airport_cluster,rpt_apt_grp_cd,rpt_apt_grp_name,rpt_apt_name,mail_shd_pax_acf_fe,mail_shd_cgo_acf_fe,mail_cht_pax_acf_fe,mail_cht_cgo_acf_fe,mail_shd_pax_acf_fn,mail_shd_cgo_acf_fn,mail_cht_pax_acf_fn,mail_cht_cgo_acf_fn,mail_shd_pax_acf_uk,mail_shd_cgo_acf_uk,mail_cht_pax_acf_uk,mail_cht_cgo_acf_uk
9/23/2008 11:26,1996,1,1,London Area Airports,GATWICK,2850.076,0,1.687,0,5183.781,13.475,16.316,0.32,1034.757,0,0,5043.035
9/23/2008 11:26,1996,1,1,London Area Airports,HEATHROW,25013.574,16.042,2.596,1.495,52664.887,869.719,0.3,0.648,5009.762,4653.124,0,0
9/23/2008 11:26,1996,1,1,London Area Airports,LUTON,0,0,0,0,0,0,0,0,0,0,0,19.962
9/23/2008 11:26,1996,1,1,London Area Airports,SOUTHEND,0,0,0,16.16,0,0,0,1.471,0,0,0,11.685
9/23/2008 11:26,1996,1,1,London Area Airports,STANSTED,0,0,0,32.892,0,0,0,0,0,0,0,7395.825
9/23/2008 11:26,1996,1,3,Other UK Airports,ABERDEEN,0.786,0,0,0,0.132,0,0,0,1218.363,0,7.759,3.704
9/23/2008 11:26,1996,1,3,Other UK Airports,BARRA,0,0,0,0,0,0,0,0,29.589,0.164,0,0
9/23/2008 11:26,1996,1,3,Other UK Airports,BELFAST INTERNATIONAL,0,0,0,0,0,0,0,0,1251.08,0,0,6351.924
9/23/2008 11:26,1996,1,3,Other UK Airports,BENBECULA,0,0,0,0,0,0,0,0,34.055,0,0,0
9/23/2008 11:26,1996,1,3,Other UK Airports,BIRMINGHAM,515.997,0,0,0,167.112,0,0,0,867.928,0,0,14.465
9/23/2008 11:26,1996,1,3,Other UK Airports,BOURNEMOUTH,0,0,0,0,0,0,0,0,0,9.868,0,3897.279
9/23/2008 11:26,1996,1,3,Other UK Airports,BRISTOL,0.546,0,0,0,0,0,0,0,13.367,0,0,3776.154
9/23/2008 11:26,1996,1,3,Other UK Airports,CAMBRIDGE,0,0,0,2,0,0,0,0,0,0,0,0
9/23/2008 11:26,1996,1,3,Other UK Airports,CAMPBELTOWN,0,0,0,0,0,0,0,0,21.594,0,0,0
9/23/2008 11:26,1996,1,3,Other UK Airports,CARDIFF WALES,0,0,0,2.213,0,0,0,0,0,0,0,1294.28
9/23/2008 11:26,1996,1,3,Other UK Airports,CARLISLE,0,0,0,0,0,0,0,0,0,0,12,152
9/23/2008 11:26,1996,1,3,Other UK Airports,CITY OF DERRY (EGLINTON),0,0,1,0,0,0,0,0,0,0,0,25
9/23/2008 11:26,1996,1,3,Other UK Airports,COVENTRY,0,50.693,0,271.116,0,0,0,0,0,33.178,0,4859.189
9/23/2008 11:26,1996,1,3,Other UK Airports,EAST MIDLANDS INTERNATIONAL,8.836,0,0,11.651,0,0,0,0,100.872,0.844,0,2603.45
9/23/2008 11:26,1996,1,3,Other UK Airports,EDINBURGH,271.997,0,0.431,69.948,0.171,0,0,0,1379.168,4811.429,0,19678.728
9/23/2008 11:26,1996,1,3,Other UK Airports,EXETER,0,0,0,0,0,0,0,0,0,0,0,623.346
9/23/2008 11:26,1996,1,3,Other UK Airports,GLASGOW,653.969,0,0,0,165.593,0,0.242,0,2659.711,0,0,19.535
9/23/2008 11:26,1996,1,3,Other UK Airports,INVERNESS,0,0,0,0,0,0,0,0,170.948,0,0,226.423
9/23/2008 11:26,1996,1,3,Other UK Airports,ISLAY,0,0,0,0,0,0,0,0,36.872,0,0,0
9/23/2008 11:26,1996,1,3,Other UK Airports,ISLE OF MAN,0,0,0,0,0,0,0,0,0.539,0,0.027,266.541
9/23/2008 11:26,1996,1,3,Other UK Airports,ISLES OF SCILLY (ST.MARYS),0,0,0,0,0,0,0,0,157,0,0,0
9/23/2008 11:26,1996,1,3,Other UK Airports,ISLES OF SCILLY (TRESCO),4,0,0,0,0,0,0,0,5.546,0,0,0
9/23/2008 11:26,1996,1,3,Other UK Airports,KENT INTERNATIONAL,0,0,0,0,0,0,0,1,0,0,0,0
9/23/2008 11:26,1996,1,3,Other UK Airports,KIRKWALL,0,0,0,0,0,0,0,0,323.038,0.028,0,0.155
9/23/2008 11:26,1996,1,3,Other UK Airports,LEEDS BRADFORD,0.143,0,0,0,0,0,0,0,4.382,0,0,679.177
9/23/2008 11:26,1996,1,3,Other UK Airports,LIVERPOOL,0,0,0,2.648,0,0,0,0,0.673,0,0,10404.851
9/23/2008 11:26,1996,1,3,Other UK Airports,MANCHESTER,2797.335,0,0.098,0,956.692,0,1.853,0,136.329,0,0,0
9/23/2008 11:26,1996,1,3,Other UK Airports,NEWCASTLE,0,0,0,0,0.5,0,0,0,49.348,60.328,0,1737.968
9/23/2008 11:26,1996,1,3,Other UK Airports,NORWICH,0.003,0,0,0,0,0,1.813,0.291,27.073,0,0,1.04
9/23/2008 11:26,1996,1,3,Other UK Airports,PENZANCE HELIPORT,0,0,0,0,0,0,0,0,96,0,0,0
9/23/2008 11:26,1996,1,3,Other UK Airports,PLYMOUTH,0,0,0,0,0,0,0,0,0,0,0,303
9/23/2008 11:26,1996,1,3,Other UK Airports,PRESTWICK,0,0,0,0,0,0,0,0,0,38.667,0,0.133
9/23/2008 11:26,1996,1,3,Other UK Airports,STORNOWAY,0,0,0,0,0,0,0,0,26.345,0,0,0
9/23/2008 11:26,1996,1,3,Other UK Airports,SUMBURGH,0,0,0,0,0,0,0,0,555.688,0,6.676,0.088
9/23/2008 11:26,1996,1,3,Other UK Airports,TIREE,0,0,0,0,0,0,0,0,21.835,0.172,0,0
9/23/2008 11:26,1996,2,4,Channel Islands Airports,ALDERNEY,0,0,0,0,0,0,0,0,137.218,0,0,0
9/23/2008 11:26,1996,2,4,Channel Islands Airports,GUERNSEY,2.004,0,0,0,0.001,0,0,0,301.116,0.836,0.406,2016.575
9/23/2008 11:26,1996,2,4,Channel Islands Airports,JERSEY,12.759,0,0,0,0.003,0,0,0,1131.947,142.018,0,92.272
