rundate,report_period,airport_cluster,rpt_apt_grp_cd,rpt_apt_grp_name,rpt_apt_name,total_atms,atms_shd_uk,atms_shd_fe,atms_shd_fn,atms_cht_uk,atms_cht_fe,atms_cht_fn
9/23/2008 10:21,1996,1,1,London Area Airports,GATWICK,209120,101961,36972,17084,44808,3054,5241
9/23/2008 10:21,1996,1,1,London Area Airports,HEATHROW,426734,232771,111957,80523,561,471,451
9/23/2008 10:21,1996,1,1,London Area Airports,LONDON CITY,25473,2327,18709,4397,16,24,0
9/23/2008 10:21,1996,1,1,London Area Airports,LUTON,28177,17150,2513,1,6364,1356,793
9/23/2008 10:21,1996,1,1,London Area Airports,SOUTHEND,334,2,24,6,122,75,105
9/23/2008 10:21,1996,1,1,London Area Airports,STANSTED,74996,38832,19425,2495,10874,1923,1447
9/23/2008 10:21,1996,1,2,Miscellaneous,METRO LONDON HELIPORT,1730,0,0,0,1730,0,0
9/23/2008 10:21,1996,1,3,Other UK Airports,ABERDEEN,77601,36707,1322,0,38825,741,6
9/23/2008 10:21,1996,1,3,Other UK Airports,BARRA,1136,1136,0,0,0,0,0
9/23/2008 10:21,1996,1,3,Other UK Airports,BELFAST CITY (GEORGE BEST),35135,35027,0,0,94,12,2
9/23/2008 10:21,1996,1,3,Other UK Airports,BELFAST INTERNATIONAL,32802,23242,698,74,7548,701,539
9/23/2008 10:21,1996,1,3,Other UK Airports,BENBECULA,2097,2096,0,0,1,0,0
9/23/2008 10:21,1996,1,3,Other UK Airports,BIGGIN HILL,276,188,41,0,0,30,17
9/23/2008 10:21,1996,1,3,Other UK Airports,BIRMINGHAM,76648,43467,18545,2336,11333,417,550
9/23/2008 10:21,1996,1,3,Other UK Airports,BLACKPOOL,6695,3711,0,0,2917,61,6
9/23/2008 10:21,1996,1,3,Other UK Airports,BOURNEMOUTH,4462,724,583,0,3033,118,4
9/23/2008 10:21,1996,1,3,Other UK Airports,BRISTOL,26106,11013,8031,0,6623,245,194
9/23/2008 10:21,1996,1,3,Other UK Airports,CAMBRIDGE,3438,3311,0,0,102,21,4
9/23/2008 10:21,1996,1,3,Other UK Airports,CAMPBELTOWN,772,772,0,0,0,0,0
9/23/2008 10:21,1996,1,3,Other UK Airports,CARDIFF WALES,16357,8059,3422,6,3994,512,364
9/23/2008 10:21,1996,1,3,Other UK Airports,CARLISLE,360,4,0,0,326,21,9
9/23/2008 10:21,1996,1,3,Other UK Airports,CITY OF DERRY (EGLINTON),3803,3560,0,0,179,42,22
9/23/2008 10:21,1996,1,3,Other UK Airports,COVENTRY,5417,337,0,0,3891,1186,3
9/23/2008 10:21,1996,1,3,Other UK Airports,DUNDEE,1451,1321,0,0,120,7,3
9/23/2008 10:21,1996,1,3,Other UK Airports,DURHAM TEES VALLEY,9652,8657,50,0,699,192,54
9/23/2008 10:21,1996,1,3,Other UK Airports,EAST MIDLANDS INTERNATIONAL,34550,16956,983,1368,8858,5620,765
9/23/2008 10:21,1996,1,3,Other UK Airports,EDINBURGH,65996,53487,4486,482,5964,1376,201
9/23/2008 10:21,1996,1,3,Other UK Airports,EXETER,6088,4881,63,0,752,212,180
9/23/2008 10:21,1996,1,3,Other UK Airports,GLASGOW,74877,58334,3757,1882,8003,1615,1286
9/23/2008 10:21,1996,1,3,Other UK Airports,GLOUCESTERSHIRE,182,0,0,0,154,28,0
9/23/2008 10:21,1996,1,3,Other UK Airports,HAWARDEN,7,0,0,0,7,0,0
9/23/2008 10:21,1996,1,3,Other UK Airports,HUMBERSIDE,8090,4124,780,0,2753,326,107
9/23/2008 10:21,1996,1,3,Other UK Airports,INVERNESS,6377,6010,0,0,309,46,12
9/23/2008 10:21,1996,1,3,Other UK Airports,ISLAY,1125,1121,0,0,2,2,0
9/23/2008 10:21,1996,1,3,Other UK Airports,ISLE OF MAN,18911,17777,0,0,1119,15,0
9/23/2008 10:21,1996,1,3,Other UK Airports,ISLES OF SCILLY (ST.MARYS),11205,11205,0,0,0,0,0
9/23/2008 10:21,1996,1,3,Other UK Airports,ISLES OF SCILLY (TRESCO),1444,1444,0,0,0,0,0
9/23/2008 10:21,1996,1,3,Other UK Airports,KENT INTERNATIONAL,105,0,0,0,20,3,82
9/23/2008 10:21,1996,1,3,Other UK Airports,KIRKWALL,8267,8205,0,0,58,3,1
9/23/2008 10:21,1996,1,3,Other UK Airports,LEEDS BRADFORD,24242,17659,4206,1,1830,364,182
9/23/2008 10:21,1996,1,3,Other UK Airports,LERWICK (TINGWALL),2505,981,0,0,1524,0,0
9/23/2008 10:21,1996,1,3,Other UK Airports,LIVERPOOL,23303,6303,1894,4,14501,480,121
9/23/2008 10:21,1996,1,3,Other UK Airports,LYDD,49,0,0,0,22,27,0
9/23/2008 10:21,1996,1,3,Other UK Airports,MANCHESTER,141070,65993,26935,8833,33968,2912,2429
9/23/2008 10:21,1996,1,3,Other UK Airports,NEWCASTLE,39412,25074,5611,1250,6237,549,691
9/23/2008 10:21,1996,1,3,Other UK Airports,NORWICH,12383,5589,0,0,6705,87,2
9/23/2008 10:21,1996,1,3,Other UK Airports,PENZANCE HELIPORT,5175,5173,0,0,2,0,0
9/23/2008 10:21,1996,1,3,Other UK Airports,PLYMOUTH,6201,5417,0,0,751,32,1
9/23/2008 10:21,1996,1,3,Other UK Airports,PRESTWICK,9472,2699,5484,698,191,190,210
9/23/2008 10:21,1996,1,3,Other UK Airports,SCATSTA,3586,2,0,0,3584,0,0
9/23/2008 10:21,1996,1,3,Other UK Airports,SHOREHAM,1481,0,0,0,987,494,0
9/23/2008 10:21,1996,1,3,Other UK Airports,SOUTHAMPTON,23667,20022,3500,3,122,16,4
9/23/2008 10:21,1996,1,3,Other UK Airports,STORNOWAY,3403,3316,0,0,85,2,0
9/23/2008 10:21,1996,1,3,Other UK Airports,SUMBURGH,20004,5669,0,62,14261,2,10
9/23/2008 10:21,1996,1,3,Other UK Airports,TIREE,734,734,0,0,0,0,0
9/23/2008 10:21,1996,1,3,Other UK Airports,WICK,4002,3585,0,0,417,0,0
9/23/2008 10:21,1996,2,4,Channel Islands Airports,ALDERNEY,8263,8263,0,0,0,0,0
9/23/2008 10:21,1996,2,4,Channel Islands Airports,GUERNSEY,39071,36379,695,691,1251,55,0
9/23/2008 10:21,1996,2,4,Channel Islands Airports,JERSEY,46887,42799,642,851,2277,245,73
9/23/2008 10:21,1996,2,N,Miscellaneous,BARROW-IN-FURNESS,65,0,0,0,61,4,0
9/23/2008 10:21,1996,2,N,Miscellaneous,UNST,1549,756,0,0,793,0,0
