rundate,report_period,reporting_reporting_grp_name,reporting_reporting_name,mail_scheduled_passenger_aircraft_foreign_EU,mail_scheduled_cargo_aircraft_foreign_EU,mail_charter_passenger_aircraft_foreign_EU,mail_charter_cargo_aircraft_foreign_EU,mail_scheduled_passenger_aircraft_foreign_non_EU,mail_scheduled_cargo_aircraft_foreign_non_EU,mail_charter_passenger_aircraft_foreign_non_EU,mail_charter_cargo_aircraft_foreign_non_EU,mail_scheduled_passenger_aircraft_uk,mail_scheduled_cargo_aircraft_uk,mail_charter_passenger_aircraft_uk,mail_charter_cargo_aircraft_uk
13/05/2002 15:08,200202,London Area Airports,GATWICK,86.505,0,0,0,215.176,0,0,0,46.827,0,0,377.247
13/05/2002 15:08,200202,London Area Airports,HEATHROW,1306.811,0,0,0,4152.936,25.156,0,0,59.723,0,0,383.184
13/05/2002 15:08,200202,London Area Airports,STANSTED,0.876,0,0,16.936,0,0,0,0,0,0,0,1048.506
13/05/2002 15:08,200202,Other UK Airports,ABERDEEN,0,0,0,0,0,0,0,0,1.272,0,0,47.144
13/05/2002 15:08,200202,Other UK Airports,BARRA,0,0,0,0,0,0,0,0,3.219,0,0,0
13/05/2002 15:08,200202,Other UK Airports,BELFAST CITY,0,0,0,0,0,0,0,0,6.738,0,0,0
13/05/2002 15:08,200202,Other UK Airports,BELFAST INTERNATIONAL,0,0,0,0,0,0,0,0,13.527,0,0,1000.065
13/05/2002 15:08,200202,Other UK Airports,BENBECULA,0,0,0,0,0,0,0,0,2.888,0,0,0
13/05/2002 15:08,200202,Other UK Airports,BIGGIN HILL,0,0,0,0,0,0,0,0,0,0,0,23.949
13/05/2002 15:08,200202,Other UK Airports,BIRMINGHAM,58.248,0,0,0,5.881,0,0,0,22.51,0,0,0
13/05/2002 15:08,200202,Other UK Airports,BOURNEMOUTH,0,0,0,0,0,0,0,0,0,0,0,389.555
13/05/2002 15:08,200202,Other UK Airports,BRISTOL,0,0,0,0,0,0,0,0,0,0.499,0,418.712
13/05/2002 15:08,200202,Other UK Airports,CARLISLE,0,0,0,0,0,0,0,0,0,0,0,6
13/05/2002 15:08,200202,Other UK Airports,COVENTRY,0,0,0,15.905,0,0,0,0,0,0,0,617.793
13/05/2002 15:08,200202,Other UK Airports,EAST MIDLANDS,0,0,0,0,0,0,0,0,0.7,0,0,755.962
13/05/2002 15:08,200202,Other UK Airports,EDINBURGH,5.232,0,0,367.021,0,0,0,184.153,1.833,0,0,2631.505
13/05/2002 15:08,200202,Other UK Airports,EXETER,0,0,0,0,0,0,0,0,0,0,0,104.135
13/05/2002 15:08,200202,Other UK Airports,GLASGOW,39.711,0,0,0,0.369,0,0,0,26.35,0,0,0
13/05/2002 15:08,200202,Other UK Airports,INVERNESS,0,0,0,0,0,0,0,0,6.794,0,0,0
13/05/2002 15:08,200202,Other UK Airports,ISLAY,0,0,0,0,0,0,0,0,3.169,0,0,0
13/05/2002 15:08,200202,Other UK Airports,ISLE OF MAN,0,0,0,0,0,0,0,0,0.008,0,0,201.288
13/05/2002 15:08,200202,Other UK Airports,ISLES OF SCILLY (ST.MARYS),0,0,0,0,0,0,0,0,13,8,0,0
13/05/2002 15:08,200202,Other UK Airports,ISLES OF SCILLY (TRESCO),0,0,0,0,0,0,0,0,0.7,0,0,0
13/05/2002 15:08,200202,Other UK Airports,KIRKWALL,0,0,0,0,0,0,0,0,2.293,0.13,0,0
13/05/2002 15:08,200202,Other UK Airports,LIVERPOOL,0,0,0,2.72,0,0,0,0,0,0,0,1098.983
13/05/2002 15:08,200202,Other UK Airports,MANCHESTER,183.027,0,0,0,83.129,0,0.135,0,12.115,0,0,0
13/05/2002 15:08,200202,Other UK Airports,NEWCASTLE,0,0,0,0,0.043,0,0,0,2.768,0,0,176.761
13/05/2002 15:08,200202,Other UK Airports,PENZANCE HELIPORT,0,0,0,0,0,0,0,0,11,0,0,0
13/05/2002 15:08,200202,Other UK Airports,STORNOWAY,0,0,0,0,0,0,0,0,3.017,0,0,0
13/05/2002 15:08,200202,Other UK Airports,TEESSIDE,0,0,0,2.116,0,0,0,0,0,0.108,0,0
13/05/2002 15:08,200202,Other UK Airports,TIREE,0,0,0,0,0,0,0,0,2.093,0,0,0
13/05/2002 15:08,200202,Channel Islands Airports,ALDERNEY,0,0,0,0,0,0,0,0,10.078,1.63,0,0
13/05/2002 15:08,200202,Channel Islands Airports,GUERNSEY,0,0,0,0,0,0,0,0,22.92,2.752,0,157.583
13/05/2002 15:08,200202,Channel Islands Airports,JERSEY,0,0,0,0,0,0,0,0,27.234,1.465,0,4.569
