rundate,report_period,reporting_airport_grp_name,reporting_airport_name,total_mail,mail_set_down_scheduled_uk,mail_picked_up_scheduled_uk,mail_set_down_scheduled_foreign_EU,mail_picked_up_scheduled_foreign_EU,mail_set_down_scheduled_foreign_non_EU,mail_picked_up_scheduled_foreign_non_EU,mail_set_down_charter_uk,mail_picked_up_charter_uk,mail_set_down_charter_foreign_EU,mail_picked_up_charter_foreign_EU,mail_set_down_charter_foreign_non_EU,mail_picked_up_charter_foreign_non_EU
13/05/2002 15:07,200202,London Area Airports,GATWICK,725.755,71.712,133.303,0.031,25.356,41.661,76.445,200.182,171.548,2.717,2.8,0,0
13/05/2002 15:07,200202,London Area Airports,HEATHROW,5927.81,370.88,410.132,466.35,797.317,1583.142,1916.805,189.359,193.825,0,0,0,0
13/05/2002 15:07,200202,London Area Airports,STANSTED,1066.318,0,0.876,0,0,0,0,344.619,720.823,0,0,0,0
13/05/2002 15:07,200202,Other UK Airports,ABERDEEN,48.416,0.142,1.13,0,0,0,0,0,47.144,0,0,0,0
13/05/2002 15:07,200202,Other UK Airports,BARRA,3.219,2.658,0.561,0,0,0,0,0,0,0,0,0,0
13/05/2002 15:07,200202,Other UK Airports,BELFAST CITY,6.738,2.005,4.733,0,0,0,0,0,0,0,0,0,0
13/05/2002 15:07,200202,Other UK Airports,BELFAST INTERNATIONAL,1013.592,9.395,4.132,0,0,0,0,675.353,324.712,0,0,0,0
13/05/2002 15:07,200202,Other UK Airports,BENBECULA,2.888,0.218,2.67,0,0,0,0,0,0,0,0,0,0
13/05/2002 15:07,200202,Other UK Airports,BIGGIN HILL,23.949,0,0,0,0,0,0,6.062,17.887,0,0,0,0
13/05/2002 15:07,200202,Other UK Airports,BIRMINGHAM,86.639,8.58,31.208,0,40.97,0,5.881,0,0,0,0,0,0
13/05/2002 15:07,200202,Other UK Airports,BOURNEMOUTH,389.555,0,0,0,0,0,0,183.82,205.735,0,0,0,0
13/05/2002 15:07,200202,Other UK Airports,BRISTOL,419.211,0.499,0,0,0,0,0,216.155,202.557,0,0,0,0
13/05/2002 15:07,200202,Other UK Airports,CARLISLE,6,0,0,0,0,0,0,2,1,0,0,3,0
13/05/2002 15:07,200202,Other UK Airports,COVENTRY,633.698,0,0,0,0,0,0,191.237,433.585,3.945,4.931,0,0
13/05/2002 15:07,200202,Other UK Airports,EAST MIDLANDS,756.662,0,0.7,0,0,0,0,370.368,383.094,2.5,0,0,0
13/05/2002 15:07,200202,Other UK Airports,EDINBURGH,3189.744,6.655,0,0,0.41,0,0,1368.065,1011.79,208.574,200.917,186.086,207.247
13/05/2002 15:07,200202,Other UK Airports,EXETER,104.135,0,0,0,0,0,0,51.961,52.174,0,0,0,0
13/05/2002 15:07,200202,Other UK Airports,GLASGOW,66.43,9.296,41.742,1.305,13.718,0.056,0.313,0,0,0,0,0,0
13/05/2002 15:07,200202,Other UK Airports,INVERNESS,6.794,0.004,6.79,0,0,0,0,0,0,0,0,0,0
13/05/2002 15:07,200202,Other UK Airports,ISLAY,3.169,1.034,2.135,0,0,0,0,0,0,0,0,0,0
13/05/2002 15:07,200202,Other UK Airports,ISLE OF MAN,201.296,0.005,0.003,0,0,0,0,130.42,70.868,0,0,0,0
13/05/2002 15:07,200202,Other UK Airports,ISLES OF SCILLY (ST.MARYS),21,12,9,0,0,0,0,0,0,0,0,0,0
13/05/2002 15:07,200202,Other UK Airports,ISLES OF SCILLY (TRESCO),0.7,0.2,0.5,0,0,0,0,0,0,0,0,0,0
13/05/2002 15:07,200202,Other UK Airports,KIRKWALL,2.423,0.564,1.859,0,0,0,0,0,0,0,0,0,0
13/05/2002 15:07,200202,Other UK Airports,LIVERPOOL,1101.703,0,0,0,0,0,0,507.46,587.568,3.955,2.72,0,0
13/05/2002 15:07,200202,Other UK Airports,MANCHESTER,278.406,12.828,51.069,93.578,53.469,37.035,30.292,0,0.135,0,0,0,0
13/05/2002 15:07,200202,Other UK Airports,NEWCASTLE,179.572,0.633,2.135,0,0,0,0.043,86.032,90.729,0,0,0,0
13/05/2002 15:07,200202,Other UK Airports,PENZANCE HELIPORT,11,5,6,0,0,0,0,0,0,0,0,0,0
13/05/2002 15:07,200202,Other UK Airports,STORNOWAY,3.017,2.727,0.29,0,0,0,0,0,0,0,0,0,0
13/05/2002 15:07,200202,Other UK Airports,TEESSIDE,2.224,0.084,0.024,0,0,0,0,0,0,0,2.116,0,0
13/05/2002 15:07,200202,Other UK Airports,TIREE,2.093,1.791,0.302,0,0,0,0,0,0,0,0,0,0
13/05/2002 15:07,200202,Channel Islands Airports,ALDERNEY,11.708,9.454,2.254,0,0,0,0,0,0,0,0,0,0
13/05/2002 15:07,200202,Channel Islands Airports,GUERNSEY,183.255,8.703,16.969,0,0,0,0,91.969,65.614,0,0,0,0
13/05/2002 15:07,200202,Channel Islands Airports,JERSEY,33.268,11.217,17.482,0,0,0,0,3.3,1.269,0,0,0,0
