rundate,report_period,reporting_airport_group_name,reporting_airport_name,freight_scheduled_passenger_aircraft_foreign_eu,freight_scheduled_cargo_aircraft_foreign_eu,freight_charter_passenger_aircraft_foreign_eu,freight_charter_cargo_aircraft_foreign_eu,freight_scheduled_passenger_aircraft_foreign_non_eu,freight_scheduled_cargo_aircraft_foreign_non_eu,freight_charter_passenger_aircraft_foreign_non_eu,freight_charter_cargo_aircraft_foreign_non_eu,freight_scheduled_passenger_aircraft_uk,freight_scheduled_cargo_aircraft_uk,freight_charter_passenger_aircraft_uk,freight_charter_cargo_aircraft_uk
13/05/2002 15:07,200202,London Area Airports,GATWICK,293.884,0.045,162.067,0.2,13846.18,0,725.116,2768,131.322,0,2.1,57.4
13/05/2002 15:07,200202,London Area Airports,HEATHROW,7767.963,275.384,0,1338.176,74475.984,7414.265,17.127,531.445,351.875,0,0,1.415
13/05/2002 15:07,200202,London Area Airports,LUTON,15.038,4.763,3.526,1216.102,0.081,701.213,12.662,9.36,0.324,0,0,0
13/05/2002 15:07,200202,London Area Airports,SOUTHEND,0,0,0,2.483,0,0,0,0,0,0,0,0
13/05/2002 15:07,200202,London Area Airports,STANSTED,100.746,1778.133,0,2817.162,38.653,8240.311,0,560.045,35.912,0,0,238.804
13/05/2002 15:07,200202,Other UK Airports,ABERDEEN,7.668,0,0,0,57.701,0,44.506,10.028,46.529,0,45.735,95.725
13/05/2002 15:07,200202,Other UK Airports,BARRA,0,0,0,0,0,0,0,0,2.12,0,0,0
13/05/2002 15:07,200202,Other UK Airports,BELFAST CITY,0.002,0,0,0,0,0,0,0,53.447,0,0,0
13/05/2002 15:07,200202,Other UK Airports,BELFAST INTERNATIONAL,0,0,0.831,0,0,0,0,31.077,68.107,0,0,2119.542
13/05/2002 15:07,200202,Other UK Airports,BENBECULA,0,0,0,0,0,0,0,0,18.269,0,0,0
13/05/2002 15:07,200202,Other UK Airports,BIRMINGHAM,102.712,0,2.002,70.667,551.749,0,20.178,0,33.46,0,0,0
13/05/2002 15:07,200202,Other UK Airports,BLACKPOOL,0,0,0,0,0,0,3.352,0,0,0,0,0
13/05/2002 15:07,200202,Other UK Airports,BOURNEMOUTH,0,0,0,56.32,0.4,0,0,0,142.542,0,0,236
13/05/2002 15:07,200202,Other UK Airports,CARDIFF WALES,0,0,0.973,43.552,0,0,0,0,0.07,0,0,0
13/05/2002 15:07,200202,Other UK Airports,EAST MIDLANDS,1.078,1845.499,1.272,9295.82,0,3684.615,6.195,1655.581,3.758,0,0,2388.851
13/05/2002 15:07,200202,Other UK Airports,EDINBURGH,4.084,0,0.575,252.223,0,0,0,282.468,17.289,0,0,546.274
13/05/2002 15:07,200202,Other UK Airports,GLASGOW,28.387,0,4.669,0.54,71.074,0,2.035,0,68.254,0,0,14.236
13/05/2002 15:07,200202,Other UK Airports,HUMBERSIDE,0,0,0,0,0,0,7.235,1.871,0,0,0,0
13/05/2002 15:07,200202,Other UK Airports,INVERNESS,0,0,0,0,0,0,0,0,62.534,8.25,0,0
13/05/2002 15:07,200202,Other UK Airports,ISLAY,0,0,0,0,0,0,0,0,6.843,0,0,0
13/05/2002 15:07,200202,Other UK Airports,ISLE OF MAN,0.409,0,0,0,0,0,0,0,29.834,0,0,152.468
13/05/2002 15:07,200202,Other UK Airports,ISLES OF SCILLY (ST.MARYS),0,0,0,0,0,0,0,0,14,35,0,0
13/05/2002 15:07,200202,Other UK Airports,ISLES OF SCILLY (TRESCO),0,0,0,0,0,0,0,0,2.2,0,0,0
13/05/2002 15:07,200202,Other UK Airports,KENT INTERNATIONAL,0,0,0,211.988,0,0,0,2341.096,0,0,0,0
13/05/2002 15:07,200202,Other UK Airports,KIRKWALL,0,0,0,0,0,0,0,0,8.111,43.901,0,0
13/05/2002 15:07,200202,Other UK Airports,LEEDS BRADFORD,0.975,0,0,3.17,0,0,0,0,7.181,0,0,0
13/05/2002 15:07,200202,Other UK Airports,LIVERPOOL,0,0,0,566.217,0,0,0.007,0,5.295,0,0,474.047
13/05/2002 15:07,200202,Other UK Airports,MANCHESTER,391.885,40,79.198,24.704,4285.635,2307.607,248.013,106.729,44.968,0,3.602,1.197
13/05/2002 15:07,200202,Other UK Airports,NEWCASTLE,0.142,0,1.369,93.867,4.44,0,0,34.32,5.863,0,0,0
13/05/2002 15:07,200202,Other UK Airports,NORWICH,4.256,0,0,0,0,0,2.84,0.541,0.114,0,0,0
13/05/2002 15:07,200202,Other UK Airports,PENZANCE HELIPORT,0,0,0,0,0,0,0,0,16,0,0,0
13/05/2002 15:07,200202,Other UK Airports,PRESTWICK,0,640.015,0,8.715,0,2178.46,0,13.091,0,0,0,15.752
13/05/2002 15:07,200202,Other UK Airports,SCATSTA,0,0,0,0,0,0,12.865,0,0,0,44.501,0
13/05/2002 15:07,200202,Other UK Airports,SOUTHAMPTON,0.035,0,0,0,0,0,0,0,28.641,0,0,0
13/05/2002 15:07,200202,Other UK Airports,STORNOWAY,0,0,0,0,0,0,0,0,51.319,10.039,0,0
13/05/2002 15:07,200202,Other UK Airports,SUMBURGH,0,0,0,0,0,0,0.76,0,5.103,0,1.669,0
13/05/2002 15:07,200202,Other UK Airports,TEESSIDE,0,0,0,80.606,0,0,0,0,1.179,0,0,0
13/05/2002 15:07,200202,Other UK Airports,TIREE,0,0,0,0,0,0,0,0,1.766,0,0,0
13/05/2002 15:07,200202,Channel Islands Airports,ALDERNEY,0,0,0,0,0,0,0,0,25.443,2.027,0,0
13/05/2002 15:07,200202,Channel Islands Airports,GUERNSEY,4.221,0.074,0,0,1.634,0.104,0,0,128.074,70.126,0,153.263
13/05/2002 15:07,200202,Channel Islands Airports,JERSEY,0.148,0,0,0,0.397,0,0,0,142.667,76.056,0,201.25
