rundate,this_period,last_period,group_name,airport1_name,airport2_name,total_pax_this_period,total_pax_scheduled_this_period,total_pax_charter_this_period,total_pax_last_period,total_pax_scheduled_last_period,total_pax_charter_last_period,total_pax_percent_change
13/05/2002 15:06,200202,200102,London Area Airports,GATWICK,ABERDEEN,13855,13855,0,15115,15115,0,-8.336090088
13/05/2002 15:06,200202,200102,London Area Airports,GATWICK,BELFAST CITY,19398,19398,0,16749,16749,0,15.81586933
13/05/2002 15:06,200202,200102,London Area Airports,GATWICK,BRISTOL,992,992,0,623,623,0,59.22953415
13/05/2002 15:06,200202,200102,London Area Airports,GATWICK,EDINBURGH,35306,35306,0,25393,25393,0,39.03831863
13/05/2002 15:06,200202,200102,London Area Airports,GATWICK,EXETER,0,0,0,16,16,0,
13/05/2002 15:06,200202,200102,London Area Airports,GATWICK,GLASGOW,21725,21725,0,24498,24498,0,-11.31929111
13/05/2002 15:06,200202,200102,London Area Airports,GATWICK,GUERNSEY,19135,19135,0,18654,18654,0,2.578535318
13/05/2002 15:06,200202,200102,London Area Airports,GATWICK,INVERNESS,8684,8607,77,9175,9175,0,-5.351498604
13/05/2002 15:06,200202,200102,London Area Airports,GATWICK,JERSEY,32835,32835,0,32883,32883,0,-0.145972088
13/05/2002 15:06,200202,200102,London Area Airports,GATWICK,LEEDS BRADFORD,2169,2169,0,0,0,0,
13/05/2002 15:06,200202,200102,London Area Airports,GATWICK,MANCHESTER,31571,30776,795,38803,38803,0,-18.63773346
13/05/2002 15:06,200202,200102,London Area Airports,GATWICK,NEWCASTLE,12174,12174,0,15845,15845,0,-23.16819191
13/05/2002 15:06,200202,200102,London Area Airports,GATWICK,NEWQUAY,4303,4303,0,4373,4373,0,-1.60073173
13/05/2002 15:06,200202,200102,London Area Airports,GATWICK,PLYMOUTH,3189,3189,0,4214,4214,0,-24.32368279
13/05/2002 15:06,200202,200102,London Area Airports,GATWICK,TEESSIDE,0,0,0,23,0,23,
13/05/2002 15:06,200202,200102,London Area Airports,HEATHROW,ABERDEEN,35636,35636,0,33696,33696,0,5.757359982
13/05/2002 15:06,200202,200102,London Area Airports,HEATHROW,BELFAST CITY,46707,46707,0,0,0,0,
13/05/2002 15:06,200202,200102,London Area Airports,HEATHROW,BELFAST INTERNATIONAL,19419,19419,0,74779,74779,0,-74.03147888
13/05/2002 15:06,200202,200102,London Area Airports,HEATHROW,EDINBURGH,108221,108221,0,114289,114289,0,-5.309347153
13/05/2002 15:06,200202,200102,London Area Airports,HEATHROW,GLASGOW,99052,99052,0,103664,103664,0,-4.448988914
13/05/2002 15:06,200202,200102,London Area Airports,HEATHROW,ISLE OF MAN,9139,9139,0,8150,8150,0,12.13496971
13/05/2002 15:06,200202,200102,London Area Airports,HEATHROW,JERSEY,2,0,2,0,0,0,
13/05/2002 15:06,200202,200102,London Area Airports,HEATHROW,LEEDS BRADFORD,13464,13464,0,17786,17786,0,-24.30001068
13/05/2002 15:06,200202,200102,London Area Airports,HEATHROW,MANCHESTER,97506,97506,0,112233,112233,0,-13.12180901
13/05/2002 15:06,200202,200102,London Area Airports,HEATHROW,NEWCASTLE,33708,33708,0,38639,38639,0,-12.7617178
13/05/2002 15:06,200202,200102,London Area Airports,HEATHROW,TEESSIDE,10535,10535,0,12863,12863,0,-18.0984211
13/05/2002 15:06,200202,200102,London Area Airports,LONDON CITY,ABERDEEN,0,0,0,3651,3651,0,
13/05/2002 15:06,200202,200102,London Area Airports,LONDON CITY,BELFAST CITY,5812,5812,0,2194,2194,0,164.9042816
13/05/2002 15:06,200202,200102,London Area Airports,LONDON CITY,DUNDEE,3156,3156,0,3700,3700,0,-14.70270252
13/05/2002 15:06,200202,200102,London Area Airports,LONDON CITY,EDINBURGH,14025,14019,6,12611,12611,0,11.21243382
13/05/2002 15:06,200202,200102,London Area Airports,LONDON CITY,GLASGOW,0,0,0,2789,2789,0,
13/05/2002 15:06,200202,200102,London Area Airports,LONDON CITY,ISLE OF MAN,3043,3043,0,1246,1246,0,144.2215118
13/05/2002 15:06,200202,200102,London Area Airports,LONDON CITY,JERSEY,5127,5127,0,4713,4713,0,8.78421402
13/05/2002 15:06,200202,200102,London Area Airports,LUTON,ABERDEEN,13160,13160,0,11620,11620,0,13.2530117
13/05/2002 15:06,200202,200102,London Area Airports,LUTON,BELFAST INTERNATIONAL,29273,29273,0,25067,25067,0,16.77903175
13/05/2002 15:06,200202,200102,London Area Airports,LUTON,CARDIFF WALES,360,0,360,0,0,0,
13/05/2002 15:06,200202,200102,London Area Airports,LUTON,EDINBURGH,39458,39449,9,33584,33584,0,17.49047089
13/05/2002 15:06,200202,200102,London Area Airports,LUTON,GLASGOW,38180,38180,0,36012,36012,0,6.020215511
13/05/2002 15:06,200202,200102,London Area Airports,LUTON,GUERNSEY,3,0,3,0,0,0,
13/05/2002 15:06,200202,200102,London Area Airports,LUTON,INVERNESS,7375,7375,0,6318,6318,0,16.72997856
13/05/2002 15:06,200202,200102,London Area Airports,LUTON,ISLE OF MAN,2313,2313,0,2716,2716,0,-14.83799744
13/05/2002 15:06,200202,200102,London Area Airports,LUTON,JERSEY,2,0,2,0,0,0,
13/05/2002 15:06,200202,200102,London Area Airports,LUTON,LEEDS BRADFORD,0,0,0,40,0,40,
13/05/2002 15:06,200202,200102,London Area Airports,LUTON,LIVERPOOL,55,0,55,14819,14819,0,-99.62885284
13/05/2002 15:06,200202,200102,London Area Airports,LUTON,MANCHESTER,2,0,2,91,0,91,-97.80220032
13/05/2002 15:06,200202,200102,London Area Airports,SOUTHEND,TEESSIDE,30,0,30,0,0,0,
13/05/2002 15:06,200202,200102,London Area Airports,STANSTED,BELFAST CITY,16,0,16,6262,6262,0,-99.74449158
13/05/2002 15:06,200202,200102,London Area Airports,STANSTED,BELFAST INTERNATIONAL,25794,25794,0,13920,13920,0,85.30172729
13/05/2002 15:06,200202,200102,London Area Airports,STANSTED,CARDIFF WALES,1386,0,1386,0,0,0,
13/05/2002 15:06,200202,200102,London Area Airports,STANSTED,EDINBURGH,37311,37311,0,34979,34979,0,6.666857243
13/05/2002 15:06,200202,200102,London Area Airports,STANSTED,GLASGOW,25443,25443,0,17830,17830,0,42.6977005
13/05/2002 15:06,200202,200102,London Area Airports,STANSTED,GUERNSEY,2459,2459,0,2833,2833,0,-13.20155334
13/05/2002 15:06,200202,200102,London Area Airports,STANSTED,KINLOSS,69,0,69,0,0,0,
13/05/2002 15:06,200202,200102,London Area Airports,STANSTED,LONDONDERRY,10166,10166,0,9674,9674,0,5.085796833
13/05/2002 15:06,200202,200102,London Area Airports,STANSTED,MANCHESTER,2321,2255,66,3731,3731,0,-37.7914772
13/05/2002 15:06,200202,200102,London Area Airports,STANSTED,NEWCASTLE,16028,16028,0,5822,4924,898,175.3005829
13/05/2002 15:06,200202,200102,London Area Airports,STANSTED,PRESTWICK,53874,53874,0,45152,45152,0,19.31697464
13/05/2002 15:06,200202,200102,London Area Airports,STANSTED,TEESSIDE,55,0,55,0,0,0,
13/05/2002 15:06,200202,200102,Other UK Airports,ABERDEEN,BELFAST CITY,591,591,0,0,0,0,
13/05/2002 15:06,200202,200102,Other UK Airports,ABERDEEN,BELFAST INTERNATIONAL,0,0,0,548,548,0,
13/05/2002 15:06,200202,200102,Other UK Airports,ABERDEEN,BIRMINGHAM,4186,4186,0,4223,4223,0,-0.876154363
13/05/2002 15:06,200202,200102,Other UK Airports,ABERDEEN,BRISTOL,1844,1844,0,6104,6104,0,-69.79029846
13/05/2002 15:06,200202,200102,Other UK Airports,ABERDEEN,CARDIFF WALES,133,133,0,608,608,0,-78.125
13/05/2002 15:06,200202,200102,Other UK Airports,ABERDEEN,COVENTRY,73,0,73,0,0,0,
13/05/2002 15:06,200202,200102,Other UK Airports,ABERDEEN,EAST MIDLANDS,1107,1107,0,1193,1193,0,-7.208717346
13/05/2002 15:06,200202,200102,Other UK Airports,ABERDEEN,EDINBURGH,0,0,0,32,32,0,
13/05/2002 15:06,200202,200102,Other UK Airports,ABERDEEN,GLASGOW,302,302,0,347,347,0,-12.96829987
13/05/2002 15:06,200202,200102,Other UK Airports,ABERDEEN,HUMBERSIDE,2279,2279,0,2137,2137,0,6.644829273
13/05/2002 15:06,200202,200102,Other UK Airports,ABERDEEN,KIRKWALL,2583,2583,0,2393,2393,0,7.939824581
13/05/2002 15:06,200202,200102,Other UK Airports,ABERDEEN,LEEDS BRADFORD,1117,1117,0,1373,1373,0,-18.64530182
13/05/2002 15:06,200202,200102,Other UK Airports,ABERDEEN,MANCHESTER,10757,10757,0,10167,10167,0,5.803088188
13/05/2002 15:06,200202,200102,Other UK Airports,ABERDEEN,NEWCASTLE,3759,3759,0,1306,1306,0,187.8254242
13/05/2002 15:06,200202,200102,Other UK Airports,ABERDEEN,NORWICH,3841,3841,0,3874,3874,0,-0.851832747
13/05/2002 15:06,200202,200102,Other UK Airports,ABERDEEN,PLYMOUTH,25,25,0,0,0,0,
13/05/2002 15:06,200202,200102,Other UK Airports,ABERDEEN,SCATSTA,10758,0,10758,9281,0,9281,15.91423321
13/05/2002 15:06,200202,200102,Other UK Airports,ABERDEEN,SOUTHAMPTON,706,706,0,3016,3016,0,-76.59151459
13/05/2002 15:06,200202,200102,Other UK Airports,ABERDEEN,SOUTHEND,4,0,4,0,0,0,
13/05/2002 15:06,200202,200102,Other UK Airports,ABERDEEN,SUMBURGH,5215,4807,408,4612,4582,30,13.07458782
13/05/2002 15:06,200202,200102,Other UK Airports,ABERDEEN,TEESSIDE,1552,1552,0,1173,1173,0,32.31031418
13/05/2002 15:06,200202,200102,Other UK Airports,ABERDEEN,WICK,560,560,0,594,594,0,-5.723905563
13/05/2002 15:06,200202,200102,Other UK Airports,ALDERNEY,BOURNEMOUTH,356,356,0,0,0,0,
13/05/2002 15:06,200202,200102,Other UK Airports,ALDERNEY,GUERNSEY,2008,2008,0,2114,2114,0,-5.014191151
13/05/2002 15:06,200202,200102,Other UK Airports,ALDERNEY,JERSEY,370,370,0,430,430,0,-13.95348835
13/05/2002 15:06,200202,200102,Other UK Airports,ALDERNEY,SOUTHAMPTON,1325,1325,0,1342,1342,0,-1.266766071
13/05/2002 15:06,200202,200102,Other UK Airports,BARRA,BENBECULA,217,217,0,240,240,0,-9.583333015
13/05/2002 15:06,200202,200102,Other UK Airports,BARRA,GLASGOW,285,285,0,334,334,0,-14.67065907
13/05/2002 15:06,200202,200102,Other UK Airports,BELFAST CITY,BIRMINGHAM,12581,12581,0,13491,13491,0,-6.74523735
13/05/2002 15:06,200202,200102,Other UK Airports,BELFAST CITY,BLACKPOOL,0,0,0,867,867,0,
13/05/2002 15:06,200202,200102,Other UK Airports,BELFAST CITY,BRISTOL,4888,4888,0,4989,4989,0,-2.024453878
13/05/2002 15:06,200202,200102,Other UK Airports,BELFAST CITY,CARDIFF WALES,913,913,0,0,0,0,
13/05/2002 15:06,200202,200102,Other UK Airports,BELFAST CITY,EAST MIDLANDS,5161,5161,0,0,0,0,
13/05/2002 15:06,200202,200102,Other UK Airports,BELFAST CITY,EDINBURGH,3106,3106,0,5540,5540,0,-43.93501663
13/05/2002 15:06,200202,200102,Other UK Airports,BELFAST CITY,GLASGOW,3674,3674,0,8844,8844,0,-58.45771027
13/05/2002 15:06,200202,200102,Other UK Airports,BELFAST CITY,ISLE OF MAN,2113,2047,66,2,0,2,105550
13/05/2002 15:06,200202,200102,Other UK Airports,BELFAST CITY,LEEDS BRADFORD,6397,6397,0,5692,5692,0,12.38580418
13/05/2002 15:06,200202,200102,Other UK Airports,BELFAST CITY,LIVERPOOL,0,0,0,922,922,0,
13/05/2002 15:06,200202,200102,Other UK Airports,BELFAST CITY,MANCHESTER,10690,10690,0,7842,7842,0,36.31726456
13/05/2002 15:06,200202,200102,Other UK Airports,BELFAST CITY,NEWCASTLE,6874,6874,0,8916,8916,0,-22.90264702
13/05/2002 15:06,200202,200102,Other UK Airports,BELFAST CITY,SHEFFIELD CITY,1362,1362,0,1643,1643,0,-17.1028614
13/05/2002 15:06,200202,200102,Other UK Airports,BELFAST CITY,SOUTHAMPTON,1388,1388,0,1674,1674,0,-17.08482742
13/05/2002 15:06,200202,200102,Other UK Airports,BELFAST INTERNATIONAL,BIRMINGHAM,11110,11110,0,11425,11425,0,-2.757111549
13/05/2002 15:06,200202,200102,Other UK Airports,BELFAST INTERNATIONAL,BRISTOL,8926,8926,0,0,0,0,
13/05/2002 15:06,200202,200102,Other UK Airports,BELFAST INTERNATIONAL,CARDIFF WALES,0,0,0,1198,1198,0,
13/05/2002 15:06,200202,200102,Other UK Airports,BELFAST INTERNATIONAL,EAST MIDLANDS,0,0,0,5364,5364,0,
13/05/2002 15:06,200202,200102,Other UK Airports,BELFAST INTERNATIONAL,EDINBURGH,29402,29402,0,1719,1719,0,1610.413086
13/05/2002 15:06,200202,200102,Other UK Airports,BELFAST INTERNATIONAL,GLASGOW,29991,29991,0,1977,1977,0,1416.995483
13/05/2002 15:06,200202,200102,Other UK Airports,BELFAST INTERNATIONAL,LIVERPOOL,38318,38318,0,31251,31251,0,22.61367607
13/05/2002 15:06,200202,200102,Other UK Airports,BELFAST INTERNATIONAL,MANCHESTER,0,0,0,6188,6188,0,
13/05/2002 15:06,200202,200102,Other UK Airports,BELFAST INTERNATIONAL,SOUTH MARSTON,0,0,0,4,0,4,
13/05/2002 15:06,200202,200102,Other UK Airports,BENBECULA,GLASGOW,1288,1288,0,1441,1441,0,-10.61762619
13/05/2002 15:06,200202,200102,Other UK Airports,BENBECULA,STORNOWAY,835,835,0,804,804,0,3.855721474
13/05/2002 15:06,200202,200102,Other UK Airports,BIGGIN HILL,TEESSIDE,0,0,0,30,0,30,
13/05/2002 15:06,200202,200102,Other UK Airports,BIRMINGHAM,EDINBURGH,22661,22623,38,23587,23587,0,-3.925891399
13/05/2002 15:06,200202,200102,Other UK Airports,BIRMINGHAM,EXETER,0,0,0,2780,2780,0,
13/05/2002 15:06,200202,200102,Other UK Airports,BIRMINGHAM,GLASGOW,21053,21053,0,22537,22537,0,-6.584727287
13/05/2002 15:06,200202,200102,Other UK Airports,BIRMINGHAM,GUERNSEY,3019,3019,0,1954,1954,0,54.503582
13/05/2002 15:06,200202,200102,Other UK Airports,BIRMINGHAM,ISLE OF MAN,3401,3401,0,3422,3422,0,-0.61367619
13/05/2002 15:06,200202,200102,Other UK Airports,BIRMINGHAM,JERSEY,2567,2567,0,2889,2889,0,-11.14572525
13/05/2002 15:06,200202,200102,Other UK Airports,BIRMINGHAM,MANCHESTER,0,0,0,44,0,44,
13/05/2002 15:06,200202,200102,Other UK Airports,BIRMINGHAM,NEWCASTLE,2202,2202,0,2726,2726,0,-19.22230339
13/05/2002 15:06,200202,200102,Other UK Airports,BLACKPOOL,CARDIFF WALES,198,0,198,0,0,0,
13/05/2002 15:06,200202,200102,Other UK Airports,BLACKPOOL,EXETER,1,0,1,0,0,0,
13/05/2002 15:06,200202,200102,Other UK Airports,BLACKPOOL,ISLE OF MAN,292,292,0,71,71,0,311.2676086
13/05/2002 15:06,200202,200102,Other UK Airports,BOURNEMOUTH,EDINBURGH,0,0,0,14,0,14,
13/05/2002 15:06,200202,200102,Other UK Airports,BOURNEMOUTH,EXETER,7,0,7,0,0,0,
13/05/2002 15:06,200202,200102,Other UK Airports,BOURNEMOUTH,JERSEY,712,0,712,71,0,71,902.8168945
13/05/2002 15:06,200202,200102,Other UK Airports,BRISTOL,EDINBURGH,22078,22078,0,8917,8917,0,147.5944824
13/05/2002 15:06,200202,200102,Other UK Airports,BRISTOL,GLASGOW,17765,17765,0,8156,8156,0,117.8151093
13/05/2002 15:06,200202,200102,Other UK Airports,BRISTOL,GUERNSEY,307,307,0,937,937,0,-67.23586273
13/05/2002 15:06,200202,200102,Other UK Airports,BRISTOL,ISLE OF MAN,116,116,0,141,141,0,-17.73049736
13/05/2002 15:06,200202,200102,Other UK Airports,BRISTOL,JERSEY,687,687,0,481,481,0,42.82744217
13/05/2002 15:06,200202,200102,Other UK Airports,BRISTOL,MANCHESTER,131,0,131,0,0,0,
13/05/2002 15:06,200202,200102,Other UK Airports,BRISTOL,NEWCASTLE,327,327,0,48,48,0,581.25
13/05/2002 15:06,200202,200102,Other UK Airports,BRISTOL,PLYMOUTH,1214,1214,0,1737,1737,0,-30.10938454
13/05/2002 15:06,200202,200102,Other UK Airports,CAMPBELTOWN,GLASGOW,493,493,0,461,461,0,6.941431522
13/05/2002 15:06,200202,200102,Other UK Airports,CARDIFF WALES,EDINBURGH,1540,1540,0,9248,2223,7025,-83.3477478
13/05/2002 15:06,200202,200102,Other UK Airports,CARDIFF WALES,GLASGOW,1583,1583,0,2079,2079,0,-23.85762405
13/05/2002 15:06,200202,200102,Other UK Airports,CARDIFF WALES,HUMBERSIDE,180,0,180,0,0,0,
13/05/2002 15:06,200202,200102,Other UK Airports,CARDIFF WALES,JERSEY,777,777,0,791,791,0,-1.769911528
13/05/2002 15:06,200202,200102,Other UK Airports,CARDIFF WALES,LIVERPOOL,0,0,0,50,0,50,
13/05/2002 15:06,200202,200102,Other UK Airports,CARDIFF WALES,MANCHESTER,8,0,8,0,0,0,
13/05/2002 15:06,200202,200102,Other UK Airports,CARDIFF WALES,NEWCASTLE,413,413,0,541,541,0,-23.65988922
13/05/2002 15:06,200202,200102,Other UK Airports,DUNDEE,NORWICH,0,0,0,81,0,81,
13/05/2002 15:06,200202,200102,Other UK Airports,EAST MIDLANDS,EDINBURGH,5228,5228,0,5938,5938,0,-11.9568882
13/05/2002 15:06,200202,200102,Other UK Airports,EAST MIDLANDS,GLASGOW,6220,6220,0,7954,7954,0,-21.8003521
13/05/2002 15:06,200202,200102,Other UK Airports,EAST MIDLANDS,JERSEY,3027,3027,0,2972,2972,0,1.850605607
13/05/2002 15:06,200202,200102,Other UK Airports,EDAY,KIRKWALL,45,45,0,36,36,0,25
13/05/2002 15:06,200202,200102,Other UK Airports,EDINBURGH,FARNBOROUGH,20,0,20,0,0,0,
13/05/2002 15:06,200202,200102,Other UK Airports,EDINBURGH,GUERNSEY,0,0,0,372,372,0,
13/05/2002 15:06,200202,200102,Other UK Airports,EDINBURGH,INVERNESS,1018,1018,0,0,0,0,
13/05/2002 15:06,200202,200102,Other UK Airports,EDINBURGH,JERSEY,74,69,5,0,0,0,
13/05/2002 15:06,200202,200102,Other UK Airports,EDINBURGH,KIRKWALL,1547,1547,0,1914,1914,0,-19.17450333
13/05/2002 15:06,200202,200102,Other UK Airports,EDINBURGH,LEEDS BRADFORD,3575,3575,0,2586,2586,0,38.2443924
13/05/2002 15:06,200202,200102,Other UK Airports,EDINBURGH,MANCHESTER,13661,13661,0,13727,13726,1,-0.480804265
13/05/2002 15:06,200202,200102,Other UK Airports,EDINBURGH,NEWCASTLE,0,0,0,1,0,1,
13/05/2002 15:06,200202,200102,Other UK Airports,EDINBURGH,NORWICH,1893,1893,0,1762,1762,0,7.434733391
13/05/2002 15:06,200202,200102,Other UK Airports,EDINBURGH,PLYMOUTH,820,820,0,71,71,0,1054.929565
13/05/2002 15:06,200202,200102,Other UK Airports,EDINBURGH,SOUTHAMPTON,5130,5130,0,5708,5708,0,-10.12613869
13/05/2002 15:06,200202,200102,Other UK Airports,EDINBURGH,STORNOWAY,453,453,0,658,658,0,-31.15501595
13/05/2002 15:06,200202,200102,Other UK Airports,EDINBURGH,SUMBURGH,1220,1220,0,1020,1020,0,19.6078434
13/05/2002 15:06,200202,200102,Other UK Airports,EDINBURGH,WICK,709,709,0,543,543,0,30.57090187
13/05/2002 15:06,200202,200102,Other UK Airports,EXETER,GUERNSEY,1770,1770,0,1544,1544,0,14.63730526
13/05/2002 15:06,200202,200102,Other UK Airports,EXETER,JERSEY,2458,2458,0,1892,1892,0,29.91543388
13/05/2002 15:06,200202,200102,Other UK Airports,FAIR ISLE,LERWICK  (TINGWALL),88,88,0,89,89,0,-1.123595476
13/05/2002 15:06,200202,200102,Other UK Airports,FARNBOROUGH,JERSEY,8,0,8,0,0,0,
13/05/2002 15:06,200202,200102,Other UK Airports,FARNBOROUGH,SOUTHAMPTON,17,0,17,0,0,0,
13/05/2002 15:06,200202,200102,Other UK Airports,FARNBOROUGH,TEESSIDE,4,0,4,0,0,0,
13/05/2002 15:06,200202,200102,Other UK Airports,FILTON,GLASGOW,0,0,0,83,0,83,
13/05/2002 15:06,200202,200102,Other UK Airports,FILTON,HAWARDEN,96,0,96,275,0,275,-65.09091187
13/05/2002 15:06,200202,200102,Other UK Airports,GLASGOW,INVERNESS,2153,2153,0,1051,1051,0,104.8525238
13/05/2002 15:06,200202,200102,Other UK Airports,GLASGOW,ISLAY,1066,1066,0,1110,1110,0,-3.963963985
13/05/2002 15:06,200202,200102,Other UK Airports,GLASGOW,ISLE OF MAN,1565,1565,0,1612,1612,0,-2.915632725
13/05/2002 15:06,200202,200102,Other UK Airports,GLASGOW,KIRKWALL,345,345,0,807,807,0,-57.24906921
13/05/2002 15:06,200202,200102,Other UK Airports,GLASGOW,LEEDS BRADFORD,2887,2887,0,2914,2914,0,-0.926561415
13/05/2002 15:06,200202,200102,Other UK Airports,GLASGOW,LONDONDERRY,926,926,0,1449,1449,0,-36.09385681
13/05/2002 15:06,200202,200102,Other UK Airports,GLASGOW,MANCHESTER,10093,10093,0,11672,11672,0,-13.52810097
13/05/2002 15:06,200202,200102,Other UK Airports,GLASGOW,PLYMOUTH,51,51,0,531,531,0,-90.39547729
13/05/2002 15:06,200202,200102,Other UK Airports,GLASGOW,SOUTHAMPTON,4679,4679,0,5385,5385,0,-13.11049175
13/05/2002 15:06,200202,200102,Other UK Airports,GLASGOW,STORNOWAY,3128,3128,0,3068,3068,0,1.95567143
13/05/2002 15:06,200202,200102,Other UK Airports,GLASGOW,SUMBURGH,633,633,0,1107,1107,0,-42.81842804
13/05/2002 15:06,200202,200102,Other UK Airports,GLASGOW,TIREE,370,370,0,352,352,0,5.113636494
13/05/2002 15:06,200202,200102,Other UK Airports,GUERNSEY,JERSEY,11269,11269,0,12125,12125,0,-7.059793949
13/05/2002 15:06,200202,200102,Other UK Airports,GUERNSEY,MANCHESTER,2467,2467,0,2819,2819,0,-12.4866972
13/05/2002 15:06,200202,200102,Other UK Airports,GUERNSEY,SOUTHAMPTON,7451,7451,0,7898,7898,0,-5.659660816
13/05/2002 15:06,200202,200102,Other UK Airports,INVERNESS,KIRKWALL,1099,1099,0,444,444,0,147.522522
13/05/2002 15:06,200202,200102,Other UK Airports,INVERNESS,MANCHESTER,91,0,91,0,0,0,
13/05/2002 15:06,200202,200102,Other UK Airports,INVERNESS,SOUTH MARSTON,0,0,0,6,0,6,
13/05/2002 15:06,200202,200102,Other UK Airports,INVERNESS,STORNOWAY,2261,2261,0,1674,1674,0,35.06571198
13/05/2002 15:06,200202,200102,Other UK Airports,INVERNESS,SUMBURGH,72,72,0,599,599,0,-87.97996521
13/05/2002 15:06,200202,200102,Other UK Airports,ISLE OF MAN,JERSEY,972,972,0,910,910,0,6.813186646
13/05/2002 15:06,200202,200102,Other UK Airports,ISLE OF MAN,LEEDS BRADFORD,682,682,0,777,777,0,-12.22651196
13/05/2002 15:06,200202,200102,Other UK Airports,ISLE OF MAN,LIVERPOOL,15352,15352,0,15013,15013,0,2.258043051
13/05/2002 15:06,200202,200102,Other UK Airports,ISLE OF MAN,MANCHESTER,6781,6781,0,6555,6555,0,3.447749853
13/05/2002 15:06,200202,200102,Other UK Airports,ISLE OF MAN,SOUTHAMPTON,171,171,0,238,238,0,-28.15126038
13/05/2002 15:06,200202,200102,Other UK Airports,JERSEY,LEEDS BRADFORD,870,870,0,647,647,0,34.46677017
13/05/2002 15:06,200202,200102,Other UK Airports,JERSEY,MANCHESTER,3510,3510,0,3723,3710,13,-5.72119236
13/05/2002 15:06,200202,200102,Other UK Airports,JERSEY,SOUTHAMPTON,9358,9358,0,9708,9708,0,-3.605273962
13/05/2002 15:06,200202,200102,Other UK Airports,KIRKWALL,NORTH RONALDSAY,202,202,0,232,232,0,-12.93103409
13/05/2002 15:06,200202,200102,Other UK Airports,KIRKWALL,PAPA WESTRAY,149,149,0,213,213,0,-30.04694748
13/05/2002 15:06,200202,200102,Other UK Airports,KIRKWALL,SANDAY,213,213,0,155,155,0,37.41935349
13/05/2002 15:06,200202,200102,Other UK Airports,KIRKWALL,STRONSAY,241,241,0,173,173,0,39.30635834
13/05/2002 15:06,200202,200102,Other UK Airports,KIRKWALL,SUMBURGH,479,479,0,386,386,0,24.09326363
13/05/2002 15:06,200202,200102,Other UK Airports,KIRKWALL,WESTRAY,194,194,0,84,84,0,130.9523773
13/05/2002 15:06,200202,200102,Other UK Airports,KIRKWALL,WICK,203,203,0,164,164,0,23.78048706
13/05/2002 15:06,200202,200102,Other UK Airports,LEEDS BRADFORD,SOUTHAMPTON,1596,1596,0,1848,1848,0,-13.63636398
13/05/2002 15:06,200202,200102,Other UK Airports,LERWICK  (TINGWALL),UNST,0,0,0,3,3,0,
13/05/2002 15:06,200202,200102,Other UK Airports,LIVERPOOL,SOUTHAMPTON,0,0,0,65,0,65,
13/05/2002 15:06,200202,200102,Other UK Airports,LONDONDERRY,MANCHESTER,1097,1097,0,997,997,0,10.03009033
13/05/2002 15:06,200202,200102,Other UK Airports,MANCHESTER,NEWCASTLE,0,0,0,2,0,2,
13/05/2002 15:06,200202,200102,Other UK Airports,MANCHESTER,NORWICH,1256,1256,0,1041,1041,0,20.65321732
13/05/2002 15:06,200202,200102,Other UK Airports,MANCHESTER,SOUTHAMPTON,4649,4649,0,5094,5094,0,-8.735767365
13/05/2002 15:06,200202,200102,Other UK Airports,NEWCASTLE,SOUTHAMPTON,2461,2461,0,2649,2649,0,-7.097017765
13/05/2002 15:06,200202,200102,Other UK Airports,NEWCASTLE,WICK,0,0,0,1004,1004,0,
13/05/2002 15:06,200202,200102,Other UK Airports,PRESTWICK,SOUTHAMPTON,19,0,19,0,0,0,
13/05/2002 15:06,200202,200102,Other UK Airports,SOUTH MARSTON,WARTON,28,0,28,0,0,0,
13/05/2002 15:06,200202,200102,Other UK Airports,SOUTHAMPTON,WARTON,170,0,170,0,0,0,
13/05/2002 15:06,200202,200102,Other UK Airports,SUMBURGH,UNST,0,0,0,87,87,0,
13/05/2002 15:06,200202,200102,Other UK Airports,SUMBURGH,WICK,120,120,0,71,71,0,69.01408386
