rundate,report_period,reporting_airport_group_name,reporting_airport_name,total_EU_atm,scheduled_all_EU_atm,scheduled_passenger_EU_atm,charter_all_EU_atm,charter_passenger_EU_atm,total_international_atm,scheduled_all_international_atm,scheduled_passenger_international_atm,charter_all_international_atm,charter_passenger_international_atm,total_domestic_atm,scheduled_all_domestic_atm,scheduled_passenger_domestic_atm,charter_all_domestic_atm,charter_passenger_domestic_atm
13/05/2002 14:59,200202,London Area Airports,GATWICK,7643,6045,6044,1598,1597,4133,3182,3182,951,886,3421,3229,3229,192,94
13/05/2002 14:59,200202,London Area Airports,HEATHROW,16693,16643,16602,50,9,12912,12862,12745,50,40,4799,4757,4757,42,1
13/05/2002 14:59,200202,London Area Airports,LONDON CITY,2158,2147,2147,11,11,663,660,660,3,3,1359,1357,1357,2,2
13/05/2002 14:59,200202,London Area Airports,LUTON,1919,1577,1572,342,213,547,496,462,51,50,1175,1153,1153,22,22
13/05/2002 14:59,200202,London Area Airports,SOUTHEND,1,0,0,1,0,0,0,0,0,0,1,0,0,1,1
13/05/2002 14:59,200202,London Area Airports,STANSTED,7029,6457,6341,572,313,685,613,375,72,55,2073,1854,1854,219,21
13/05/2002 14:59,200202,Miscellaneous,METRO LONDON HELIPORT,4,0,0,4,4,0,0,0,0,0,109,0,0,109,109
13/05/2002 14:59,200202,Other UK Airports,ABERDEEN,375,357,357,18,18,2827,296,296,2531,2475,2843,2516,2516,327,271
13/05/2002 14:59,200202,Other UK Airports,BARRA,0,0,0,0,0,0,0,0,0,0,70,70,70,0,0
13/05/2002 14:59,200202,Other UK Airports,BELFAST CITY,48,40,40,8,8,0,0,0,0,0,2766,2766,2766,0,0
13/05/2002 14:59,200202,Other UK Airports,BELFAST INTERNATIONAL,220,116,116,104,104,11,0,0,11,10,2452,1986,1986,466,2
13/05/2002 14:59,200202,Other UK Airports,BENBECULA,0,0,0,0,0,0,0,0,0,0,155,155,154,0,0
13/05/2002 14:59,200202,Other UK Airports,BIGGIN HILL,0,0,0,0,0,0,0,0,0,0,14,6,6,8,0
13/05/2002 14:59,200202,Other UK Airports,BIRMINGHAM,5085,4606,4606,479,446,544,459,459,85,85,1941,1936,1936,5,5
13/05/2002 14:59,200202,Other UK Airports,BLACKPOOL,22,0,0,22,22,371,0,0,371,371,43,39,39,4,4
13/05/2002 14:59,200202,Other UK Airports,BOURNEMOUTH,191,86,86,105,91,7,1,1,6,6,292,112,112,180,7
13/05/2002 14:59,200202,Other UK Airports,BRISTOL,1584,1295,1294,289,286,71,0,0,71,71,1427,1283,1273,144,13
13/05/2002 14:59,200202,Other UK Airports,CAMPBELTOWN,0,0,0,0,0,0,0,0,0,0,70,70,70,0,0
13/05/2002 14:59,200202,Other UK Airports,CARDIFF WALES,998,731,731,267,263,10,0,0,10,10,395,378,378,17,17
13/05/2002 14:59,200202,Other UK Airports,CARLISLE,0,0,0,0,0,0,0,0,0,0,3,0,0,3,0
13/05/2002 14:59,200202,Other UK Airports,COVENTRY,35,0,0,35,10,4,0,0,4,4,211,0,0,211,2
13/05/2002 14:59,200202,Other UK Airports,DUNDEE,0,0,0,0,0,0,0,0,0,0,213,213,213,0,0
13/05/2002 14:59,200202,Other UK Airports,EAST MIDLANDS,1655,770,667,885,251,210,122,0,88,43,945,618,618,327,0
13/05/2002 14:59,200202,Other UK Airports,EDINBURGH,1959,1756,1756,203,95,68,0,0,68,17,5988,5477,5477,511,9
13/05/2002 14:59,200202,Other UK Airports,EXETER,132,58,58,74,74,8,0,0,8,8,163,127,127,36,0
13/05/2002 14:59,200202,Other UK Airports,GLASGOW,1280,974,974,306,304,154,108,108,46,46,4572,4557,4557,15,11
13/05/2002 14:59,200202,Other UK Airports,HAWARDEN,0,0,0,0,0,0,0,0,0,0,4,0,0,4,4
13/05/2002 14:59,200202,Other UK Airports,HUMBERSIDE,311,255,255,56,56,394,0,0,394,363,263,262,262,1,1
13/05/2002 14:59,200202,Other UK Airports,INVERNESS,1,0,0,1,1,2,0,0,2,2,697,695,689,2,2
13/05/2002 14:59,200202,Other UK Airports,ISLAY,0,0,0,0,0,1,0,0,1,1,78,78,78,0,0
13/05/2002 14:59,200202,Other UK Airports,ISLE OF MAN,117,110,110,7,7,0,0,0,0,0,1468,1335,1335,133,6
13/05/2002 14:59,200202,Other UK Airports,ISLES OF SCILLY (ST.MARYS),0,0,0,0,0,0,0,0,0,0,464,454,371,10,8
13/05/2002 14:59,200202,Other UK Airports,ISLES OF SCILLY (TRESCO),0,0,0,0,0,0,0,0,0,0,88,88,88,0,0
13/05/2002 14:59,200202,Other UK Airports,KENT INTERNATIONAL,7,0,0,7,0,54,0,0,54,0,0,0,0,0,0
13/05/2002 14:59,200202,Other UK Airports,KIRKWALL,0,0,0,0,0,0,0,0,0,0,644,644,570,0,0
13/05/2002 14:59,200202,Other UK Airports,LEEDS BRADFORD,874,742,742,132,131,0,0,0,0,0,1033,1033,1033,0,0
13/05/2002 14:59,200202,Other UK Airports,LERWICK  (TINGWALL),0,0,0,0,0,0,0,0,0,0,38,38,38,0,0
13/05/2002 14:59,200202,Other UK Airports,LIVERPOOL,958,818,818,140,28,134,128,128,6,6,1062,591,591,471,2
13/05/2002 14:59,200202,Other UK Airports,LONDONDERRY,93,92,92,1,1,0,0,0,0,0,247,246,246,1,1
13/05/2002 14:59,200202,Other UK Airports,MANCHESTER,6475,5111,5107,1364,1360,1894,1404,1336,490,487,3624,3587,3587,37,35
13/05/2002 14:59,200202,Other UK Airports,NEWCASTLE,1201,960,960,241,236,167,142,142,25,24,1635,1585,1585,50,1
13/05/2002 14:59,200202,Other UK Airports,NORWICH,200,168,168,32,32,364,0,0,364,347,418,418,418,0,0
13/05/2002 14:59,200202,Other UK Airports,PENZANCE HELIPORT,0,0,0,0,0,0,0,0,0,0,214,214,214,0,0
13/05/2002 14:59,200202,Other UK Airports,PLYMOUTH,0,0,0,0,0,0,0,0,0,0,334,334,334,0,0
13/05/2002 14:59,200202,Other UK Airports,PRESTWICK,550,537,458,13,12,83,80,0,3,0,480,478,478,2,0
13/05/2002 14:59,200202,Other UK Airports,SCATSTA,0,0,0,0,0,570,0,0,570,570,238,0,0,238,238
13/05/2002 14:59,200202,Other UK Airports,SHEFFIELD CITY,0,0,0,0,0,0,0,0,0,0,92,92,92,0,0
13/05/2002 14:59,200202,Other UK Airports,SHOREHAM,17,0,0,17,17,2,0,0,2,2,15,0,0,15,15
13/05/2002 14:59,200202,Other UK Airports,SOUTHAMPTON,595,587,587,8,8,0,0,0,0,0,1449,1434,1434,15,15
13/05/2002 14:59,200202,Other UK Airports,STORNOWAY,0,0,0,0,0,0,0,0,0,0,319,319,308,0,0
13/05/2002 14:59,200202,Other UK Airports,SUMBURGH,0,0,0,0,0,154,0,0,154,154,304,269,269,35,35
13/05/2002 14:59,200202,Other UK Airports,TEESSIDE,318,229,229,89,57,4,0,0,4,4,341,329,327,12,12
13/05/2002 14:59,200202,Other UK Airports,TIREE,0,0,0,0,0,0,0,0,0,0,48,48,48,0,0
13/05/2002 14:59,200202,Other UK Airports,WICK,0,0,0,0,0,29,0,0,29,29,174,174,174,0,0
13/05/2002 14:59,200202,Channel Islands Airports,ALDERNEY,0,0,0,0,0,0,0,0,0,0,451,451,440,0,0
13/05/2002 14:59,200202,Channel Islands Airports,GUERNSEY,147,147,146,0,0,50,50,49,0,0,2201,2121,2084,80,2
13/05/2002 14:59,200202,Channel Islands Airports,JERSEY,98,77,77,21,21,74,70,70,4,4,2484,2428,2400,56,9
