rundate,report_period,reporting_airport_group_name,reporting_airport_name,total_atms,atms_scheduled_uk_operator,atms_scheduled_foreign_EU_operator,atms_scheduled_foreign_non_EU_operator,atms_charter_uk_operator,atms_charter_foreign_EU_operator,atms_charter_foreign_non_EU_operator
13/05/2002 14:59,200202,London Area Airports,GATWICK,15197,9308,1723,1425,2566,47,128
13/05/2002 14:59,200202,London Area Airports,HEATHROW,34404,19180,8233,6849,84,38,20
13/05/2002 14:59,200202,London Area Airports,LONDON CITY,4180,1520,1984,660,0,13,3
13/05/2002 14:59,200202,London Area Airports,LUTON,3641,2594,264,368,225,173,17
13/05/2002 14:59,200202,London Area Airports,SOUTHEND,2,0,0,0,2,0,0
13/05/2002 14:59,200202,London Area Airports,STANSTED,9787,4037,4449,438,604,250,9
13/05/2002 14:59,200202,Miscellaneous,METRO LONDON HELIPORT,113,0,0,0,113,0,0
13/05/2002 14:59,200202,Other UK Airports,ABERDEEN,6045,2873,0,296,2832,42,2
13/05/2002 14:59,200202,Other UK Airports,BARRA,70,70,0,0,0,0,0
13/05/2002 14:59,200202,Other UK Airports,BELFAST CITY,2814,2806,0,0,8,0,0
13/05/2002 14:59,200202,Other UK Airports,BELFAST INTERNATIONAL,2683,2097,5,0,472,100,9
13/05/2002 14:59,200202,Other UK Airports,BENBECULA,155,155,0,0,0,0,0
13/05/2002 14:59,200202,Other UK Airports,BIGGIN HILL,14,6,0,0,8,0,0
13/05/2002 14:59,200202,Other UK Airports,BIRMINGHAM,7570,5067,1483,451,531,24,14
13/05/2002 14:59,200202,Other UK Airports,BLACKPOOL,436,39,0,0,389,8,0
13/05/2002 14:59,200202,Other UK Airports,BOURNEMOUTH,490,113,86,0,271,16,4
13/05/2002 14:59,200202,Other UK Airports,BRISTOL,3082,1997,581,0,488,8,8
13/05/2002 14:59,200202,Other UK Airports,CAMPBELTOWN,70,70,0,0,0,0,0
13/05/2002 14:59,200202,Other UK Airports,CARDIFF WALES,1403,801,308,0,257,34,3
13/05/2002 14:59,200202,Other UK Airports,CARLISLE,3,0,0,0,2,0,1
13/05/2002 14:59,200202,Other UK Airports,COVENTRY,250,0,0,0,215,32,3
13/05/2002 14:59,200202,Other UK Airports,DUNDEE,213,213,0,0,0,0,0
13/05/2002 14:59,200202,Other UK Airports,EAST MIDLANDS,2810,1285,32,193,466,770,64
13/05/2002 14:59,200202,Other UK Airports,EDINBURGH,8015,6520,713,0,508,230,44
13/05/2002 14:59,200202,Other UK Airports,EXETER,303,185,0,0,84,34,0
13/05/2002 14:59,200202,Other UK Airports,GLASGOW,6006,5385,154,100,312,51,4
13/05/2002 14:59,200202,Other UK Airports,HAWARDEN,4,0,0,0,4,0,0
13/05/2002 14:59,200202,Other UK Airports,HUMBERSIDE,968,517,0,0,419,32,0
13/05/2002 14:59,200202,Other UK Airports,INVERNESS,700,695,0,0,4,1,0
13/05/2002 14:59,200202,Other UK Airports,ISLAY,79,78,0,0,1,0,0
13/05/2002 14:59,200202,Other UK Airports,ISLE OF MAN,1585,1445,0,0,139,1,0
13/05/2002 14:59,200202,Other UK Airports,ISLES OF SCILLY (ST.MARYS),464,454,0,0,10,0,0
13/05/2002 14:59,200202,Other UK Airports,ISLES OF SCILLY (TRESCO),88,88,0,0,0,0,0
13/05/2002 14:59,200202,Other UK Airports,KENT INTERNATIONAL,61,0,0,0,0,0,61
13/05/2002 14:59,200202,Other UK Airports,KIRKWALL,644,644,0,0,0,0,0
13/05/2002 14:59,200202,Other UK Airports,LEEDS BRADFORD,1907,1725,50,0,102,28,2
13/05/2002 14:59,200202,Other UK Airports,LERWICK  (TINGWALL),38,38,0,0,0,0,0
13/05/2002 14:59,200202,Other UK Airports,LIVERPOOL,2154,1336,146,55,542,73,2
13/05/2002 14:59,200202,Other UK Airports,LONDONDERRY,340,234,104,0,1,1,0
13/05/2002 14:59,200202,Other UK Airports,MANCHESTER,11993,6603,2516,983,1747,90,54
13/05/2002 14:59,200202,Other UK Airports,NEWCASTLE,3003,2299,246,142,272,26,18
13/05/2002 14:59,200202,Other UK Airports,NORWICH,982,586,0,0,366,24,6
13/05/2002 14:59,200202,Other UK Airports,PENZANCE HELIPORT,214,214,0,0,0,0,0
13/05/2002 14:59,200202,Other UK Airports,PLYMOUTH,334,334,0,0,0,0,0
13/05/2002 14:59,200202,Other UK Airports,PRESTWICK,1113,0,1020,75,3,12,3
13/05/2002 14:59,200202,Other UK Airports,SCATSTA,808,0,0,0,808,0,0
13/05/2002 14:59,200202,Other UK Airports,SHEFFIELD CITY,92,92,0,0,0,0,0
13/05/2002 14:59,200202,Other UK Airports,SHOREHAM,34,0,0,0,34,0,0
13/05/2002 14:59,200202,Other UK Airports,SOUTHAMPTON,2044,1879,142,0,15,8,0
13/05/2002 14:59,200202,Other UK Airports,STORNOWAY,319,319,0,0,0,0,0
13/05/2002 14:59,200202,Other UK Airports,SUMBURGH,458,269,0,0,167,22,0
13/05/2002 14:59,200202,Other UK Airports,TEESSIDE,663,498,60,0,49,54,2
13/05/2002 14:59,200202,Other UK Airports,TIREE,48,48,0,0,0,0,0
13/05/2002 14:59,200202,Other UK Airports,WICK,203,174,0,0,29,0,0
13/05/2002 14:59,200202,Channel Islands Airports,ALDERNEY,451,451,0,0,0,0,0
13/05/2002 14:59,200202,Channel Islands Airports,GUERNSEY,2398,2268,0,50,78,2,0
13/05/2002 14:59,200202,Channel Islands Airports,JERSEY,2656,2505,0,70,70,11,0
