rundate,this_period,last_period,group_name,airport_1_name,airport_2_name,total_pax_this_period,total_pax_scheduled_this_period,total_pax_charter_this_period,total_pax_last_period,total_pax_scheduled_last_period,total_pax_charter_last_period,total_pax_percent,charters_tm_only_small_acf,charters_lm_only_small_acf
25-Jun-2009 14:50,200904,200804,Other Reporting Airports      ,ABERDEEN                      ,BELFAST CITY (GEORGE BEST)    , 1802 , 1802 , 0 , 2342 , 2342 , 0 ,-23.05722 ,N,N
25-Jun-2009 14:50,200904,200804,Other Reporting Airports      ,ABERDEEN                      ,BIRMINGHAM                    , 9505 , 9505 , 0 , 13130 , 13130 , 0 ,-27.60853 ,N,N
25-Jun-2009 14:50,200904,200804,Other Reporting Airports      ,ABERDEEN                      ,BRISTOL                       , 1980 , 1980 , 0 , 2523 , 2523 , 0 ,-21.522 ,N,N
25-Jun-2009 14:50,200904,200804,Other Reporting Airports      ,ABERDEEN                      ,CARDIFF WALES                 , 343 , 343 , 0 , 0 , 0 , 0 ,Null,N,N
25-Jun-2009 14:50,200904,200804,Other Reporting Airports      ,ABERDEEN                      ,DURHAM TEES VALLEY            , 2748 , 2748 , 0 , 2816 , 2816 , 0 ,-2.414773 ,N,N
25-Jun-2009 14:50,200904,200804,Other Reporting Airports      ,ABERDEEN                      ,EAST MIDLANDS INTERNATIONAL   , 1491 , 1453 , 38 , 1845 , 1845 , 0 ,-19.18699 ,N,N
25-Jun-2009 14:50,200904,200804,Other Reporting Airports      ,ABERDEEN                      ,EXETER                        , 2044 , 2044 , 0 , 0 , 0 , 0 ,Null,N,N
25-Jun-2009 14:50,200904,200804,Other Reporting Airports      ,ABERDEEN                      ,FARNBOROUGH                   , 0 , 0 , 0 , 1 , 0 , 1 ,-100 ,N,N
25-Jun-2009 14:50,200904,200804,Other Reporting Airports      ,ABERDEEN                      ,HUMBERSIDE                    , 2485 , 2485 , 0 , 2803 , 2803 , 0 ,-11.34499 ,N,N
25-Jun-2009 14:50,200904,200804,Other Reporting Airports      ,ABERDEEN                      ,KIRKWALL                      , 3124 , 3124 , 0 , 4132 , 4020 , 112 ,-24.39497 ,N,N
25-Jun-2009 14:50,200904,200804,Other Reporting Airports      ,ABERDEEN                      ,LEEDS BRADFORD                , 1445 , 1445 , 0 , 2054 , 2054 , 0 ,-29.64946 ,N,N
25-Jun-2009 14:50,200904,200804,Other Reporting Airports      ,ABERDEEN                      ,MANCHESTER                    , 8982 , 8684 , 298 , 12196 , 11999 , 197 ,-26.3529 ,N,N
25-Jun-2009 14:50,200904,200804,Other Reporting Airports      ,ABERDEEN                      ,NEWCASTLE                     , 1351 , 1351 , 0 , 2726 , 2726 , 0 ,-50.4402 ,N,N
25-Jun-2009 14:50,200904,200804,Other Reporting Airports      ,ABERDEEN                      ,NORWICH                       , 4915 , 4915 , 0 , 5245 , 5245 , 0 ,-6.291707 ,N,N
25-Jun-2009 14:50,200904,200804,Other Reporting Airports      ,ABERDEEN                      ,SCATSTA                       , 12577 , 0 , 12577 , 11601 , 0 , 11601 , 8.413068 ,N,N
25-Jun-2009 14:50,200904,200804,Other Reporting Airports      ,ABERDEEN                      ,SOUTHAMPTON                   , 3838 , 3838 , 0 , 5659 , 5659 , 0 ,-32.17883 ,N,N
25-Jun-2009 14:50,200904,200804,Other Reporting Airports      ,ABERDEEN                      ,STORNOWAY                     , 482 , 482 , 0 , 608 , 608 , 0 ,-20.72368 ,N,N
25-Jun-2009 14:50,200904,200804,Other Reporting Airports      ,ABERDEEN                      ,SUMBURGH                      , 5211 , 4984 , 227 , 6674 , 6549 , 125 ,-21.92089 ,N,N
25-Jun-2009 14:50,200904,200804,Other Reporting Airports      ,ABERDEEN                      ,WICK                          , 1174 , 1174 , 0 , 1498 , 1498 , 0 ,-21.62884 ,N,N
25-Jun-2009 14:50,200904,200804,Other Reporting Airports      ,ALDERNEY                      ,BOURNEMOUTH                   , 229 , 229 , 0 , 346 , 346 , 0 ,-33.81503 ,N,N
25-Jun-2009 14:50,200904,200804,Other Reporting Airports      ,ALDERNEY                      ,GUERNSEY                      , 3412 , 3412 , 0 , 3298 , 3298 , 0 , 3.45664 ,N,N
25-Jun-2009 14:50,200904,200804,Other Reporting Airports      ,ALDERNEY                      ,JERSEY                        , 40 , 40 , 0 , 118 , 118 , 0 ,-66.10169 ,N,N
25-Jun-2009 14:50,200904,200804,Other Reporting Airports      ,ALDERNEY                      ,SOUTHAMPTON                   , 2154 , 2154 , 0 , 2397 , 2397 , 0 ,-10.13767 ,N,N
25-Jun-2009 14:50,200904,200804,Other Reporting Airports      ,ANGLESEY (VALLEY)             ,CARDIFF WALES                 , 958 , 958 , 0 , 1185 , 1185 , 0 ,-19.15612 ,N,N
25-Jun-2009 14:50,200904,200804,Other Reporting Airports      ,BARRA                         ,BENBECULA                     , 130 , 130 , 0 , 91 , 91 , 0 , 42.85714 ,N,N
25-Jun-2009 14:50,200904,200804,Other Reporting Airports      ,BARRA                         ,GLASGOW                       , 631 , 631 , 0 , 756 , 756 , 0 ,-16.53439 ,N,N
25-Jun-2009 14:50,200904,200804,Other Reporting Airports      ,BARROW-IN-FURNESS             ,CARDIFF WALES                 , 32 , 0 , 32 , 0 , 0 , 0 ,Null,N,N
25-Jun-2009 14:50,200904,200804,Other Reporting Airports      ,BELFAST CITY (GEORGE BEST)    ,BIRMINGHAM                    , 15753 , 15753 , 0 , 18813 , 18813 , 0 ,-16.26535 ,N,N
25-Jun-2009 14:50,200904,200804,Other Reporting Airports      ,BELFAST CITY (GEORGE BEST)    ,BRISTOL                       , 5387 , 5387 , 0 , 0 , 0 , 0 ,Null,N,N
25-Jun-2009 14:50,200904,200804,Other Reporting Airports      ,BELFAST CITY (GEORGE BEST)    ,CARDIFF WALES                 , 3347 , 3347 , 0 , 3721 , 3721 , 0 ,-10.05106 ,N,N
25-Jun-2009 14:50,200904,200804,Other Reporting Airports      ,BELFAST CITY (GEORGE BEST)    ,CITY OF DERRY (EGLINTON)      , 0 , 0 , 0 , 76 , 76 , 0 ,-100 ,N,N
25-Jun-2009 14:50,200904,200804,Other Reporting Airports      ,BELFAST CITY (GEORGE BEST)    ,DONCASTER SHEFFIELD           , 2118 , 2118 , 0 , 2729 , 2729 , 0 ,-22.38915 ,N,N
25-Jun-2009 14:50,200904,200804,Other Reporting Airports      ,BELFAST CITY (GEORGE BEST)    ,DUNDEE                        , 927 , 927 , 0 , 0 , 0 , 0 ,Null,N,N
25-Jun-2009 14:50,200904,200804,Other Reporting Airports      ,BELFAST CITY (GEORGE BEST)    ,EAST MIDLANDS INTERNATIONAL   , 12542 , 12542 , 0 , 8825 , 8825 , 0 , 42.11898 ,N,N
25-Jun-2009 14:50,200904,200804,Other Reporting Airports      ,BELFAST CITY (GEORGE BEST)    ,EDINBURGH                     , 10009 , 10009 , 0 , 11446 , 11441 , 5 ,-12.5546 ,N,N
25-Jun-2009 14:50,200904,200804,Other Reporting Airports      ,BELFAST CITY (GEORGE BEST)    ,EXETER                        , 2636 , 2636 , 0 , 2684 , 2684 , 0 ,-1.788376 ,N,N
25-Jun-2009 14:50,200904,200804,Other Reporting Airports      ,BELFAST CITY (GEORGE BEST)    ,GLASGOW                       , 8337 , 8337 , 0 , 10008 , 10008 , 0 ,-16.69664 ,N,N
25-Jun-2009 14:50,200904,200804,Other Reporting Airports      ,BELFAST CITY (GEORGE BEST)    ,INVERNESS                     , 1590 , 1590 , 0 , 1793 , 1793 , 0 ,-11.32181 ,N,N
25-Jun-2009 14:50,200904,200804,Other Reporting Airports      ,BELFAST CITY (GEORGE BEST)    ,ISLE OF MAN                   , 1469 , 1469 , 0 , 2666 , 2666 , 0 ,-44.89872 ,N,N
25-Jun-2009 14:50,200904,200804,Other Reporting Airports      ,BELFAST CITY (GEORGE BEST)    ,JERSEY                        , 0 , 0 , 0 , 54 , 54 , 0 ,-100 ,N,N
25-Jun-2009 14:50,200904,200804,Other Reporting Airports      ,BELFAST CITY (GEORGE BEST)    ,LEEDS BRADFORD                , 6923 , 6923 , 0 , 7050 , 7050 , 0 ,-1.801418 ,N,N
25-Jun-2009 14:50,200904,200804,Other Reporting Airports      ,BELFAST CITY (GEORGE BEST)    ,LIVERPOOL                     , 12464 , 12464 , 0 , 11820 , 11820 , 0 , 5.448392 ,N,N
25-Jun-2009 14:50,200904,200804,Other Reporting Airports      ,BELFAST CITY (GEORGE BEST)    ,MANCHESTER                    , 19821 , 19821 , 0 , 21403 , 21403 , 0 ,-7.391487 ,N,N
25-Jun-2009 14:50,200904,200804,Other Reporting Airports      ,BELFAST CITY (GEORGE BEST)    ,NEWCASTLE                     , 4086 , 4086 , 0 , 3861 , 3861 , 0 , 5.827506 ,N,N
25-Jun-2009 14:50,200904,200804,Other Reporting Airports      ,BELFAST CITY (GEORGE BEST)    ,PRESTWICK                     , 6536 , 6536 , 0 , 4998 , 4998 , 0 , 30.77231 ,N,N
25-Jun-2009 14:50,200904,200804,Other Reporting Airports      ,BELFAST CITY (GEORGE BEST)    ,SOUTHAMPTON                   , 7320 , 7320 , 0 , 7181 , 7181 , 0 , 1.935664 ,N,N
25-Jun-2009 14:50,200904,200804,Other Reporting Airports      ,BELFAST INTERNATIONAL         ,BIRMINGHAM                    , 12989 , 12989 , 0 , 12890 , 12890 , 0 , 0.7680373 ,N,N
25-Jun-2009 14:50,200904,200804,Other Reporting Airports      ,BELFAST INTERNATIONAL         ,BLACKPOOL                     , 2750 , 2750 , 0 , 4114 , 4114 , 0 ,-33.15508 ,N,N
25-Jun-2009 14:50,200904,200804,Other Reporting Airports      ,BELFAST INTERNATIONAL         ,BRISTOL                       , 14413 , 14413 , 0 , 16862 , 16862 , 0 ,-14.52378 ,N,N
25-Jun-2009 14:50,200904,200804,Other Reporting Airports      ,BELFAST INTERNATIONAL         ,CARDIFF WALES                 , 5076 , 5037 , 39 , 3535 , 3462 , 73 , 43.59264 ,N,N
25-Jun-2009 14:50,200904,200804,Other Reporting Airports      ,BELFAST INTERNATIONAL         ,EAST MIDLANDS INTERNATIONAL   , 9106 , 9106 , 0 , 11669 , 11669 , 0 ,-21.96418 ,N,N
25-Jun-2009 14:50,200904,200804,Other Reporting Airports      ,BELFAST INTERNATIONAL         ,EDINBURGH                     , 20213 , 20213 , 0 , 18358 , 18358 , 0 , 10.10459 ,N,N
25-Jun-2009 14:50,200904,200804,Other Reporting Airports      ,BELFAST INTERNATIONAL         ,GLASGOW                       , 19006 , 19006 , 0 , 17607 , 17607 , 0 , 7.945704 ,N,N
25-Jun-2009 14:50,200904,200804,Other Reporting Airports      ,BELFAST INTERNATIONAL         ,ISLE OF MAN                   , 1067 , 1067 , 0 , 823 , 823 , 0 , 29.64763 ,N,N
25-Jun-2009 14:50,200904,200804,Other Reporting Airports      ,BELFAST INTERNATIONAL         ,LEEDS BRADFORD                , 7480 , 7480 , 0 , 9353 , 9353 , 0 ,-20.02566 ,N,N
25-Jun-2009 14:50,200904,200804,Other Reporting Airports      ,BELFAST INTERNATIONAL         ,LIVERPOOL                     , 35956 , 35956 , 0 , 29994 , 29949 , 45 , 19.87731 ,N,N
25-Jun-2009 14:50,200904,200804,Other Reporting Airports      ,BELFAST INTERNATIONAL         ,MANCHESTER                    , 11198 , 11198 , 0 , 14037 , 13781 , 256 ,-20.22512 ,N,N
25-Jun-2009 14:50,200904,200804,Other Reporting Airports      ,BELFAST INTERNATIONAL         ,NEWCASTLE                     , 15358 , 15314 , 44 , 17238 , 17238 , 0 ,-10.90614 ,N,N
25-Jun-2009 14:50,200904,200804,Other Reporting Airports      ,BENBECULA                     ,GLASGOW                       , 2149 , 2149 , 0 , 1901 , 1901 , 0 , 13.04576 ,N,N
25-Jun-2009 14:50,200904,200804,Other Reporting Airports      ,BENBECULA                     ,INVERNESS                     , 0 , 0 , 0 , 5 , 5 , 0 ,-100 ,N,N
25-Jun-2009 14:50,200904,200804,Other Reporting Airports      ,BENBECULA                     ,STORNOWAY                     , 556 , 556 , 0 , 558 , 558 , 0 ,-0.3584229 ,N,N
25-Jun-2009 14:50,200904,200804,Other Reporting Airports      ,BIGGIN HILL                   ,GUERNSEY                      , 0 , 0 , 0 , 17 , 0 , 17 ,-100 ,N,N
25-Jun-2009 14:50,200904,200804,Other Reporting Airports      ,BIRMINGHAM                    ,CITY OF DERRY (EGLINTON)      , 6198 , 6198 , 0 , 0 , 0 , 0 ,Null,N,N
25-Jun-2009 14:50,200904,200804,Other Reporting Airports      ,BIRMINGHAM                    ,DUNDEE                        , 1603 , 1603 , 0 , 0 , 0 , 0 ,Null,N,N
25-Jun-2009 14:50,200904,200804,Other Reporting Airports      ,BIRMINGHAM                    ,EDINBURGH                     , 29244 , 29244 , 0 , 37146 , 37146 , 0 ,-21.27282 ,N,N
25-Jun-2009 14:50,200904,200804,Other Reporting Airports      ,BIRMINGHAM                    ,GLASGOW                       , 24062 , 24022 , 40 , 31505 , 31505 , 0 ,-23.62482 ,N,N
25-Jun-2009 14:50,200904,200804,Other Reporting Airports      ,BIRMINGHAM                    ,GUERNSEY                      , 2997 , 2997 , 0 , 2540 , 2540 , 0 , 17.99213 ,N,N
25-Jun-2009 14:50,200904,200804,Other Reporting Airports      ,BIRMINGHAM                    ,INVERNESS                     , 2336 , 2336 , 0 , 2400 , 2400 , 0 ,-2.666667 ,N,N
25-Jun-2009 14:50,200904,200804,Other Reporting Airports      ,BIRMINGHAM                    ,ISLE OF MAN                   , 3826 , 3826 , 0 , 3989 , 3989 , 0 ,-4.086237 ,N,N
25-Jun-2009 14:50,200904,200804,Other Reporting Airports      ,BIRMINGHAM                    ,JERSEY                        , 4556 , 4556 , 0 , 4403 , 4403 , 0 , 3.474904 ,N,N
25-Jun-2009 14:50,200904,200804,Other Reporting Airports      ,BIRMINGHAM                    ,NEWCASTLE                     , 1387 , 1387 , 0 , 2099 , 2099 , 0 ,-33.92091 ,N,N
25-Jun-2009 14:50,200904,200804,Other Reporting Airports      ,BIRMINGHAM                    ,NEWQUAY                       , 0 , 0 , 0 , 767 , 767 , 0 ,-100 ,N,N
25-Jun-2009 14:50,200904,200804,Other Reporting Airports      ,BLACKPOOL                     ,CARDIFF WALES                 , 53 , 0 , 53 , 0 , 0 , 0 ,Null,N,N
25-Jun-2009 14:50,200904,200804,Other Reporting Airports      ,BLACKPOOL                     ,ISLE OF MAN                   , 1927 , 1927 , 0 , 1840 , 1840 , 0 , 4.728261 ,N,N
25-Jun-2009 14:50,200904,200804,Other Reporting Airports      ,BLACKPOOL                     ,PLYMOUTH                      , 0 , 0 , 0 , 61 , 0 , 61 ,-100 ,N,N
25-Jun-2009 14:50,200904,200804,Other Reporting Airports      ,BOURNEMOUTH                   ,EDINBURGH                     , 5640 , 5640 , 0 , 0 , 0 , 0 ,Null,N,N
25-Jun-2009 14:50,200904,200804,Other Reporting Airports      ,BOURNEMOUTH                   ,GUERNSEY                      , 0 , 0 , 0 , 110 , 110 , 0 ,-100 ,N,N
25-Jun-2009 14:50,200904,200804,Other Reporting Airports      ,BOURNEMOUTH                   ,JERSEY                        , 191 , 191 , 0 , 616 , 387 , 229 ,-68.99351 ,N,N
25-Jun-2009 14:50,200904,200804,Other Reporting Airports      ,BOURNEMOUTH                   ,MANCHESTER                    , 0 , 0 , 0 , 286 , 0 , 286 ,-100 ,N,N
25-Jun-2009 14:50,200904,200804,Other Reporting Airports      ,BOURNEMOUTH                   ,NEWCASTLE                     , 0 , 0 , 0 , 286 , 0 , 286 ,-100 ,N,N
25-Jun-2009 14:50,200904,200804,Other Reporting Airports      ,BOURNEMOUTH                   ,PRESTWICK                     , 5192 , 5192 , 0 , 10681 , 10681 , 0 ,-51.39032 ,N,N
25-Jun-2009 14:50,200904,200804,Other Reporting Airports      ,BRISTOL                       ,CITY OF DERRY (EGLINTON)      , 0 , 0 , 0 , 4306 , 4306 , 0 ,-100 ,N,N
25-Jun-2009 14:50,200904,200804,Other Reporting Airports      ,BRISTOL                       ,EDINBURGH                     , 19731 , 19731 , 0 , 20240 , 20240 , 0 ,-2.514822 ,N,N
25-Jun-2009 14:50,200904,200804,Other Reporting Airports      ,BRISTOL                       ,GLASGOW                       , 18704 , 18704 , 0 , 18851 , 18851 , 0 ,-0.7797995 ,N,N
25-Jun-2009 14:50,200904,200804,Other Reporting Airports      ,BRISTOL                       ,GUERNSEY                      , 2497 , 2497 , 0 , 2452 , 2452 , 0 , 1.835237 ,N,N
25-Jun-2009 14:50,200904,200804,Other Reporting Airports      ,BRISTOL                       ,INVERNESS                     , 6613 , 6613 , 0 , 6711 , 6711 , 0 ,-1.460289 ,N,N
25-Jun-2009 14:50,200904,200804,Other Reporting Airports      ,BRISTOL                       ,ISLES OF SCILLY (ST.MARYS)    , 393 , 393 , 0 , 522 , 522 , 0 ,-24.71264 ,N,N
25-Jun-2009 14:50,200904,200804,Other Reporting Airports      ,BRISTOL                       ,JERSEY                        , 1995 , 1995 , 0 , 2560 , 2560 , 0 ,-22.07031 ,N,N
25-Jun-2009 14:50,200904,200804,Other Reporting Airports      ,BRISTOL                       ,LEEDS BRADFORD                , 2450 , 2450 , 0 , 2717 , 2717 , 0 ,-9.827015 ,N,N
25-Jun-2009 14:50,200904,200804,Other Reporting Airports      ,BRISTOL                       ,MANCHESTER                    , 1673 , 1673 , 0 , 2779 , 2779 , 0 ,-39.79849 ,N,N
25-Jun-2009 14:50,200904,200804,Other Reporting Airports      ,BRISTOL                       ,NEWCASTLE                     , 15494 , 15494 , 0 , 16146 , 16146 , 0 ,-4.038152 ,N,N
25-Jun-2009 14:50,200904,200804,Other Reporting Airports      ,BRISTOL                       ,NEWQUAY                       , 1182 , 1182 , 0 , 1596 , 1596 , 0 ,-25.93985 ,N,N
25-Jun-2009 14:50,200904,200804,Other Reporting Airports      ,BRISTOL                       ,PLYMOUTH                      , 927 , 927 , 0 , 545 , 545 , 0 , 70.09174 ,N,N
25-Jun-2009 14:50,200904,200804,Other Reporting Airports      ,CAMBRIDGE                     ,EDINBURGH                     , 0 , 0 , 0 , 2 , 0 , 2 ,-100 ,N,Y
25-Jun-2009 14:50,200904,200804,Other Reporting Airports      ,CAMPBELTOWN                   ,GLASGOW                       , 785 , 785 , 0 , 845 , 845 , 0 ,-7.100592 ,N,N
25-Jun-2009 14:50,200904,200804,Other Reporting Airports      ,CAMPBELTOWN                   ,ISLAY                         , 6 , 6 , 0 , 0 , 0 , 0 ,Null,N,N
25-Jun-2009 14:50,200904,200804,Other Reporting Airports      ,CARDIFF WALES                 ,EDINBURGH                     , 14359 , 14321 , 38 , 14166 , 14166 , 0 , 1.362417 ,N,N
25-Jun-2009 14:50,200904,200804,Other Reporting Airports      ,CARDIFF WALES                 ,GLASGOW                       , 4452 , 4452 , 0 , 7280 , 7280 , 0 ,-38.84615 ,N,N
25-Jun-2009 14:50,200904,200804,Other Reporting Airports      ,CARDIFF WALES                 ,JERSEY                        , 2364 , 2364 , 0 , 2278 , 2278 , 0 , 3.775241 ,N,N
25-Jun-2009 14:50,200904,200804,Other Reporting Airports      ,CARDIFF WALES                 ,MANCHESTER                    , 0 , 0 , 0 , 124 , 124 , 0 ,-100 ,N,N
25-Jun-2009 14:50,200904,200804,Other Reporting Airports      ,CARDIFF WALES                 ,NEWCASTLE                     , 2621 , 2621 , 0 , 2936 , 2936 , 0 ,-10.72888 ,N,N
25-Jun-2009 14:50,200904,200804,Other Reporting Airports      ,CARDIFF WALES                 ,NEWQUAY                       , 0 , 0 , 0 , 75 , 75 , 0 ,-100 ,N,N
25-Jun-2009 14:50,200904,200804,Other Reporting Airports      ,CARDIFF WALES                 ,NORWICH                       , 62 , 0 , 62 , 0 , 0 , 0 ,Null,N,N
25-Jun-2009 14:50,200904,200804,Other Reporting Airports      ,CITY OF DERRY (EGLINTON)      ,EAST MIDLANDS INTERNATIONAL   , 0 , 0 , 0 , 4876 , 4876 , 0 ,-100 ,N,N
25-Jun-2009 14:50,200904,200804,Other Reporting Airports      ,CITY OF DERRY (EGLINTON)      ,GLASGOW                       , 0 , 0 , 0 , 1123 , 1123 , 0 ,-100 ,N,N
25-Jun-2009 14:50,200904,200804,Other Reporting Airports      ,CITY OF DERRY (EGLINTON)      ,LIVERPOOL                     , 6622 , 6622 , 0 , 5856 , 5856 , 0 , 13.0806 ,N,N
25-Jun-2009 14:50,200904,200804,Other Reporting Airports      ,CITY OF DERRY (EGLINTON)      ,PRESTWICK                     , 3770 , 3770 , 0 , 4380 , 4380 , 0 ,-13.92694 ,N,N
25-Jun-2009 14:50,200904,200804,Other Reporting Airports      ,COVENTRY                      ,JERSEY                        , 0 , 0 , 0 , 4196 , 4196 , 0 ,-100 ,N,N
25-Jun-2009 14:50,200904,200804,Other Reporting Airports      ,DONCASTER SHEFFIELD           ,JERSEY                        , 1202 , 1202 , 0 , 3083 , 3083 , 0 ,-61.012 ,N,N
25-Jun-2009 14:50,200904,200804,Other Reporting Airports      ,DUNKESWELL                    ,JERSEY                        , 0 , 0 , 0 , 8 , 0 , 8 ,-100 ,N,N
25-Jun-2009 14:50,200904,200804,Other Reporting Airports      ,EAST MIDLANDS INTERNATIONAL   ,EDINBURGH                     , 10901 , 10901 , 0 , 14933 , 14933 , 0 ,-27.0006 ,N,N
25-Jun-2009 14:50,200904,200804,Other Reporting Airports      ,EAST MIDLANDS INTERNATIONAL   ,GLASGOW                       , 10259 , 10259 , 0 , 13557 , 13557 , 0 ,-24.32692 ,N,N
25-Jun-2009 14:50,200904,200804,Other Reporting Airports      ,EAST MIDLANDS INTERNATIONAL   ,INVERNESS                     , 3632 , 3632 , 0 , 3331 , 3331 , 0 , 9.036325 ,N,N
25-Jun-2009 14:50,200904,200804,Other Reporting Airports      ,EAST MIDLANDS INTERNATIONAL   ,ISLE OF MAN                   , 586 , 586 , 0 , 433 , 433 , 0 , 35.33487 ,N,N
25-Jun-2009 14:50,200904,200804,Other Reporting Airports      ,EAST MIDLANDS INTERNATIONAL   ,JERSEY                        , 6618 , 6618 , 0 , 5365 , 5365 , 0 , 23.35508 ,N,N
25-Jun-2009 14:50,200904,200804,Other Reporting Airports      ,EAST MIDLANDS INTERNATIONAL   ,STORNOWAY                     , 0 , 0 , 0 , 63 , 0 , 63 ,-100 ,N,N
25-Jun-2009 14:50,200904,200804,Other Reporting Airports      ,EDAY                          ,KIRKWALL                      , 34 , 34 , 0 , 21 , 21 , 0 , 61.90476 ,N,N
25-Jun-2009 14:50,200904,200804,Other Reporting Airports      ,EDINBURGH                     ,EXETER                        , 4916 , 4916 , 0 , 5554 , 5554 , 0 ,-11.48722 ,N,N
25-Jun-2009 14:50,200904,200804,Other Reporting Airports      ,EDINBURGH                     ,GLASGOW                       , 0 , 0 , 0 , 14 , 14 , 0 ,-100 ,N,N
25-Jun-2009 14:50,200904,200804,Other Reporting Airports      ,EDINBURGH                     ,INVERNESS                     , 0 , 0 , 0 , 838 , 838 , 0 ,-100 ,N,N
25-Jun-2009 14:50,200904,200804,Other Reporting Airports      ,EDINBURGH                     ,ISLE OF MAN                   , 874 , 874 , 0 , 1050 , 1050 , 0 ,-16.76191 ,N,N
25-Jun-2009 14:50,200904,200804,Other Reporting Airports      ,EDINBURGH                     ,JERSEY                        , 2182 , 2182 , 0 , 2494 , 2494 , 0 ,-12.51002 ,N,N
25-Jun-2009 14:50,200904,200804,Other Reporting Airports      ,EDINBURGH                     ,KIRKWALL                      , 3047 , 3047 , 0 , 2770 , 2770 , 0 , 10 ,N,N
25-Jun-2009 14:50,200904,200804,Other Reporting Airports      ,EDINBURGH                     ,LEEDS BRADFORD                , 1678 , 1678 , 0 , 4037 , 4037 , 0 ,-58.43448 ,N,N
25-Jun-2009 14:50,200904,200804,Other Reporting Airports      ,EDINBURGH                     ,MANCHESTER                    , 12879 , 12879 , 0 , 21587 , 21579 , 8 ,-40.33909 ,N,N
25-Jun-2009 14:50,200904,200804,Other Reporting Airports      ,EDINBURGH                     ,NEWQUAY                       , 1202 , 1202 , 0 , 1755 , 1755 , 0 ,-31.50997 ,N,N
25-Jun-2009 14:50,200904,200804,Other Reporting Airports      ,EDINBURGH                     ,NORWICH                       , 4062 , 4062 , 0 , 4673 , 4673 , 0 ,-13.07511 ,N,N
25-Jun-2009 14:50,200904,200804,Other Reporting Airports      ,EDINBURGH                     ,SOUTHAMPTON                   , 15974 , 15974 , 0 , 18077 , 18077 , 0 ,-11.63357 ,N,N
25-Jun-2009 14:50,200904,200804,Other Reporting Airports      ,EDINBURGH                     ,STORNOWAY                     , 2655 , 2655 , 0 , 1949 , 1949 , 0 , 36.22371 ,N,N
25-Jun-2009 14:50,200904,200804,Other Reporting Airports      ,EDINBURGH                     ,SUMBURGH                      , 2603 , 2603 , 0 , 2629 , 2629 , 0 ,-0.9889692 ,N,N
25-Jun-2009 14:50,200904,200804,Other Reporting Airports      ,EDINBURGH                     ,WICK                          , 553 , 553 , 0 , 577 , 577 , 0 ,-4.159445 ,N,N
25-Jun-2009 14:50,200904,200804,Other Reporting Airports      ,EXETER                        ,GLASGOW                       , 2718 , 2718 , 0 , 3918 , 3918 , 0 ,-30.62787 ,N,N
25-Jun-2009 14:50,200904,200804,Other Reporting Airports      ,EXETER                        ,GUERNSEY                      , 2034 , 2034 , 0 , 2198 , 2198 , 0 ,-7.461329 ,N,N
25-Jun-2009 14:50,200904,200804,Other Reporting Airports      ,EXETER                        ,ISLES OF SCILLY (ST.MARYS)    , 314 , 314 , 0 , 452 , 452 , 0 ,-30.53097 ,N,N
25-Jun-2009 14:50,200904,200804,Other Reporting Airports      ,EXETER                        ,JERSEY                        , 2678 , 2678 , 0 , 2972 , 2972 , 0 ,-9.892328 ,N,N
25-Jun-2009 14:50,200904,200804,Other Reporting Airports      ,EXETER                        ,LEEDS BRADFORD                , 1433 , 1433 , 0 , 2286 , 2286 , 0 ,-37.31409 ,N,N
25-Jun-2009 14:50,200904,200804,Other Reporting Airports      ,EXETER                        ,MANCHESTER                    , 4092 , 4092 , 0 , 4488 , 4488 , 0 ,-8.823529 ,N,N
25-Jun-2009 14:50,200904,200804,Other Reporting Airports      ,EXETER                        ,NEWCASTLE                     , 3482 , 3482 , 0 , 4723 , 4723 , 0 ,-26.27567 ,N,N
25-Jun-2009 14:50,200904,200804,Other Reporting Airports      ,EXETER                        ,NORWICH                       , 1261 , 1261 , 0 , 1519 , 1519 , 0 ,-16.98486 ,N,N
25-Jun-2009 14:50,200904,200804,Other Reporting Airports      ,FAIR ISLE                     ,LERWICK (TINGWALL)            , 208 , 208 , 0 , 180 , 180 , 0 , 15.55556 ,N,N
25-Jun-2009 14:50,200904,200804,Other Reporting Airports      ,FARNBOROUGH                   ,GLASGOW                       , 0 , 0 , 0 , 14 , 0 , 14 ,-100 ,N,Y
25-Jun-2009 14:50,200904,200804,Other Reporting Airports      ,FARNBOROUGH                   ,LIVERPOOL                     , 38 , 0 , 38 , 85 , 0 , 85 ,-55.29412 ,N,N
25-Jun-2009 14:50,200904,200804,Other Reporting Airports      ,FARNBOROUGH                   ,MANCHESTER                    , 40 , 0 , 40 , 0 , 0 , 0 ,Null,N,N
25-Jun-2009 14:50,200904,200804,Other Reporting Airports      ,FARNBOROUGH                   ,NEWCASTLE                     , 35 , 0 , 35 , 0 , 0 , 0 ,Null,N,N
25-Jun-2009 14:50,200904,200804,Other Reporting Airports      ,FOULA                         ,LERWICK (TINGWALL)            , 113 , 113 , 0 , 143 , 143 , 0 ,-20.97902 ,N,N
25-Jun-2009 14:50,200904,200804,London Area Airports          ,GATWICK                       ,ABERDEEN                      , 10727 , 10727 , 0 , 10509 , 10509 , 0 , 2.074412 ,N,N
25-Jun-2009 14:50,200904,200804,London Area Airports          ,GATWICK                       ,BELFAST CITY (GEORGE BEST)    , 18163 , 18163 , 0 , 16588 , 16588 , 0 , 9.494816 ,N,N
25-Jun-2009 14:50,200904,200804,London Area Airports          ,GATWICK                       ,BELFAST INTERNATIONAL         , 25276 , 25276 , 0 , 25805 , 25805 , 0 ,-2.04999 ,N,N
25-Jun-2009 14:50,200904,200804,London Area Airports          ,GATWICK                       ,DURHAM TEES VALLEY            , 40 , 0 , 40 , 0 , 0 , 0 ,Null,N,N
25-Jun-2009 14:50,200904,200804,London Area Airports          ,GATWICK                       ,EDINBURGH                     , 51990 , 51990 , 0 , 58741 , 58741 , 0 ,-11.49282 ,N,N
25-Jun-2009 14:50,200904,200804,London Area Airports          ,GATWICK                       ,GLASGOW                       , 41419 , 41419 , 0 , 44323 , 44323 , 0 ,-6.551903 ,N,N
25-Jun-2009 14:50,200904,200804,London Area Airports          ,GATWICK                       ,GUERNSEY                      , 28752 , 28752 , 0 , 28703 , 28703 , 0 , 0.1707139 ,N,N
25-Jun-2009 14:50,200904,200804,London Area Airports          ,GATWICK                       ,INVERNESS                     , 18783 , 18783 , 0 , 20539 , 20539 , 0 ,-8.549588 ,N,N
25-Jun-2009 14:50,200904,200804,London Area Airports          ,GATWICK                       ,ISLE OF MAN                   , 10426 , 10426 , 0 , 9813 , 9813 , 0 , 6.246816 ,N,N
25-Jun-2009 14:50,200904,200804,London Area Airports          ,GATWICK                       ,JERSEY                        , 47610 , 47610 , 0 , 42420 , 42420 , 0 , 12.23479 ,N,N
25-Jun-2009 14:50,200904,200804,London Area Airports          ,GATWICK                       ,LIVERPOOL                     , 40 , 0 , 40 , 47 , 0 , 47 ,-14.89362 ,N,N
25-Jun-2009 14:50,200904,200804,London Area Airports          ,GATWICK                       ,MANCHESTER                    , 25284 , 25249 , 35 , 29863 , 29863 , 0 ,-15.33336 ,N,N
25-Jun-2009 14:50,200904,200804,London Area Airports          ,GATWICK                       ,NEWCASTLE                     , 9377 , 9337 , 40 , 9107 , 9107 , 0 , 2.964752 ,N,N
25-Jun-2009 14:50,200904,200804,London Area Airports          ,GATWICK                       ,NEWQUAY                       , 8002 , 8002 , 0 , 5322 , 5322 , 0 , 50.35701 ,N,N
25-Jun-2009 14:50,200904,200804,London Area Airports          ,GATWICK                       ,PLYMOUTH                      , 4196 , 4196 , 0 , 4892 , 4892 , 0 ,-14.22731 ,N,N
25-Jun-2009 14:50,200904,200804,Other Reporting Airports      ,GLASGOW                       ,ISLAY                         , 2190 , 2190 , 0 , 2679 , 2679 , 0 ,-18.25308 ,N,N
25-Jun-2009 14:50,200904,200804,Other Reporting Airports      ,GLASGOW                       ,ISLE OF MAN                   , 1077 , 1077 , 0 , 1447 , 1447 , 0 ,-25.57014 ,N,N
25-Jun-2009 14:50,200904,200804,Other Reporting Airports      ,GLASGOW                       ,JERSEY                        , 0 , 0 , 0 , 219 , 219 , 0 ,-100 ,N,N
25-Jun-2009 14:50,200904,200804,Other Reporting Airports      ,GLASGOW                       ,KIRKWALL                      , 1245 , 1245 , 0 , 1159 , 1159 , 0 , 7.42019 ,N,N
25-Jun-2009 14:50,200904,200804,Other Reporting Airports      ,GLASGOW                       ,LEEDS BRADFORD                , 1780 , 1780 , 0 , 3296 , 3296 , 0 ,-45.99514 ,N,N
25-Jun-2009 14:50,200904,200804,Other Reporting Airports      ,GLASGOW                       ,MANCHESTER                    , 9330 , 9330 , 0 , 14549 , 14549 , 0 ,-35.87188 ,N,N
25-Jun-2009 14:50,200904,200804,Other Reporting Airports      ,GLASGOW                       ,NEWQUAY                       , 952 , 952 , 0 , 54 , 54 , 0 , 1662.963 ,N,N
25-Jun-2009 14:50,200904,200804,Other Reporting Airports      ,GLASGOW                       ,NORWICH                       , 0 , 0 , 0 , 1091 , 1091 , 0 ,-100 ,N,N
25-Jun-2009 14:50,200904,200804,Other Reporting Airports      ,GLASGOW                       ,PLYMOUTH                      , 1961 , 1961 , 0 , 199 , 199 , 0 , 885.4271 ,N,N
25-Jun-2009 14:50,200904,200804,Other Reporting Airports      ,GLASGOW                       ,SOUTHAMPTON                   , 13118 , 13118 , 0 , 14664 , 14370 , 294 ,-10.54283 ,N,N
25-Jun-2009 14:50,200904,200804,Other Reporting Airports      ,GLASGOW                       ,STORNOWAY                     , 4774 , 4774 , 0 , 5266 , 5266 , 0 ,-9.342955 ,N,N
25-Jun-2009 14:50,200904,200804,Other Reporting Airports      ,GLASGOW                       ,SUMBURGH                      , 1461 , 1461 , 0 , 1448 , 1448 , 0 , 0.8977901 ,N,N
25-Jun-2009 14:50,200904,200804,Other Reporting Airports      ,GLASGOW                       ,TIREE                         , 533 , 533 , 0 , 560 , 560 , 0 ,-4.821429 ,N,N
25-Jun-2009 14:50,200904,200804,Other Reporting Airports      ,GLOUCESTERSHIRE               ,ISLE OF MAN                   , 1481 , 1481 , 0 , 1346 , 1346 , 0 , 10.02972 ,N,N
25-Jun-2009 14:50,200904,200804,Other Reporting Airports      ,GLOUCESTERSHIRE               ,JERSEY                        , 307 , 307 , 0 , 189 , 189 , 0 , 62.43386 ,N,N
25-Jun-2009 14:50,200904,200804,Other Reporting Airports      ,GUERNSEY                      ,ISLE OF MAN                   , 427 , 427 , 0 , 274 , 274 , 0 , 55.83942 ,N,N
25-Jun-2009 14:50,200904,200804,Other Reporting Airports      ,GUERNSEY                      ,JERSEY                        , 10966 , 10966 , 0 , 14079 , 14079 , 0 ,-22.11094 ,N,N
25-Jun-2009 14:50,200904,200804,Other Reporting Airports      ,GUERNSEY                      ,MANCHESTER                    , 6741 , 6739 , 2 , 6547 , 6547 , 0 , 2.963189 ,N,N
25-Jun-2009 14:50,200904,200804,Other Reporting Airports      ,GUERNSEY                      ,NORWICH                       , 0 , 0 , 0 , 626 , 626 , 0 ,-100 ,N,N
25-Jun-2009 14:50,200904,200804,Other Reporting Airports      ,GUERNSEY                      ,PLYMOUTH                      , 187 , 187 , 0 , 0 , 0 , 0 ,Null,N,N
25-Jun-2009 14:50,200904,200804,Other Reporting Airports      ,GUERNSEY                      ,SOUTHAMPTON                   , 11888 , 11888 , 0 , 12068 , 12068 , 0 ,-1.491548 ,N,N
25-Jun-2009 14:50,200904,200804,London Area Airports          ,HEATHROW                      ,ABERDEEN                      , 55070 , 55070 , 0 , 53300 , 53300 , 0 , 3.320826 ,N,N
25-Jun-2009 14:50,200904,200804,London Area Airports          ,HEATHROW                      ,BELFAST CITY (GEORGE BEST)    , 46352 , 46352 , 0 , 42670 , 42670 , 0 , 8.629013 ,N,N
25-Jun-2009 14:50,200904,200804,London Area Airports          ,HEATHROW                      ,BELFAST INTERNATIONAL         , 24872 , 24872 , 0 , 19334 , 19334 , 0 , 28.64384 ,N,N
25-Jun-2009 14:50,200904,200804,London Area Airports          ,HEATHROW                      ,DURHAM TEES VALLEY            , 0 , 0 , 0 , 7285 , 7285 , 0 ,-100 ,N,N
25-Jun-2009 14:50,200904,200804,London Area Airports          ,HEATHROW                      ,EDINBURGH                     , 111297 , 111297 , 0 , 107888 , 107888 , 0 , 3.159758 ,N,N
25-Jun-2009 14:50,200904,200804,London Area Airports          ,HEATHROW                      ,GLASGOW                       , 93565 , 93565 , 0 , 97149 , 97042 , 107 ,-3.689178 ,N,N
25-Jun-2009 14:50,200904,200804,London Area Airports          ,HEATHROW                      ,JERSEY                        , 0 , 0 , 0 , 6722 , 6722 , 0 ,-100 ,N,N
25-Jun-2009 14:50,200904,200804,London Area Airports          ,HEATHROW                      ,LEEDS BRADFORD                , 0 , 0 , 0 , 12326 , 12326 , 0 ,-100 ,N,N
25-Jun-2009 14:50,200904,200804,London Area Airports          ,HEATHROW                      ,LIVERPOOL                     , 106 , 0 , 106 , 0 , 0 , 0 ,Null,N,N
25-Jun-2009 14:50,200904,200804,London Area Airports          ,HEATHROW                      ,MANCHESTER                    , 80160 , 80160 , 0 , 74855 , 74814 , 41 , 7.087035 ,N,N
25-Jun-2009 14:50,200904,200804,London Area Airports          ,HEATHROW                      ,NEWCASTLE                     , 42945 , 42945 , 0 , 39839 , 39839 , 0 , 7.796381 ,N,N
25-Jun-2009 14:50,200904,200804,London Area Airports          ,HEATHROW                      ,PRESTWICK                     , 0 , 0 , 0 , 118 , 0 , 118 ,-100 ,N,N
25-Jun-2009 14:50,200904,200804,Other Reporting Airports      ,HUMBERSIDE                    ,LIVERPOOL                     , 56 , 0 , 56 , 0 , 0 , 0 ,Null,N,N
25-Jun-2009 14:50,200904,200804,Other Reporting Airports      ,HUMBERSIDE                    ,SOUTHAMPTON                   , 84 , 0 , 84 , 0 , 0 , 0 ,Null,N,N
25-Jun-2009 14:50,200904,200804,Other Reporting Airports      ,INVERNESS                     ,KIRKWALL                      , 2055 , 2055 , 0 , 2031 , 2031 , 0 , 1.181684 ,N,N
25-Jun-2009 14:50,200904,200804,Other Reporting Airports      ,INVERNESS                     ,LEEDS BRADFORD                , 0 , 0 , 0 , 208 , 208 , 0 ,-100 ,N,N
25-Jun-2009 14:50,200904,200804,Other Reporting Airports      ,INVERNESS                     ,MANCHESTER                    , 4167 , 4167 , 0 , 1850 , 1850 , 0 , 125.2432 ,N,N
25-Jun-2009 14:50,200904,200804,Other Reporting Airports      ,INVERNESS                     ,SOUTHAMPTON                   , 522 , 522 , 0 , 0 , 0 , 0 ,Null,N,N
25-Jun-2009 14:50,200904,200804,Other Reporting Airports      ,INVERNESS                     ,STORNOWAY                     , 2779 , 2779 , 0 , 3071 , 3071 , 0 ,-9.508304 ,N,N
25-Jun-2009 14:50,200904,200804,Other Reporting Airports      ,INVERNESS                     ,SUMBURGH                      , 0 , 0 , 0 , 4 , 4 , 0 ,-100 ,N,N
25-Jun-2009 14:50,200904,200804,Other Reporting Airports      ,ISLE OF MAN                   ,JERSEY                        , 378 , 378 , 0 , 823 , 823 , 0 ,-54.07047 ,N,N
25-Jun-2009 14:50,200904,200804,Other Reporting Airports      ,ISLE OF MAN                   ,LEEDS BRADFORD                , 980 , 980 , 0 , 939 , 939 , 0 , 4.366347 ,N,N
25-Jun-2009 14:50,200904,200804,Other Reporting Airports      ,ISLE OF MAN                   ,LIVERPOOL                     , 9320 , 9320 , 0 , 14034 , 14034 , 0 ,-33.58985 ,N,N
25-Jun-2009 14:50,200904,200804,Other Reporting Airports      ,ISLE OF MAN                   ,MANCHESTER                    , 12312 , 12312 , 0 , 12515 , 12515 , 0 ,-1.622054 ,N,N
25-Jun-2009 14:50,200904,200804,Other Reporting Airports      ,ISLE OF MAN                   ,NEWCASTLE                     , 417 , 417 , 0 , 524 , 524 , 0 ,-20.41985 ,N,N
25-Jun-2009 14:50,200904,200804,Other Reporting Airports      ,ISLE OF MAN                   ,SOUTHAMPTON                   , 903 , 903 , 0 , 1613 , 1613 , 0 ,-44.01736 ,N,N
25-Jun-2009 14:50,200904,200804,Other Reporting Airports      ,ISLES OF SCILLY (ST.MARYS)    ,NEWQUAY                       , 1538 , 1538 , 0 , 1737 , 1737 , 0 ,-11.45653 ,N,N
25-Jun-2009 14:50,200904,200804,Other Reporting Airports      ,ISLES OF SCILLY (ST.MARYS)    ,SOUTHAMPTON                   , 339 , 339 , 0 , 404 , 404 , 0 ,-16.08911 ,N,N
25-Jun-2009 14:50,200904,200804,Other Reporting Airports      ,JERSEY                        ,LIVERPOOL                     , 4988 , 4988 , 0 , 4863 , 4863 , 0 , 2.57043 ,N,N
25-Jun-2009 14:50,200904,200804,Other Reporting Airports      ,JERSEY                        ,MANCHESTER                    , 8103 , 8103 , 0 , 8175 , 8175 , 0 ,-0.880734 ,N,N
25-Jun-2009 14:50,200904,200804,Other Reporting Airports      ,JERSEY                        ,NEWCASTLE                     , 1284 , 1284 , 0 , 1055 , 1055 , 0 , 21.70616 ,N,N
25-Jun-2009 14:50,200904,200804,Other Reporting Airports      ,JERSEY                        ,NORWICH                       , 0 , 0 , 0 , 1184 , 1184 , 0 ,-100 ,N,N
25-Jun-2009 14:50,200904,200804,Other Reporting Airports      ,JERSEY                        ,PLYMOUTH                      , 1487 , 1487 , 0 , 1441 , 1441 , 0 , 3.192228 ,N,N
25-Jun-2009 14:50,200904,200804,Other Reporting Airports      ,JERSEY                        ,SOUTHAMPTON                   , 12433 , 12433 , 0 , 12513 , 12513 , 0 ,-0.6393351 ,N,N
25-Jun-2009 14:50,200904,200804,Other Reporting Airports      ,KIRKWALL                      ,NORTH RONALDSAY               , 513 , 513 , 0 , 622 , 622 , 0 ,-17.52412 ,N,N
25-Jun-2009 14:50,200904,200804,Other Reporting Airports      ,KIRKWALL                      ,PAPA WESTRAY                  , 349 , 349 , 0 , 321 , 321 , 0 , 8.722741 ,N,N
25-Jun-2009 14:50,200904,200804,Other Reporting Airports      ,KIRKWALL                      ,SANDAY                        , 202 , 202 , 0 , 212 , 212 , 0 ,-4.716981 ,N,N
25-Jun-2009 14:50,200904,200804,Other Reporting Airports      ,KIRKWALL                      ,STRONSAY                      , 216 , 216 , 0 , 261 , 261 , 0 ,-17.24138 ,N,N
25-Jun-2009 14:50,200904,200804,Other Reporting Airports      ,KIRKWALL                      ,SUMBURGH                      , 776 , 776 , 0 , 894 , 894 , 0 ,-13.19911 ,N,N
25-Jun-2009 14:50,200904,200804,Other Reporting Airports      ,KIRKWALL                      ,WESTRAY                       , 271 , 271 , 0 , 307 , 307 , 0 ,-11.72638 ,N,N
25-Jun-2009 14:50,200904,200804,Other Reporting Airports      ,LEEDS BRADFORD                ,MANCHESTER                    , 141 , 141 , 0 , 0 , 0 , 0 ,Null,N,N
25-Jun-2009 14:50,200904,200804,Other Reporting Airports      ,LEEDS BRADFORD                ,NEWQUAY                       , 1206 , 1206 , 0 , 140 , 140 , 0 , 761.4286 ,N,N
25-Jun-2009 14:50,200904,200804,Other Reporting Airports      ,LEEDS BRADFORD                ,PLYMOUTH                      , 876 , 876 , 0 , 0 , 0 , 0 ,Null,N,N
25-Jun-2009 14:50,200904,200804,Other Reporting Airports      ,LEEDS BRADFORD                ,SOUTHAMPTON                   , 6851 , 6851 , 0 , 7637 , 7637 , 0 ,-10.292 ,N,N
25-Jun-2009 14:50,200904,200804,Other Reporting Airports      ,LERWICK (TINGWALL)            ,OUT SKERRIES                  , 54 , 54 , 0 , 52 , 52 , 0 , 3.846154 ,N,N
25-Jun-2009 14:50,200904,200804,Other Reporting Airports      ,LERWICK (TINGWALL)            ,PAPA STOUR                    , 8 , 8 , 0 , 22 , 22 , 0 ,-63.63636 ,N,N
25-Jun-2009 14:50,200904,200804,London Area Airports          ,LONDON CITY                   ,BELFAST CITY (GEORGE BEST)    , 0 , 0 , 0 , 1449 , 1449 , 0 ,-100 ,N,N
25-Jun-2009 14:50,200904,200804,London Area Airports          ,LONDON CITY                   ,DUNDEE                        , 3146 , 3146 , 0 , 3776 , 3776 , 0 ,-16.68432 ,N,N
25-Jun-2009 14:50,200904,200804,London Area Airports          ,LONDON CITY                   ,EDINBURGH                     , 26032 , 26032 , 0 , 34920 , 34920 , 0 ,-25.45246 ,N,N
25-Jun-2009 14:50,200904,200804,London Area Airports          ,LONDON CITY                   ,GLASGOW                       , 8466 , 8466 , 0 , 11154 , 11154 , 0 ,-24.09898 ,N,N
25-Jun-2009 14:50,200904,200804,London Area Airports          ,LONDON CITY                   ,ISLE OF MAN                   , 5469 , 5469 , 0 , 4602 , 4602 , 0 , 18.83964 ,N,N
25-Jun-2009 14:50,200904,200804,London Area Airports          ,LONDON CITY                   ,JERSEY                        , 874 , 874 , 0 , 989 , 989 , 0 ,-11.62791 ,N,N
25-Jun-2009 14:50,200904,200804,London Area Airports          ,LONDON CITY                   ,MANCHESTER                    , 3676 , 3676 , 0 , 8370 , 8370 , 0 ,-56.08124 ,N,N
25-Jun-2009 14:50,200904,200804,London Area Airports          ,LONDON CITY                   ,NEWQUAY                       , 946 , 946 , 0 , 0 , 0 , 0 ,Null,N,N
25-Jun-2009 14:50,200904,200804,London Area Airports          ,LUTON                         ,ABERDEEN                      , 11958 , 11956 , 2 , 11341 , 11341 , 0 , 5.440437 ,N,N
25-Jun-2009 14:50,200904,200804,London Area Airports          ,LUTON                         ,BELFAST INTERNATIONAL         , 21320 , 21320 , 0 , 21124 , 21124 , 0 , 0.9278546 ,N,N
25-Jun-2009 14:50,200904,200804,London Area Airports          ,LUTON                         ,BRISTOL                       , 0 , 0 , 0 , 4 , 0 , 4 ,-100 ,N,Y
25-Jun-2009 14:50,200904,200804,London Area Airports          ,LUTON                         ,CAMBRIDGE                     , 0 , 0 , 0 , 22 , 0 , 22 ,-100 ,N,N
25-Jun-2009 14:50,200904,200804,London Area Airports          ,LUTON                         ,CITY OF DERRY (EGLINTON)      , 2909 , 2909 , 0 , 0 , 0 , 0 ,Null,N,N
25-Jun-2009 14:50,200904,200804,London Area Airports          ,LUTON                         ,EDINBURGH                     , 27016 , 27016 , 0 , 31112 , 31112 , 0 ,-13.16534 ,N,N
25-Jun-2009 14:50,200904,200804,London Area Airports          ,LUTON                         ,GLASGOW                       , 26850 , 26787 , 63 , 29481 , 29481 , 0 ,-8.924392 ,N,N
25-Jun-2009 14:50,200904,200804,London Area Airports          ,LUTON                         ,INVERNESS                     , 7188 , 7188 , 0 , 8120 , 8120 , 0 ,-11.47783 ,N,N
25-Jun-2009 14:50,200904,200804,London Area Airports          ,LUTON                         ,ISLE OF MAN                   , 2448 , 2448 , 0 , 3320 , 3320 , 0 ,-26.26506 ,N,N
25-Jun-2009 14:50,200904,200804,London Area Airports          ,LUTON                         ,JERSEY                        , 1227 , 1227 , 0 , 4595 , 4595 , 0 ,-73.29707 ,N,N
25-Jun-2009 14:50,200904,200804,London Area Airports          ,LUTON                         ,LIVERPOOL                     , 90 , 0 , 90 , 162 , 0 , 162 ,-44.44444 ,N,N
25-Jun-2009 14:50,200904,200804,London Area Airports          ,LUTON                         ,MANCHESTER                    , 332 , 0 , 332 , 60 , 0 , 60 , 453.3333 ,N,N
25-Jun-2009 14:50,200904,200804,London Area Airports          ,LUTON                         ,NEWCASTLE                     , 0 , 0 , 0 , 23 , 0 , 23 ,-100 ,N,Y
25-Jun-2009 14:50,200904,200804,London Area Airports          ,LUTON                         ,NEWQUAY                       , 0 , 0 , 0 , 98 , 0 , 98 ,-100 ,N,N
25-Jun-2009 14:50,200904,200804,London Area Airports          ,LUTON                         ,PRESTWICK                     , 0 , 0 , 0 , 8 , 0 , 8 ,-100 ,N,Y
25-Jun-2009 14:50,200904,200804,London Area Airports          ,LUTON                         ,STORNOWAY                     , 0 , 0 , 0 , 64 , 0 , 64 ,-100 ,N,N
25-Jun-2009 14:50,200904,200804,London Area Airports          ,LUTON                         ,SUMBURGH                      , 2 , 0 , 2 , 0 , 0 , 0 ,Null,Y,N
25-Jun-2009 14:50,200904,200804,Other Reporting Airports      ,MANCHESTER                    ,NEWCASTLE                     , 54 , 0 , 54 , 0 , 0 , 0 ,Null,N,N
25-Jun-2009 14:50,200904,200804,Other Reporting Airports      ,MANCHESTER                    ,NEWQUAY                       , 5616 , 5616 , 0 , 3610 , 3610 , 0 , 55.56787 ,N,N
25-Jun-2009 14:50,200904,200804,Other Reporting Airports      ,MANCHESTER                    ,NORWICH                       , 2789 , 2789 , 0 , 3749 , 3749 , 0 ,-25.60683 ,N,N
25-Jun-2009 14:50,200904,200804,Other Reporting Airports      ,MANCHESTER                    ,PLYMOUTH                      , 1869 , 1869 , 0 , 3068 , 3068 , 0 ,-39.08083 ,N,N
25-Jun-2009 14:50,200904,200804,Other Reporting Airports      ,MANCHESTER                    ,SOUTHAMPTON                   , 11030 , 10959 , 71 , 14700 , 14632 , 68 ,-24.96599 ,N,N
25-Jun-2009 14:50,200904,200804,Other Reporting Airports      ,MANCHESTER                    ,STORNOWAY                     , 2 , 0 , 2 , 0 , 0 , 0 ,Null,Y,N
25-Jun-2009 14:50,200904,200804,Other Reporting Airports      ,NEWCASTLE                     ,NEWQUAY                       , 747 , 747 , 0 , 74 , 74 , 0 , 909.4595 ,N,N
25-Jun-2009 14:50,200904,200804,Other Reporting Airports      ,NEWCASTLE                     ,PLYMOUTH                      , 1470 , 1470 , 0 , 157 , 157 , 0 , 836.3057 ,N,N
25-Jun-2009 14:50,200904,200804,Other Reporting Airports      ,NEWCASTLE                     ,SOUTHAMPTON                   , 9035 , 8949 , 86 , 10405 , 10345 , 60 ,-13.16675 ,N,N
25-Jun-2009 14:50,200904,200804,Other Reporting Airports      ,NEWQUAY                       ,PLYMOUTH                      , 0 , 0 , 0 , 4 , 4 , 0 ,-100 ,N,N
25-Jun-2009 14:50,200904,200804,Other Reporting Airports      ,NEWQUAY                       ,SOUTHAMPTON                   , 0 , 0 , 0 , 28 , 0 , 28 ,-100 ,N,N
25-Jun-2009 14:50,200904,200804,Other Reporting Airports      ,OBAN (NORTH CONNEL)           ,TIREE                         , 78 , 78 , 0 , 0 , 0 , 0 ,Null,N,N
25-Jun-2009 14:50,200904,200804,London Area Airports          ,SOUTHEND                      ,CARDIFF WALES                 , 0 , 0 , 0 , 77 , 0 , 77 ,-100 ,N,N
25-Jun-2009 14:50,200904,200804,London Area Airports          ,STANSTED                      ,BELFAST CITY (GEORGE BEST)    , 27750 , 27750 , 0 , 27608 , 27608 , 0 , 0.5143437 ,N,N
25-Jun-2009 14:50,200904,200804,London Area Airports          ,STANSTED                      ,BELFAST INTERNATIONAL         , 25219 , 25219 , 0 , 21208 , 21208 , 0 , 18.91267 ,N,N
25-Jun-2009 14:50,200904,200804,London Area Airports          ,STANSTED                      ,CITY OF DERRY (EGLINTON)      , 4713 , 4713 , 0 , 12703 , 12703 , 0 ,-62.89853 ,N,N
25-Jun-2009 14:50,200904,200804,London Area Airports          ,STANSTED                      ,EDINBURGH                     , 31162 , 31162 , 0 , 32780 , 32705 , 75 ,-4.935936 ,N,N
25-Jun-2009 14:50,200904,200804,London Area Airports          ,STANSTED                      ,GLASGOW                       , 24433 , 24433 , 0 , 29553 , 29553 , 0 ,-17.32481 ,N,N
25-Jun-2009 14:50,200904,200804,London Area Airports          ,STANSTED                      ,GUERNSEY                      , 2728 , 2728 , 0 , 2594 , 2594 , 0 , 5.165767 ,N,N
25-Jun-2009 14:50,200904,200804,London Area Airports          ,STANSTED                      ,MANCHESTER                    , 0 , 0 , 0 , 1764 , 1764 , 0 ,-100 ,N,N
25-Jun-2009 14:50,200904,200804,London Area Airports          ,STANSTED                      ,NEWCASTLE                     , 11790 , 11790 , 0 , 17020 , 16854 , 166 ,-30.72855 ,N,N
25-Jun-2009 14:50,200904,200804,London Area Airports          ,STANSTED                      ,NEWQUAY                       , 5919 , 5919 , 0 , 12461 , 12461 , 0 ,-52.4998 ,N,N
25-Jun-2009 14:50,200904,200804,London Area Airports          ,STANSTED                      ,PRESTWICK                     , 23293 , 23293 , 0 , 32127 , 32127 , 0 ,-27.49712 ,N,N
