rundate,this_period,last_period,group_name,airport_1_name,airport_2_name,total_pax_this_period,total_pax_scheduled_this_period,total_pax_charter_this_period,total_pax_last_period,total_pax_scheduled_last_period,total_pax_charter_last_period,total_pax_percent,charters_tm_only_small_acf,charters_lm_only_small_acf
12-Jun-2014 11:25,201404,201304,Other Reporting Airports      ,ABERDEEN                      ,BELFAST CITY (GEORGE BEST)    , 3003 , 3003 , 0 , 2321 , 2321 , 0 , 29.38389 ,N,N
12-Jun-2014 11:25,201404,201304,Other Reporting Airports      ,ABERDEEN                      ,BIRMINGHAM                    , 11017 , 11017 , 0 , 8146 , 8146 , 0 , 35.24429 ,N,N
12-Jun-2014 11:25,201404,201304,Other Reporting Airports      ,ABERDEEN                      ,BRISTOL                       , 2586 , 2586 , 0 , 2988 , 2988 , 0 ,-13.45382 ,N,N
12-Jun-2014 11:25,201404,201304,Other Reporting Airports      ,ABERDEEN                      ,CARDIFF WALES                 , 1048 , 1048 , 0 , 1098 , 1098 , 0 ,-4.553734 ,N,N
12-Jun-2014 11:25,201404,201304,Other Reporting Airports      ,ABERDEEN                      ,DURHAM TEES VALLEY            , 3215 , 3215 , 0 , 2675 , 2675 , 0 , 20.18692 ,N,N
12-Jun-2014 11:25,201404,201304,Other Reporting Airports      ,ABERDEEN                      ,EAST MIDLANDS INTERNATIONAL   , 1401 , 1401 , 0 , 1500 , 1500 , 0 ,-6.6 ,N,N
12-Jun-2014 11:25,201404,201304,Other Reporting Airports      ,ABERDEEN                      ,HUMBERSIDE                    , 2992 , 2992 , 0 , 2858 , 2858 , 0 , 4.688593 ,N,N
12-Jun-2014 11:25,201404,201304,Other Reporting Airports      ,ABERDEEN                      ,KIRKWALL                      , 3769 , 3769 , 0 , 3783 , 3783 , 0 ,-0.3700767 ,N,N
12-Jun-2014 11:25,201404,201304,Other Reporting Airports      ,ABERDEEN                      ,LEEDS BRADFORD                , 460 , 460 , 0 , 813 , 813 , 0 ,-43.41943 ,N,N
12-Jun-2014 11:25,201404,201304,Other Reporting Airports      ,ABERDEEN                      ,MANCHESTER                    , 18626 , 18526 , 100 , 17065 , 16738 , 327 , 9.147378 ,N,N
12-Jun-2014 11:25,201404,201304,Other Reporting Airports      ,ABERDEEN                      ,NEWCASTLE                     , 2621 , 2621 , 0 , 2521 , 2521 , 0 , 3.96668 ,N,N
12-Jun-2014 11:25,201404,201304,Other Reporting Airports      ,ABERDEEN                      ,NORWICH                       , 4958 , 4958 , 0 , 5430 , 5430 , 0 ,-8.69245 ,N,N
12-Jun-2014 11:25,201404,201304,Other Reporting Airports      ,ABERDEEN                      ,SCATSTA                       , 14700 , 0 , 14700 , 14421 , 0 , 14421 , 1.934679 ,N,N
12-Jun-2014 11:25,201404,201304,Other Reporting Airports      ,ABERDEEN                      ,SOUTHAMPTON                   , 1165 , 1165 , 0 , 1223 , 1223 , 0 ,-4.742436 ,N,N
12-Jun-2014 11:25,201404,201304,Other Reporting Airports      ,ABERDEEN                      ,STORNOWAY                     , 520 , 520 , 0 , 406 , 406 , 0 , 28.07882 ,N,N
12-Jun-2014 11:25,201404,201304,Other Reporting Airports      ,ABERDEEN                      ,SUMBURGH                      , 11716 , 7126 , 4590 , 8613 , 5603 , 3010 , 36.02694 ,N,N
12-Jun-2014 11:25,201404,201304,Other Reporting Airports      ,ABERDEEN                      ,WICK JOHN O GROATS            , 924 , 924 , 0 , 1042 , 1042 , 0 ,-11.32438 ,N,N
12-Jun-2014 11:25,201404,201304,Other Reporting Airports      ,ALDERNEY                      ,GUERNSEY                      , 3122 , 3122 , 0 , 2913 , 2913 , 0 , 7.174734 ,N,N
12-Jun-2014 11:25,201404,201304,Other Reporting Airports      ,ALDERNEY                      ,JERSEY                        , 0 , 0 , 0 , 158 , 158 , 0 ,-100 ,N,N
12-Jun-2014 11:25,201404,201304,Other Reporting Airports      ,ALDERNEY                      ,SOUTHAMPTON                   , 2114 , 2114 , 0 , 1862 , 1862 , 0 , 13.53383 ,N,N
12-Jun-2014 11:25,201404,201304,Other Reporting Airports      ,ANGLESEY (VALLEY)             ,CARDIFF WALES                 , 629 , 629 , 0 , 675 , 675 , 0 ,-6.814815 ,N,N
12-Jun-2014 11:25,201404,201304,Other Reporting Airports      ,BARRA                         ,GLASGOW                       , 804 , 804 , 0 , 764 , 764 , 0 , 5.235602 ,N,N
12-Jun-2014 11:25,201404,201304,Other Reporting Airports      ,BELFAST CITY (GEORGE BEST)    ,BIRMINGHAM                    , 22735 , 22735 , 0 , 22926 , 22926 , 0 ,-0.8331152 ,N,N
12-Jun-2014 11:25,201404,201304,Other Reporting Airports      ,BELFAST CITY (GEORGE BEST)    ,BLACKPOOL                     , 0 , 0 , 0 , 872 , 872 , 0 ,-100 ,N,N
12-Jun-2014 11:25,201404,201304,Other Reporting Airports      ,BELFAST CITY (GEORGE BEST)    ,CARDIFF WALES                 , 3730 , 3730 , 0 , 3094 , 3094 , 0 , 20.55591 ,N,N
12-Jun-2014 11:25,201404,201304,Other Reporting Airports      ,BELFAST CITY (GEORGE BEST)    ,DONCASTER SHEFFIELD           , 420 , 420 , 0 , 0 , 0 , 0 ,Null,N,N
12-Jun-2014 11:25,201404,201304,Other Reporting Airports      ,BELFAST CITY (GEORGE BEST)    ,EAST MIDLANDS INTERNATIONAL   , 11744 , 11744 , 0 , 11558 , 11558 , 0 , 1.609275 ,N,N
12-Jun-2014 11:25,201404,201304,Other Reporting Airports      ,BELFAST CITY (GEORGE BEST)    ,EDINBURGH                     , 12872 , 12872 , 0 , 10021 , 10021 , 0 , 28.45025 ,N,N
12-Jun-2014 11:25,201404,201304,Other Reporting Airports      ,BELFAST CITY (GEORGE BEST)    ,EXETER                        , 3329 , 3329 , 0 , 815 , 815 , 0 , 308.4662 ,N,N
12-Jun-2014 11:25,201404,201304,Other Reporting Airports      ,BELFAST CITY (GEORGE BEST)    ,GLASGOW                       , 12029 , 12029 , 0 , 9466 , 9466 , 0 , 27.07585 ,N,N
12-Jun-2014 11:25,201404,201304,Other Reporting Airports      ,BELFAST CITY (GEORGE BEST)    ,INVERNESS                     , 2523 , 2523 , 0 , 1790 , 1790 , 0 , 40.94972 ,N,N
12-Jun-2014 11:25,201404,201304,Other Reporting Airports      ,BELFAST CITY (GEORGE BEST)    ,ISLE OF MAN                   , 2106 , 2106 , 0 , 1236 , 1236 , 0 , 70.38835 ,N,N
12-Jun-2014 11:25,201404,201304,Other Reporting Airports      ,BELFAST CITY (GEORGE BEST)    ,LEEDS BRADFORD                , 13992 , 13992 , 0 , 9444 , 9444 , 0 , 48.15756 ,N,N
12-Jun-2014 11:25,201404,201304,Other Reporting Airports      ,BELFAST CITY (GEORGE BEST)    ,MANCHESTER                    , 26879 , 26879 , 0 , 22877 , 22877 , 0 , 17.49355 ,N,N
12-Jun-2014 11:25,201404,201304,Other Reporting Airports      ,BELFAST CITY (GEORGE BEST)    ,NEWCASTLE                     , 2415 , 2415 , 0 , 3901 , 3901 , 0 ,-38.0928 ,N,N
12-Jun-2014 11:25,201404,201304,Other Reporting Airports      ,BELFAST CITY (GEORGE BEST)    ,SOUTHAMPTON                   , 9356 , 9356 , 0 , 6641 , 6641 , 0 , 40.8824 ,N,N
12-Jun-2014 11:25,201404,201304,Other Reporting Airports      ,BELFAST INTERNATIONAL         ,BIRMINGHAM                    , 16790 , 16780 , 10 , 11381 , 11381 , 0 , 47.52658 ,N,N
12-Jun-2014 11:25,201404,201304,Other Reporting Airports      ,BELFAST INTERNATIONAL         ,BLACKPOOL                     , 0 , 0 , 0 , 879 , 879 , 0 ,-100 ,N,N
12-Jun-2014 11:25,201404,201304,Other Reporting Airports      ,BELFAST INTERNATIONAL         ,BRISTOL                       , 19369 , 19369 , 0 , 18605 , 18605 , 0 , 4.106423 ,N,N
12-Jun-2014 11:25,201404,201304,Other Reporting Airports      ,BELFAST INTERNATIONAL         ,EDINBURGH                     , 19298 , 19298 , 0 , 19753 , 19753 , 0 ,-2.303447 ,N,N
12-Jun-2014 11:25,201404,201304,Other Reporting Airports      ,BELFAST INTERNATIONAL         ,GLASGOW                       , 20715 , 20715 , 0 , 20147 , 20147 , 0 , 2.819278 ,N,N
12-Jun-2014 11:25,201404,201304,Other Reporting Airports      ,BELFAST INTERNATIONAL         ,LEEDS BRADFORD                , 0 , 0 , 0 , 4550 , 4550 , 0 ,-100 ,N,N
12-Jun-2014 11:25,201404,201304,Other Reporting Airports      ,BELFAST INTERNATIONAL         ,LIVERPOOL (JOHN LENNON)       , 35179 , 35179 , 0 , 33313 , 33313 , 0 , 5.601417 ,N,N
12-Jun-2014 11:25,201404,201304,Other Reporting Airports      ,BELFAST INTERNATIONAL         ,MANCHESTER                    , 18012 , 18012 , 0 , 15404 , 15404 , 0 , 16.93067 ,N,N
12-Jun-2014 11:25,201404,201304,Other Reporting Airports      ,BELFAST INTERNATIONAL         ,NEWCASTLE                     , 16727 , 16727 , 0 , 15795 , 15795 , 0 , 5.900601 ,N,N
12-Jun-2014 11:25,201404,201304,Other Reporting Airports      ,BENBECULA                     ,GLASGOW                       , 1768 , 1768 , 0 , 1724 , 1724 , 0 , 2.552204 ,N,N
12-Jun-2014 11:25,201404,201304,Other Reporting Airports      ,BENBECULA                     ,INVERNESS                     , 397 , 397 , 0 , 0 , 0 , 0 ,Null,N,N
12-Jun-2014 11:25,201404,201304,Other Reporting Airports      ,BENBECULA                     ,STORNOWAY                     , 362 , 362 , 0 , 539 , 539 , 0 ,-32.83859 ,N,N
12-Jun-2014 11:25,201404,201304,Other Reporting Airports      ,BIGGIN HILL                   ,EDINBURGH                     , 0 , 0 , 0 , 7 , 0 , 7 ,-100 ,N,Y
12-Jun-2014 11:25,201404,201304,Other Reporting Airports      ,BIGGIN HILL                   ,GUERNSEY                      , 5 , 0 , 5 , 0 , 0 , 0 ,Null,Y,N
12-Jun-2014 11:25,201404,201304,Other Reporting Airports      ,BIRMINGHAM                    ,CITY OF DERRY (EGLINTON)      , 4428 , 4428 , 0 , 4364 , 4364 , 0 , 1.466545 ,N,N
12-Jun-2014 11:25,201404,201304,Other Reporting Airports      ,BIRMINGHAM                    ,EDINBURGH                     , 22438 , 22438 , 0 , 23326 , 23326 , 0 ,-3.806911 ,N,N
12-Jun-2014 11:25,201404,201304,Other Reporting Airports      ,BIRMINGHAM                    ,GLASGOW                       , 18516 , 18516 , 0 , 17132 , 17132 , 0 , 8.078449 ,N,N
12-Jun-2014 11:25,201404,201304,Other Reporting Airports      ,BIRMINGHAM                    ,GUERNSEY                      , 1457 , 1457 , 0 , 3435 , 3435 , 0 ,-57.5837 ,N,N
12-Jun-2014 11:25,201404,201304,Other Reporting Airports      ,BIRMINGHAM                    ,INVERNESS                     , 3202 , 3202 , 0 , 2580 , 2580 , 0 , 24.10853 ,N,N
12-Jun-2014 11:25,201404,201304,Other Reporting Airports      ,BIRMINGHAM                    ,ISLE OF MAN                   , 3525 , 3525 , 0 , 3422 , 3422 , 0 , 3.009936 ,N,N
12-Jun-2014 11:25,201404,201304,Other Reporting Airports      ,BIRMINGHAM                    ,JERSEY                        , 5658 , 5658 , 0 , 2071 , 2071 , 0 , 173.2014 ,N,N
12-Jun-2014 11:25,201404,201304,Other Reporting Airports      ,BIRMINGHAM                    ,LEEDS BRADFORD                , 0 , 0 , 0 , 3 , 0 , 3 ,-100 ,N,Y
12-Jun-2014 11:25,201404,201304,Other Reporting Airports      ,BIRMINGHAM                    ,NEWCASTLE                     , 685 , 685 , 0 , 811 , 811 , 0 ,-15.53638 ,N,N
12-Jun-2014 11:25,201404,201304,Other Reporting Airports      ,BIRMINGHAM                    ,NORWICH                       , 103 , 0 , 103 , 0 , 0 , 0 ,Null,N,N
12-Jun-2014 11:25,201404,201304,Other Reporting Airports      ,BIRMINGHAM                    ,SOUTHAMPTON                   , 0 , 0 , 0 , 59 , 0 , 59 ,-100 ,N,N
12-Jun-2014 11:25,201404,201304,Other Reporting Airports      ,BLACKPOOL                     ,CARDIFF WALES                 , 0 , 0 , 0 , 81 , 0 , 81 ,-100 ,N,N
12-Jun-2014 11:25,201404,201304,Other Reporting Airports      ,BLACKPOOL                     ,EDINBURGH                     , 0 , 0 , 0 , 4 , 0 , 4 ,-100 ,N,Y
12-Jun-2014 11:25,201404,201304,Other Reporting Airports      ,BLACKPOOL                     ,ISLE OF MAN                   , 1414 , 1414 , 0 , 1539 , 1539 , 0 ,-8.122157 ,N,N
12-Jun-2014 11:25,201404,201304,Other Reporting Airports      ,BRISTOL                       ,EDINBURGH                     , 27418 , 27418 , 0 , 26150 , 26150 , 0 , 4.848948 ,N,N
12-Jun-2014 11:25,201404,201304,Other Reporting Airports      ,BRISTOL                       ,GLASGOW                       , 20311 , 20311 , 0 , 21522 , 21522 , 0 ,-5.626801 ,N,N
12-Jun-2014 11:25,201404,201304,Other Reporting Airports      ,BRISTOL                       ,GUERNSEY                      , 2209 , 2209 , 0 , 2042 , 2042 , 0 , 8.178257 ,N,N
12-Jun-2014 11:25,201404,201304,Other Reporting Airports      ,BRISTOL                       ,HAWARDEN                      , 452 , 0 , 452 , 764 , 0 , 764 ,-40.8377 ,N,N
12-Jun-2014 11:25,201404,201304,Other Reporting Airports      ,BRISTOL                       ,INVERNESS                     , 6726 , 6726 , 0 , 7651 , 7651 , 0 ,-12.08992 ,N,N
12-Jun-2014 11:25,201404,201304,Other Reporting Airports      ,BRISTOL                       ,ISLE OF MAN                   , 0 , 0 , 0 , 561 , 561 , 0 ,-100 ,N,N
12-Jun-2014 11:25,201404,201304,Other Reporting Airports      ,BRISTOL                       ,JERSEY                        , 3219 , 3219 , 0 , 3224 , 3224 , 0 ,-0.1550868 ,N,N
12-Jun-2014 11:25,201404,201304,Other Reporting Airports      ,BRISTOL                       ,LEEDS BRADFORD                , 0 , 0 , 0 , 106 , 106 , 0 ,-100 ,N,N
12-Jun-2014 11:25,201404,201304,Other Reporting Airports      ,BRISTOL                       ,LIVERPOOL (JOHN LENNON)       , 141 , 0 , 141 , 0 , 0 , 0 ,Null,N,N
12-Jun-2014 11:25,201404,201304,Other Reporting Airports      ,BRISTOL                       ,NEWCASTLE                     , 15239 , 15239 , 0 , 13950 , 13950 , 0 , 9.240144 ,N,N
12-Jun-2014 11:25,201404,201304,Other Reporting Airports      ,CAMBRIDGE                     ,LEEDS BRADFORD                , 0 , 0 , 0 , 8 , 0 , 8 ,-100 ,N,Y
12-Jun-2014 11:25,201404,201304,Other Reporting Airports      ,CAMPBELTOWN                   ,GLASGOW                       , 753 , 753 , 0 , 758 , 758 , 0 ,-0.6596306 ,N,N
12-Jun-2014 11:25,201404,201304,Other Reporting Airports      ,CAMPBELTOWN                   ,ISLAY                         , 0 , 0 , 0 , 8 , 8 , 0 ,-100 ,N,N
12-Jun-2014 11:25,201404,201304,Other Reporting Airports      ,CARDIFF WALES                 ,EDINBURGH                     , 4125 , 4125 , 0 , 6118 , 6118 , 0 ,-32.576 ,N,N
12-Jun-2014 11:25,201404,201304,Other Reporting Airports      ,CARDIFF WALES                 ,EXETER                        , 34 , 0 , 34 , 0 , 0 , 0 ,Null,N,N
12-Jun-2014 11:25,201404,201304,Other Reporting Airports      ,CARDIFF WALES                 ,FARNBOROUGH                   , 33 , 0 , 33 , 0 , 0 , 0 ,Null,N,N
12-Jun-2014 11:25,201404,201304,Other Reporting Airports      ,CARDIFF WALES                 ,GLASGOW                       , 2897 , 2897 , 0 , 3669 , 3669 , 0 ,-21.04115 ,N,N
12-Jun-2014 11:25,201404,201304,Other Reporting Airports      ,CARDIFF WALES                 ,HUMBERSIDE                    , 92 , 0 , 92 , 0 , 0 , 0 ,Null,N,N
12-Jun-2014 11:25,201404,201304,Other Reporting Airports      ,CARDIFF WALES                 ,JERSEY                        , 321 , 321 , 0 , 0 , 0 , 0 ,Null,N,N
12-Jun-2014 11:25,201404,201304,Other Reporting Airports      ,CARDIFF WALES                 ,MANCHESTER                    , 0 , 0 , 0 , 29 , 0 , 29 ,-100 ,N,N
12-Jun-2014 11:25,201404,201304,Other Reporting Airports      ,CARDIFF WALES                 ,NEWCASTLE                     , 1017 , 855 , 162 , 1034 , 1034 , 0 ,-1.644101 ,N,N
12-Jun-2014 11:25,201404,201304,Other Reporting Airports      ,CARDIFF WALES                 ,NORWICH                       , 0 , 0 , 0 , 79 , 0 , 79 ,-100 ,N,N
12-Jun-2014 11:25,201404,201304,Other Reporting Airports      ,CITY OF DERRY (EGLINTON)      ,LIVERPOOL (JOHN LENNON)       , 6128 , 6128 , 0 , 7971 , 7971 , 0 ,-23.12132 ,N,N
12-Jun-2014 11:25,201404,201304,Other Reporting Airports      ,CITY OF DERRY (EGLINTON)      ,PRESTWICK                     , 5525 , 5525 , 0 , 6552 , 6552 , 0 ,-15.6746 ,N,N
12-Jun-2014 11:25,201404,201304,Other Reporting Airports      ,DONCASTER SHEFFIELD           ,DURHAM TEES VALLEY            , 11 , 0 , 11 , 0 , 0 , 0 ,Null,Y,N
12-Jun-2014 11:25,201404,201304,Other Reporting Airports      ,DONCASTER SHEFFIELD           ,ISLE OF MAN                   , 105 , 105 , 0 , 0 , 0 , 0 ,Null,N,N
12-Jun-2014 11:25,201404,201304,Other Reporting Airports      ,DUNDEE                        ,SUMBURGH                      , 48 , 0 , 48 , 0 , 0 , 0 ,Null,N,N
12-Jun-2014 11:25,201404,201304,Other Reporting Airports      ,DURHAM TEES VALLEY            ,FARNBOROUGH                   , 0 , 0 , 0 , 36 , 0 , 36 ,-100 ,N,N
12-Jun-2014 11:25,201404,201304,Other Reporting Airports      ,DURHAM TEES VALLEY            ,SOUTHAMPTON                   , 2 , 2 , 0 , 0 , 0 , 0 ,Null,N,N
12-Jun-2014 11:25,201404,201304,Other Reporting Airports      ,EAST MIDLANDS INTERNATIONAL   ,EDINBURGH                     , 7433 , 7433 , 0 , 7603 , 7603 , 0 ,-2.23596 ,N,N
12-Jun-2014 11:25,201404,201304,Other Reporting Airports      ,EAST MIDLANDS INTERNATIONAL   ,GLASGOW                       , 7495 , 7495 , 0 , 7455 , 7455 , 0 , 0.5365527 ,N,N
12-Jun-2014 11:25,201404,201304,Other Reporting Airports      ,EAST MIDLANDS INTERNATIONAL   ,GUERNSEY                      , 2429 , 2429 , 0 , 2270 , 2270 , 0 , 7.004405 ,N,N
12-Jun-2014 11:25,201404,201304,Other Reporting Airports      ,EAST MIDLANDS INTERNATIONAL   ,JERSEY                        , 2568 , 2568 , 0 , 1329 , 1329 , 0 , 93.22799 ,N,N
12-Jun-2014 11:25,201404,201304,Other Reporting Airports      ,EAST MIDLANDS INTERNATIONAL   ,MANCHESTER                    , 54 , 0 , 54 , 0 , 0 , 0 ,Null,N,N
12-Jun-2014 11:25,201404,201304,Other Reporting Airports      ,EAST MIDLANDS INTERNATIONAL   ,NEWCASTLE                     , 78 , 0 , 78 , 0 , 0 , 0 ,Null,N,N
12-Jun-2014 11:25,201404,201304,Other Reporting Airports      ,EDAY                          ,KIRKWALL                      , 42 , 42 , 0 , 53 , 53 , 0 ,-20.75472 ,N,N
12-Jun-2014 11:25,201404,201304,Other Reporting Airports      ,EDINBURGH                     ,EXETER                        , 3578 , 3578 , 0 , 3087 , 3087 , 0 , 15.90541 ,N,N
12-Jun-2014 11:25,201404,201304,Other Reporting Airports      ,EDINBURGH                     ,ISLE OF MAN                   , 0 , 0 , 0 , 652 , 652 , 0 ,-100 ,N,N
12-Jun-2014 11:25,201404,201304,Other Reporting Airports      ,EDINBURGH                     ,JERSEY                        , 0 , 0 , 0 , 635 , 635 , 0 ,-100 ,N,N
12-Jun-2014 11:25,201404,201304,Other Reporting Airports      ,EDINBURGH                     ,KIRKWALL                      , 3484 , 3484 , 0 , 3086 , 3086 , 0 , 12.89695 ,N,N
12-Jun-2014 11:25,201404,201304,Other Reporting Airports      ,EDINBURGH                     ,MANCHESTER                    , 9164 , 9164 , 0 , 9954 , 9954 , 0 ,-7.936508 ,N,N
12-Jun-2014 11:25,201404,201304,Other Reporting Airports      ,EDINBURGH                     ,NORWICH                       , 2092 , 2092 , 0 , 1961 , 1961 , 0 , 6.680265 ,N,N
12-Jun-2014 11:25,201404,201304,Other Reporting Airports      ,EDINBURGH                     ,OXFORD (KIDLINGTON)           , 0 , 0 , 0 , 596 , 596 , 0 ,-100 ,N,N
12-Jun-2014 11:25,201404,201304,Other Reporting Airports      ,EDINBURGH                     ,SOUTHAMPTON                   , 16822 , 16822 , 0 , 17346 , 17346 , 0 ,-3.020869 ,N,N
12-Jun-2014 11:25,201404,201304,Other Reporting Airports      ,EDINBURGH                     ,STORNOWAY                     , 1827 , 1827 , 0 , 1345 , 1345 , 0 , 35.83643 ,N,N
12-Jun-2014 11:25,201404,201304,Other Reporting Airports      ,EDINBURGH                     ,SUMBURGH                      , 3587 , 3587 , 0 , 3129 , 3129 , 0 , 14.63726 ,N,N
12-Jun-2014 11:25,201404,201304,Other Reporting Airports      ,EDINBURGH                     ,WICK JOHN O GROATS            , 884 , 884 , 0 , 942 , 942 , 0 ,-6.157113 ,N,N
12-Jun-2014 11:25,201404,201304,Other Reporting Airports      ,EXETER                        ,GLASGOW                       , 2508 , 2508 , 0 , 2433 , 2433 , 0 , 3.082614 ,N,N
12-Jun-2014 11:25,201404,201304,Other Reporting Airports      ,EXETER                        ,GUERNSEY                      , 1861 , 1861 , 0 , 1655 , 1655 , 0 , 12.44713 ,N,N
12-Jun-2014 11:25,201404,201304,Other Reporting Airports      ,EXETER                        ,ISLES OF SCILLY (ST.MARYS)    , 1391 , 1391 , 0 , 1406 , 1406 , 0 ,-1.066856 ,N,N
12-Jun-2014 11:25,201404,201304,Other Reporting Airports      ,EXETER                        ,JERSEY                        , 2870 , 2870 , 0 , 2913 , 2913 , 0 ,-1.476141 ,N,N
12-Jun-2014 11:25,201404,201304,Other Reporting Airports      ,EXETER                        ,MANCHESTER                    , 8591 , 8591 , 0 , 6724 , 6724 , 0 , 27.76621 ,N,N
12-Jun-2014 11:25,201404,201304,Other Reporting Airports      ,EXETER                        ,NEWCASTLE                     , 0 , 0 , 0 , 2557 , 2557 , 0 ,-100 ,N,N
12-Jun-2014 11:25,201404,201304,Other Reporting Airports      ,FAIR ISLE                     ,LERWICK (TINGWALL)            , 151 , 151 , 0 , 225 , 225 , 0 ,-32.88889 ,N,N
12-Jun-2014 11:25,201404,201304,Other Reporting Airports      ,FARNBOROUGH                   ,JERSEY                        , 37 , 0 , 37 , 0 , 0 , 0 ,Null,Y,N
12-Jun-2014 11:25,201404,201304,Other Reporting Airports      ,FARNBOROUGH                   ,LIVERPOOL (JOHN LENNON)       , 78 , 0 , 78 , 158 , 0 , 158 ,-50.63291 ,N,N
12-Jun-2014 11:25,201404,201304,Other Reporting Airports      ,FARNBOROUGH                   ,MANCHESTER                    , 45 , 0 , 45 , 0 , 0 , 0 ,Null,N,N
12-Jun-2014 11:25,201404,201304,Other Reporting Airports      ,FARNBOROUGH                   ,NEWCASTLE                     , 0 , 0 , 0 , 40 , 0 , 40 ,-100 ,N,N
12-Jun-2014 11:25,201404,201304,Other Reporting Airports      ,FARNBOROUGH                   ,NORWICH                       , 88 , 0 , 88 , 0 , 0 , 0 ,Null,N,N
12-Jun-2014 11:25,201404,201304,Other Reporting Airports      ,FOULA                         ,LERWICK (TINGWALL)            , 139 , 139 , 0 , 123 , 123 , 0 , 13.00813 ,N,N
12-Jun-2014 11:25,201404,201304,London Area Airports          ,GATWICK                       ,ABERDEEN                      , 14319 , 14319 , 0 , 15450 , 15450 , 0 ,-7.320388 ,N,N
12-Jun-2014 11:25,201404,201304,London Area Airports          ,GATWICK                       ,BELFAST CITY (GEORGE BEST)    , 21243 , 21243 , 0 , 33101 , 33101 , 0 ,-35.82369 ,N,N
12-Jun-2014 11:25,201404,201304,London Area Airports          ,GATWICK                       ,BELFAST INTERNATIONAL         , 39302 , 39302 , 0 , 31348 , 31074 , 274 , 25.37323 ,N,N
12-Jun-2014 11:25,201404,201304,London Area Airports          ,GATWICK                       ,BIRMINGHAM                    , 327 , 0 , 327 , 0 , 0 , 0 ,Null,N,N
12-Jun-2014 11:25,201404,201304,London Area Airports          ,GATWICK                       ,BLACKPOOL                     , 37 , 0 , 37 , 0 , 0 , 0 ,Null,N,N
12-Jun-2014 11:25,201404,201304,London Area Airports          ,GATWICK                       ,EDINBURGH                     , 58410 , 58410 , 0 , 55925 , 55925 , 0 , 4.443451 ,N,N
12-Jun-2014 11:25,201404,201304,London Area Airports          ,GATWICK                       ,GLASGOW                       , 53252 , 53252 , 0 , 49489 , 49489 , 0 , 7.60371 ,N,N
12-Jun-2014 11:25,201404,201304,London Area Airports          ,GATWICK                       ,GUERNSEY                      , 26558 , 26558 , 0 , 27919 , 27919 , 0 ,-4.874816 ,N,N
12-Jun-2014 11:25,201404,201304,London Area Airports          ,GATWICK                       ,INVERNESS                     , 16784 , 16784 , 0 , 17817 , 17817 , 0 ,-5.797833 ,N,N
12-Jun-2014 11:25,201404,201304,London Area Airports          ,GATWICK                       ,ISLE OF MAN                   , 12692 , 12692 , 0 , 13819 , 13819 , 0 ,-8.155438 ,N,N
12-Jun-2014 11:25,201404,201304,London Area Airports          ,GATWICK                       ,JERSEY                        , 53444 , 53444 , 0 , 43294 , 43294 , 0 , 23.44436 ,N,N
12-Jun-2014 11:25,201404,201304,London Area Airports          ,GATWICK                       ,LIVERPOOL (JOHN LENNON)       , 258 , 175 , 83 , 74 , 0 , 74 , 248.6487 ,N,N
12-Jun-2014 11:25,201404,201304,London Area Airports          ,GATWICK                       ,MANCHESTER                    , 107 , 0 , 107 , 0 , 0 , 0 ,Null,N,N
12-Jun-2014 11:25,201404,201304,London Area Airports          ,GATWICK                       ,NEWCASTLE                     , 10075 , 10075 , 0 , 6607 , 6573 , 34 , 52.48978 ,N,N
12-Jun-2014 11:25,201404,201304,London Area Airports          ,GATWICK                       ,NEWQUAY                       , 10008 , 10008 , 0 , 7952 , 7952 , 0 , 25.85513 ,N,N
12-Jun-2014 11:25,201404,201304,Other Reporting Airports      ,GLASGOW                       ,ISLAY                         , 2360 , 2360 , 0 , 2246 , 2246 , 0 , 5.07569 ,N,N
12-Jun-2014 11:25,201404,201304,Other Reporting Airports      ,GLASGOW                       ,ISLE OF MAN                   , 819 , 819 , 0 , 734 , 734 , 0 , 11.58038 ,N,N
12-Jun-2014 11:25,201404,201304,Other Reporting Airports      ,GLASGOW                       ,JERSEY                        , 3507 , 3507 , 0 , 3250 , 3250 , 0 , 7.907692 ,N,N
12-Jun-2014 11:25,201404,201304,Other Reporting Airports      ,GLASGOW                       ,KIRKWALL                      , 1392 , 1392 , 0 , 1425 , 1425 , 0 ,-2.315789 ,N,N
12-Jun-2014 11:25,201404,201304,Other Reporting Airports      ,GLASGOW                       ,LEEDS BRADFORD                , 720 , 720 , 0 , 943 , 927 , 16 ,-23.64793 ,N,N
12-Jun-2014 11:25,201404,201304,Other Reporting Airports      ,GLASGOW                       ,MANCHESTER                    , 5095 , 5095 , 0 , 3997 , 3997 , 0 , 27.4706 ,N,N
12-Jun-2014 11:25,201404,201304,Other Reporting Airports      ,GLASGOW                       ,SOUTHAMPTON                   , 14047 , 14047 , 0 , 14945 , 14945 , 0 ,-6.008698 ,N,N
12-Jun-2014 11:25,201404,201304,Other Reporting Airports      ,GLASGOW                       ,STORNOWAY                     , 5040 , 5040 , 0 , 4962 , 4962 , 0 , 1.571947 ,N,N
12-Jun-2014 11:25,201404,201304,Other Reporting Airports      ,GLASGOW                       ,SUMBURGH                      , 1887 , 1887 , 0 , 1637 , 1637 , 0 , 15.27184 ,N,N
12-Jun-2014 11:25,201404,201304,Other Reporting Airports      ,GLASGOW                       ,TIREE                         , 609 , 609 , 0 , 575 , 575 , 0 , 5.913043 ,N,N
12-Jun-2014 11:25,201404,201304,Other Reporting Airports      ,GLOUCESTERSHIRE               ,ISLE OF MAN                   , 1224 , 1224 , 0 , 1190 , 1190 , 0 , 2.857143 ,N,N
12-Jun-2014 11:25,201404,201304,Other Reporting Airports      ,GUERNSEY                      ,JERSEY                        , 10611 , 10611 , 0 , 11034 , 11034 , 0 ,-3.833605 ,N,N
12-Jun-2014 11:25,201404,201304,Other Reporting Airports      ,GUERNSEY                      ,MANCHESTER                    , 5580 , 5580 , 0 , 5244 , 5244 , 0 , 6.407323 ,N,N
12-Jun-2014 11:25,201404,201304,Other Reporting Airports      ,GUERNSEY                      ,NORWICH                       , 0 , 0 , 0 , 24 , 24 , 0 ,-100 ,N,N
12-Jun-2014 11:25,201404,201304,Other Reporting Airports      ,GUERNSEY                      ,SOUTHAMPTON                   , 15164 , 15164 , 0 , 10588 , 10523 , 65 , 43.21874 ,N,N
12-Jun-2014 11:25,201404,201304,London Area Airports          ,HEATHROW                      ,ABERDEEN                      , 64583 , 64583 , 0 , 55173 , 55173 , 0 , 17.05544 ,N,N
12-Jun-2014 11:25,201404,201304,London Area Airports          ,HEATHROW                      ,BELFAST CITY (GEORGE BEST)    , 51938 , 51938 , 0 , 54329 , 54329 , 0 ,-4.400964 ,N,N
12-Jun-2014 11:25,201404,201304,London Area Airports          ,HEATHROW                      ,EDINBURGH                     , 117396 , 117396 , 0 , 96114 , 96114 , 0 , 22.14246 ,N,N
12-Jun-2014 11:25,201404,201304,London Area Airports          ,HEATHROW                      ,GLASGOW                       , 67717 , 67717 , 0 , 68178 , 68178 , 0 ,-0.6761712 ,N,N
12-Jun-2014 11:25,201404,201304,London Area Airports          ,HEATHROW                      ,LEEDS BRADFORD                , 11673 , 11673 , 0 , 9729 , 9729 , 0 , 19.9815 ,N,N
12-Jun-2014 11:25,201404,201304,London Area Airports          ,HEATHROW                      ,MANCHESTER                    , 76538 , 76538 , 0 , 68406 , 68406 , 0 , 11.88785 ,N,N
12-Jun-2014 11:25,201404,201304,London Area Airports          ,HEATHROW                      ,NEWCASTLE                     , 40708 , 40675 , 33 , 39898 , 39824 , 74 , 2.030177 ,N,N
12-Jun-2014 11:25,201404,201304,Other Reporting Airports      ,HUMBERSIDE                    ,NORWICH                       , 2 , 2 , 0 , 77 , 77 , 0 ,-97.4026 ,N,N
12-Jun-2014 11:25,201404,201304,Other Reporting Airports      ,INVERNESS                     ,KIRKWALL                      , 1527 , 1527 , 0 , 1396 , 1396 , 0 , 9.383954 ,N,N
12-Jun-2014 11:25,201404,201304,Other Reporting Airports      ,INVERNESS                     ,MANCHESTER                    , 5601 , 5601 , 0 , 4588 , 4588 , 0 , 22.07934 ,N,N
12-Jun-2014 11:25,201404,201304,Other Reporting Airports      ,INVERNESS                     ,STORNOWAY                     , 2276 , 2276 , 0 , 2706 , 2706 , 0 ,-15.89061 ,N,N
12-Jun-2014 11:25,201404,201304,Other Reporting Airports      ,INVERNESS                     ,SUMBURGH                      , 229 , 229 , 0 , 216 , 216 , 0 , 6.018518 ,N,N
12-Jun-2014 11:25,201404,201304,Other Reporting Airports      ,ISLE OF MAN                   ,LIVERPOOL (JOHN LENNON)       , 15505 , 15505 , 0 , 14412 , 14412 , 0 , 7.583958 ,N,N
12-Jun-2014 11:25,201404,201304,Other Reporting Airports      ,ISLE OF MAN                   ,MANCHESTER                    , 13162 , 13162 , 0 , 9261 , 9261 , 0 , 42.12288 ,N,N
12-Jun-2014 11:25,201404,201304,Other Reporting Airports      ,ISLE OF MAN                   ,NEWCASTLE                     , 433 , 433 , 0 , 392 , 392 , 0 , 10.45918 ,N,N
12-Jun-2014 11:25,201404,201304,Other Reporting Airports      ,ISLE OF MAN                   ,NORWICH                       , 0 , 0 , 0 , 125 , 125 , 0 ,-100 ,N,N
12-Jun-2014 11:25,201404,201304,Other Reporting Airports      ,ISLES OF SCILLY (ST.MARYS)    ,NEWQUAY                       , 1851 , 1851 , 0 , 2027 , 2027 , 0 ,-8.682782 ,N,N
12-Jun-2014 11:25,201404,201304,Other Reporting Airports      ,JERSEY                        ,LIVERPOOL (JOHN LENNON)       , 8374 , 8374 , 0 , 7603 , 7603 , 0 , 10.14073 ,N,N
12-Jun-2014 11:25,201404,201304,Other Reporting Airports      ,JERSEY                        ,MANCHESTER                    , 3984 , 3984 , 0 , 4988 , 4988 , 0 ,-20.12831 ,N,N
12-Jun-2014 11:25,201404,201304,Other Reporting Airports      ,JERSEY                        ,NEWCASTLE                     , 2080 , 2080 , 0 , 2033 , 2033 , 0 , 2.311854 ,N,N
12-Jun-2014 11:25,201404,201304,Other Reporting Airports      ,JERSEY                        ,OXFORD (KIDLINGTON)           , 0 , 0 , 0 , 36 , 36 , 0 ,-100 ,N,N
12-Jun-2014 11:25,201404,201304,Other Reporting Airports      ,JERSEY                        ,SOUTHAMPTON                   , 14324 , 14324 , 0 , 12958 , 12958 , 0 , 10.54175 ,N,N
12-Jun-2014 11:25,201404,201304,Other Reporting Airports      ,KIRKWALL                      ,NORTH RONALDSAY               , 548 , 548 , 0 , 541 , 541 , 0 , 1.2939 ,N,N
12-Jun-2014 11:25,201404,201304,Other Reporting Airports      ,KIRKWALL                      ,PAPA WESTRAY                  , 347 , 347 , 0 , 375 , 375 , 0 ,-7.466667 ,N,N
12-Jun-2014 11:25,201404,201304,Other Reporting Airports      ,KIRKWALL                      ,SANDAY                        , 245 , 245 , 0 , 252 , 252 , 0 ,-2.777778 ,N,N
12-Jun-2014 11:25,201404,201304,Other Reporting Airports      ,KIRKWALL                      ,STRONSAY                      , 245 , 245 , 0 , 265 , 265 , 0 ,-7.54717 ,N,N
12-Jun-2014 11:25,201404,201304,Other Reporting Airports      ,KIRKWALL                      ,SUMBURGH                      , 844 , 844 , 0 , 817 , 817 , 0 , 3.304774 ,N,N
12-Jun-2014 11:25,201404,201304,Other Reporting Airports      ,KIRKWALL                      ,WESTRAY                       , 251 , 251 , 0 , 293 , 293 , 0 ,-14.33447 ,N,N
12-Jun-2014 11:25,201404,201304,Other Reporting Airports      ,LEEDS BRADFORD                ,SOUTHAMPTON                   , 1466 , 1466 , 0 , 4922 , 4922 , 0 ,-70.21536 ,N,N
12-Jun-2014 11:25,201404,201304,Other Reporting Airports      ,LERWICK (TINGWALL)            ,OUT SKERRIES                  , 13 , 13 , 0 , 32 , 32 , 0 ,-59.375 ,N,N
12-Jun-2014 11:25,201404,201304,Other Reporting Airports      ,LERWICK (TINGWALL)            ,UK LIGHTSHIPS                 , 4 , 0 , 4 , 0 , 0 , 0 ,Null,N,N
12-Jun-2014 11:25,201404,201304,Other Reporting Airports      ,LERWICK (TINGWALL)            ,WHALSAY                       , 4 , 4 , 0 , 0 , 0 , 0 ,Null,N,N
12-Jun-2014 11:25,201404,201304,Other Reporting Airports      ,LIVERPOOL (JOHN LENNON)       ,NEWCASTLE                     , 0 , 0 , 0 , 64 , 0 , 64 ,-100 ,N,N
12-Jun-2014 11:25,201404,201304,Other Reporting Airports      ,LIVERPOOL (JOHN LENNON)       ,NORWICH                       , 88 , 0 , 88 , 0 , 0 , 0 ,Null,N,N
12-Jun-2014 11:25,201404,201304,Other Reporting Airports      ,LIVERPOOL (JOHN LENNON)       ,SOUTHAMPTON                   , 72 , 0 , 72 , 0 , 0 , 0 ,Null,N,N
12-Jun-2014 11:25,201404,201304,London Area Airports          ,LONDON CITY                   ,ABERDEEN                      , 5349 , 5349 , 0 , 6858 , 6858 , 0 ,-22.0035 ,N,N
12-Jun-2014 11:25,201404,201304,London Area Airports          ,LONDON CITY                   ,DUNDEE                        , 0 , 0 , 0 , 2217 , 2217 , 0 ,-100 ,N,N
12-Jun-2014 11:25,201404,201304,London Area Airports          ,LONDON CITY                   ,EDINBURGH                     , 22586 , 22586 , 0 , 27978 , 27978 , 0 ,-19.27229 ,N,N
12-Jun-2014 11:25,201404,201304,London Area Airports          ,LONDON CITY                   ,GLASGOW                       , 15930 , 15930 , 0 , 13446 , 13446 , 0 , 18.4739 ,N,N
12-Jun-2014 11:25,201404,201304,London Area Airports          ,LONDON CITY                   ,ISLE OF MAN                   , 5343 , 5343 , 0 , 4418 , 4418 , 0 , 20.93707 ,N,N
12-Jun-2014 11:25,201404,201304,London Area Airports          ,LONDON CITY                   ,JERSEY                        , 2902 , 2902 , 0 , 2802 , 2802 , 0 , 3.568879 ,N,N
12-Jun-2014 11:25,201404,201304,London Area Airports          ,LUTON                         ,ABERDEEN                      , 7230 , 7230 , 0 , 7641 , 7641 , 0 ,-5.378877 ,N,N
12-Jun-2014 11:25,201404,201304,London Area Airports          ,LUTON                         ,BELFAST CITY (GEORGE BEST)    , 48 , 0 , 48 , 0 , 0 , 0 ,Null,N,N
12-Jun-2014 11:25,201404,201304,London Area Airports          ,LUTON                         ,BELFAST INTERNATIONAL         , 22054 , 22007 , 47 , 19844 , 19427 , 417 , 11.13687 ,N,N
12-Jun-2014 11:25,201404,201304,London Area Airports          ,LUTON                         ,BRISTOL                       , 7 , 0 , 7 , 0 , 0 , 0 ,Null,N,N
12-Jun-2014 11:25,201404,201304,London Area Airports          ,LUTON                         ,EDINBURGH                     , 22205 , 22205 , 0 , 23416 , 23416 , 0 ,-5.171678 ,N,N
12-Jun-2014 11:25,201404,201304,London Area Airports          ,LUTON                         ,EXETER                        , 0 , 0 , 0 , 3 , 0 , 3 ,-100 ,N,Y
12-Jun-2014 11:25,201404,201304,London Area Airports          ,LUTON                         ,FARNBOROUGH                   , 0 , 0 , 0 , 4 , 0 , 4 ,-100 ,N,Y
12-Jun-2014 11:25,201404,201304,London Area Airports          ,LUTON                         ,GLASGOW                       , 22653 , 22653 , 0 , 22622 , 22622 , 0 , 0.1370347 ,N,N
12-Jun-2014 11:25,201404,201304,London Area Airports          ,LUTON                         ,HUMBERSIDE                    , 99 , 0 , 99 , 71 , 0 , 71 , 39.43662 ,N,N
12-Jun-2014 11:25,201404,201304,London Area Airports          ,LUTON                         ,INVERNESS                     , 8081 , 8081 , 0 , 7966 , 7966 , 0 , 1.443635 ,N,N
12-Jun-2014 11:25,201404,201304,London Area Airports          ,LUTON                         ,ISLE OF MAN                   , 0 , 0 , 0 , 883 , 883 , 0 ,-100 ,N,N
12-Jun-2014 11:25,201404,201304,London Area Airports          ,LUTON                         ,JERSEY                        , 0 , 0 , 0 , 748 , 740 , 8 ,-100 ,N,N
12-Jun-2014 11:25,201404,201304,London Area Airports          ,LUTON                         ,LIVERPOOL (JOHN LENNON)       , 0 , 0 , 0 , 37 , 0 , 37 ,-100 ,N,N
12-Jun-2014 11:25,201404,201304,London Area Airports          ,LUTON                         ,MANCHESTER                    , 8 , 0 , 8 , 0 , 0 , 0 ,Null,Y,N
12-Jun-2014 11:25,201404,201304,London Area Airports          ,LUTON                         ,NEWCASTLE                     , 307 , 155 , 152 , 4 , 0 , 4 , 7575 ,N,Y
12-Jun-2014 11:25,201404,201304,Other Reporting Airports      ,MANCHESTER                    ,NEWCASTLE                     , 79 , 0 , 79 , 0 , 0 , 0 ,Null,N,N
12-Jun-2014 11:25,201404,201304,Other Reporting Airports      ,MANCHESTER                    ,NEWQUAY                       , 3860 , 3860 , 0 , 2860 , 2860 , 0 , 34.96503 ,N,N
12-Jun-2014 11:25,201404,201304,Other Reporting Airports      ,MANCHESTER                    ,NORWICH                       , 2265 , 2265 , 0 , 2542 , 2542 , 0 ,-10.89693 ,N,N
12-Jun-2014 11:25,201404,201304,Other Reporting Airports      ,MANCHESTER                    ,SOUTHAMPTON                   , 12020 , 12020 , 0 , 10190 , 10190 , 0 , 17.95878 ,N,N
12-Jun-2014 11:25,201404,201304,Other Reporting Airports      ,NEWCASTLE                     ,SOUTHAMPTON                   , 8214 , 8214 , 0 , 7609 , 7609 , 0 , 7.95111 ,N,N
12-Jun-2014 11:25,201404,201304,Other Reporting Airports      ,PEMBREY                       ,SUMBURGH                      , 43 , 0 , 43 , 0 , 0 , 0 ,Null,N,N
12-Jun-2014 11:25,201404,201304,London Area Airports          ,SOUTHEND                      ,BELFAST INTERNATIONAL         , 0 , 0 , 0 , 9542 , 9542 , 0 ,-100 ,N,N
12-Jun-2014 11:25,201404,201304,London Area Airports          ,SOUTHEND                      ,EDINBURGH                     , 4430 , 4430 , 0 , 0 , 0 , 0 ,Null,N,N
12-Jun-2014 11:25,201404,201304,London Area Airports          ,SOUTHEND                      ,JERSEY                        , 1883 , 1883 , 0 , 5151 , 5151 , 0 ,-63.44399 ,N,N
12-Jun-2014 11:25,201404,201304,London Area Airports          ,STANSTED                      ,BELFAST INTERNATIONAL         , 25690 , 25690 , 0 , 23465 , 23465 , 0 , 9.482207 ,N,N
12-Jun-2014 11:25,201404,201304,London Area Airports          ,STANSTED                      ,CITY OF DERRY (EGLINTON)      , 9981 , 9981 , 0 , 11494 , 11494 , 0 ,-13.16339 ,N,N
12-Jun-2014 11:25,201404,201304,London Area Airports          ,STANSTED                      ,DUNDEE                        , 1297 , 1297 , 0 , 0 , 0 , 0 ,Null,N,N
12-Jun-2014 11:25,201404,201304,London Area Airports          ,STANSTED                      ,EDINBURGH                     , 26569 , 26569 , 0 , 28110 , 28110 , 0 ,-5.482035 ,N,N
12-Jun-2014 11:25,201404,201304,London Area Airports          ,STANSTED                      ,GLASGOW                       , 23791 , 23791 , 0 , 27945 , 27945 , 0 ,-14.86491 ,N,N
12-Jun-2014 11:25,201404,201304,London Area Airports          ,STANSTED                      ,GUERNSEY                      , 2563 , 2563 , 0 , 2373 , 2373 , 0 , 8.006742 ,N,N
12-Jun-2014 11:25,201404,201304,London Area Airports          ,STANSTED                      ,MANCHESTER                    , 0 , 0 , 0 , 60 , 0 , 60 ,-100 ,N,N
