rundate,report_period,reporting_airport_grp_name,reporting_airport_name,total_mail,mail_set_down_scheduled_uk,mail_picked_up_scheduled_uk,mail_set_down_scheduled_foreign_EU,mail_picked_up_scheduled_foreign_EU,mail_set_down_scheduled_foreign_non_EU,mail_picked_up_scheduled_foreign_non_EU,mail_set_down_charter_uk,mail_picked_up_charter_uk,mail_set_down_charter_foreign_EU,mail_picked_up_charter_foreign_EU,mail_set_down_charter_foreign_non_EU,mail_picked_up_charter_foreign_non_EU
10/07/2002 13:07,200204,London Area Airports,GATWICK,942.13,178.354,242.126,0.077,25.397,47.827,96.594,185.409,166.333,0.013,0,0,0
10/07/2002 13:07,200204,London Area Airports,HEATHROW,6021.85,483.676,690.418,468.915,647.121,1642.751,2088.969,0,0,0,0,0,0
10/07/2002 13:07,200204,London Area Airports,STANSTED,639.153,0.05,0.952,0.001,0,0,0,230.218,407.932,0,0,0,0
10/07/2002 13:07,200204,Other UK Airports,ABERDEEN,49.541,0.238,1.169,0,0,0.007,0,0,48.127,0,0,0,0
10/07/2002 13:07,200204,Other UK Airports,BARRA,3.589,2.948,0.641,0,0,0,0,0,0,0,0,0,0
10/07/2002 13:07,200204,Other UK Airports,BELFAST CITY,9.26,2.935,6.325,0,0,0,0,0,0,0,0,0,0
10/07/2002 13:07,200204,Other UK Airports,BELFAST INTERNATIONAL,1059.732,5.243,4.083,0,0,0,0,702.163,348.243,0,0,0,0
10/07/2002 13:07,200204,Other UK Airports,BENBECULA,3.905,0,3.905,0,0,0,0,0,0,0,0,0,0
10/07/2002 13:07,200204,Other UK Airports,BIGGIN HILL,28.939,0,0,0,0,0,0,6.42,22.519,0,0,0,0
10/07/2002 13:07,200204,Other UK Airports,BIRMINGHAM,58.996,10.799,27.346,0,15.328,0.001,5.522,0,0,0,0,0,0
10/07/2002 13:07,200204,Other UK Airports,BOURNEMOUTH,392.172,56.352,69.805,0,0,0,0,128.215,137.8,0,0,0,0
10/07/2002 13:07,200204,Other UK Airports,BRISTOL,397.427,0,1.104,0,0,0,0,189.117,207.206,0,0,0,0
10/07/2002 13:07,200204,Other UK Airports,CARDIFF WALES,3.549,0,0,0,0,0,0,3.549,0,0,0,0,0
10/07/2002 13:07,200204,Other UK Airports,COVENTRY,606.607,0,0,0,0,0,0,210.957,381.76,0,9.88,4.01,0
10/07/2002 13:07,200204,Other UK Airports,EAST MIDLANDS,811.504,0,0.234,0,0,0,0,389.186,422.084,0,0,0,0
10/07/2002 13:07,200204,Other UK Airports,EDINBURGH,3135.267,202.632,177.89,0,0.002,0,0,1115.063,830.932,283.316,131.342,188.561,205.529
10/07/2002 13:07,200204,Other UK Airports,EXETER,64.077,0,0,0,0,0,0,19.578,44.499,0,0,0,0
10/07/2002 13:07,200204,Other UK Airports,GLASGOW,45.943,8.928,32.605,2.881,0.525,0.054,0.95,0,0,0,0,0,0
10/07/2002 13:07,200204,Other UK Airports,INVERNESS,5.664,0,5.664,0,0,0,0,0,0,0,0,0,0
10/07/2002 13:07,200204,Other UK Airports,ISLAY,3.371,0.846,2.525,0,0,0,0,0,0,0,0,0,0
10/07/2002 13:07,200204,Other UK Airports,ISLE OF MAN,209.593,0.09,0,0,0,0,0,135.611,73.892,0,0,0,0
10/07/2002 13:07,200204,Other UK Airports,ISLES OF SCILLY (ST.MARYS),18,13,5,0,0,0,0,0,0,0,0,0,0
10/07/2002 13:07,200204,Other UK Airports,ISLES OF SCILLY (TRESCO),0.6,0.2,0.4,0,0,0,0,0,0,0,0,0,0
10/07/2002 13:07,200204,Other UK Airports,KIRKWALL,2.591,0.554,2.037,0,0,0,0,0,0,0,0,0,0
10/07/2002 13:07,200204,Other UK Airports,LIVERPOOL,1115.722,2.037,2.669,0,0,0,0,461.757,561.662,49.719,37.878,0,0
10/07/2002 13:07,200204,Other UK Airports,MANCHESTER,164.134,5.398,41.784,45.536,18.529,32.275,20.599,0.002,0.001,0.01,0,0,0
10/07/2002 13:07,200204,Other UK Airports,NEWCASTLE,206.872,0.605,2.335,0,0,0,0.077,97.945,105.91,0,0,0,0
10/07/2002 13:07,200204,Other UK Airports,PENZANCE HELIPORT,10,3,7,0,0,0,0,0,0,0,0,0,0
10/07/2002 13:07,200204,Other UK Airports,STORNOWAY,2.804,2.804,0,0,0,0,0,0,0,0,0,0,0
10/07/2002 13:07,200204,Other UK Airports,TEESSIDE,3.141,0,0,0,0,0,0,0,0,3.141,0,0,0
10/07/2002 13:07,200204,Other UK Airports,TIREE,2.09,1.766,0.324,0,0,0,0,0,0,0,0,0,0
10/07/2002 13:07,200204,Channel Islands Airports,ALDERNEY,13.383,10.575,2.808,0,0,0,0,0,0,0,0,0,0
10/07/2002 13:07,200204,Channel Islands Airports,GUERNSEY,202.995,9.727,23.431,0,0,0,0,99.874,69.963,0,0,0,0
10/07/2002 13:07,200204,Channel Islands Airports,JERSEY,36.572,15.731,19.631,0,0,0,0,0,1.21,0,0,0,0
