rundate,this_period,last_period,group_name,airport1_name,airport2_name,total_pax_this_period,total_pax_scheduled_this_period,total_pax_charter_this_period,total_pax_last_period,total_pax_scheduled_last_period,total_pax_charter_last_period,total_pax_percent_change
10/07/2002 13:04,200204,200104,London Area Airports,GATWICK,ABERDEEN,20048,20048,0,19904,19904,0,0.723472655
10/07/2002 13:04,200204,200104,London Area Airports,GATWICK,BELFAST CITY,22993,22993,0,21848,21848,0,5.240754128
10/07/2002 13:04,200204,200104,London Area Airports,GATWICK,BRISTOL,1264,1264,0,1348,1348,0,-6.231453896
10/07/2002 13:04,200204,200104,London Area Airports,GATWICK,EDINBURGH,56461,56461,0,32067,32061,6,76.07197571
10/07/2002 13:04,200204,200104,London Area Airports,GATWICK,GLASGOW,26079,26079,0,30110,30110,0,-13.38757896
10/07/2002 13:04,200204,200104,London Area Airports,GATWICK,GUERNSEY,25176,25176,0,30243,30243,0,-16.75428963
10/07/2002 13:04,200204,200104,London Area Airports,GATWICK,INVERNESS,12186,12186,0,12378,12378,0,-1.551139116
10/07/2002 13:04,200204,200104,London Area Airports,GATWICK,ISLE OF MAN,8153,8153,0,0,0,0,
10/07/2002 13:04,200204,200104,London Area Airports,GATWICK,JERSEY,43322,43322,0,44731,44731,0,-3.149940729
10/07/2002 13:04,200204,200104,London Area Airports,GATWICK,LEEDS BRADFORD,2751,2751,0,0,0,0,
10/07/2002 13:04,200204,200104,London Area Airports,GATWICK,MANCHESTER,34518,33595,923,41532,41532,0,-16.88818169
10/07/2002 13:04,200204,200104,London Area Airports,GATWICK,NEWCASTLE,15488,15458,30,16960,16960,0,-8.679244995
10/07/2002 13:04,200204,200104,London Area Airports,GATWICK,NEWQUAY,4618,4618,0,3189,3189,0,44.81028366
10/07/2002 13:04,200204,200104,London Area Airports,GATWICK,PLYMOUTH,3755,3755,0,6571,6571,0,-42.85496902
10/07/2002 13:04,200204,200104,London Area Airports,HEATHROW,ABERDEEN,42492,42492,0,41568,41568,0,2.222863674
10/07/2002 13:04,200204,200104,London Area Airports,HEATHROW,BELFAST CITY,51016,51016,0,0,0,0,
10/07/2002 13:04,200204,200104,London Area Airports,HEATHROW,BELFAST INTERNATIONAL,25724,25724,0,89506,89506,0,-71.26002502
10/07/2002 13:04,200204,200104,London Area Airports,HEATHROW,BLACKPOOL,0,0,0,60,0,60,
10/07/2002 13:04,200204,200104,London Area Airports,HEATHROW,EDINBURGH,129107,129107,0,133885,133885,0,-3.568734407
10/07/2002 13:04,200204,200104,London Area Airports,HEATHROW,GLASGOW,119328,119328,0,120961,120961,0,-1.350021958
10/07/2002 13:04,200204,200104,London Area Airports,HEATHROW,INVERNESS,0,0,0,33,0,33,
10/07/2002 13:04,200204,200104,London Area Airports,HEATHROW,ISLE OF MAN,0,0,0,9191,9191,0,
10/07/2002 13:04,200204,200104,London Area Airports,HEATHROW,LEEDS BRADFORD,15124,15124,0,18154,18154,0,-16.6905365
10/07/2002 13:04,200204,200104,London Area Airports,HEATHROW,MANCHESTER,104426,104426,0,117234,117234,0,-10.9251585
10/07/2002 13:04,200204,200104,London Area Airports,HEATHROW,NEWCASTLE,38080,38080,0,39659,39659,0,-3.981441736
10/07/2002 13:04,200204,200104,London Area Airports,HEATHROW,TEESSIDE,12609,12609,0,14100,14100,0,-10.57446766
10/07/2002 13:04,200204,200104,London Area Airports,LONDON CITY,ABERDEEN,2,0,2,5484,5484,0,-99.96353149
10/07/2002 13:04,200204,200104,London Area Airports,LONDON CITY,BELFAST CITY,7952,7952,0,2229,2229,0,256.7518921
10/07/2002 13:04,200204,200104,London Area Airports,LONDON CITY,DUNDEE,3654,3654,0,4146,4146,0,-11.86685944
10/07/2002 13:04,200204,200104,London Area Airports,LONDON CITY,EDINBURGH,14606,14540,66,14455,14455,0,1.044621229
10/07/2002 13:04,200204,200104,London Area Airports,LONDON CITY,GLASGOW,0,0,0,3011,3011,0,
10/07/2002 13:04,200204,200104,London Area Airports,LONDON CITY,ISLE OF MAN,3406,3406,0,2735,2735,0,24.53382111
10/07/2002 13:04,200204,200104,London Area Airports,LONDON CITY,JERSEY,8439,8439,0,8680,8680,0,-2.776497602
10/07/2002 13:04,200204,200104,London Area Airports,LUTON,ABERDEEN,13337,13337,0,12956,12956,0,2.940722466
10/07/2002 13:04,200204,200104,London Area Airports,LUTON,BELFAST INTERNATIONAL,30156,30156,0,31757,31639,118,-5.041408062
10/07/2002 13:04,200204,200104,London Area Airports,LUTON,CARDIFF WALES,57,0,57,0,0,0,
10/07/2002 13:04,200204,200104,London Area Airports,LUTON,EDINBURGH,41935,41928,7,41649,41649,0,0.686691165
10/07/2002 13:04,200204,200104,London Area Airports,LUTON,GLASGOW,40173,40168,5,42880,42880,0,-6.312966347
10/07/2002 13:04,200204,200104,London Area Airports,LUTON,INVERNESS,9379,9379,0,9488,9488,0,-1.148819566
10/07/2002 13:04,200204,200104,London Area Airports,LUTON,ISLE OF MAN,3177,3177,0,3509,3400,109,-9.461384773
10/07/2002 13:04,200204,200104,London Area Airports,LUTON,JERSEY,462,462,0,4532,4532,0,-89.80582428
10/07/2002 13:04,200204,200104,London Area Airports,LUTON,LIVERPOOL,18,0,18,0,0,0,
10/07/2002 13:04,200204,200104,London Area Airports,LUTON,MANCHESTER,795,0,795,802,0,802,-0.872817934
10/07/2002 13:04,200204,200104,London Area Airports,LUTON,STANSTED,248,0,248,0,0,0,
10/07/2002 13:04,200204,200104,London Area Airports,LUTON,WICK,90,0,90,0,0,0,
10/07/2002 13:04,200204,200104,London Area Airports,SOUTHEND,JERSEY,154,0,154,371,0,371,-58.49056625
10/07/2002 13:04,200204,200104,London Area Airports,STANSTED,BELFAST CITY,0,0,0,6956,6956,0,
10/07/2002 13:04,200204,200104,London Area Airports,STANSTED,BELFAST INTERNATIONAL,29619,29619,0,20180,20180,0,46.77403259
10/07/2002 13:04,200204,200104,London Area Airports,STANSTED,EDINBURGH,41121,41121,0,40131,40131,0,2.466920853
10/07/2002 13:04,200204,200104,London Area Airports,STANSTED,GLASGOW,26918,26918,0,21366,21366,0,25.98521042
10/07/2002 13:04,200204,200104,London Area Airports,STANSTED,GUERNSEY,3861,3861,0,4634,4634,0,-16.68105316
10/07/2002 13:04,200204,200104,London Area Airports,STANSTED,JERSEY,108,0,108,342,0,342,-68.42105103
10/07/2002 13:04,200204,200104,London Area Airports,STANSTED,LIVERPOOL,0,0,0,427,0,427,
10/07/2002 13:04,200204,200104,London Area Airports,STANSTED,LONDONDERRY,10415,10415,0,10364,10364,0,0.49208799
10/07/2002 13:04,200204,200104,London Area Airports,STANSTED,MANCHESTER,3678,2687,991,6148,3882,2266,-40.17566681
10/07/2002 13:04,200204,200104,London Area Airports,STANSTED,NEWCASTLE,15906,15782,124,5321,5232,89,198.928772
10/07/2002 13:04,200204,200104,London Area Airports,STANSTED,NEWQUAY,7326,7326,0,0,0,0,
10/07/2002 13:04,200204,200104,London Area Airports,STANSTED,PRESTWICK,54506,54506,0,52967,52967,0,2.905582666
10/07/2002 13:04,200204,200104,Other UK Airports,ABERDEEN,BELFAST CITY,599,599,0,0,0,0,
10/07/2002 13:04,200204,200104,Other UK Airports,ABERDEEN,BELFAST INTERNATIONAL,0,0,0,831,831,0,
10/07/2002 13:04,200204,200104,Other UK Airports,ABERDEEN,BIRMINGHAM,4253,4253,0,4880,4880,0,-12.84836102
10/07/2002 13:04,200204,200104,Other UK Airports,ABERDEEN,BRISTOL,2331,2331,0,6025,6025,0,-61.311203
10/07/2002 13:04,200204,200104,Other UK Airports,ABERDEEN,CARDIFF WALES,316,316,0,303,303,0,4.290429115
10/07/2002 13:04,200204,200104,Other UK Airports,ABERDEEN,EAST MIDLANDS,1256,1256,0,1283,1283,0,-2.104442596
10/07/2002 13:04,200204,200104,Other UK Airports,ABERDEEN,EDINBURGH,0,0,0,30,30,0,
10/07/2002 13:04,200204,200104,Other UK Airports,ABERDEEN,GLASGOW,323,323,0,456,456,0,-29.16666603
10/07/2002 13:04,200204,200104,Other UK Airports,ABERDEEN,HUMBERSIDE,2513,2513,0,2319,2319,0,8.365674973
10/07/2002 13:04,200204,200104,Other UK Airports,ABERDEEN,INVERNESS,0,0,0,28,0,28,
10/07/2002 13:04,200204,200104,Other UK Airports,ABERDEEN,KIRKWALL,3131,3131,0,3038,3038,0,3.061224461
10/07/2002 13:04,200204,200104,Other UK Airports,ABERDEEN,LEEDS BRADFORD,1008,1008,0,976,976,0,3.278688431
10/07/2002 13:04,200204,200104,Other UK Airports,ABERDEEN,MANCHESTER,12750,12750,0,12451,12451,0,2.401413441
10/07/2002 13:04,200204,200104,Other UK Airports,ABERDEEN,NEWCASTLE,4152,4152,0,2015,2015,0,106.0545883
10/07/2002 13:04,200204,200104,Other UK Airports,ABERDEEN,NORWICH,4505,4505,0,4769,4769,0,-5.53575182
10/07/2002 13:04,200204,200104,Other UK Airports,ABERDEEN,PLYMOUTH,62,62,0,0,0,0,
10/07/2002 13:04,200204,200104,Other UK Airports,ABERDEEN,SCATSTA,12327,0,12327,11839,0,11839,4.1219697
10/07/2002 13:04,200204,200104,Other UK Airports,ABERDEEN,SOUTHAMPTON,1071,1071,0,3578,3578,0,-70.06707764
10/07/2002 13:04,200204,200104,Other UK Airports,ABERDEEN,SUMBURGH,6063,5724,339,6471,6471,0,-6.305053234
10/07/2002 13:04,200204,200104,Other UK Airports,ABERDEEN,TEESSIDE,1652,1652,0,1545,1545,0,6.925566196
10/07/2002 13:04,200204,200104,Other UK Airports,ABERDEEN,WICK,612,612,0,629,629,0,-2.702702761
10/07/2002 13:04,200204,200104,Other UK Airports,ALDERNEY,BOURNEMOUTH,594,594,0,0,0,0,
10/07/2002 13:04,200204,200104,Other UK Airports,ALDERNEY,GUERNSEY,2460,2460,0,2721,2721,0,-9.592061996
10/07/2002 13:04,200204,200104,Other UK Airports,ALDERNEY,JERSEY,761,761,0,797,797,0,-4.516938686
10/07/2002 13:04,200204,200104,Other UK Airports,ALDERNEY,SOUTHAMPTON,2083,2083,0,2288,2288,0,-8.95979023
10/07/2002 13:04,200204,200104,Other UK Airports,BARRA,BENBECULA,220,220,0,223,223,0,-1.345291495
10/07/2002 13:04,200204,200104,Other UK Airports,BARRA,GLASGOW,518,518,0,444,444,0,16.66666603
10/07/2002 13:04,200204,200104,Other UK Airports,BELFAST CITY,BIRMINGHAM,14842,14812,30,13993,13993,0,6.067319393
10/07/2002 13:04,200204,200104,Other UK Airports,BELFAST CITY,BLACKPOOL,0,0,0,351,351,0,
10/07/2002 13:04,200204,200104,Other UK Airports,BELFAST CITY,BRISTOL,4919,4919,0,4762,4762,0,3.296934128
10/07/2002 13:04,200204,200104,Other UK Airports,BELFAST CITY,CARDIFF WALES,961,961,0,0,0,0,
10/07/2002 13:04,200204,200104,Other UK Airports,BELFAST CITY,EAST MIDLANDS,7537,7516,21,0,0,0,
10/07/2002 13:04,200204,200104,Other UK Airports,BELFAST CITY,EDINBURGH,2625,2625,0,6614,6614,0,-60.3114624
10/07/2002 13:04,200204,200104,Other UK Airports,BELFAST CITY,EXETER,0,0,0,260,260,0,
10/07/2002 13:04,200204,200104,Other UK Airports,BELFAST CITY,GLASGOW,3139,3139,0,8891,8891,0,-64.69463348
10/07/2002 13:04,200204,200104,Other UK Airports,BELFAST CITY,ISLE OF MAN,2672,2672,0,1621,1621,0,64.83651733
10/07/2002 13:04,200204,200104,Other UK Airports,BELFAST CITY,JERSEY,141,141,0,0,0,0,
10/07/2002 13:04,200204,200104,Other UK Airports,BELFAST CITY,LEEDS BRADFORD,7989,7940,49,6964,6964,0,14.71855259
10/07/2002 13:04,200204,200104,Other UK Airports,BELFAST CITY,LIVERPOOL,0,0,0,1193,1193,0,
10/07/2002 13:04,200204,200104,Other UK Airports,BELFAST CITY,MANCHESTER,11003,11003,0,8938,8938,0,23.10360336
10/07/2002 13:04,200204,200104,Other UK Airports,BELFAST CITY,NEWCASTLE,8177,8177,0,10522,10522,0,-22.28663826
10/07/2002 13:04,200204,200104,Other UK Airports,BELFAST CITY,SHEFFIELD CITY,1391,1391,0,1942,1942,0,-28.37281227
10/07/2002 13:04,200204,200104,Other UK Airports,BELFAST CITY,SOUTHAMPTON,1676,1676,0,2118,2118,0,-20.8687439
10/07/2002 13:04,200204,200104,Other UK Airports,BELFAST INTERNATIONAL,BIRMINGHAM,9800,9800,0,13531,13531,0,-27.57371902
10/07/2002 13:04,200204,200104,Other UK Airports,BELFAST INTERNATIONAL,BLACKPOOL,76,76,0,0,0,0,
10/07/2002 13:04,200204,200104,Other UK Airports,BELFAST INTERNATIONAL,BRISTOL,12359,12359,0,0,0,0,
10/07/2002 13:04,200204,200104,Other UK Airports,BELFAST INTERNATIONAL,CARDIFF WALES,0,0,0,1474,1474,0,
10/07/2002 13:04,200204,200104,Other UK Airports,BELFAST INTERNATIONAL,EAST MIDLANDS,0,0,0,6080,6080,0,
10/07/2002 13:04,200204,200104,Other UK Airports,BELFAST INTERNATIONAL,EDINBURGH,29785,29785,0,2275,1814,461,1209.230713
10/07/2002 13:04,200204,200104,Other UK Airports,BELFAST INTERNATIONAL,GLASGOW,33865,33865,0,1995,1995,0,1597.493774
10/07/2002 13:04,200204,200104,Other UK Airports,BELFAST INTERNATIONAL,ISLE OF MAN,24,24,0,0,0,0,
10/07/2002 13:04,200204,200104,Other UK Airports,BELFAST INTERNATIONAL,JERSEY,0,0,0,527,527,0,
10/07/2002 13:04,200204,200104,Other UK Airports,BELFAST INTERNATIONAL,LIVERPOOL,39635,39635,0,38211,38211,0,3.72667551
10/07/2002 13:04,200204,200104,Other UK Airports,BELFAST INTERNATIONAL,MANCHESTER,213,0,213,6851,6851,0,-96.89096832
10/07/2002 13:04,200204,200104,Other UK Airports,BENBECULA,GLASGOW,1626,1626,0,1805,1805,0,-9.916897774
10/07/2002 13:04,200204,200104,Other UK Airports,BENBECULA,STORNOWAY,789,789,0,706,706,0,11.75637436
10/07/2002 13:04,200204,200104,Other UK Airports,BIGGIN HILL,BLACKPOOL,0,0,0,178,178,0,
10/07/2002 13:04,200204,200104,Other UK Airports,BIGGIN HILL,GLASGOW,4,0,4,0,0,0,
10/07/2002 13:04,200204,200104,Other UK Airports,BIGGIN HILL,LEEDS BRADFORD,59,0,59,0,0,0,
10/07/2002 13:04,200204,200104,Other UK Airports,BIGGIN HILL,NEWCASTLE,35,0,35,0,0,0,
10/07/2002 13:04,200204,200104,Other UK Airports,BIRMINGHAM,BRISTOL,573,0,573,0,0,0,
10/07/2002 13:04,200204,200104,Other UK Airports,BIRMINGHAM,EDINBURGH,26224,26224,0,23968,23840,128,9.412549973
10/07/2002 13:04,200204,200104,Other UK Airports,BIRMINGHAM,EXETER,0,0,0,3015,3015,0,
10/07/2002 13:04,200204,200104,Other UK Airports,BIRMINGHAM,GLASGOW,23906,23906,0,24027,24027,0,-0.503600121
10/07/2002 13:04,200204,200104,Other UK Airports,BIRMINGHAM,GUERNSEY,3870,3870,0,2752,2752,0,40.625
10/07/2002 13:04,200204,200104,Other UK Airports,BIRMINGHAM,ISLE OF MAN,3377,3377,0,3544,3544,0,-4.712189674
10/07/2002 13:04,200204,200104,Other UK Airports,BIRMINGHAM,JERSEY,7297,6948,349,7389,6649,740,-1.245094061
10/07/2002 13:04,200204,200104,Other UK Airports,BIRMINGHAM,MANCHESTER,0,0,0,28,0,28,
10/07/2002 13:04,200204,200104,Other UK Airports,BIRMINGHAM,NEWCASTLE,2198,2198,0,2762,2762,0,-20.41998482
10/07/2002 13:04,200204,200104,Other UK Airports,BIRMINGHAM,WICK,34,0,34,0,0,0,
10/07/2002 13:04,200204,200104,Other UK Airports,BLACKPOOL,EDINBURGH,0,0,0,30,0,30,
10/07/2002 13:04,200204,200104,Other UK Airports,BLACKPOOL,ISLE OF MAN,689,689,0,38,38,0,1713.157837
10/07/2002 13:04,200204,200104,Other UK Airports,BLACKPOOL,JERSEY,0,0,0,61,0,61,
10/07/2002 13:04,200204,200104,Other UK Airports,BOURNEMOUTH,EDINBURGH,0,0,0,11,0,11,
10/07/2002 13:04,200204,200104,Other UK Airports,BOURNEMOUTH,GUERNSEY,0,0,0,4,0,4,
10/07/2002 13:04,200204,200104,Other UK Airports,BOURNEMOUTH,JERSEY,960,0,960,946,0,946,1.47991538
10/07/2002 13:04,200204,200104,Other UK Airports,BRISTOL,CARDIFF WALES,123,0,123,0,0,0,
10/07/2002 13:04,200204,200104,Other UK Airports,BRISTOL,EDINBURGH,24524,24524,0,10220,10220,0,139.9608612
10/07/2002 13:04,200204,200104,Other UK Airports,BRISTOL,GLASGOW,22000,22000,0,8703,8703,0,152.7863922
10/07/2002 13:04,200204,200104,Other UK Airports,BRISTOL,GUERNSEY,0,0,0,1163,1163,0,
10/07/2002 13:04,200204,200104,Other UK Airports,BRISTOL,ISLE OF MAN,232,232,0,1260,1260,0,-81.58730316
10/07/2002 13:04,200204,200104,Other UK Airports,BRISTOL,ISLES OF SCILLY (ST.MARYS),464,464,0,502,502,0,-7.569721222
10/07/2002 13:04,200204,200104,Other UK Airports,BRISTOL,JERSEY,1833,1788,45,389,389,0,371.2082214
10/07/2002 13:04,200204,200104,Other UK Airports,BRISTOL,MANCHESTER,466,0,466,219,0,219,112.7853851
10/07/2002 13:04,200204,200104,Other UK Airports,BRISTOL,NEWCASTLE,2507,2507,0,396,396,0,533.0808105
10/07/2002 13:04,200204,200104,Other UK Airports,BRISTOL,PLYMOUTH,1860,1860,0,2462,2462,0,-24.45166588
10/07/2002 13:04,200204,200104,Other UK Airports,CAMBRIDGE,WICK,0,0,0,86,0,86,
10/07/2002 13:04,200204,200104,Other UK Airports,CAMPBELTOWN,GLASGOW,679,679,0,626,626,0,8.466453552
10/07/2002 13:04,200204,200104,Other UK Airports,CARDIFF WALES,EDINBURGH,1974,1833,141,2262,2262,0,-12.73209572
10/07/2002 13:04,200204,200104,Other UK Airports,CARDIFF WALES,GLASGOW,1470,1402,68,2135,2135,0,-31.14754105
10/07/2002 13:04,200204,200104,Other UK Airports,CARDIFF WALES,JERSEY,1603,1603,0,2141,2141,0,-25.12844467
10/07/2002 13:04,200204,200104,Other UK Airports,CARDIFF WALES,MANCHESTER,0,0,0,182,181,1,
10/07/2002 13:04,200204,200104,Other UK Airports,CARDIFF WALES,NEWCASTLE,461,461,0,754,754,0,-38.85941696
10/07/2002 13:04,200204,200104,Other UK Airports,CARDIFF WALES,SOUTHAMPTON,132,132,0,82,82,0,60.97560883
10/07/2002 13:04,200204,200104,Other UK Airports,EAST MIDLANDS,EDINBURGH,14528,14528,0,5351,5351,0,171.5006561
10/07/2002 13:04,200204,200104,Other UK Airports,EAST MIDLANDS,GLASGOW,8484,8484,0,8872,8872,0,-4.373309135
10/07/2002 13:04,200204,200104,Other UK Airports,EAST MIDLANDS,GUERNSEY,800,800,0,960,960,0,-16.66666603
10/07/2002 13:04,200204,200104,Other UK Airports,EAST MIDLANDS,JERSEY,3931,3616,315,5306,5306,0,-25.91405869
10/07/2002 13:04,200204,200104,Other UK Airports,EDAY,KIRKWALL,11,11,0,30,30,0,-63.33333206
10/07/2002 13:04,200204,200104,Other UK Airports,EDINBURGH,EXETER,0,0,0,2,0,2,
10/07/2002 13:04,200204,200104,Other UK Airports,EDINBURGH,GLASGOW,10,10,0,0,0,0,
10/07/2002 13:04,200204,200104,Other UK Airports,EDINBURGH,GUERNSEY,0,0,0,175,175,0,
10/07/2002 13:04,200204,200104,Other UK Airports,EDINBURGH,HUMBERSIDE,109,109,0,0,0,0,
10/07/2002 13:04,200204,200104,Other UK Airports,EDINBURGH,INVERNESS,1195,1131,64,0,0,0,
10/07/2002 13:04,200204,200104,Other UK Airports,EDINBURGH,JERSEY,244,244,0,415,415,0,-41.20481873
10/07/2002 13:04,200204,200104,Other UK Airports,EDINBURGH,KIRKWALL,1758,1758,0,2490,2490,0,-29.39759064
10/07/2002 13:04,200204,200104,Other UK Airports,EDINBURGH,LEEDS BRADFORD,3930,3930,0,2501,2501,0,57.137146
10/07/2002 13:04,200204,200104,Other UK Airports,EDINBURGH,MANCHESTER,14840,14839,1,13976,13976,0,6.182026386
10/07/2002 13:04,200204,200104,Other UK Airports,EDINBURGH,NORWICH,1788,1788,0,1945,1945,0,-8.071979523
10/07/2002 13:04,200204,200104,Other UK Airports,EDINBURGH,PLYMOUTH,0,0,0,97,97,0,
10/07/2002 13:04,200204,200104,Other UK Airports,EDINBURGH,SCATSTA,0,0,0,32,0,32,
10/07/2002 13:04,200204,200104,Other UK Airports,EDINBURGH,SOUTHAMPTON,5551,5551,0,6091,6091,0,-8.865539551
10/07/2002 13:04,200204,200104,Other UK Airports,EDINBURGH,STORNOWAY,629,629,0,889,889,0,-29.24634361
10/07/2002 13:04,200204,200104,Other UK Airports,EDINBURGH,SUMBURGH,1257,1257,0,1321,1321,0,-4.844814301
10/07/2002 13:04,200204,200104,Other UK Airports,EDINBURGH,TEESSIDE,0,0,0,38,0,38,
10/07/2002 13:04,200204,200104,Other UK Airports,EDINBURGH,WICK,622,622,0,698,698,0,-10.88825226
10/07/2002 13:04,200204,200104,Other UK Airports,EXETER,GATWICK,0,0,0,6,0,6,
10/07/2002 13:04,200204,200104,Other UK Airports,EXETER,GUERNSEY,2580,2580,0,2193,2193,0,17.64705849
10/07/2002 13:04,200204,200104,Other UK Airports,EXETER,ISLES OF SCILLY (ST.MARYS),602,602,0,526,526,0,14.44866943
10/07/2002 13:04,200204,200104,Other UK Airports,EXETER,JERSEY,3801,3801,0,2916,2916,0,30.34979439
10/07/2002 13:04,200204,200104,Other UK Airports,FAIR ISLE,LERWICK  (TINGWALL),147,147,0,149,149,0,-1.342281938
10/07/2002 13:04,200204,200104,Other UK Airports,FARNBOROUGH,SOUTHAMPTON,18,0,18,0,0,0,
10/07/2002 13:04,200204,200104,Other UK Airports,FILTON,HAWARDEN,189,0,189,253,0,253,-25.29644203
10/07/2002 13:04,200204,200104,Other UK Airports,GLASGOW,INVERNESS,2279,2279,0,1261,1261,0,80.72957611
10/07/2002 13:04,200204,200104,Other UK Airports,GLASGOW,ISLAY,1855,1855,0,1551,1551,0,19.60025787
10/07/2002 13:04,200204,200104,Other UK Airports,GLASGOW,ISLE OF MAN,1904,1904,0,2173,2173,0,-12.37919903
10/07/2002 13:04,200204,200104,Other UK Airports,GLASGOW,JERSEY,596,596,0,1536,1503,33,-61.19791794
10/07/2002 13:04,200204,200104,Other UK Airports,GLASGOW,KIRKWALL,437,437,0,630,630,0,-30.63492012
10/07/2002 13:04,200204,200104,Other UK Airports,GLASGOW,LEEDS BRADFORD,3365,3365,0,2827,2827,0,19.03077507
10/07/2002 13:04,200204,200104,Other UK Airports,GLASGOW,LONDONDERRY,1028,1028,0,2072,2072,0,-50.38610077
10/07/2002 13:04,200204,200104,Other UK Airports,GLASGOW,MANCHESTER,11212,11010,202,12065,12065,0,-7.070037365
10/07/2002 13:04,200204,200104,Other UK Airports,GLASGOW,PLYMOUTH,79,79,0,497,497,0,-84.10462952
10/07/2002 13:04,200204,200104,Other UK Airports,GLASGOW,SOUTHAMPTON,4987,4987,0,5479,5479,0,-8.979741096
10/07/2002 13:04,200204,200104,Other UK Airports,GLASGOW,STORNOWAY,3830,3830,0,4122,4122,0,-7.083940029
10/07/2002 13:04,200204,200104,Other UK Airports,GLASGOW,SUMBURGH,1076,1076,0,1810,1810,0,-40.55248642
10/07/2002 13:04,200204,200104,Other UK Airports,GLASGOW,TIREE,379,379,0,402,402,0,-5.721393108
10/07/2002 13:04,200204,200104,Other UK Airports,GUERNSEY,JERSEY,14181,14181,0,13615,13615,0,4.157179356
10/07/2002 13:04,200204,200104,Other UK Airports,GUERNSEY,MANCHESTER,3679,3679,0,4600,4600,0,-20.02173996
10/07/2002 13:04,200204,200104,Other UK Airports,GUERNSEY,NEWCASTLE,0,0,0,74,74,0,
10/07/2002 13:04,200204,200104,Other UK Airports,GUERNSEY,NORWICH,0,0,0,19,19,0,
10/07/2002 13:04,200204,200104,Other UK Airports,GUERNSEY,SOUTHAMPTON,10249,10249,0,10976,10976,0,-6.623542309
10/07/2002 13:04,200204,200104,Other UK Airports,HUMBERSIDE,MANCHESTER,1,0,1,0,0,0,
10/07/2002 13:04,200204,200104,Other UK Airports,INVERNESS,KIRKWALL,1327,1327,0,411,411,0,222.871048
10/07/2002 13:04,200204,200104,Other UK Airports,INVERNESS,STORNOWAY,2147,2147,0,1922,1922,0,11.70655537
10/07/2002 13:04,200204,200104,Other UK Airports,INVERNESS,SUMBURGH,0,0,0,714,714,0,
10/07/2002 13:04,200204,200104,Other UK Airports,ISLE OF MAN,JERSEY,0,0,0,798,798,0,
10/07/2002 13:04,200204,200104,Other UK Airports,ISLE OF MAN,LEEDS BRADFORD,890,890,0,866,866,0,2.771362543
10/07/2002 13:04,200204,200104,Other UK Airports,ISLE OF MAN,LIVERPOOL,15242,15242,0,17137,17137,0,-11.05794525
10/07/2002 13:04,200204,200104,Other UK Airports,ISLE OF MAN,MANCHESTER,7269,7269,0,7943,7943,0,-8.485459328
10/07/2002 13:04,200204,200104,Other UK Airports,ISLE OF MAN,NEWCASTLE,577,577,0,0,0,0,
10/07/2002 13:04,200204,200104,Other UK Airports,ISLE OF MAN,SOUTHAMPTON,267,267,0,277,277,0,-3.610108376
10/07/2002 13:04,200204,200104,Other UK Airports,JERSEY,LEEDS BRADFORD,2192,2192,0,2257,2257,0,-2.879929066
10/07/2002 13:04,200204,200104,Other UK Airports,JERSEY,LIVERPOOL,0,0,0,18,18,0,
10/07/2002 13:04,200204,200104,Other UK Airports,JERSEY,MANCHESTER,5590,5590,0,7867,7162,705,-28.94368935
10/07/2002 13:04,200204,200104,Other UK Airports,JERSEY,NEWCASTLE,0,0,0,414,414,0,
10/07/2002 13:04,200204,200104,Other UK Airports,JERSEY,NORWICH,0,0,0,105,105,0,
10/07/2002 13:04,200204,200104,Other UK Airports,JERSEY,PLYMOUTH,0,0,0,156,156,0,
10/07/2002 13:04,200204,200104,Other UK Airports,JERSEY,SOUTHAMPTON,11754,11754,0,13418,13418,0,-12.40125179
10/07/2002 13:04,200204,200104,Other UK Airports,JERSEY,TEESSIDE,198,198,0,556,556,0,-64.38848877
10/07/2002 13:04,200204,200104,Other UK Airports,KIRKWALL,NORTH RONALDSAY,355,355,0,283,283,0,25.44169617
10/07/2002 13:04,200204,200104,Other UK Airports,KIRKWALL,PAPA WESTRAY,204,204,0,193,193,0,5.699481964
10/07/2002 13:04,200204,200104,Other UK Airports,KIRKWALL,SANDAY,170,170,0,139,139,0,22.30215836
10/07/2002 13:04,200204,200104,Other UK Airports,KIRKWALL,STRONSAY,188,188,0,160,160,0,17.5
10/07/2002 13:04,200204,200104,Other UK Airports,KIRKWALL,SUMBURGH,645,645,0,635,635,0,1.574803114
10/07/2002 13:04,200204,200104,Other UK Airports,KIRKWALL,WESTRAY,224,224,0,144,144,0,55.55555725
10/07/2002 13:04,200204,200104,Other UK Airports,KIRKWALL,WICK,788,788,0,24,24,0,3183.333252
10/07/2002 13:04,200204,200104,Other UK Airports,LEEDS BRADFORD,SOUTHAMPTON,1731,1731,0,1958,1958,0,-11.59346294
10/07/2002 13:04,200204,200104,Other UK Airports,LIVERPOOL,SOUTHAMPTON,56,0,56,0,0,0,
10/07/2002 13:04,200204,200104,Other UK Airports,LONDONDERRY,MANCHESTER,1321,1321,0,1404,1404,0,-5.911680698
10/07/2002 13:04,200204,200104,Other UK Airports,MANCHESTER,NEWCASTLE,2,0,2,0,0,0,
10/07/2002 13:04,200204,200104,Other UK Airports,MANCHESTER,NORWICH,1340,1340,0,1103,1103,0,21.48685455
10/07/2002 13:04,200204,200104,Other UK Airports,MANCHESTER,SOUTHAMPTON,4730,4730,0,5392,5392,0,-12.2774477
10/07/2002 13:04,200204,200104,Other UK Airports,MANCHESTER,WICK,36,0,36,0,0,0,
10/07/2002 13:04,200204,200104,Other UK Airports,NEWCASTLE,SOUTHAMPTON,2302,2302,0,3002,2940,62,-23.31778908
10/07/2002 13:04,200204,200104,Other UK Airports,PRESTWICK,SOUTHAMPTON,19,0,19,0,0,0,
10/07/2002 13:04,200204,200104,Other UK Airports,SCATSTA,SUMBURGH,44,0,44,0,0,0,
10/07/2002 13:04,200204,200104,Other UK Airports,SOUTHAMPTON,WARTON,22,0,22,0,0,0,
10/07/2002 13:04,200204,200104,Other UK Airports,SUMBURGH,WICK,0,0,0,177,177,0,
