rundate,report_period,reporting_airport_group_name,reporting_airport_name,total_pax,pax_terminal_scheduled_uk,pax_transit_scheduled_uk,pax_terminal_scheduled_foreign_EU,pax_transit_scheduled_foreign_EU,pax_terminal_scheduled_foreign_non_EU,pax_transit_scheduled_foreign_non_EU,pax_terminal_charter_uk,pax_transit_charter_uk,pax_terminal_charter_foreign_EU,pax_transit_charter_foreign_EU,pax_terminal_charter_foreign_non_EU,pax_transit_charter_foreign_non_EU
10/07/2002 12:58,200204,London Area Airports,GATWICK,2088714,1061216,0,121465,54,296991,8,577428,13620,5841,0,11899,192
10/07/2002 12:58,200204,London Area Airports,HEATHROW,5097115,2701966,0,1007482,0,1359323,21065,6250,0,0,0,1029,0
10/07/2002 12:58,200204,London Area Airports,LONDON CITY,144649,44788,0,74324,0,25407,0,65,0,65,0,0,0
10/07/2002 12:58,200204,London Area Airports,LUTON,457210,331633,0,27403,0,46737,0,46106,1268,988,1,3074,0
10/07/2002 12:58,200204,London Area Airports,SOUTHEND,154,0,0,0,0,0,0,154,0,0,0,0,0
10/07/2002 12:58,200204,London Area Airports,STANSTED,1218816,490389,0,655057,0,18540,0,53754,113,963,0,0,0
10/07/2002 12:58,200204,Miscellaneous,METRO LONDON HELIPORT,290,0,0,0,0,0,0,290,0,0,0,0,0
10/07/2002 12:58,200204,Other UK Airports,ABERDEEN,211040,138800,34,5476,0,12556,0,48558,0,5206,15,330,65
10/07/2002 12:58,200204,Other UK Airports,BARRA,738,738,0,0,0,0,0,0,0,0,0,0,0
10/07/2002 12:58,200204,Other UK Airports,BELFAST CITY,147624,146994,535,0,0,0,0,95,0,0,0,0,0
10/07/2002 12:58,200204,Other UK Airports,BELFAST INTERNATIONAL,259818,223910,0,0,0,0,0,27170,1452,5489,0,1797,0
10/07/2002 12:58,200204,Other UK Airports,BENBECULA,2621,2621,0,0,0,0,0,0,0,0,0,0,0
10/07/2002 12:58,200204,Other UK Airports,BIRMINGHAM,581776,281041,6370,99130,0,54154,2688,126065,888,6461,0,4979,0
10/07/2002 12:58,200204,Other UK Airports,BLACKPOOL,8791,556,0,0,0,209,0,6283,0,1513,0,230,0
10/07/2002 12:58,200204,Other UK Airports,BOURNEMOUTH,30317,702,0,15031,0,0,0,11861,0,1427,0,1296,0
10/07/2002 12:58,200204,Other UK Airports,BRISTOL,245176,148429,1082,29836,13,0,0,61108,1650,2012,0,1046,0
10/07/2002 12:58,200204,Other UK Airports,CAMBRIDGE,334,0,36,13,0,0,0,16,0,269,0,0,0
10/07/2002 12:58,200204,Other UK Airports,CAMPBELTOWN,679,679,0,0,0,0,0,0,0,0,0,0,0
10/07/2002 12:58,200204,Other UK Airports,CARDIFF WALES,76938,18134,0,17539,18,0,0,40125,983,139,0,0,0
10/07/2002 12:58,200204,Other UK Airports,COVENTRY,185,0,0,0,0,0,0,0,0,185,0,0,0
10/07/2002 12:58,200204,Other UK Airports,DUNDEE,3602,3602,0,0,0,0,0,0,0,0,0,0,0
10/07/2002 12:58,200204,Other UK Airports,EAST MIDLANDS,209556,134692,0,0,0,0,0,69713,0,2623,0,2528,0
10/07/2002 12:58,200204,Other UK Airports,EDINBURGH,550159,470407,2319,57491,0,430,0,12600,0,6786,0,126,0
10/07/2002 12:58,200204,Other UK Airports,EXETER,27178,8530,718,79,0,0,0,8723,204,6172,0,2752,0
10/07/2002 12:58,200204,Other UK Airports,GLASGOW,547525,392520,51,14519,0,23434,205,96801,1785,11163,351,6696,0
10/07/2002 12:58,200204,Other UK Airports,HAWARDEN,189,0,0,0,0,0,0,189,0,0,0,0,0
10/07/2002 12:58,200204,Other UK Airports,HUMBERSIDE,30761,14530,0,0,0,0,0,9678,0,6553,0,0,0
10/07/2002 12:58,200204,Other UK Airports,INVERNESS,30570,28227,1925,0,0,0,0,132,0,0,0,286,0
10/07/2002 12:58,200204,Other UK Airports,ISLAY,1880,1878,0,0,0,0,0,2,0,0,0,0,0
10/07/2002 12:58,200204,Other UK Airports,ISLE OF MAN,56730,54176,1677,0,0,130,53,588,0,0,0,106,0
10/07/2002 12:58,200204,Other UK Airports,ISLES OF SCILLY (ST.MARYS),14359,14209,128,0,0,0,0,22,0,0,0,0,0
10/07/2002 12:58,200204,Other UK Airports,ISLES OF SCILLY (TRESCO),5451,5209,242,0,0,0,0,0,0,0,0,0,0
10/07/2002 12:58,200204,Other UK Airports,KIRKWALL,8467,7656,811,0,0,0,0,0,0,0,0,0,0
10/07/2002 12:58,200204,Other UK Airports,LEEDS BRADFORD,109861,66113,345,12911,0,0,0,26328,0,4152,0,12,0
10/07/2002 12:58,200204,Other UK Airports,LERWICK  (TINGWALL),147,147,0,0,0,0,0,0,0,0,0,0,0
10/07/2002 12:58,200204,Other UK Airports,LIVERPOOL,179226,153381,23,15084,0,2034,0,3611,0,5093,0,0,0
10/07/2002 12:58,200204,Other UK Airports,LONDONDERRY,14339,3919,0,10401,0,0,0,17,0,2,0,0,0
10/07/2002 12:58,200204,Other UK Airports,MANCHESTER,1263171,432470,147,183854,284,138048,10037,472439,6046,11951,167,7545,183
10/07/2002 12:58,200204,Other UK Airports,NEWCASTLE,219466,134954,3128,7011,0,2634,0,61640,1800,5953,317,2029,0
10/07/2002 12:58,200204,Other UK Airports,NORWICH,30170,17806,0,0,0,0,0,5411,0,4616,0,2337,0
10/07/2002 12:58,200204,Other UK Airports,PENZANCE HELIPORT,14828,14828,0,0,0,0,0,0,0,0,0,0,0
10/07/2002 12:58,200204,Other UK Airports,PLYMOUTH,10321,7695,2626,0,0,0,0,0,0,0,0,0,0
10/07/2002 12:58,200204,Other UK Airports,PRESTWICK,114083,0,0,103073,1,0,1,298,407,10033,0,0,270
10/07/2002 12:58,200204,Other UK Airports,SCATSTA,21423,0,0,0,0,0,0,21423,0,0,0,0,0
10/07/2002 12:58,200204,Other UK Airports,SHEFFIELD CITY,1463,1463,0,0,0,0,0,0,0,0,0,0,0
10/07/2002 12:58,200204,Other UK Airports,SHOREHAM,93,0,0,0,0,0,0,81,12,0,0,0,0
10/07/2002 12:58,200204,Other UK Airports,SOUTHAMPTON,63030,56464,15,5166,0,0,0,254,0,1131,0,0,0
10/07/2002 12:58,200204,Other UK Airports,STORNOWAY,7271,7211,60,0,0,0,0,0,0,0,0,0,0
10/07/2002 12:58,200204,Other UK Airports,SUMBURGH,10474,9165,0,0,0,0,0,395,555,359,0,0,0
10/07/2002 12:58,200204,Other UK Airports,TEESSIDE,40052,21707,0,5808,0,0,0,6751,13,5773,0,0,0
10/07/2002 12:58,200204,Other UK Airports,TIREE,374,374,0,0,0,0,0,0,0,0,0,0,0
10/07/2002 12:58,200204,Other UK Airports,WICK,2229,1439,585,0,0,0,0,0,45,160,0,0,0
10/07/2002 12:58,200204,Channel Islands Airports,ALDERNEY,5878,5872,6,0,0,0,0,0,0,0,0,0,0
10/07/2002 12:58,200204,Channel Islands Airports,GUERNSEY,73042,68408,2904,0,0,695,465,103,0,351,116,0,0
10/07/2002 12:58,200204,Channel Islands Airports,JERSEY,116864,108422,2186,680,34,1270,379,2467,0,1090,17,319,0
