rundate,this_period,last_period,group_name,airport_1_name,airport_2_name,total_pax_this_period,total_pax_scheduled_this_period,total_pax_charter_this_period,total_pax_last_period,total_pax_scheduled_last_period,total_pax_charter_last_period,total_pax_percent,charters_tm_only_small_acf,charters_lm_only_small_acf
17-Sep-2014 08:57,201407,201307,Other Reporting Airports      ,ABERDEEN                      ,BELFAST CITY (GEORGE BEST)    , 3795 , 3795 , 0 , 3422 , 3422 , 0 , 10.90006 ,N,N
17-Sep-2014 08:57,201407,201307,Other Reporting Airports      ,ABERDEEN                      ,BIRMINGHAM                    , 12918 , 12549 , 369 , 9171 , 9171 , 0 , 40.85705 ,N,N
17-Sep-2014 08:57,201407,201307,Other Reporting Airports      ,ABERDEEN                      ,BRISTOL                       , 3093 , 3093 , 0 , 3222 , 3222 , 0 ,-4.003725 ,N,N
17-Sep-2014 08:57,201407,201307,Other Reporting Airports      ,ABERDEEN                      ,CARDIFF WALES                 , 1058 , 1058 , 0 , 1157 , 1157 , 0 ,-8.556612 ,N,N
17-Sep-2014 08:57,201407,201307,Other Reporting Airports      ,ABERDEEN                      ,DURHAM TEES VALLEY            , 3071 , 3071 , 0 , 2945 , 2945 , 0 , 4.278438 ,N,N
17-Sep-2014 08:57,201407,201307,Other Reporting Airports      ,ABERDEEN                      ,EAST MIDLANDS INTERNATIONAL   , 1359 , 1359 , 0 , 1458 , 1458 , 0 ,-6.790123 ,N,N
17-Sep-2014 08:57,201407,201307,Other Reporting Airports      ,ABERDEEN                      ,FARNBOROUGH                   , 0 , 0 , 0 , 13 , 0 , 13 ,-100 ,N,N
17-Sep-2014 08:57,201407,201307,Other Reporting Airports      ,ABERDEEN                      ,GLASGOW                       , 0 , 0 , 0 , 9 , 0 , 9 ,-100 ,N,N
17-Sep-2014 08:57,201407,201307,Other Reporting Airports      ,ABERDEEN                      ,HUMBERSIDE                    , 3173 , 3173 , 0 , 3139 , 3139 , 0 , 1.083148 ,N,N
17-Sep-2014 08:57,201407,201307,Other Reporting Airports      ,ABERDEEN                      ,JERSEY                        , 547 , 547 , 0 , 520 , 520 , 0 , 5.192307 ,N,N
17-Sep-2014 08:57,201407,201307,Other Reporting Airports      ,ABERDEEN                      ,KIRKWALL                      , 4591 , 4515 , 76 , 4725 , 4691 , 34 ,-2.835979 ,N,N
17-Sep-2014 08:57,201407,201307,Other Reporting Airports      ,ABERDEEN                      ,LEEDS BRADFORD                , 625 , 625 , 0 , 1262 , 1262 , 0 ,-50.47544 ,N,N
17-Sep-2014 08:57,201407,201307,Other Reporting Airports      ,ABERDEEN                      ,LIVERPOOL (JOHN LENNON)       , 23 , 0 , 23 , 0 , 0 , 0 ,Null,N,N
17-Sep-2014 08:57,201407,201307,Other Reporting Airports      ,ABERDEEN                      ,MANCHESTER                    , 21602 , 21453 , 149 , 17780 , 17780 , 0 , 21.49606 ,N,N
17-Sep-2014 08:57,201407,201307,Other Reporting Airports      ,ABERDEEN                      ,NEWCASTLE                     , 2726 , 2726 , 0 , 2567 , 2567 , 0 , 6.194001 ,N,N
17-Sep-2014 08:57,201407,201307,Other Reporting Airports      ,ABERDEEN                      ,NORWICH                       , 5369 , 5369 , 0 , 5757 , 5757 , 0 ,-6.739621 ,N,N
17-Sep-2014 08:57,201407,201307,Other Reporting Airports      ,ABERDEEN                      ,SCATSTA                       , 13451 , 0 , 13451 , 10322 , 0 , 10322 , 30.31389 ,N,N
17-Sep-2014 08:57,201407,201307,Other Reporting Airports      ,ABERDEEN                      ,SOUTHAMPTON                   , 1177 , 1177 , 0 , 629 , 629 , 0 , 87.12241 ,N,N
17-Sep-2014 08:57,201407,201307,Other Reporting Airports      ,ABERDEEN                      ,STORNOWAY                     , 565 , 565 , 0 , 580 , 580 , 0 ,-2.586207 ,N,N
17-Sep-2014 08:57,201407,201307,Other Reporting Airports      ,ABERDEEN                      ,SUMBURGH                      , 13707 , 8412 , 5295 , 12161 , 7319 , 4842 , 12.71277 ,N,N
17-Sep-2014 08:57,201407,201307,Other Reporting Airports      ,ABERDEEN                      ,WICK JOHN O GROATS            , 1626 , 1091 , 535 , 1078 , 992 , 86 , 50.83488 ,N,N
17-Sep-2014 08:57,201407,201307,Other Reporting Airports      ,ALDERNEY                      ,GUERNSEY                      , 3808 , 3808 , 0 , 3729 , 3729 , 0 , 2.118531 ,N,N
17-Sep-2014 08:57,201407,201307,Other Reporting Airports      ,ALDERNEY                      ,JERSEY                        , 0 , 0 , 0 , 59 , 59 , 0 ,-100 ,N,N
17-Sep-2014 08:57,201407,201307,Other Reporting Airports      ,ALDERNEY                      ,SOUTHAMPTON                   , 2924 , 2924 , 0 , 3147 , 3147 , 0 ,-7.086114 ,N,N
17-Sep-2014 08:57,201407,201307,Other Reporting Airports      ,ANGLESEY (VALLEY)             ,CARDIFF WALES                 , 931 , 931 , 0 , 727 , 727 , 0 , 28.06052 ,N,N
17-Sep-2014 08:57,201407,201307,Other Reporting Airports      ,BARRA                         ,GLASGOW                       , 1453 , 1453 , 0 , 1165 , 1165 , 0 , 24.72103 ,N,N
17-Sep-2014 08:57,201407,201307,Other Reporting Airports      ,BELFAST CITY (GEORGE BEST)    ,BIRMINGHAM                    , 24744 , 24744 , 0 , 24882 , 24820 , 62 ,-0.5546178 ,N,N
17-Sep-2014 08:57,201407,201307,Other Reporting Airports      ,BELFAST CITY (GEORGE BEST)    ,BRISTOL                       , 0 , 0 , 0 , 448 , 0 , 448 ,-100 ,N,N
17-Sep-2014 08:57,201407,201307,Other Reporting Airports      ,BELFAST CITY (GEORGE BEST)    ,CARDIFF WALES                 , 4066 , 4066 , 0 , 3774 , 3774 , 0 , 7.737149 ,N,N
17-Sep-2014 08:57,201407,201307,Other Reporting Airports      ,BELFAST CITY (GEORGE BEST)    ,DONCASTER SHEFFIELD           , 975 , 975 , 0 , 0 , 0 , 0 ,Null,N,N
17-Sep-2014 08:57,201407,201307,Other Reporting Airports      ,BELFAST CITY (GEORGE BEST)    ,EAST MIDLANDS INTERNATIONAL   , 14369 , 14369 , 0 , 12197 , 12197 , 0 , 17.80766 ,N,N
17-Sep-2014 08:57,201407,201307,Other Reporting Airports      ,BELFAST CITY (GEORGE BEST)    ,EDINBURGH                     , 14309 , 14309 , 0 , 12785 , 12785 , 0 , 11.92022 ,N,N
17-Sep-2014 08:57,201407,201307,Other Reporting Airports      ,BELFAST CITY (GEORGE BEST)    ,EXETER                        , 4080 , 4080 , 0 , 1286 , 1286 , 0 , 217.2628 ,N,N
17-Sep-2014 08:57,201407,201307,Other Reporting Airports      ,BELFAST CITY (GEORGE BEST)    ,GLASGOW                       , 13188 , 13188 , 0 , 12112 , 12112 , 0 , 8.883752 ,N,N
17-Sep-2014 08:57,201407,201307,Other Reporting Airports      ,BELFAST CITY (GEORGE BEST)    ,INVERNESS                     , 3056 , 3056 , 0 , 2421 , 2421 , 0 , 26.22883 ,N,N
17-Sep-2014 08:57,201407,201307,Other Reporting Airports      ,BELFAST CITY (GEORGE BEST)    ,ISLE OF MAN                   , 2089 , 2089 , 0 , 2302 , 2302 , 0 ,-9.252824 ,N,N
17-Sep-2014 08:57,201407,201307,Other Reporting Airports      ,BELFAST CITY (GEORGE BEST)    ,JERSEY                        , 0 , 0 , 0 , 429 , 429 , 0 ,-100 ,N,N
17-Sep-2014 08:57,201407,201307,Other Reporting Airports      ,BELFAST CITY (GEORGE BEST)    ,LEEDS BRADFORD                , 14887 , 14887 , 0 , 13829 , 13618 , 211 , 7.650589 ,N,N
17-Sep-2014 08:57,201407,201307,Other Reporting Airports      ,BELFAST CITY (GEORGE BEST)    ,MANCHESTER                    , 27898 , 27898 , 0 , 24623 , 24623 , 0 , 13.30057 ,N,N
17-Sep-2014 08:57,201407,201307,Other Reporting Airports      ,BELFAST CITY (GEORGE BEST)    ,NEWCASTLE                     , 3048 , 3048 , 0 , 4162 , 4162 , 0 ,-26.76598 ,N,N
17-Sep-2014 08:57,201407,201307,Other Reporting Airports      ,BELFAST CITY (GEORGE BEST)    ,NEWQUAY                       , 528 , 528 , 0 , 633 , 633 , 0 ,-16.58768 ,N,N
17-Sep-2014 08:57,201407,201307,Other Reporting Airports      ,BELFAST CITY (GEORGE BEST)    ,SOUTHAMPTON                   , 11051 , 11051 , 0 , 9219 , 9219 , 0 , 19.872 ,N,N
17-Sep-2014 08:57,201407,201307,Other Reporting Airports      ,BELFAST INTERNATIONAL         ,BIRMINGHAM                    , 12541 , 12541 , 0 , 13714 , 13714 , 0 ,-8.553303 ,N,N
17-Sep-2014 08:57,201407,201307,Other Reporting Airports      ,BELFAST INTERNATIONAL         ,BLACKPOOL                     , 0 , 0 , 0 , 2149 , 2149 , 0 ,-100 ,N,N
17-Sep-2014 08:57,201407,201307,Other Reporting Airports      ,BELFAST INTERNATIONAL         ,BRISTOL                       , 20454 , 20454 , 0 , 20443 , 20443 , 0 , 5.380815E-02 ,N,N
17-Sep-2014 08:57,201407,201307,Other Reporting Airports      ,BELFAST INTERNATIONAL         ,EDINBURGH                     , 19550 , 19550 , 0 , 21228 , 21228 , 0 ,-7.904654 ,N,N
17-Sep-2014 08:57,201407,201307,Other Reporting Airports      ,BELFAST INTERNATIONAL         ,GLASGOW                       , 19594 , 19594 , 0 , 21355 , 21207 , 148 ,-8.246312 ,N,N
17-Sep-2014 08:57,201407,201307,Other Reporting Airports      ,BELFAST INTERNATIONAL         ,JERSEY                        , 2340 , 2340 , 0 , 2445 , 2445 , 0 ,-4.294478 ,N,N
17-Sep-2014 08:57,201407,201307,Other Reporting Airports      ,BELFAST INTERNATIONAL         ,LIVERPOOL (JOHN LENNON)       , 35016 , 35016 , 0 , 36051 , 36051 , 0 ,-2.870933 ,N,N
17-Sep-2014 08:57,201407,201307,Other Reporting Airports      ,BELFAST INTERNATIONAL         ,MANCHESTER                    , 16169 , 16169 , 0 , 14537 , 14537 , 0 , 11.22653 ,N,N
17-Sep-2014 08:57,201407,201307,Other Reporting Airports      ,BELFAST INTERNATIONAL         ,NEWCASTLE                     , 16131 , 16131 , 0 , 15857 , 15857 , 0 , 1.727944 ,N,N
17-Sep-2014 08:57,201407,201307,Other Reporting Airports      ,BENBECULA                     ,GLASGOW                       , 2440 , 2440 , 0 , 2239 , 2239 , 0 , 8.977222 ,N,N
17-Sep-2014 08:57,201407,201307,Other Reporting Airports      ,BENBECULA                     ,INVERNESS                     , 596 , 596 , 0 , 0 , 0 , 0 ,Null,N,N
17-Sep-2014 08:57,201407,201307,Other Reporting Airports      ,BENBECULA                     ,STORNOWAY                     , 673 , 673 , 0 , 518 , 518 , 0 , 29.92278 ,N,N
17-Sep-2014 08:57,201407,201307,Other Reporting Airports      ,BIGGIN HILL                   ,GLASGOW                       , 0 , 0 , 0 , 1 , 0 , 1 ,-100 ,N,Y
17-Sep-2014 08:57,201407,201307,Other Reporting Airports      ,BIRMINGHAM                    ,CITY OF DERRY (EGLINTON)      , 5132 , 5132 , 0 , 5472 , 5472 , 0 ,-6.21345 ,N,N
17-Sep-2014 08:57,201407,201307,Other Reporting Airports      ,BIRMINGHAM                    ,EDINBURGH                     , 25851 , 25851 , 0 , 25387 , 25387 , 0 , 1.827707 ,N,N
17-Sep-2014 08:57,201407,201307,Other Reporting Airports      ,BIRMINGHAM                    ,GLASGOW                       , 21832 , 21832 , 0 , 16377 , 16377 , 0 , 33.30891 ,N,N
17-Sep-2014 08:57,201407,201307,Other Reporting Airports      ,BIRMINGHAM                    ,GUERNSEY                      , 1970 , 1970 , 0 , 3605 , 3605 , 0 ,-45.35368 ,N,N
17-Sep-2014 08:57,201407,201307,Other Reporting Airports      ,BIRMINGHAM                    ,INVERNESS                     , 4741 , 4741 , 0 , 3835 , 3835 , 0 , 23.62451 ,N,N
17-Sep-2014 08:57,201407,201307,Other Reporting Airports      ,BIRMINGHAM                    ,ISLE OF MAN                   , 4143 , 4143 , 0 , 3704 , 3704 , 0 , 11.85205 ,N,N
17-Sep-2014 08:57,201407,201307,Other Reporting Airports      ,BIRMINGHAM                    ,JERSEY                        , 6817 , 6817 , 0 , 4634 , 4634 , 0 , 47.10833 ,N,N
17-Sep-2014 08:57,201407,201307,Other Reporting Airports      ,BIRMINGHAM                    ,NEWCASTLE                     , 684 , 684 , 0 , 644 , 644 , 0 , 6.21118 ,N,N
17-Sep-2014 08:57,201407,201307,Other Reporting Airports      ,BIRMINGHAM                    ,NEWQUAY                       , 3964 , 3964 , 0 , 0 , 0 , 0 ,Null,N,N
17-Sep-2014 08:57,201407,201307,Other Reporting Airports      ,BLACKPOOL                     ,ISLE OF MAN                   , 1580 , 1580 , 0 , 1859 , 1859 , 0 ,-15.00807 ,N,N
17-Sep-2014 08:57,201407,201307,Other Reporting Airports      ,BRISTOL                       ,EDINBURGH                     , 29130 , 29130 , 0 , 27300 , 27300 , 0 , 6.703297 ,N,N
17-Sep-2014 08:57,201407,201307,Other Reporting Airports      ,BRISTOL                       ,GLASGOW                       , 19906 , 19906 , 0 , 22638 , 22599 , 39 ,-12.0682 ,N,N
17-Sep-2014 08:57,201407,201307,Other Reporting Airports      ,BRISTOL                       ,GUERNSEY                      , 2419 , 2419 , 0 , 2762 , 2762 , 0 ,-12.41854 ,N,N
17-Sep-2014 08:57,201407,201307,Other Reporting Airports      ,BRISTOL                       ,HAWARDEN                      , 469 , 0 , 469 , 763 , 0 , 763 ,-38.53211 ,N,N
17-Sep-2014 08:57,201407,201307,Other Reporting Airports      ,BRISTOL                       ,INVERNESS                     , 8597 , 8597 , 0 , 8816 , 8816 , 0 ,-2.48412 ,N,N
17-Sep-2014 08:57,201407,201307,Other Reporting Airports      ,BRISTOL                       ,ISLE OF MAN                   , 0 , 0 , 0 , 792 , 792 , 0 ,-100 ,N,N
17-Sep-2014 08:57,201407,201307,Other Reporting Airports      ,BRISTOL                       ,JERSEY                        , 3526 , 3526 , 0 , 3870 , 3870 , 0 ,-8.888889 ,N,N
17-Sep-2014 08:57,201407,201307,Other Reporting Airports      ,BRISTOL                       ,NEWCASTLE                     , 15569 , 15569 , 0 , 14100 , 14100 , 0 , 10.41844 ,N,N
17-Sep-2014 08:57,201407,201307,Other Reporting Airports      ,CAMBRIDGE                     ,JERSEY                        , 349 , 0 , 349 , 239 , 0 , 239 , 46.0251 ,N,N
17-Sep-2014 08:57,201407,201307,Other Reporting Airports      ,CAMPBELTOWN                   ,GLASGOW                       , 962 , 962 , 0 , 852 , 852 , 0 , 12.9108 ,N,N
17-Sep-2014 08:57,201407,201307,Other Reporting Airports      ,CARDIFF WALES                 ,EDINBURGH                     , 4781 , 4781 , 0 , 6979 , 6979 , 0 ,-31.49448 ,N,N
17-Sep-2014 08:57,201407,201307,Other Reporting Airports      ,CARDIFF WALES                 ,GLASGOW                       , 3510 , 3510 , 0 , 4385 , 4385 , 0 ,-19.95439 ,N,N
17-Sep-2014 08:57,201407,201307,Other Reporting Airports      ,CARDIFF WALES                 ,JERSEY                        , 1429 , 1429 , 0 , 1901 , 1901 , 0 ,-24.82904 ,N,N
17-Sep-2014 08:57,201407,201307,Other Reporting Airports      ,CARDIFF WALES                 ,NEWCASTLE                     , 968 , 968 , 0 , 1041 , 1041 , 0 ,-7.012488 ,N,N
17-Sep-2014 08:57,201407,201307,Other Reporting Airports      ,CITY OF DERRY (EGLINTON)      ,LIVERPOOL (JOHN LENNON)       , 8197 , 8197 , 0 , 8311 , 8311 , 0 ,-1.371676 ,N,N
17-Sep-2014 08:57,201407,201307,Other Reporting Airports      ,CITY OF DERRY (EGLINTON)      ,PRESTWICK                     , 6581 , 6581 , 0 , 6226 , 6226 , 0 , 5.701895 ,N,N
17-Sep-2014 08:57,201407,201307,Other Reporting Airports      ,DONCASTER SHEFFIELD           ,ISLE OF MAN                   , 162 , 162 , 0 , 0 , 0 , 0 ,Null,N,N
17-Sep-2014 08:57,201407,201307,Other Reporting Airports      ,DONCASTER SHEFFIELD           ,JERSEY                        , 599 , 599 , 0 , 576 , 576 , 0 , 3.993056 ,N,N
17-Sep-2014 08:57,201407,201307,Other Reporting Airports      ,DUNDEE                        ,JERSEY                        , 363 , 0 , 363 , 360 , 0 , 360 , 0.8333333 ,N,N
17-Sep-2014 08:57,201407,201307,Other Reporting Airports      ,DUNDEE                        ,MANCHESTER                    , 48 , 0 , 48 , 0 , 0 , 0 ,Null,N,N
17-Sep-2014 08:57,201407,201307,Other Reporting Airports      ,DURHAM TEES VALLEY            ,JERSEY                        , 516 , 516 , 0 , 430 , 430 , 0 , 20 ,N,N
17-Sep-2014 08:57,201407,201307,Other Reporting Airports      ,DURHAM TEES VALLEY            ,NEWCASTLE                     , 0 , 0 , 0 , 33 , 0 , 33 ,-100 ,N,N
17-Sep-2014 08:57,201407,201307,Other Reporting Airports      ,EAST MIDLANDS INTERNATIONAL   ,EDINBURGH                     , 8205 , 8205 , 0 , 8203 , 8203 , 0 , 2.438132E-02 ,N,N
17-Sep-2014 08:57,201407,201307,Other Reporting Airports      ,EAST MIDLANDS INTERNATIONAL   ,GLASGOW                       , 8741 , 8741 , 0 , 8311 , 8311 , 0 , 5.173866 ,N,N
17-Sep-2014 08:57,201407,201307,Other Reporting Airports      ,EAST MIDLANDS INTERNATIONAL   ,GUERNSEY                      , 3260 , 3260 , 0 , 3416 , 3416 , 0 ,-4.566745 ,N,N
17-Sep-2014 08:57,201407,201307,Other Reporting Airports      ,EAST MIDLANDS INTERNATIONAL   ,JERSEY                        , 4556 , 4556 , 0 , 3759 , 3759 , 0 , 21.20245 ,N,N
17-Sep-2014 08:57,201407,201307,Other Reporting Airports      ,EDAY                          ,KIRKWALL                      , 8 , 8 , 0 , 31 , 31 , 0 ,-74.19355 ,N,N
17-Sep-2014 08:57,201407,201307,Other Reporting Airports      ,EDINBURGH                     ,EXETER                        , 4159 , 4159 , 0 , 4074 , 4074 , 0 , 2.086401 ,N,N
17-Sep-2014 08:57,201407,201307,Other Reporting Airports      ,EDINBURGH                     ,FARNBOROUGH                   , 0 , 0 , 0 , 39 , 0 , 39 ,-100 ,N,N
17-Sep-2014 08:57,201407,201307,Other Reporting Airports      ,EDINBURGH                     ,INVERNESS                     , 114 , 114 , 0 , 126 , 113 , 13 ,-9.523809 ,N,N
17-Sep-2014 08:57,201407,201307,Other Reporting Airports      ,EDINBURGH                     ,JERSEY                        , 577 , 577 , 0 , 1781 , 1781 , 0 ,-67.60247 ,N,N
17-Sep-2014 08:57,201407,201307,Other Reporting Airports      ,EDINBURGH                     ,KIRKWALL                      , 4691 , 4691 , 0 , 4606 , 4606 , 0 , 1.845419 ,N,N
17-Sep-2014 08:57,201407,201307,Other Reporting Airports      ,EDINBURGH                     ,MANCHESTER                    , 10347 , 10292 , 55 , 10683 , 10683 , 0 ,-3.145184 ,N,N
17-Sep-2014 08:57,201407,201307,Other Reporting Airports      ,EDINBURGH                     ,NEWQUAY                       , 600 , 600 , 0 , 1210 , 1210 , 0 ,-50.41322 ,N,N
17-Sep-2014 08:57,201407,201307,Other Reporting Airports      ,EDINBURGH                     ,NORWICH                       , 2740 , 2740 , 0 , 2297 , 2297 , 0 , 19.28603 ,N,N
17-Sep-2014 08:57,201407,201307,Other Reporting Airports      ,EDINBURGH                     ,OXFORD (KIDLINGTON)           , 0 , 0 , 0 , 834 , 834 , 0 ,-100 ,N,N
17-Sep-2014 08:57,201407,201307,Other Reporting Airports      ,EDINBURGH                     ,SOUTHAMPTON                   , 19710 , 19710 , 0 , 20840 , 20840 , 0 ,-5.422265 ,N,N
17-Sep-2014 08:57,201407,201307,Other Reporting Airports      ,EDINBURGH                     ,STORNOWAY                     , 2003 , 2003 , 0 , 1912 , 1912 , 0 , 4.759414 ,N,N
17-Sep-2014 08:57,201407,201307,Other Reporting Airports      ,EDINBURGH                     ,SUMBURGH                      , 4952 , 4952 , 0 , 4377 , 4377 , 0 , 13.13685 ,N,N
17-Sep-2014 08:57,201407,201307,Other Reporting Airports      ,EDINBURGH                     ,WICK JOHN O GROATS            , 1066 , 1066 , 0 , 1053 , 1025 , 28 , 1.234568 ,N,N
17-Sep-2014 08:57,201407,201307,Other Reporting Airports      ,EXETER                        ,GLASGOW                       , 3273 , 3273 , 0 , 2495 , 2495 , 0 , 31.18237 ,N,N
17-Sep-2014 08:57,201407,201307,Other Reporting Airports      ,EXETER                        ,GUERNSEY                      , 2252 , 2252 , 0 , 2194 , 2194 , 0 , 2.643573 ,N,N
17-Sep-2014 08:57,201407,201307,Other Reporting Airports      ,EXETER                        ,ISLES OF SCILLY (ST.MARYS)    , 2893 , 2893 , 0 , 2895 , 2895 , 0 ,-6.908463E-02 ,N,N
17-Sep-2014 08:57,201407,201307,Other Reporting Airports      ,EXETER                        ,JERSEY                        , 3157 , 3157 , 0 , 3144 , 3144 , 0 , 0.413486 ,N,N
17-Sep-2014 08:57,201407,201307,Other Reporting Airports      ,EXETER                        ,MANCHESTER                    , 9869 , 9869 , 0 , 8040 , 8040 , 0 , 22.74876 ,N,N
17-Sep-2014 08:57,201407,201307,Other Reporting Airports      ,EXETER                        ,NEWCASTLE                     , 0 , 0 , 0 , 2753 , 2753 , 0 ,-100 ,N,N
17-Sep-2014 08:57,201407,201307,Other Reporting Airports      ,EXETER                        ,NORWICH                       , 2 , 0 , 2 , 0 , 0 , 0 ,Null,Y,N
17-Sep-2014 08:57,201407,201307,Other Reporting Airports      ,FAIR ISLE                     ,SUMBURGH                      , 29 , 29 , 0 , 17 , 17 , 0 , 70.58823 ,N,N
17-Sep-2014 08:57,201407,201307,Other Reporting Airports      ,FARNBOROUGH                   ,GLASGOW                       , 5 , 0 , 5 , 0 , 0 , 0 ,Null,Y,N
17-Sep-2014 08:57,201407,201307,Other Reporting Airports      ,FARNBOROUGH                   ,JERSEY                        , 10 , 0 , 10 , 0 , 0 , 0 ,Null,Y,N
17-Sep-2014 08:57,201407,201307,London Area Airports          ,GATWICK                       ,ABERDEEN                      , 14879 , 14879 , 0 , 15555 , 15555 , 0 ,-4.34587 ,N,N
17-Sep-2014 08:57,201407,201307,London Area Airports          ,GATWICK                       ,BELFAST CITY (GEORGE BEST)    , 24497 , 24497 , 0 , 42675 , 42335 , 340 ,-42.59637 ,N,N
17-Sep-2014 08:57,201407,201307,London Area Airports          ,GATWICK                       ,BELFAST INTERNATIONAL         , 40412 , 40321 , 91 , 37200 , 37200 , 0 , 8.634409 ,N,N
17-Sep-2014 08:57,201407,201307,London Area Airports          ,GATWICK                       ,EDINBURGH                     , 62968 , 62968 , 0 , 64470 , 64470 , 0 ,-2.329766 ,N,N
17-Sep-2014 08:57,201407,201307,London Area Airports          ,GATWICK                       ,GLASGOW                       , 57580 , 57580 , 0 , 55442 , 55442 , 0 , 3.856282 ,N,N
17-Sep-2014 08:57,201407,201307,London Area Airports          ,GATWICK                       ,GUERNSEY                      , 29714 , 29714 , 0 , 33925 , 33925 , 0 ,-12.41267 ,N,N
17-Sep-2014 08:57,201407,201307,London Area Airports          ,GATWICK                       ,INVERNESS                     , 18123 , 18123 , 0 , 23302 , 23302 , 0 ,-22.22556 ,N,N
17-Sep-2014 08:57,201407,201307,London Area Airports          ,GATWICK                       ,ISLE OF MAN                   , 12325 , 12325 , 0 , 16658 , 16658 , 0 ,-26.01153 ,N,N
17-Sep-2014 08:57,201407,201307,London Area Airports          ,GATWICK                       ,JERSEY                        , 59329 , 59329 , 0 , 50839 , 50839 , 0 , 16.69978 ,N,N
17-Sep-2014 08:57,201407,201307,London Area Airports          ,GATWICK                       ,NEWCASTLE                     , 10304 , 10304 , 0 , 7341 , 7341 , 0 , 40.36235 ,N,N
17-Sep-2014 08:57,201407,201307,London Area Airports          ,GATWICK                       ,NEWQUAY                       , 7939 , 7939 , 0 , 9414 , 9414 , 0 ,-15.66815 ,N,N
17-Sep-2014 08:57,201407,201307,Other Reporting Airports      ,GLASGOW                       ,GUERNSEY                      , 45 , 0 , 45 , 253 , 0 , 253 ,-82.21344 ,N,N
17-Sep-2014 08:57,201407,201307,Other Reporting Airports      ,GLASGOW                       ,ISLAY                         , 2471 , 2471 , 0 , 2473 , 2473 , 0 ,-8.087343E-02 ,N,N
17-Sep-2014 08:57,201407,201307,Other Reporting Airports      ,GLASGOW                       ,ISLE OF MAN                   , 954 , 954 , 0 , 0 , 0 , 0 ,Null,N,N
17-Sep-2014 08:57,201407,201307,Other Reporting Airports      ,GLASGOW                       ,JERSEY                        , 4563 , 4563 , 0 , 4347 , 4347 , 0 , 4.968944 ,N,N
17-Sep-2014 08:57,201407,201307,Other Reporting Airports      ,GLASGOW                       ,KIRKWALL                      , 1511 , 1511 , 0 , 1724 , 1724 , 0 ,-12.35499 ,N,N
17-Sep-2014 08:57,201407,201307,Other Reporting Airports      ,GLASGOW                       ,LEEDS BRADFORD                , 924 , 924 , 0 , 880 , 880 , 0 , 5 ,N,N
17-Sep-2014 08:57,201407,201307,Other Reporting Airports      ,GLASGOW                       ,MANCHESTER                    , 7300 , 7199 , 101 , 4593 , 4593 , 0 , 58.93752 ,N,N
17-Sep-2014 08:57,201407,201307,Other Reporting Airports      ,GLASGOW                       ,NEWQUAY                       , 0 , 0 , 0 , 729 , 729 , 0 ,-100 ,N,N
17-Sep-2014 08:57,201407,201307,Other Reporting Airports      ,GLASGOW                       ,SOUTHAMPTON                   , 15733 , 15733 , 0 , 17992 , 17992 , 0 ,-12.55558 ,N,N
17-Sep-2014 08:57,201407,201307,Other Reporting Airports      ,GLASGOW                       ,STORNOWAY                     , 6067 , 6067 , 0 , 5574 , 5574 , 0 , 8.844636 ,N,N
17-Sep-2014 08:57,201407,201307,Other Reporting Airports      ,GLASGOW                       ,SUMBURGH                      , 2096 , 2096 , 0 , 1791 , 1791 , 0 , 17.02959 ,N,N
17-Sep-2014 08:57,201407,201307,Other Reporting Airports      ,GLASGOW                       ,TIREE                         , 1133 , 1133 , 0 , 953 , 953 , 0 , 18.88772 ,N,N
17-Sep-2014 08:57,201407,201307,Other Reporting Airports      ,GLOUCESTERSHIRE               ,ISLE OF MAN                   , 1467 , 1467 , 0 , 1221 , 1221 , 0 , 20.14742 ,N,N
17-Sep-2014 08:57,201407,201307,Other Reporting Airports      ,GLOUCESTERSHIRE               ,JERSEY                        , 83 , 83 , 0 , 93 , 93 , 0 ,-10.75269 ,N,N
17-Sep-2014 08:57,201407,201307,Other Reporting Airports      ,GUERNSEY                      ,JERSEY                        , 11739 , 11739 , 0 , 11277 , 11277 , 0 , 4.096834 ,N,N
17-Sep-2014 08:57,201407,201307,Other Reporting Airports      ,GUERNSEY                      ,MANCHESTER                    , 6665 , 6665 , 0 , 6950 , 6950 , 0 ,-4.100719 ,N,N
17-Sep-2014 08:57,201407,201307,Other Reporting Airports      ,GUERNSEY                      ,NORWICH                       , 182 , 182 , 0 , 208 , 208 , 0 ,-12.5 ,N,N
17-Sep-2014 08:57,201407,201307,Other Reporting Airports      ,GUERNSEY                      ,SOUTHAMPTON                   , 18879 , 18879 , 0 , 13615 , 13615 , 0 , 38.66324 ,N,N
17-Sep-2014 08:57,201407,201307,London Area Airports          ,HEATHROW                      ,ABERDEEN                      , 74075 , 74075 , 0 , 71036 , 71036 , 0 , 4.278112 ,N,N
17-Sep-2014 08:57,201407,201307,London Area Airports          ,HEATHROW                      ,BELFAST CITY (GEORGE BEST)    , 62682 , 62682 , 0 , 62808 , 62808 , 0 ,-0.2006114 ,N,N
17-Sep-2014 08:57,201407,201307,London Area Airports          ,HEATHROW                      ,EDINBURGH                     , 146461 , 146461 , 0 , 140656 , 140656 , 0 , 4.12709 ,N,N
17-Sep-2014 08:57,201407,201307,London Area Airports          ,HEATHROW                      ,GLASGOW                       , 76211 , 76211 , 0 , 80165 , 80165 , 0 ,-4.932327 ,N,N
17-Sep-2014 08:57,201407,201307,London Area Airports          ,HEATHROW                      ,LEEDS BRADFORD                , 12448 , 12448 , 0 , 9947 , 9947 , 0 , 25.14326 ,N,N
17-Sep-2014 08:57,201407,201307,London Area Airports          ,HEATHROW                      ,MANCHESTER                    , 70784 , 70784 , 0 , 66691 , 66691 , 0 , 6.13726 ,N,N
17-Sep-2014 08:57,201407,201307,London Area Airports          ,HEATHROW                      ,NEWCASTLE                     , 41350 , 41308 , 42 , 42047 , 42047 , 0 ,-1.657669 ,N,N
17-Sep-2014 08:57,201407,201307,Other Reporting Airports      ,HUMBERSIDE                    ,JERSEY                        , 439 , 439 , 0 , 391 , 391 , 0 , 12.27621 ,N,N
17-Sep-2014 08:57,201407,201307,Other Reporting Airports      ,HUMBERSIDE                    ,NORWICH                       , 6 , 6 , 0 , 67 , 67 , 0 ,-91.04478 ,N,N
17-Sep-2014 08:57,201407,201307,Other Reporting Airports      ,INVERNESS                     ,JERSEY                        , 533 , 533 , 0 , 448 , 448 , 0 , 18.97322 ,N,N
17-Sep-2014 08:57,201407,201307,Other Reporting Airports      ,INVERNESS                     ,KIRKWALL                      , 1723 , 1723 , 0 , 1586 , 1586 , 0 , 8.638083 ,N,N
17-Sep-2014 08:57,201407,201307,Other Reporting Airports      ,INVERNESS                     ,MANCHESTER                    , 6619 , 6619 , 0 , 5641 , 5641 , 0 , 17.33735 ,N,N
17-Sep-2014 08:57,201407,201307,Other Reporting Airports      ,INVERNESS                     ,STORNOWAY                     , 2241 , 2079 , 162 , 2823 , 2651 , 172 ,-20.61637 ,N,N
17-Sep-2014 08:57,201407,201307,Other Reporting Airports      ,INVERNESS                     ,SUMBURGH                      , 270 , 270 , 0 , 318 , 318 , 0 ,-15.09434 ,N,N
17-Sep-2014 08:57,201407,201307,Other Reporting Airports      ,ISLE OF MAN                   ,LIVERPOOL (JOHN LENNON)       , 14751 , 14751 , 0 , 16813 , 16813 , 0 ,-12.26432 ,N,N
17-Sep-2014 08:57,201407,201307,Other Reporting Airports      ,ISLE OF MAN                   ,MANCHESTER                    , 14912 , 14912 , 0 , 12391 , 12391 , 0 , 20.34541 ,N,N
17-Sep-2014 08:57,201407,201307,Other Reporting Airports      ,ISLE OF MAN                   ,NEWCASTLE                     , 397 , 397 , 0 , 436 , 436 , 0 ,-8.944954 ,N,N
17-Sep-2014 08:57,201407,201307,Other Reporting Airports      ,ISLE OF MAN                   ,NORWICH                       , 0 , 0 , 0 , 172 , 172 , 0 ,-100 ,N,N
17-Sep-2014 08:57,201407,201307,Other Reporting Airports      ,ISLE OF MAN                   ,SOUTHAMPTON                   , 0 , 0 , 0 , 566 , 566 , 0 ,-100 ,N,N
17-Sep-2014 08:57,201407,201307,Other Reporting Airports      ,ISLES OF SCILLY (ST.MARYS)    ,NEWQUAY                       , 7381 , 7381 , 0 , 2927 , 2927 , 0 , 152.1695 ,N,N
17-Sep-2014 08:57,201407,201307,Other Reporting Airports      ,JERSEY                        ,LEEDS BRADFORD                , 3232 , 3232 , 0 , 3115 , 3115 , 0 , 3.756019 ,N,N
17-Sep-2014 08:57,201407,201307,Other Reporting Airports      ,JERSEY                        ,LIVERPOOL (JOHN LENNON)       , 10302 , 10302 , 0 , 9824 , 9824 , 0 , 4.865635 ,N,N
17-Sep-2014 08:57,201407,201307,Other Reporting Airports      ,JERSEY                        ,MANCHESTER                    , 7078 , 5231 , 1847 , 4780 , 4780 , 0 , 48.07531 ,N,N
17-Sep-2014 08:57,201407,201307,Other Reporting Airports      ,JERSEY                        ,NEWCASTLE                     , 2407 , 2407 , 0 , 2762 , 2762 , 0 ,-12.85301 ,N,N
17-Sep-2014 08:57,201407,201307,Other Reporting Airports      ,JERSEY                        ,NORWICH                       , 567 , 567 , 0 , 450 , 450 , 0 , 26 ,N,N
17-Sep-2014 08:57,201407,201307,Other Reporting Airports      ,JERSEY                        ,OXFORD (KIDLINGTON)           , 225 , 225 , 0 , 0 , 0 , 0 ,Null,N,N
17-Sep-2014 08:57,201407,201307,Other Reporting Airports      ,JERSEY                        ,SOUTHAMPTON                   , 15925 , 15925 , 0 , 15918 , 15918 , 0 , 4.397538E-02 ,N,N
17-Sep-2014 08:57,201407,201307,Other Reporting Airports      ,KIRKWALL                      ,NORTH RONALDSAY               , 674 , 674 , 0 , 714 , 714 , 0 ,-5.602241 ,N,N
17-Sep-2014 08:57,201407,201307,Other Reporting Airports      ,KIRKWALL                      ,PAPA WESTRAY                  , 437 , 437 , 0 , 402 , 402 , 0 , 8.706468 ,N,N
17-Sep-2014 08:57,201407,201307,Other Reporting Airports      ,KIRKWALL                      ,SANDAY                        , 202 , 202 , 0 , 185 , 185 , 0 , 9.189189 ,N,N
17-Sep-2014 08:57,201407,201307,Other Reporting Airports      ,KIRKWALL                      ,STRONSAY                      , 188 , 188 , 0 , 162 , 162 , 0 , 16.04938 ,N,N
17-Sep-2014 08:57,201407,201307,Other Reporting Airports      ,KIRKWALL                      ,SUMBURGH                      , 976 , 976 , 0 , 901 , 901 , 0 , 8.324084 ,N,N
17-Sep-2014 08:57,201407,201307,Other Reporting Airports      ,KIRKWALL                      ,WESTRAY                       , 297 , 297 , 0 , 302 , 302 , 0 ,-1.655629 ,N,N
17-Sep-2014 08:57,201407,201307,Other Reporting Airports      ,LEEDS BRADFORD                ,SOUTH MARSTON                 , 12 , 0 , 12 , 0 , 0 , 0 ,Null,Y,N
17-Sep-2014 08:57,201407,201307,Other Reporting Airports      ,LEEDS BRADFORD                ,SOUTHAMPTON                   , 1725 , 1725 , 0 , 6029 , 6029 , 0 ,-71.38829 ,N,N
17-Sep-2014 08:57,201407,201307,Other Reporting Airports      ,LIVERPOOL (JOHN LENNON)       ,NEWQUAY                       , 2225 , 2225 , 0 , 2026 , 2026 , 0 , 9.822309 ,N,N
17-Sep-2014 08:57,201407,201307,Other Reporting Airports      ,LIVERPOOL (JOHN LENNON)       ,PRESTWICK                     , 85 , 0 , 85 , 0 , 0 , 0 ,Null,N,N
17-Sep-2014 08:57,201407,201307,London Area Airports          ,LONDON CITY                   ,ABERDEEN                      , 8072 , 8072 , 0 , 6839 , 6839 , 0 , 18.02895 ,N,N
17-Sep-2014 08:57,201407,201307,London Area Airports          ,LONDON CITY                   ,DUNDEE                        , 0 , 0 , 0 , 2653 , 2653 , 0 ,-100 ,N,N
17-Sep-2014 08:57,201407,201307,London Area Airports          ,LONDON CITY                   ,EDINBURGH                     , 27589 , 27589 , 0 , 29030 , 29030 , 0 ,-4.96383 ,N,N
17-Sep-2014 08:57,201407,201307,London Area Airports          ,LONDON CITY                   ,GLASGOW                       , 18084 , 18084 , 0 , 16405 , 16405 , 0 , 10.23468 ,N,N
17-Sep-2014 08:57,201407,201307,London Area Airports          ,LONDON CITY                   ,ISLE OF MAN                   , 6687 , 6687 , 0 , 5285 , 5285 , 0 , 26.52791 ,N,N
17-Sep-2014 08:57,201407,201307,London Area Airports          ,LONDON CITY                   ,JERSEY                        , 3230 , 3230 , 0 , 3634 , 3634 , 0 ,-11.11723 ,N,N
17-Sep-2014 08:57,201407,201307,London Area Airports          ,LUTON                         ,ABERDEEN                      , 8307 , 8307 , 0 , 8200 , 8200 , 0 , 1.304878 ,N,N
17-Sep-2014 08:57,201407,201307,London Area Airports          ,LUTON                         ,BELFAST INTERNATIONAL         , 22982 , 22982 , 0 , 23705 , 23705 , 0 ,-3.049989 ,N,N
17-Sep-2014 08:57,201407,201307,London Area Airports          ,LUTON                         ,BRISTOL                       , 6 , 0 , 6 , 0 , 0 , 0 ,Null,N,N
17-Sep-2014 08:57,201407,201307,London Area Airports          ,LUTON                         ,EDINBURGH                     , 23728 , 23711 , 17 , 24791 , 24791 , 0 ,-4.287847 ,N,N
17-Sep-2014 08:57,201407,201307,London Area Airports          ,LUTON                         ,EXETER                        , 181 , 0 , 181 , 0 , 0 , 0 ,Null,N,N
17-Sep-2014 08:57,201407,201307,London Area Airports          ,LUTON                         ,GLASGOW                       , 25722 , 25722 , 0 , 25727 , 25727 , 0 ,-1.943484E-02 ,N,N
17-Sep-2014 08:57,201407,201307,London Area Airports          ,LUTON                         ,INVERNESS                     , 8897 , 8897 , 0 , 8807 , 8807 , 0 , 1.021914 ,N,N
17-Sep-2014 08:57,201407,201307,London Area Airports          ,LUTON                         ,ISLE OF MAN                   , 0 , 0 , 0 , 1410 , 1410 , 0 ,-100 ,N,N
17-Sep-2014 08:57,201407,201307,London Area Airports          ,LUTON                         ,JERSEY                        , 11 , 0 , 11 , 1274 , 1274 , 0 ,-99.13658 ,N,N
17-Sep-2014 08:57,201407,201307,Other Reporting Airports      ,MANCHESTER                    ,NEWCASTLE                     , 57 , 0 , 57 , 0 , 0 , 0 ,Null,N,N
17-Sep-2014 08:57,201407,201307,Other Reporting Airports      ,MANCHESTER                    ,NEWQUAY                       , 4790 , 4790 , 0 , 3754 , 3754 , 0 , 27.59723 ,N,N
17-Sep-2014 08:57,201407,201307,Other Reporting Airports      ,MANCHESTER                    ,NORWICH                       , 2850 , 2850 , 0 , 2822 , 2822 , 0 , 0.9922041 ,N,N
17-Sep-2014 08:57,201407,201307,Other Reporting Airports      ,MANCHESTER                    ,SOUTHAMPTON                   , 15722 , 15722 , 0 , 11317 , 11317 , 0 , 38.92374 ,N,N
17-Sep-2014 08:57,201407,201307,Other Reporting Airports      ,MANSTON (KENT INT)            ,NEWCASTLE                     , 0 , 0 , 0 , 243 , 0 , 243 ,-100 ,N,N
17-Sep-2014 08:57,201407,201307,Other Reporting Airports      ,NEWCASTLE                     ,NEWQUAY                       , 584 , 584 , 0 , 525 , 525 , 0 , 11.2381 ,N,N
17-Sep-2014 08:57,201407,201307,Other Reporting Airports      ,NEWCASTLE                     ,SOUTHAMPTON                   , 9232 , 9232 , 0 , 8029 , 8029 , 0 , 14.98319 ,N,N
17-Sep-2014 08:57,201407,201307,Other Reporting Airports      ,NEWQUAY                       ,NORWICH                       , 0 , 0 , 0 , 427 , 427 , 0 ,-100 ,N,N
17-Sep-2014 08:57,201407,201307,London Area Airports          ,SOUTHEND                      ,BELFAST INTERNATIONAL         , 0 , 0 , 0 , 7679 , 7679 , 0 ,-100 ,N,N
17-Sep-2014 08:57,201407,201307,London Area Airports          ,SOUTHEND                      ,EDINBURGH                     , 0 , 0 , 0 , 5734 , 5734 , 0 ,-100 ,N,N
17-Sep-2014 08:57,201407,201307,London Area Airports          ,SOUTHEND                      ,JERSEY                        , 2285 , 2285 , 0 , 6279 , 6279 , 0 ,-63.60886 ,N,N
17-Sep-2014 08:57,201407,201307,London Area Airports          ,SOUTHEND                      ,NEWQUAY                       , 1797 , 1797 , 0 , 2424 , 2424 , 0 ,-25.86634 ,N,N
17-Sep-2014 08:57,201407,201307,London Area Airports          ,STANSTED                      ,ABERDEEN                      , 528 , 0 , 528 , 0 , 0 , 0 ,Null,N,N
17-Sep-2014 08:57,201407,201307,London Area Airports          ,STANSTED                      ,BELFAST CITY (GEORGE BEST)    , 0 , 0 , 0 , 806 , 0 , 806 ,-100 ,N,N
17-Sep-2014 08:57,201407,201307,London Area Airports          ,STANSTED                      ,BELFAST INTERNATIONAL         , 25504 , 25504 , 0 , 25856 , 25856 , 0 ,-1.361386 ,N,N
17-Sep-2014 08:57,201407,201307,London Area Airports          ,STANSTED                      ,CITY OF DERRY (EGLINTON)      , 10592 , 10592 , 0 , 13005 , 13005 , 0 ,-18.5544 ,N,N
17-Sep-2014 08:57,201407,201307,London Area Airports          ,STANSTED                      ,DUNDEE                        , 2015 , 2015 , 0 , 0 , 0 , 0 ,Null,N,N
17-Sep-2014 08:57,201407,201307,London Area Airports          ,STANSTED                      ,EDINBURGH                     , 27167 , 27167 , 0 , 27469 , 27469 , 0 ,-1.099421 ,N,N
17-Sep-2014 08:57,201407,201307,London Area Airports          ,STANSTED                      ,GLASGOW                       , 21495 , 21495 , 0 , 27276 , 27276 , 0 ,-21.19446 ,N,N
17-Sep-2014 08:57,201407,201307,London Area Airports          ,STANSTED                      ,GUERNSEY                      , 2808 , 2808 , 0 , 2700 , 2700 , 0 , 4 ,N,N
17-Sep-2014 08:57,201407,201307,London Area Airports          ,STANSTED                      ,HEATHROW                      , 0 , 0 , 0 , 385 , 0 , 385 ,-100 ,N,N
17-Sep-2014 08:57,201407,201307,London Area Airports          ,STANSTED                      ,INVERNESS                     , 0 , 0 , 0 , 17 , 0 , 17 ,-100 ,N,N
17-Sep-2014 08:57,201407,201307,London Area Airports          ,STANSTED                      ,JERSEY                        , 2396 , 2396 , 0 , 784 , 784 , 0 , 205.6122 ,N,N
