rundate,report_period,reporting_airport_group_name,reporting_airport_name,freight_scheduled_passenger_aircraft_foreign_eu,freight_scheduled_cargo_aircraft_foreign_eu,freight_charter_passenger_aircraft_foreign_eu,freight_charter_cargo_aircraft_foreign_eu,freight_scheduled_passenger_aircraft_foreign_non_eu,freight_scheduled_cargo_aircraft_foreign_non_eu,freight_charter_passenger_aircraft_foreign_non_eu,freight_charter_cargo_aircraft_foreign_non_eu,freight_scheduled_passenger_aircraft_uk,freight_scheduled_cargo_aircraft_uk,freight_charter_passenger_aircraft_uk,freight_charter_cargo_aircraft_uk
11/02/2002 16:55,200111,London Area Airports,GATWICK,417.159,0,137.697,30.201,15476.044,0,1040.482,3828.528,167.775,0,0.616,6.03
11/02/2002 16:55,200111,London Area Airports,HEATHROW,8402.603,233.187,0,1343.1,80294.628,7391.521,0,719.803,417.281,2.4,0,0
11/02/2002 16:55,200111,London Area Airports,LUTON,13.212,19.22,4.767,1437.364,0.535,0,11.569,613.658,0.227,0,0,0
11/02/2002 16:55,200111,London Area Airports,SOUTHEND,0,0,0,57.957,0,0,0,0,0,0,0,1.783
11/02/2002 16:55,200111,London Area Airports,STANSTED,86.633,1844.856,0,2978.93,7.281,9189.184,0,65.687,30.38,0,0,259.028
11/02/2002 16:55,200111,Other UK Airports,ABERDEEN,9.402,0,0,0,68.283,0,49.517,12.695,48.585,0,46.111,113.908
11/02/2002 16:55,200111,Other UK Airports,BARRA,0,0,0,0,0,0,0,0,3.719,0.001,0,0
11/02/2002 16:55,200111,Other UK Airports,BELFAST CITY,0.02,0,0,0,0,0,0,0,71.473,0,0,0
11/02/2002 16:55,200111,Other UK Airports,BELFAST INTERNATIONAL,0,0,0.01,0,0,0,1.785,58.146,92.558,0,0,2592.519
11/02/2002 16:55,200111,Other UK Airports,BENBECULA,0,0,0,0,0,0,0,0,19.991,0.001,0,0
11/02/2002 16:55,200111,Other UK Airports,BIRMINGHAM,92.625,0,1.93,72.097,560.911,0,25.418,0,49.206,0,0,0
11/02/2002 16:55,200111,Other UK Airports,BLACKPOOL,0,0,0,0,0,0,5.149,0,0,0,0,0
11/02/2002 16:55,200111,Other UK Airports,BOURNEMOUTH,0,0,0,0,0,0,0,0,0,95.098,0,336.862
11/02/2002 16:55,200111,Other UK Airports,BRISTOL,0,0,0,0.055,0,0,0,1.825,0,0.466,0,0
11/02/2002 16:55,200111,Other UK Airports,CARDIFF WALES,0.005,0,8.307,146.184,0,0,4.085,0,0.076,0,0,0
11/02/2002 16:55,200111,Other UK Airports,COVENTRY,0,0,0,240.643,0,0,0,0,0,0,0,208.021
11/02/2002 16:55,200111,Other UK Airports,EAST MIDLANDS,2.572,2174.753,0,10658.66,0,3621.128,1.109,939.243,3.844,0,0,2718.481
11/02/2002 16:55,200111,Other UK Airports,EDINBURGH,9.264,0,0.93,503.971,0,0,0,287.153,38.328,0,0,656.991
11/02/2002 16:55,200111,Other UK Airports,GLASGOW,26.296,0,1.876,1.468,98.64,0,15.033,0,103.318,0,0,17.083
11/02/2002 16:55,200111,Other UK Airports,HUMBERSIDE,0.311,0,0,0,0,0,9.742,3.049,0,0,0,0
11/02/2002 16:55,200111,Other UK Airports,INVERNESS,0,0,0,0,0,0,0,0,53.899,18.24,0,0
11/02/2002 16:55,200111,Other UK Airports,ISLAY,0,0,0,0,0,0,0,0,13.265,0,0,0
11/02/2002 16:55,200111,Other UK Airports,ISLE OF MAN,0.326,0,0,0,0,0,0,0,32.911,0,0,152.169
11/02/2002 16:55,200111,Other UK Airports,ISLES OF SCILLY (ST.MARYS),0,0,0,0,0,0,0,0,14,13,0,0
11/02/2002 16:55,200111,Other UK Airports,ISLES OF SCILLY (TRESCO),0,0,0,0,0,0,0,0,1.4,0,0,0
11/02/2002 16:55,200111,Other UK Airports,KENT INTERNATIONAL,0,0,0,149.31,0,0,0,2944.686,0,0,0,21.547
11/02/2002 16:55,200111,Other UK Airports,KIRKWALL,0,0,0,0,0,0,0,0,10.293,25.908,0,0
11/02/2002 16:55,200111,Other UK Airports,LEEDS BRADFORD,0.337,0,0.936,0,0,0,0.085,0,7.896,0,0,0
11/02/2002 16:55,200111,Other UK Airports,LIVERPOOL,0,0,0,705.678,0,0,0,3.234,5.634,0,0,666.987
11/02/2002 16:55,200111,Other UK Airports,MANCHESTER,477.757,40,93.189,5.583,4377.763,4386.293,356.192,125,59.634,0,1.303,3.878
11/02/2002 16:55,200111,Other UK Airports,NEWCASTLE,0.249,0,0.288,90.546,5.479,0,0,0,5.198,0,0,0
11/02/2002 16:55,200111,Other UK Airports,NORWICH,3.277,0,0,0,0,0,3.368,0.327,0.021,0,0,0
11/02/2002 16:55,200111,Other UK Airports,PENZANCE HELIPORT,0,0,0,0,0,0,0,0,19,0,0,0
11/02/2002 16:55,200111,Other UK Airports,PLYMOUTH,0.5,0,0,0,0,0,0,0,1,0,0,0
11/02/2002 16:55,200111,Other UK Airports,PRESTWICK,0,1012.119,0,60.885,0,2680.951,0,101.3,0,0,0,0
11/02/2002 16:55,200111,Other UK Airports,SCATSTA,0,0,0,0,0,0,14.116,0.057,0,0,43.509,0.225
11/02/2002 16:55,200111,Other UK Airports,SOUTHAMPTON,0.01,0,0,0,0,0,0,0,39.476,0,0,0
11/02/2002 16:55,200111,Other UK Airports,STORNOWAY,0,0,0,0,0,0,0,0,49,17.58,0,0
11/02/2002 16:55,200111,Other UK Airports,SUMBURGH,0,0,0,0,0,0,0.059,0,5.555,0,0.682,0
11/02/2002 16:55,200111,Other UK Airports,TEESSIDE,0,0,0,86.378,0,0,0,0,1.269,0,0,8.626
11/02/2002 16:55,200111,Other UK Airports,TIREE,0,0,0,0,0,0,0,0,1.922,0,0,0
11/02/2002 16:55,200111,Channel Islands Airports,ALDERNEY,0,0,0,0,0,0,0,0,30.725,2.395,0,0
11/02/2002 16:55,200111,Channel Islands Airports,GUERNSEY,3.771,0,0,0,0.999,0,0,0,152.853,89.639,0,146.823
11/02/2002 16:55,200111,Channel Islands Airports,JERSEY,0.409,0,0,0,0.408,0,0,0,215.237,94.65,0,218.195
