rundate,this_period,last_period,group_name,airport1_name,airport2_name,total_pax_this_period,total_pax_scheduled_this_period,total_pax_charter_this_period,total_pax_last_period,total_pax_scheduled_last_period,total_pax_charter_last_period,total_pax_percent_change
13/03/2002 14:40,200111,200011,London Area Airports,GATWICK,ABERDEEN,16286,16286,0,18515,18515,0,-12.03888702
13/03/2002 14:40,200111,200011,London Area Airports,GATWICK,BELFAST CITY,18527,18527,0,18916,18916,0,-2.056460142
13/03/2002 14:40,200111,200011,London Area Airports,GATWICK,BRISTOL,1081,1081,0,706,701,5,53.11614609
13/03/2002 14:40,200111,200011,London Area Airports,GATWICK,EDINBURGH,27530,27530,0,28974,28974,0,-4.983778477
13/03/2002 14:40,200111,200011,London Area Airports,GATWICK,GLASGOW,26611,26611,0,29071,29071,0,-8.462040901
13/03/2002 14:40,200111,200011,London Area Airports,GATWICK,GUERNSEY,21032,21032,0,22194,22194,0,-5.235649109
13/03/2002 14:40,200111,200011,London Area Airports,GATWICK,INVERNESS,9680,9680,0,10896,10896,0,-11.16005898
13/03/2002 14:40,200111,200011,London Area Airports,GATWICK,JERSEY,37660,37555,105,38097,38097,0,-1.147071958
13/03/2002 14:40,200111,200011,London Area Airports,GATWICK,LEEDS BRADFORD,2133,2133,0,0,0,0,
13/03/2002 14:40,200111,200011,London Area Airports,GATWICK,LIVERPOOL,0,0,0,30,0,30,
13/03/2002 14:40,200111,200011,London Area Airports,GATWICK,MANCHESTER,34495,34492,3,47407,47398,9,-27.23648453
13/03/2002 14:40,200111,200011,London Area Airports,GATWICK,NEWCASTLE,14151,14151,0,23310,23310,0,-39.29214859
13/03/2002 14:40,200111,200011,London Area Airports,GATWICK,NEWQUAY,4443,4443,0,5574,5574,0,-20.29063416
13/03/2002 14:40,200111,200011,London Area Airports,GATWICK,PLYMOUTH,3644,3644,0,5096,5096,0,-28.49293518
13/03/2002 14:40,200111,200011,London Area Airports,HEATHROW,ABERDEEN,38526,38526,0,42362,42362,0,-9.055285454
13/03/2002 14:40,200111,200011,London Area Airports,HEATHROW,BELFAST CITY,45283,45283,0,0,0,0,
13/03/2002 14:40,200111,200011,London Area Airports,HEATHROW,BELFAST INTERNATIONAL,20409,20409,0,85678,85678,0,-76.17941284
13/03/2002 14:40,200111,200011,London Area Airports,HEATHROW,EDINBURGH,121634,121634,0,149369,149369,0,-18.56810951
13/03/2002 14:40,200111,200011,London Area Airports,HEATHROW,GLASGOW,110948,110948,0,124725,124725,0,-11.0459013
13/03/2002 14:40,200111,200011,London Area Airports,HEATHROW,ISLE OF MAN,8832,8832,0,9469,9469,0,-6.72721529
13/03/2002 14:40,200111,200011,London Area Airports,HEATHROW,LEEDS BRADFORD,14947,14947,0,24396,24347,49,-38.73175812
13/03/2002 14:40,200111,200011,London Area Airports,HEATHROW,LONDONDERRY,158,0,158,0,0,0,
13/03/2002 14:40,200111,200011,London Area Airports,HEATHROW,MANCHESTER,102151,102151,0,141300,141300,0,-27.70629883
13/03/2002 14:40,200111,200011,London Area Airports,HEATHROW,NEWCASTLE,36787,36787,0,50820,50820,0,-27.61314392
13/03/2002 14:40,200111,200011,London Area Airports,HEATHROW,TEESSIDE,11942,11942,0,17778,17778,0,-32.82709122
13/03/2002 14:40,200111,200011,London Area Airports,LONDON CITY,ABERDEEN,1488,1488,0,4380,4380,0,-66.02739716
13/03/2002 14:40,200111,200011,London Area Airports,LONDON CITY,BELFAST CITY,6145,6145,0,2517,2517,0,144.1398468
13/03/2002 14:40,200111,200011,London Area Airports,LONDON CITY,BIRMINGHAM,0,0,0,37,0,37,
13/03/2002 14:40,200111,200011,London Area Airports,LONDON CITY,DUNDEE,3830,3830,0,4450,4450,0,-13.93258381
13/03/2002 14:40,200111,200011,London Area Airports,LONDON CITY,EDINBURGH,13518,13512,6,16429,16429,0,-17.71866798
13/03/2002 14:40,200111,200011,London Area Airports,LONDON CITY,GLASGOW,2656,2656,0,3276,3276,0,-18.92551804
13/03/2002 14:40,200111,200011,London Area Airports,LONDON CITY,HUMBERSIDE,0,0,0,33,0,33,
13/03/2002 14:40,200111,200011,London Area Airports,LONDON CITY,INVERNESS,275,275,0,0,0,0,
13/03/2002 14:40,200111,200011,London Area Airports,LONDON CITY,ISLE OF MAN,2596,2596,0,1548,1548,0,67.70025635
13/03/2002 14:40,200111,200011,London Area Airports,LONDON CITY,JERSEY,5746,5746,0,5489,5489,0,4.682091236
13/03/2002 14:40,200111,200011,London Area Airports,LUTON,ABERDEEN,14624,14624,0,13796,13796,0,6.001739502
13/03/2002 14:40,200111,200011,London Area Airports,LUTON,BELFAST INTERNATIONAL,35432,35432,0,29355,29355,0,20.70175362
13/03/2002 14:40,200111,200011,London Area Airports,LUTON,EDINBURGH,41407,41397,10,39836,39827,9,3.943669081
13/03/2002 14:40,200111,200011,London Area Airports,LUTON,EXETER,36,0,36,0,0,0,
13/03/2002 14:40,200111,200011,London Area Airports,LUTON,GLASGOW,42791,42791,0,39391,39391,0,8.63141346
13/03/2002 14:40,200111,200011,London Area Airports,LUTON,INVERNESS,9236,9236,0,7558,7558,0,22.20164108
13/03/2002 14:40,200111,200011,London Area Airports,LUTON,ISLE OF MAN,2570,2518,52,2812,2812,0,-8.605974197
13/03/2002 14:40,200111,200011,London Area Airports,LUTON,JERSEY,0,0,0,1592,1460,132,
13/03/2002 14:40,200111,200011,London Area Airports,LUTON,LEEDS BRADFORD,0,0,0,53,0,53,
13/03/2002 14:40,200111,200011,London Area Airports,LUTON,LIVERPOOL,1193,1193,0,21668,21619,49,-94.4941864
13/03/2002 14:40,200111,200011,London Area Airports,LUTON,STANSTED,0,0,0,1,0,1,
13/03/2002 14:40,200111,200011,London Area Airports,LUTON,TEESSIDE,0,0,0,50,0,50,
13/03/2002 14:40,200111,200011,London Area Airports,SOUTHEND,EXETER,0,0,0,124,0,124,
13/03/2002 14:40,200111,200011,London Area Airports,STANSTED,BELFAST CITY,0,0,0,9928,9928,0,
13/03/2002 14:40,200111,200011,London Area Airports,STANSTED,BELFAST INTERNATIONAL,25472,25472,0,17932,17932,0,42.04773712
13/03/2002 14:40,200111,200011,London Area Airports,STANSTED,EDINBURGH,41678,41678,0,38562,38562,0,8.080493927
13/03/2002 14:40,200111,200011,London Area Airports,STANSTED,GLASGOW,24979,24919,60,19570,19570,0,27.63924408
13/03/2002 14:40,200111,200011,London Area Airports,STANSTED,GUERNSEY,2904,2904,0,3148,3148,0,-7.750953197
13/03/2002 14:40,200111,200011,London Area Airports,STANSTED,LONDONDERRY,10490,10490,0,9508,9508,0,10.32814503
13/03/2002 14:40,200111,200011,London Area Airports,STANSTED,MANCHESTER,2657,2572,85,4305,4305,0,-38.28106689
13/03/2002 14:40,200111,200011,London Area Airports,STANSTED,NEWCASTLE,12577,12577,0,6441,6441,0,95.26470947
13/03/2002 14:40,200111,200011,London Area Airports,STANSTED,PRESTWICK,50461,50461,0,51348,51348,0,-1.727428555
13/03/2002 14:40,200111,200011,Other UK Airports,ABERDEEN,BELFAST CITY,799,799,0,0,0,0,
13/03/2002 14:40,200111,200011,Other UK Airports,ABERDEEN,BELFAST INTERNATIONAL,0,0,0,576,576,0,
13/03/2002 14:40,200111,200011,Other UK Airports,ABERDEEN,BIRMINGHAM,4906,4906,0,4982,4982,0,-1.525491714
13/03/2002 14:40,200111,200011,Other UK Airports,ABERDEEN,BRISTOL,2232,2232,0,6427,6427,0,-65.27150726
13/03/2002 14:40,200111,200011,Other UK Airports,ABERDEEN,CARDIFF WALES,31,31,0,411,411,0,-92.45742035
13/03/2002 14:40,200111,200011,Other UK Airports,ABERDEEN,EAST MIDLANDS,1173,1173,0,1483,1483,0,-20.90357399
13/03/2002 14:40,200111,200011,Other UK Airports,ABERDEEN,EDINBURGH,45,45,0,0,0,0,
13/03/2002 14:40,200111,200011,Other UK Airports,ABERDEEN,GLASGOW,313,313,0,428,428,0,-26.8691597
13/03/2002 14:40,200111,200011,Other UK Airports,ABERDEEN,HUMBERSIDE,2715,2715,0,2427,2427,0,11.86650181
13/03/2002 14:40,200111,200011,Other UK Airports,ABERDEEN,KIRKWALL,2936,2936,0,2737,2737,0,7.27073431
13/03/2002 14:40,200111,200011,Other UK Airports,ABERDEEN,LEEDS BRADFORD,1288,1288,0,899,899,0,43.27030182
13/03/2002 14:40,200111,200011,Other UK Airports,ABERDEEN,MANCHESTER,12396,12396,0,11868,11868,0,4.44893837
13/03/2002 14:40,200111,200011,Other UK Airports,ABERDEEN,NEWCASTLE,4136,4136,0,1155,1155,0,258.0952454
13/03/2002 14:40,200111,200011,Other UK Airports,ABERDEEN,NORWICH,4714,4714,0,5196,5196,0,-9.276366234
13/03/2002 14:40,200111,200011,Other UK Airports,ABERDEEN,PLYMOUTH,63,63,0,0,0,0,
13/03/2002 14:40,200111,200011,Other UK Airports,ABERDEEN,SCATSTA,12202,0,12202,12542,0,12542,-2.710891485
13/03/2002 14:40,200111,200011,Other UK Airports,ABERDEEN,SOUTHAMPTON,954,954,0,3839,3839,0,-75.14978027
13/03/2002 14:40,200111,200011,Other UK Airports,ABERDEEN,SUMBURGH,6216,6001,215,5818,5818,0,6.840838909
13/03/2002 14:40,200111,200011,Other UK Airports,ABERDEEN,TEESSIDE,1767,1767,0,1819,1819,0,-2.858713627
13/03/2002 14:40,200111,200011,Other UK Airports,ABERDEEN,WICK,701,701,0,820,820,0,-14.51219559
13/03/2002 14:40,200111,200011,Other UK Airports,ALDERNEY,GUERNSEY,2401,2401,0,2295,2295,0,4.618736267
13/03/2002 14:40,200111,200011,Other UK Airports,ALDERNEY,JERSEY,517,517,0,490,490,0,5.510204315
13/03/2002 14:40,200111,200011,Other UK Airports,ALDERNEY,SOUTHAMPTON,1528,1528,0,1494,1494,0,2.275769711
13/03/2002 14:40,200111,200011,Other UK Airports,BARRA,BENBECULA,226,226,0,254,254,0,-11.02362251
13/03/2002 14:40,200111,200011,Other UK Airports,BARRA,GLASGOW,363,363,0,316,316,0,14.87341785
13/03/2002 14:40,200111,200011,Other UK Airports,BELFAST CITY,BIRMINGHAM,13575,13575,0,14850,14850,0,-8.585858345
13/03/2002 14:40,200111,200011,Other UK Airports,BELFAST CITY,BLACKPOOL,272,272,0,1814,1814,0,-85.00551605
13/03/2002 14:40,200111,200011,Other UK Airports,BELFAST CITY,BRISTOL,4472,4472,0,4917,4917,0,-9.050233841
13/03/2002 14:40,200111,200011,Other UK Airports,BELFAST CITY,CARDIFF WALES,995,995,0,0,0,0,
13/03/2002 14:40,200111,200011,Other UK Airports,BELFAST CITY,EAST MIDLANDS,5710,5710,0,21,21,0,27090.47656
13/03/2002 14:40,200111,200011,Other UK Airports,BELFAST CITY,EDINBURGH,3792,3792,0,6472,6472,0,-41.40914536
13/03/2002 14:40,200111,200011,Other UK Airports,BELFAST CITY,GLASGOW,5115,4933,182,8410,8410,0,-39.17954636
13/03/2002 14:40,200111,200011,Other UK Airports,BELFAST CITY,ISLE OF MAN,2831,2831,0,0,0,0,
13/03/2002 14:40,200111,200011,Other UK Airports,BELFAST CITY,LEEDS BRADFORD,6398,6398,0,6605,6605,0,-3.133989334
13/03/2002 14:40,200111,200011,Other UK Airports,BELFAST CITY,LIVERPOOL,0,0,0,1718,1718,0,
13/03/2002 14:40,200111,200011,Other UK Airports,BELFAST CITY,MANCHESTER,12640,12640,0,9375,9375,0,34.82666779
13/03/2002 14:40,200111,200011,Other UK Airports,BELFAST CITY,NEWCASTLE,7060,7060,0,9520,9520,0,-25.84033585
13/03/2002 14:40,200111,200011,Other UK Airports,BELFAST CITY,PRESTWICK,96,0,96,0,0,0,
13/03/2002 14:40,200111,200011,Other UK Airports,BELFAST CITY,SHEFFIELD CITY,1738,1738,0,1613,1613,0,7.749535084
13/03/2002 14:40,200111,200011,Other UK Airports,BELFAST CITY,SOUTHAMPTON,1811,1811,0,1842,1842,0,-1.682953358
13/03/2002 14:40,200111,200011,Other UK Airports,BELFAST INTERNATIONAL,BIRMINGHAM,8918,8918,0,12351,12351,0,-27.79532051
13/03/2002 14:40,200111,200011,Other UK Airports,BELFAST INTERNATIONAL,BRISTOL,9863,9863,0,0,0,0,
13/03/2002 14:40,200111,200011,Other UK Airports,BELFAST INTERNATIONAL,CARDIFF WALES,0,0,0,1568,1379,189,
13/03/2002 14:40,200111,200011,Other UK Airports,BELFAST INTERNATIONAL,EAST MIDLANDS,0,0,0,5589,5589,0,
13/03/2002 14:40,200111,200011,Other UK Airports,BELFAST INTERNATIONAL,EDINBURGH,29701,29701,0,2150,2150,0,1281.441895
13/03/2002 14:40,200111,200011,Other UK Airports,BELFAST INTERNATIONAL,GLASGOW,31164,31164,0,3488,3488,0,793.4633179
13/03/2002 14:40,200111,200011,Other UK Airports,BELFAST INTERNATIONAL,LEEDS BRADFORD,113,0,113,0,0,0,
13/03/2002 14:40,200111,200011,Other UK Airports,BELFAST INTERNATIONAL,LIVERPOOL,40540,40540,0,25913,25913,0,56.44657135
13/03/2002 14:40,200111,200011,Other UK Airports,BELFAST INTERNATIONAL,MANCHESTER,0,0,0,7164,7164,0,
13/03/2002 14:40,200111,200011,Other UK Airports,BENBECULA,GLASGOW,1617,1617,0,1602,1602,0,0.936329603
13/03/2002 14:40,200111,200011,Other UK Airports,BENBECULA,STORNOWAY,925,925,0,980,980,0,-5.612245083
13/03/2002 14:40,200111,200011,Other UK Airports,BIGGIN HILL,EDINBURGH,7,0,7,0,0,0,
13/03/2002 14:40,200111,200011,Other UK Airports,BIGGIN HILL,JERSEY,4,0,4,0,0,0,
13/03/2002 14:40,200111,200011,Other UK Airports,BIRMINGHAM,BRISTOL,63,0,63,37,0,37,70.2702713
13/03/2002 14:40,200111,200011,Other UK Airports,BIRMINGHAM,EDINBURGH,23476,23476,0,26660,26516,144,-11.94298553
13/03/2002 14:40,200111,200011,Other UK Airports,BIRMINGHAM,EXETER,0,0,0,3045,3045,0,
13/03/2002 14:40,200111,200011,Other UK Airports,BIRMINGHAM,GLASGOW,22335,22335,0,25382,25382,0,-12.00457001
13/03/2002 14:40,200111,200011,Other UK Airports,BIRMINGHAM,GUERNSEY,3199,3199,0,2183,2183,0,46.54145813
13/03/2002 14:40,200111,200011,Other UK Airports,BIRMINGHAM,HEATHROW,38,0,38,0,0,0,
13/03/2002 14:40,200111,200011,Other UK Airports,BIRMINGHAM,ISLE OF MAN,4099,4099,0,3590,3590,0,14.1782732
13/03/2002 14:40,200111,200011,Other UK Airports,BIRMINGHAM,JERSEY,2678,2678,0,4090,4090,0,-34.52322769
13/03/2002 14:40,200111,200011,Other UK Airports,BIRMINGHAM,MANCHESTER,0,0,0,35,0,35,
13/03/2002 14:40,200111,200011,Other UK Airports,BIRMINGHAM,NEWCASTLE,2702,2702,0,3298,3298,0,-18.071558
13/03/2002 14:40,200111,200011,Other UK Airports,BLACKPOOL,ISLE OF MAN,354,354,0,346,346,0,2.312138796
13/03/2002 14:40,200111,200011,Other UK Airports,BOURNEMOUTH,EDINBURGH,0,0,0,53,0,53,
13/03/2002 14:40,200111,200011,Other UK Airports,BOURNEMOUTH,GLASGOW,0,0,0,26,0,26,
13/03/2002 14:40,200111,200011,Other UK Airports,BOURNEMOUTH,JERSEY,68,0,68,33,0,33,106.0606079
13/03/2002 14:40,200111,200011,Other UK Airports,BRISTOL,EDINBURGH,23139,23139,0,10882,10882,0,112.6355438
13/03/2002 14:40,200111,200011,Other UK Airports,BRISTOL,GLASGOW,19132,19132,0,9595,9595,0,99.39551544
13/03/2002 14:40,200111,200011,Other UK Airports,BRISTOL,GUERNSEY,619,619,0,787,787,0,-21.34688759
13/03/2002 14:40,200111,200011,Other UK Airports,BRISTOL,ISLE OF MAN,1183,1183,0,201,201,0,488.5572205
13/03/2002 14:40,200111,200011,Other UK Airports,BRISTOL,JERSEY,1878,1878,0,498,498,0,277.108429
13/03/2002 14:40,200111,200011,Other UK Airports,BRISTOL,LUTON,70,0,70,0,0,0,
13/03/2002 14:40,200111,200011,Other UK Airports,BRISTOL,MANCHESTER,214,0,214,0,0,0,
13/03/2002 14:40,200111,200011,Other UK Airports,BRISTOL,NEWCASTLE,3314,3314,0,0,0,0,
13/03/2002 14:40,200111,200011,Other UK Airports,BRISTOL,PLYMOUTH,2186,2186,0,2673,2673,0,-18.21922874
13/03/2002 14:40,200111,200011,Other UK Airports,BRISTOL,STANSTED,436,0,436,0,0,0,
13/03/2002 14:40,200111,200011,Other UK Airports,BRIZE NORTON,COVENTRY,3,0,3,0,0,0,
13/03/2002 14:40,200111,200011,Other UK Airports,CAMPBELTOWN,GLASGOW,579,579,0,549,549,0,5.464480877
13/03/2002 14:40,200111,200011,Other UK Airports,CARDIFF WALES,EDINBURGH,2142,2028,114,2218,2218,0,-3.426510334
13/03/2002 14:40,200111,200011,Other UK Airports,CARDIFF WALES,GLASGOW,1813,1813,0,2308,2308,0,-21.44713974
13/03/2002 14:40,200111,200011,Other UK Airports,CARDIFF WALES,JERSEY,898,898,0,896,896,0,0.223214284
13/03/2002 14:40,200111,200011,Other UK Airports,CARDIFF WALES,NEWCASTLE,442,442,0,630,630,0,-29.84127045
13/03/2002 14:40,200111,200011,Other UK Airports,COTTESMORE(RAF),INVERNESS,0,0,0,6,0,6,
13/03/2002 14:40,200111,200011,Other UK Airports,COVENTRY,LEEDS BRADFORD,1,0,1,0,0,0,
13/03/2002 14:40,200111,200011,Other UK Airports,EAST MIDLANDS,EDINBURGH,5817,5817,0,7386,7386,0,-21.24289131
13/03/2002 14:40,200111,200011,Other UK Airports,EAST MIDLANDS,EXETER,156,0,156,0,0,0,
13/03/2002 14:40,200111,200011,Other UK Airports,EAST MIDLANDS,GLASGOW,6792,6792,0,8688,8688,0,-21.82320404
13/03/2002 14:40,200111,200011,Other UK Airports,EAST MIDLANDS,JERSEY,3088,3088,0,3056,3056,0,1.047120452
13/03/2002 14:40,200111,200011,Other UK Airports,EDAY,KIRKWALL,59,59,0,42,42,0,40.47618866
13/03/2002 14:40,200111,200011,Other UK Airports,EDINBURGH,GUERNSEY,0,0,0,178,178,0,
13/03/2002 14:40,200111,200011,Other UK Airports,EDINBURGH,INVERNESS,132,132,0,0,0,0,
13/03/2002 14:40,200111,200011,Other UK Airports,EDINBURGH,JERSEY,61,57,4,0,0,0,
13/03/2002 14:40,200111,200011,Other UK Airports,EDINBURGH,KIRKWALL,2437,2437,0,2388,2388,0,2.051926374
13/03/2002 14:40,200111,200011,Other UK Airports,EDINBURGH,LEEDS BRADFORD,3805,3805,0,3658,3658,0,4.018589497
13/03/2002 14:40,200111,200011,Other UK Airports,EDINBURGH,LIVERPOOL,0,0,0,44,0,44,
13/03/2002 14:40,200111,200011,Other UK Airports,EDINBURGH,MANCHESTER,14717,14707,10,17297,17295,2,-14.91588116
13/03/2002 14:40,200111,200011,Other UK Airports,EDINBURGH,NORWICH,2202,2202,0,2062,2062,0,6.789524555
13/03/2002 14:40,200111,200011,Other UK Airports,EDINBURGH,PLYMOUTH,0,0,0,111,111,0,
13/03/2002 14:40,200111,200011,Other UK Airports,EDINBURGH,SOUTHAMPTON,6064,6064,0,6967,6967,0,-12.96110249
13/03/2002 14:40,200111,200011,Other UK Airports,EDINBURGH,STORNOWAY,811,811,0,731,731,0,10.94391251
13/03/2002 14:40,200111,200011,Other UK Airports,EDINBURGH,SUMBURGH,1157,1157,0,1089,1089,0,6.244260788
13/03/2002 14:40,200111,200011,Other UK Airports,EDINBURGH,TEESSIDE,17,0,17,0,0,0,
13/03/2002 14:40,200111,200011,Other UK Airports,EDINBURGH,WICK,775,775,0,716,716,0,8.240223885
13/03/2002 14:40,200111,200011,Other UK Airports,EXETER,GUERNSEY,1780,1780,0,1941,1941,0,-8.294692993
13/03/2002 14:40,200111,200011,Other UK Airports,EXETER,HEATHROW,1,0,1,0,0,0,
13/03/2002 14:40,200111,200011,Other UK Airports,EXETER,JERSEY,2518,2518,0,1904,1904,0,32.2478981
13/03/2002 14:40,200111,200011,Other UK Airports,EXETER,TEESSIDE,128,0,128,0,0,0,
13/03/2002 14:40,200111,200011,Other UK Airports,FAIR ISLE,LERWICK  (TINGWALL),143,143,0,109,109,0,31.19266129
13/03/2002 14:40,200111,200011,Other UK Airports,FARNBOROUGH,SOUTHAMPTON,20,0,20,0,0,0,
13/03/2002 14:40,200111,200011,Other UK Airports,FILTON,HAWARDEN,235,0,235,229,0,229,2.620087385
13/03/2002 14:40,200111,200011,Other UK Airports,FILTON,KENT INTERNATIONAL,122,0,122,0,0,0,
13/03/2002 14:40,200111,200011,Other UK Airports,GLASGOW,HUMBERSIDE,0,0,0,111,0,111,
13/03/2002 14:40,200111,200011,Other UK Airports,GLASGOW,INVERNESS,2373,2329,44,1260,1260,0,88.33333588
13/03/2002 14:40,200111,200011,Other UK Airports,GLASGOW,ISLAY,1605,1605,0,1532,1532,0,4.765013218
13/03/2002 14:40,200111,200011,Other UK Airports,GLASGOW,ISLE OF MAN,1908,1908,0,1881,1881,0,1.435406685
13/03/2002 14:40,200111,200011,Other UK Airports,GLASGOW,KIRKWALL,396,396,0,696,696,0,-43.10344696
13/03/2002 14:40,200111,200011,Other UK Airports,GLASGOW,LEEDS BRADFORD,3299,3299,0,3475,3475,0,-5.064748287
13/03/2002 14:40,200111,200011,Other UK Airports,GLASGOW,LONDONDERRY,1346,1346,0,1485,1485,0,-9.360269547
13/03/2002 14:40,200111,200011,Other UK Airports,GLASGOW,MANCHESTER,11838,11475,363,14347,14344,3,-17.48797607
13/03/2002 14:40,200111,200011,Other UK Airports,GLASGOW,NEWCASTLE,0,0,0,69,0,69,
13/03/2002 14:40,200111,200011,Other UK Airports,GLASGOW,PLYMOUTH,180,180,0,465,465,0,-61.29032135
13/03/2002 14:40,200111,200011,Other UK Airports,GLASGOW,SOUTHAMPTON,5535,5535,0,6336,6336,0,-12.64204502
13/03/2002 14:40,200111,200011,Other UK Airports,GLASGOW,STORNOWAY,3391,3391,0,3452,3452,0,-1.767091513
13/03/2002 14:40,200111,200011,Other UK Airports,GLASGOW,SUMBURGH,888,807,81,1782,1782,0,-50.16835022
13/03/2002 14:40,200111,200011,Other UK Airports,GLASGOW,TIREE,459,459,0,360,360,0,27.5
13/03/2002 14:40,200111,200011,Other UK Airports,GLOUCESTERSHIRE,HUMBERSIDE,0,0,0,2,0,2,
13/03/2002 14:40,200111,200011,Other UK Airports,GLOUCESTERSHIRE,ISLE OF MAN,0,0,0,2,0,2,
13/03/2002 14:40,200111,200011,Other UK Airports,GUERNSEY,JERSEY,15742,15742,0,15383,15383,0,2.333745003
13/03/2002 14:40,200111,200011,Other UK Airports,GUERNSEY,MANCHESTER,2868,2868,0,2866,2866,0,0.069783673
13/03/2002 14:40,200111,200011,Other UK Airports,GUERNSEY,SOUTHAMPTON,9625,9625,0,9562,9562,0,0.658858001
13/03/2002 14:40,200111,200011,Other UK Airports,HUMBERSIDE,NEWCASTLE,0,0,0,70,0,70,
13/03/2002 14:40,200111,200011,Other UK Airports,INVERNESS,KIRKWALL,1161,1161,0,355,355,0,227.0422516
13/03/2002 14:40,200111,200011,Other UK Airports,INVERNESS,STORNOWAY,2378,2378,0,2070,2070,0,14.87922668
13/03/2002 14:40,200111,200011,Other UK Airports,INVERNESS,SUMBURGH,43,43,0,702,702,0,-93.87464142
13/03/2002 14:40,200111,200011,Other UK Airports,INVERNESS,WICK,19,0,19,0,0,0,
13/03/2002 14:40,200111,200011,Other UK Airports,ISLE OF MAN,JERSEY,722,722,0,803,803,0,-10.08717346
13/03/2002 14:40,200111,200011,Other UK Airports,ISLE OF MAN,LEEDS BRADFORD,884,884,0,751,751,0,17.70972061
13/03/2002 14:40,200111,200011,Other UK Airports,ISLE OF MAN,LIVERPOOL,16923,16923,0,16599,16599,0,1.951924801
13/03/2002 14:40,200111,200011,Other UK Airports,ISLE OF MAN,MANCHESTER,8212,8212,0,7305,7305,0,12.41615295
13/03/2002 14:40,200111,200011,Other UK Airports,ISLE OF MAN,SOUTHAMPTON,247,247,0,163,163,0,51.533741
13/03/2002 14:40,200111,200011,Other UK Airports,JERSEY,LEEDS BRADFORD,989,989,0,670,670,0,47.61193848
13/03/2002 14:40,200111,200011,Other UK Airports,JERSEY,MANCHESTER,3938,3938,0,3914,3914,0,0.613183439
13/03/2002 14:40,200111,200011,Other UK Airports,JERSEY,PLYMOUTH,1475,1475,0,931,931,0,58.43179321
13/03/2002 14:40,200111,200011,Other UK Airports,JERSEY,SOUTHAMPTON,11400,11400,0,11498,11498,0,-0.852322161
13/03/2002 14:40,200111,200011,Other UK Airports,KIRKWALL,NORTH RONALDSAY,294,294,0,280,280,0,5
13/03/2002 14:40,200111,200011,Other UK Airports,KIRKWALL,PAPA WESTRAY,176,176,0,162,162,0,8.641975403
13/03/2002 14:40,200111,200011,Other UK Airports,KIRKWALL,SANDAY,153,153,0,204,204,0,-25
13/03/2002 14:40,200111,200011,Other UK Airports,KIRKWALL,STRONSAY,240,240,0,278,278,0,-13.66906452
13/03/2002 14:40,200111,200011,Other UK Airports,KIRKWALL,SUMBURGH,480,480,0,367,367,0,30.79019165
13/03/2002 14:40,200111,200011,Other UK Airports,KIRKWALL,WESTRAY,149,149,0,191,191,0,-21.98952866
13/03/2002 14:40,200111,200011,Other UK Airports,KIRKWALL,WICK,492,492,0,197,197,0,149.7461853
13/03/2002 14:40,200111,200011,Other UK Airports,LEEDS BRADFORD,MANCHESTER,62,0,62,0,0,0,
13/03/2002 14:40,200111,200011,Other UK Airports,LEEDS BRADFORD,SOUTHAMPTON,1976,1976,0,2375,2375,0,-16.79999924
13/03/2002 14:40,200111,200011,Other UK Airports,LEEDS BRADFORD,STANSTED,64,0,64,0,0,0,
13/03/2002 14:40,200111,200011,Other UK Airports,LERWICK  (TINGWALL),UNST,0,0,0,6,6,0,
13/03/2002 14:40,200111,200011,Other UK Airports,LIVERPOOL,NEWCASTLE,0,0,0,37,0,37,
13/03/2002 14:40,200111,200011,Other UK Airports,LIVERPOOL,SANDOWN,28,0,28,0,0,0,
13/03/2002 14:40,200111,200011,Other UK Airports,LONDONDERRY,MANCHESTER,1256,1256,0,1042,997,45,20.5374279
13/03/2002 14:40,200111,200011,Other UK Airports,MANCHESTER,NEWCASTLE,0,0,0,2,0,2,
13/03/2002 14:40,200111,200011,Other UK Airports,MANCHESTER,NORWICH,1249,1249,0,1374,1374,0,-9.097525597
13/03/2002 14:40,200111,200011,Other UK Airports,MANCHESTER,SOUTHAMPTON,5042,5042,0,6578,6578,0,-23.35056305
13/03/2002 14:40,200111,200011,Other UK Airports,NEWCASTLE,PLYMOUTH,645,645,0,0,0,0,
13/03/2002 14:40,200111,200011,Other UK Airports,NEWCASTLE,SOUTHAMPTON,2432,2432,0,3144,3144,0,-22.64631081
13/03/2002 14:40,200111,200011,Other UK Airports,NEWCASTLE,WICK,0,0,0,1032,1032,0,
13/03/2002 14:40,200111,200011,Other UK Airports,SCATSTA,SUMBURGH,0,0,0,52,0,52,
13/03/2002 14:40,200111,200011,Other UK Airports,SOUTHAMPTON,WARTON,91,0,91,0,0,0,
13/03/2002 14:40,200111,200011,Other UK Airports,STANSTED,TEESSIDE,0,0,0,35,0,35,
13/03/2002 14:40,200111,200011,Other UK Airports,SUMBURGH,UNST,0,0,0,108,108,0,
13/03/2002 14:40,200111,200011,Other UK Airports,SUMBURGH,WICK,133,133,0,98,98,0,35.7142868
