rundate,reporting_period,reporting_airport_group_name,reporting_airport_name,mail_scheduled_passenger_aircraft_foreign_EU,mail_scheduled_cargo_aircraft_foreign_EU,mail_charter_passenger_aircraft_foreign_EU,mail_charter_cargo_aircraft_foreign_EU,mail_scheduled_passenger_aircraft_foreign_non_EU,mail_scheduled_cargo_aircraft_foreign_non_EU,mail_charter_passenger_aircraft_foreign_non_EU,mail_charter_cargo_aircraft_foreign_non_EU,mail_scheduled_passenger_aircraft_UK,mail_scheduled_cargo_aircraft_UK,mail_charter_passenger_aircraft_UK,mail_charter_cargo_aircraft_UK
25-Nov-2009 13:17,200909,Non UK Reporting Airports     ,ALDERNEY                      , 0 , 0 , 0 , 0 , 0 , 0 , 0 , 0 , 25.789 , 0 , 0 , 0 
25-Nov-2009 13:17,200909,Other UK Airports             ,BELFAST INTERNATIONAL         , 0 , 0 , 0 , 0 , 0 , 0 , 0 , 0 , 7.411 , 0 , 0 , 1158.536 
25-Nov-2009 13:17,200909,Other UK Airports             ,BIRMINGHAM                    , 2.545 , 0 , 0.002 , 0 , 0.003 , 0 , 0 , 0 , 0 , 0 , 0 , 0 
25-Nov-2009 13:17,200909,Other UK Airports             ,BOURNEMOUTH                   , 0 , 0 , 0 , 0 , 0 , 0 , 0 , 0 , 0 , 0 , 0 , 859.47 
25-Nov-2009 13:17,200909,Other UK Airports             ,BRISTOL                       , 0 , 0 , 0 , 0 , 0 , 0 , 0 , 0 , 0 , 0 , 0 , 342.495 
25-Nov-2009 13:17,200909,Other UK Airports             ,EAST MIDLANDS INTERNATIONAL   , 0 , 0 , 0 , 0 , 0 , 0 , 0 , 100 , 0 , 0 , 0 , 2748.521 
25-Nov-2009 13:17,200909,Other UK Airports             ,EDINBURGH                     , 0.002 , 0 , 0 , 0 , 0 , 0 , 0 , 0 , 0.009 , 0 , 0 , 2376.588 
25-Nov-2009 13:17,200909,Other UK Airports             ,EXETER                        , 0 , 0 , 0 , 0 , 0 , 0 , 0 , 0 , 0.009 , 0 , 0 , 359.595 
25-Nov-2009 13:17,200909,London Area Airports          ,GATWICK                       , 163.606 , 0 , 0.017 , 0 , 241.798 , 0 , 1.923 , 0 , 0 , 0 , 0 , 0 
25-Nov-2009 13:17,200909,Non UK Reporting Airports     ,GUERNSEY                      , 0 , 0 , 0 , 0 , 0 , 0 , 0 , 0 , 26.009 , 0 , 0 , 221.542 
25-Nov-2009 13:17,200909,London Area Airports          ,HEATHROW                      , 1227.164 , 0 , 0.011 , 0 , 4185.131 , 10.692 , 0 , 0 , 0.282 , 0 , 0 , 0 
25-Nov-2009 13:17,200909,Other UK Airports             ,ISLAY                         , 0 , 0 , 0 , 0 , 0 , 0 , 0 , 0 , 7.142 , 0 , 0 , 0 
25-Nov-2009 13:17,200909,Non UK Reporting Airports     ,ISLE OF MAN                   , 0 , 0 , 0 , 0 , 0 , 0 , 0 , 0 , 0 , 0 , 0 , 224.78 
25-Nov-2009 13:17,200909,Other UK Airports             ,ISLES OF SCILLY (ST.MARYS)    , 0 , 0 , 0 , 0 , 0 , 0 , 0 , 0 , 15 , 0 , 0 , 0 
25-Nov-2009 13:17,200909,Other UK Airports             ,ISLES OF SCILLY (TRESCO)      , 0 , 0 , 0 , 0 , 0 , 0 , 0 , 0 , 0.7 , 0 , 0 , 0 
25-Nov-2009 13:17,200909,Non UK Reporting Airports     ,JERSEY                        , 0 , 0 , 0 , 0 , 0 , 0 , 0 , 0 , 4.579 , 0 , 0 , 148.293 
25-Nov-2009 13:17,200909,Other UK Airports             ,KIRKWALL                      , 0 , 0 , 0 , 0 , 0 , 0 , 0 , 0 , 1.616 , 0 , 0 , 0 
25-Nov-2009 13:17,200909,Other UK Airports             ,LANDS END (ST JUST)           , 0 , 0 , 0 , 0 , 0 , 0 , 0 , 0 , 4.2 , 0 , 0 , 0 
25-Nov-2009 13:17,200909,Other UK Airports             ,MANCHESTER                    , 0.088 , 0 , 0.004 , 0 , 0.029 , 11.987 , 0 , 0 , 0.547 , 0 , 0 , 0 
25-Nov-2009 13:17,200909,Other UK Airports             ,NEWCASTLE                     , 0 , 0 , 0 , 0 , 0 , 0 , 0 , 0 , 0 , 0 , 0 , 942.484 
25-Nov-2009 13:17,200909,Other UK Airports             ,PENZANCE HELIPORT             , 0 , 0 , 0 , 0 , 0 , 0 , 0 , 0 , 12 , 0 , 0 , 0 
25-Nov-2009 13:17,200909,London Area Airports          ,STANSTED                      , 67.947 , 0 , 0 , 33.741 , 0 , 0 , 0 , 75.776 , 0 , 0 , 0 , 2549.679 
25-Nov-2009 13:17,200909,Other UK Airports             ,TIREE                         , 0 , 0 , 0 , 0 , 0 , 0 , 0 , 0 , 2.589 , 0 , 0 , 0 
