rundate,this_period,last_period,group_name,airport_1_name,airport_2_name,total_pax_this_period,total_pax_scheduled_this_period,total_pax_charter_this_period,total_pax_last_period,total_pax_scheduled_last_period,total_pax_charter_last_period,total_pax_percent,charters_tm_only_small_acf,charters_lm_only_small_acf
25-Nov-2009 13:21,200909,200809,Other Reporting Airports      ,ABERDEEN                      ,BELFAST CITY (GEORGE BEST)    , 2117 , 2117 , 0 , 1994 , 1994 , 0 , 6.168506 ,N,N
25-Nov-2009 13:21,200909,200809,Other Reporting Airports      ,ABERDEEN                      ,BIRMINGHAM                    , 10563 , 10563 , 0 , 12335 , 12335 , 0 ,-14.36563 ,N,N
25-Nov-2009 13:21,200909,200809,Other Reporting Airports      ,ABERDEEN                      ,BRISTOL                       , 2017 , 2017 , 0 , 2340 , 2340 , 0 ,-13.80342 ,N,N
25-Nov-2009 13:21,200909,200809,Other Reporting Airports      ,ABERDEEN                      ,CARDIFF WALES                 , 904 , 904 , 0 , 0 , 0 , 0 ,Null,N,N
25-Nov-2009 13:21,200909,200809,Other Reporting Airports      ,ABERDEEN                      ,DURHAM TEES VALLEY            , 2975 , 2975 , 0 , 2959 , 2959 , 0 , 0.5407232 ,N,N
25-Nov-2009 13:21,200909,200809,Other Reporting Airports      ,ABERDEEN                      ,EAST MIDLANDS INTERNATIONAL   , 1842 , 1842 , 0 , 1914 , 1914 , 0 ,-3.761755 ,N,N
25-Nov-2009 13:21,200909,200809,Other Reporting Airports      ,ABERDEEN                      ,EXETER                        , 2440 , 2440 , 0 , 1397 , 1397 , 0 , 74.65999 ,N,N
25-Nov-2009 13:21,200909,200809,Other Reporting Airports      ,ABERDEEN                      ,FARNBOROUGH                   , 0 , 0 , 0 , 2 , 0 , 2 ,-100 ,N,Y
25-Nov-2009 13:21,200909,200809,Other Reporting Airports      ,ABERDEEN                      ,HUMBERSIDE                    , 2883 , 2883 , 0 , 3082 , 3082 , 0 ,-6.456846 ,N,N
25-Nov-2009 13:21,200909,200809,Other Reporting Airports      ,ABERDEEN                      ,INVERNESS                     , 9 , 0 , 9 , 16 , 0 , 16 ,-43.75 ,Y,Y
25-Nov-2009 13:21,200909,200809,Other Reporting Airports      ,ABERDEEN                      ,JERSEY                        , 350 , 350 , 0 , 371 , 371 , 0 ,-5.660378 ,N,N
25-Nov-2009 13:21,200909,200809,Other Reporting Airports      ,ABERDEEN                      ,KIRKWALL                      , 3498 , 3498 , 0 , 3779 , 3779 , 0 ,-7.43583 ,N,N
25-Nov-2009 13:21,200909,200809,Other Reporting Airports      ,ABERDEEN                      ,LEEDS BRADFORD                , 1317 , 1317 , 0 , 1936 , 1936 , 0 ,-31.97314 ,N,N
25-Nov-2009 13:21,200909,200809,Other Reporting Airports      ,ABERDEEN                      ,LIVERPOOL                     , 1209 , 1209 , 0 , 0 , 0 , 0 ,Null,N,N
25-Nov-2009 13:21,200909,200809,Other Reporting Airports      ,ABERDEEN                      ,MANCHESTER                    , 9148 , 8849 , 299 , 11042 , 10842 , 200 ,-17.15269 ,N,N
25-Nov-2009 13:21,200909,200809,Other Reporting Airports      ,ABERDEEN                      ,NEWCASTLE                     , 1726 , 1726 , 0 , 1615 , 1615 , 0 , 6.873065 ,N,N
25-Nov-2009 13:21,200909,200809,Other Reporting Airports      ,ABERDEEN                      ,NORWICH                       , 5351 , 5351 , 0 , 6072 , 6072 , 0 ,-11.87418 ,N,N
25-Nov-2009 13:21,200909,200809,Other Reporting Airports      ,ABERDEEN                      ,SCATSTA                       , 12698 , 0 , 12698 , 11929 , 0 , 11929 , 6.446475 ,N,N
25-Nov-2009 13:21,200909,200809,Other Reporting Airports      ,ABERDEEN                      ,SOUTHAMPTON                   , 4863 , 4863 , 0 , 5546 , 5546 , 0 ,-12.31518 ,N,N
25-Nov-2009 13:21,200909,200809,Other Reporting Airports      ,ABERDEEN                      ,STORNOWAY                     , 557 , 557 , 0 , 588 , 588 , 0 ,-5.272109 ,N,N
25-Nov-2009 13:21,200909,200809,Other Reporting Airports      ,ABERDEEN                      ,SUMBURGH                      , 5203 , 5144 , 59 , 5828 , 5406 , 422 ,-10.72409 ,N,N
25-Nov-2009 13:21,200909,200809,Other Reporting Airports      ,ABERDEEN                      ,WICK                          , 1380 , 1380 , 0 , 1550 , 1550 , 0 ,-10.96774 ,N,N
25-Nov-2009 13:21,200909,200809,Other Reporting Airports      ,ALDERNEY                      ,BOURNEMOUTH                   , 0 , 0 , 0 , 461 , 461 , 0 ,-100 ,N,N
25-Nov-2009 13:21,200909,200809,Other Reporting Airports      ,ALDERNEY                      ,GUERNSEY                      , 4928 , 4928 , 0 , 4033 , 4033 , 0 , 22.19192 ,N,N
25-Nov-2009 13:21,200909,200809,Other Reporting Airports      ,ALDERNEY                      ,JERSEY                        , 28 , 28 , 0 , 131 , 131 , 0 ,-78.62595 ,N,N
25-Nov-2009 13:21,200909,200809,Other Reporting Airports      ,ALDERNEY                      ,SOUTHAMPTON                   , 2870 , 2870 , 0 , 2604 , 2604 , 0 , 10.21505 ,N,N
25-Nov-2009 13:21,200909,200809,Other Reporting Airports      ,ANGLESEY (VALLEY)             ,CARDIFF WALES                 , 1111 , 1111 , 0 , 1176 , 1176 , 0 ,-5.527211 ,N,N
25-Nov-2009 13:21,200909,200809,Other Reporting Airports      ,BARRA                         ,BENBECULA                     , 133 , 133 , 0 , 204 , 204 , 0 ,-34.80392 ,N,N
25-Nov-2009 13:21,200909,200809,Other Reporting Airports      ,BARRA                         ,GLASGOW                       , 891 , 891 , 0 , 815 , 815 , 0 , 9.325153 ,N,N
25-Nov-2009 13:21,200909,200809,Other Reporting Airports      ,BELFAST CITY (GEORGE BEST)    ,BIRMINGHAM                    , 18243 , 18243 , 0 , 20554 , 20554 , 0 ,-11.24355 ,N,N
25-Nov-2009 13:21,200909,200809,Other Reporting Airports      ,BELFAST CITY (GEORGE BEST)    ,BLACKPOOL                     , 1660 , 1660 , 0 , 0 , 0 , 0 ,Null,N,N
25-Nov-2009 13:21,200909,200809,Other Reporting Airports      ,BELFAST CITY (GEORGE BEST)    ,BRISTOL                       , 8156 , 8156 , 0 , 0 , 0 , 0 ,Null,N,N
25-Nov-2009 13:21,200909,200809,Other Reporting Airports      ,BELFAST CITY (GEORGE BEST)    ,CARDIFF WALES                 , 3167 , 3167 , 0 , 3524 , 3524 , 0 ,-10.13053 ,N,N
25-Nov-2009 13:21,200909,200809,Other Reporting Airports      ,BELFAST CITY (GEORGE BEST)    ,DONCASTER SHEFFIELD           , 2061 , 2061 , 0 , 2058 , 2058 , 0 , 0.1457726 ,N,N
25-Nov-2009 13:21,200909,200809,Other Reporting Airports      ,BELFAST CITY (GEORGE BEST)    ,DUNDEE                        , 772 , 772 , 0 , 826 , 826 , 0 ,-6.53753 ,N,N
25-Nov-2009 13:21,200909,200809,Other Reporting Airports      ,BELFAST CITY (GEORGE BEST)    ,EAST MIDLANDS INTERNATIONAL   , 12053 , 12053 , 0 , 10758 , 10758 , 0 , 12.03755 ,N,N
25-Nov-2009 13:21,200909,200809,Other Reporting Airports      ,BELFAST CITY (GEORGE BEST)    ,EDINBURGH                     , 10746 , 10746 , 0 , 10505 , 10505 , 0 , 2.294146 ,N,N
25-Nov-2009 13:21,200909,200809,Other Reporting Airports      ,BELFAST CITY (GEORGE BEST)    ,EXETER                        , 2373 , 2373 , 0 , 2345 , 2345 , 0 , 1.19403 ,N,N
25-Nov-2009 13:21,200909,200809,Other Reporting Airports      ,BELFAST CITY (GEORGE BEST)    ,FARNBOROUGH                   , 7 , 0 , 7 , 0 , 0 , 0 ,Null,Y,N
25-Nov-2009 13:21,200909,200809,Other Reporting Airports      ,BELFAST CITY (GEORGE BEST)    ,GLASGOW                       , 8831 , 8831 , 0 , 8560 , 8560 , 0 , 3.165888 ,N,N
25-Nov-2009 13:21,200909,200809,Other Reporting Airports      ,BELFAST CITY (GEORGE BEST)    ,INVERNESS                     , 1882 , 1882 , 0 , 1828 , 1828 , 0 , 2.954048 ,N,N
25-Nov-2009 13:21,200909,200809,Other Reporting Airports      ,BELFAST CITY (GEORGE BEST)    ,ISLE OF MAN                   , 383 , 383 , 0 , 2015 , 2015 , 0 ,-80.99255 ,N,N
25-Nov-2009 13:21,200909,200809,Other Reporting Airports      ,BELFAST CITY (GEORGE BEST)    ,JERSEY                        , 65 , 65 , 0 , 796 , 796 , 0 ,-91.83417 ,N,N
25-Nov-2009 13:21,200909,200809,Other Reporting Airports      ,BELFAST CITY (GEORGE BEST)    ,LEEDS BRADFORD                , 7363 , 7363 , 0 , 6902 , 6902 , 0 , 6.679224 ,N,N
25-Nov-2009 13:21,200909,200809,Other Reporting Airports      ,BELFAST CITY (GEORGE BEST)    ,LIVERPOOL                     , 11498 , 11498 , 0 , 11243 , 11243 , 0 , 2.268078 ,N,N
25-Nov-2009 13:21,200909,200809,Other Reporting Airports      ,BELFAST CITY (GEORGE BEST)    ,MANCHESTER                    , 18935 , 18935 , 0 , 19640 , 19640 , 0 ,-3.589613 ,N,N
25-Nov-2009 13:21,200909,200809,Other Reporting Airports      ,BELFAST CITY (GEORGE BEST)    ,NEWCASTLE                     , 3652 , 3652 , 0 , 3267 , 3267 , 0 , 11.78451 ,N,N
25-Nov-2009 13:21,200909,200809,Other Reporting Airports      ,BELFAST CITY (GEORGE BEST)    ,NEWQUAY                       , 0 , 0 , 0 , 349 , 349 , 0 ,-100 ,N,N
25-Nov-2009 13:21,200909,200809,Other Reporting Airports      ,BELFAST CITY (GEORGE BEST)    ,PRESTWICK                     , 6358 , 6358 , 0 , 5989 , 5989 , 0 , 6.161296 ,N,N
25-Nov-2009 13:21,200909,200809,Other Reporting Airports      ,BELFAST CITY (GEORGE BEST)    ,SOUTHAMPTON                   , 7847 , 7847 , 0 , 7418 , 7418 , 0 , 5.78323 ,N,N
25-Nov-2009 13:21,200909,200809,Other Reporting Airports      ,BELFAST INTERNATIONAL         ,BIRMINGHAM                    , 10523 , 10523 , 0 , 11327 , 11267 , 60 ,-7.098084 ,N,N
25-Nov-2009 13:21,200909,200809,Other Reporting Airports      ,BELFAST INTERNATIONAL         ,BLACKPOOL                     , 3750 , 3750 , 0 , 4508 , 4508 , 0 ,-16.81455 ,N,N
25-Nov-2009 13:21,200909,200809,Other Reporting Airports      ,BELFAST INTERNATIONAL         ,BRISTOL                       , 12418 , 12418 , 0 , 17910 , 17910 , 0 ,-30.66443 ,N,N
25-Nov-2009 13:21,200909,200809,Other Reporting Airports      ,BELFAST INTERNATIONAL         ,CARDIFF WALES                 , 3557 , 3557 , 0 , 3222 , 3222 , 0 , 10.39727 ,N,N
25-Nov-2009 13:21,200909,200809,Other Reporting Airports      ,BELFAST INTERNATIONAL         ,EAST MIDLANDS INTERNATIONAL   , 7196 , 7196 , 0 , 8847 , 8847 , 0 ,-18.66169 ,N,N
25-Nov-2009 13:21,200909,200809,Other Reporting Airports      ,BELFAST INTERNATIONAL         ,EDINBURGH                     , 18432 , 18432 , 0 , 17968 , 17968 , 0 , 2.582369 ,N,N
25-Nov-2009 13:21,200909,200809,Other Reporting Airports      ,BELFAST INTERNATIONAL         ,GLASGOW                       , 18098 , 18098 , 0 , 18540 , 18540 , 0 ,-2.384035 ,N,N
25-Nov-2009 13:21,200909,200809,Other Reporting Airports      ,BELFAST INTERNATIONAL         ,ISLE OF MAN                   , 778 , 778 , 0 , 1101 , 1101 , 0 ,-29.33697 ,N,N
25-Nov-2009 13:21,200909,200809,Other Reporting Airports      ,BELFAST INTERNATIONAL         ,JERSEY                        , 1729 , 1729 , 0 , 0 , 0 , 0 ,Null,N,N
25-Nov-2009 13:21,200909,200809,Other Reporting Airports      ,BELFAST INTERNATIONAL         ,LEEDS BRADFORD                , 7753 , 7753 , 0 , 8704 , 8704 , 0 ,-10.92601 ,N,N
25-Nov-2009 13:21,200909,200809,Other Reporting Airports      ,BELFAST INTERNATIONAL         ,LIVERPOOL                     , 30946 , 30946 , 0 , 33468 , 33468 , 0 ,-7.535556 ,N,N
25-Nov-2009 13:21,200909,200809,Other Reporting Airports      ,BELFAST INTERNATIONAL         ,MANCHESTER                    , 10597 , 10597 , 0 , 9943 , 9943 , 0 , 6.577492 ,N,N
25-Nov-2009 13:21,200909,200809,Other Reporting Airports      ,BELFAST INTERNATIONAL         ,NEWCASTLE                     , 15076 , 15076 , 0 , 15275 , 15275 , 0 ,-1.302782 ,N,N
25-Nov-2009 13:21,200909,200809,Other Reporting Airports      ,BELFAST INTERNATIONAL         ,NEWQUAY                       , 319 , 319 , 0 , 0 , 0 , 0 ,Null,N,N
25-Nov-2009 13:21,200909,200809,Other Reporting Airports      ,BENBECULA                     ,GLASGOW                       , 2086 , 2086 , 0 , 2047 , 2047 , 0 , 1.905227 ,N,N
25-Nov-2009 13:21,200909,200809,Other Reporting Airports      ,BENBECULA                     ,STORNOWAY                     , 596 , 596 , 0 , 693 , 693 , 0 ,-13.99711 ,N,N
25-Nov-2009 13:21,200909,200809,Other Reporting Airports      ,BIGGIN HILL                   ,GUERNSEY                      , 4 , 0 , 4 , 0 , 0 , 0 ,Null,Y,N
25-Nov-2009 13:21,200909,200809,Other Reporting Airports      ,BIRMINGHAM                    ,CARDIFF WALES                 , 0 , 0 , 0 , 38 , 0 , 38 ,-100 ,N,N
25-Nov-2009 13:21,200909,200809,Other Reporting Airports      ,BIRMINGHAM                    ,CITY OF DERRY (EGLINTON)      , 5834 , 5834 , 0 , 0 , 0 , 0 ,Null,N,N
25-Nov-2009 13:21,200909,200809,Other Reporting Airports      ,BIRMINGHAM                    ,DUNDEE                        , 1849 , 1849 , 0 , 1664 , 1664 , 0 , 11.11779 ,N,N
25-Nov-2009 13:21,200909,200809,Other Reporting Airports      ,BIRMINGHAM                    ,EDINBURGH                     , 30424 , 30424 , 0 , 33342 , 33342 , 0 ,-8.751724 ,N,N
25-Nov-2009 13:21,200909,200809,Other Reporting Airports      ,BIRMINGHAM                    ,GLASGOW                       , 24584 , 24584 , 0 , 28550 , 28550 , 0 ,-13.89142 ,N,N
25-Nov-2009 13:21,200909,200809,Other Reporting Airports      ,BIRMINGHAM                    ,GUERNSEY                      , 3071 , 3071 , 0 , 2858 , 2858 , 0 , 7.452764 ,N,N
25-Nov-2009 13:21,200909,200809,Other Reporting Airports      ,BIRMINGHAM                    ,INVERNESS                     , 2528 , 2528 , 0 , 2439 , 2439 , 0 , 3.649036 ,N,N
25-Nov-2009 13:21,200909,200809,Other Reporting Airports      ,BIRMINGHAM                    ,ISLE OF MAN                   , 3880 , 3880 , 0 , 4299 , 4299 , 0 ,-9.746452 ,N,N
25-Nov-2009 13:21,200909,200809,Other Reporting Airports      ,BIRMINGHAM                    ,JERSEY                        , 7180 , 7180 , 0 , 6769 , 6769 , 0 , 6.071798 ,N,N
25-Nov-2009 13:21,200909,200809,Other Reporting Airports      ,BIRMINGHAM                    ,NEWCASTLE                     , 1390 , 1390 , 0 , 2027 , 2027 , 0 ,-31.42575 ,N,N
25-Nov-2009 13:21,200909,200809,Other Reporting Airports      ,BIRMINGHAM                    ,NEWQUAY                       , 162 , 162 , 0 , 0 , 0 , 0 ,Null,N,N
25-Nov-2009 13:21,200909,200809,Other Reporting Airports      ,BIRMINGHAM                    ,WICK                          , 0 , 0 , 0 , 60 , 0 , 60 ,-100 ,N,N
25-Nov-2009 13:21,200909,200809,Other Reporting Airports      ,BLACKPOOL                     ,BOURNEMOUTH                   , 66 , 0 , 66 , 0 , 0 , 0 ,Null,N,N
25-Nov-2009 13:21,200909,200809,Other Reporting Airports      ,BLACKPOOL                     ,ISLE OF MAN                   , 2359 , 2359 , 0 , 1950 , 1950 , 0 , 20.97436 ,N,N
25-Nov-2009 13:21,200909,200809,Other Reporting Airports      ,BLACKPOOL                     ,SOUTH MARSTON                 , 0 , 0 , 0 , 34 , 0 , 34 ,-100 ,N,N
25-Nov-2009 13:21,200909,200809,Other Reporting Airports      ,BOURNEMOUTH                   ,EDINBURGH                     , 7256 , 7256 , 0 , 0 , 0 , 0 ,Null,N,N
25-Nov-2009 13:21,200909,200809,Other Reporting Airports      ,BOURNEMOUTH                   ,JERSEY                        , 0 , 0 , 0 , 411 , 411 , 0 ,-100 ,N,N
25-Nov-2009 13:21,200909,200809,Other Reporting Airports      ,BOURNEMOUTH                   ,NEWCASTLE                     , 34 , 0 , 34 , 0 , 0 , 0 ,Null,N,N
25-Nov-2009 13:21,200909,200809,Other Reporting Airports      ,BOURNEMOUTH                   ,PRESTWICK                     , 0 , 0 , 0 , 12307 , 12307 , 0 ,-100 ,N,N
25-Nov-2009 13:21,200909,200809,Other Reporting Airports      ,BRISTOL                       ,CITY OF DERRY (EGLINTON)      , 0 , 0 , 0 , 2453 , 2453 , 0 ,-100 ,N,N
25-Nov-2009 13:21,200909,200809,Other Reporting Airports      ,BRISTOL                       ,EDINBURGH                     , 20661 , 20661 , 0 , 21673 , 21673 , 0 ,-4.669405 ,N,N
25-Nov-2009 13:21,200909,200809,Other Reporting Airports      ,BRISTOL                       ,GLASGOW                       , 18093 , 18093 , 0 , 17844 , 17844 , 0 , 1.395427 ,N,N
25-Nov-2009 13:21,200909,200809,Other Reporting Airports      ,BRISTOL                       ,GUERNSEY                      , 2819 , 2819 , 0 , 2629 , 2629 , 0 , 7.227083 ,N,N
25-Nov-2009 13:21,200909,200809,Other Reporting Airports      ,BRISTOL                       ,INVERNESS                     , 7641 , 7641 , 0 , 7503 , 7503 , 0 , 1.839264 ,N,N
25-Nov-2009 13:21,200909,200809,Other Reporting Airports      ,BRISTOL                       ,ISLES OF SCILLY (ST.MARYS)    , 491 , 491 , 0 , 591 , 591 , 0 ,-16.92047 ,N,N
25-Nov-2009 13:21,200909,200809,Other Reporting Airports      ,BRISTOL                       ,JERSEY                        , 2754 , 2754 , 0 , 3062 , 3062 , 0 ,-10.05879 ,N,N
25-Nov-2009 13:21,200909,200809,Other Reporting Airports      ,BRISTOL                       ,LEEDS BRADFORD                , 2691 , 2691 , 0 , 2924 , 2924 , 0 ,-7.968536 ,N,N
25-Nov-2009 13:21,200909,200809,Other Reporting Airports      ,BRISTOL                       ,MANCHESTER                    , 1805 , 1805 , 0 , 2234 , 2234 , 0 ,-19.20322 ,N,N
25-Nov-2009 13:21,200909,200809,Other Reporting Airports      ,BRISTOL                       ,NEWCASTLE                     , 15026 , 15026 , 0 , 15411 , 15411 , 0 ,-2.498216 ,N,N
25-Nov-2009 13:21,200909,200809,Other Reporting Airports      ,BRISTOL                       ,NEWQUAY                       , 1389 , 1389 , 0 , 1689 , 1689 , 0 ,-17.76199 ,N,N
25-Nov-2009 13:21,200909,200809,Other Reporting Airports      ,BRISTOL                       ,PLYMOUTH                      , 884 , 884 , 0 , 1209 , 1209 , 0 ,-26.88172 ,N,N
25-Nov-2009 13:21,200909,200809,Other Reporting Airports      ,CAMBRIDGE                     ,NEWCASTLE                     , 29 , 0 , 29 , 0 , 0 , 0 ,Null,N,N
25-Nov-2009 13:21,200909,200809,Other Reporting Airports      ,CAMPBELTOWN                   ,GLASGOW                       , 935 , 935 , 0 , 973 , 973 , 0 ,-3.905447 ,N,N
25-Nov-2009 13:21,200909,200809,Other Reporting Airports      ,CARDIFF WALES                 ,EDINBURGH                     , 13360 , 13360 , 0 , 12977 , 12977 , 0 , 2.951375 ,N,N
25-Nov-2009 13:21,200909,200809,Other Reporting Airports      ,CARDIFF WALES                 ,GLASGOW                       , 4787 , 4787 , 0 , 7084 , 7084 , 0 ,-32.42518 ,N,N
25-Nov-2009 13:21,200909,200809,Other Reporting Airports      ,CARDIFF WALES                 ,JERSEY                        , 2597 , 2597 , 0 , 2672 , 2672 , 0 ,-2.806886 ,N,N
25-Nov-2009 13:21,200909,200809,Other Reporting Airports      ,CARDIFF WALES                 ,NEWCASTLE                     , 2772 , 2708 , 64 , 3220 , 3220 , 0 ,-13.91304 ,N,N
25-Nov-2009 13:21,200909,200809,Other Reporting Airports      ,CARDIFF WALES                 ,NEWQUAY                       , 0 , 0 , 0 , 73 , 73 , 0 ,-100 ,N,N
25-Nov-2009 13:21,200909,200809,Other Reporting Airports      ,CITY OF DERRY (EGLINTON)      ,EAST MIDLANDS INTERNATIONAL   , 0 , 0 , 0 , 5385 , 5385 , 0 ,-100 ,N,N
25-Nov-2009 13:21,200909,200809,Other Reporting Airports      ,CITY OF DERRY (EGLINTON)      ,GLASGOW                       , 0 , 0 , 0 , 690 , 690 , 0 ,-100 ,N,N
25-Nov-2009 13:21,200909,200809,Other Reporting Airports      ,CITY OF DERRY (EGLINTON)      ,LIVERPOOL                     , 5280 , 5280 , 0 , 6493 , 6493 , 0 ,-18.68166 ,N,N
25-Nov-2009 13:21,200909,200809,Other Reporting Airports      ,CITY OF DERRY (EGLINTON)      ,PRESTWICK                     , 3619 , 3619 , 0 , 4735 , 4735 , 0 ,-23.56917 ,N,N
25-Nov-2009 13:21,200909,200809,Other Reporting Airports      ,COVENTRY                      ,JERSEY                        , 0 , 0 , 0 , 5804 , 5709 , 95 ,-100 ,N,N
25-Nov-2009 13:21,200909,200809,Other Reporting Airports      ,DONCASTER SHEFFIELD           ,JERSEY                        , 2235 , 2235 , 0 , 1010 , 1010 , 0 , 121.2871 ,N,N
25-Nov-2009 13:21,200909,200809,Other Reporting Airports      ,DUNDEE                        ,GUERNSEY                      , 0 , 0 , 0 , 17 , 0 , 17 ,-100 ,N,N
25-Nov-2009 13:21,200909,200809,Other Reporting Airports      ,DUNDEE                        ,JERSEY                        , 279 , 279 , 0 , 230 , 0 , 230 , 21.30435 ,N,N
25-Nov-2009 13:21,200909,200809,Other Reporting Airports      ,DUNDEE                        ,WICK                          , 0 , 0 , 0 , 28 , 0 , 28 ,-100 ,N,N
25-Nov-2009 13:21,200909,200809,Other Reporting Airports      ,DUNKESWELL                    ,JERSEY                        , 0 , 0 , 0 , 514 , 0 , 514 ,-100 ,N,N
25-Nov-2009 13:21,200909,200809,Other Reporting Airports      ,DURHAM TEES VALLEY            ,JERSEY                        , 0 , 0 , 0 , 909 , 909 , 0 ,-100 ,N,N
25-Nov-2009 13:21,200909,200809,Other Reporting Airports      ,DURHAM TEES VALLEY            ,NEWQUAY                       , 0 , 0 , 0 , 62 , 0 , 62 ,-100 ,N,N
25-Nov-2009 13:21,200909,200809,Other Reporting Airports      ,EAST MIDLANDS INTERNATIONAL   ,EDINBURGH                     , 10336 , 10336 , 0 , 13206 , 13206 , 0 ,-21.73255 ,N,N
25-Nov-2009 13:21,200909,200809,Other Reporting Airports      ,EAST MIDLANDS INTERNATIONAL   ,GLASGOW                       , 9475 , 9475 , 0 , 12454 , 12306 , 148 ,-23.92002 ,N,N
25-Nov-2009 13:21,200909,200809,Other Reporting Airports      ,EAST MIDLANDS INTERNATIONAL   ,GUERNSEY                      , 2921 , 2921 , 0 , 0 , 0 , 0 ,Null,N,N
25-Nov-2009 13:21,200909,200809,Other Reporting Airports      ,EAST MIDLANDS INTERNATIONAL   ,INVERNESS                     , 0 , 0 , 0 , 3549 , 3549 , 0 ,-100 ,N,N
25-Nov-2009 13:21,200909,200809,Other Reporting Airports      ,EAST MIDLANDS INTERNATIONAL   ,ISLE OF MAN                   , 543 , 543 , 0 , 582 , 582 , 0 ,-6.701031 ,N,N
25-Nov-2009 13:21,200909,200809,Other Reporting Airports      ,EAST MIDLANDS INTERNATIONAL   ,JERSEY                        , 6670 , 6670 , 0 , 6426 , 6239 , 187 , 3.797074 ,N,N
25-Nov-2009 13:21,200909,200809,Other Reporting Airports      ,EDAY                          ,KIRKWALL                      , 33 , 33 , 0 , 48 , 48 , 0 ,-31.25 ,N,N
25-Nov-2009 13:21,200909,200809,Other Reporting Airports      ,EDINBURGH                     ,EXETER                        , 5720 , 5720 , 0 , 6618 , 6618 , 0 ,-13.56905 ,N,N
25-Nov-2009 13:21,200909,200809,Other Reporting Airports      ,EDINBURGH                     ,FARNBOROUGH                   , 7 , 0 , 7 , 11 , 0 , 11 ,-36.36364 ,Y,Y
25-Nov-2009 13:21,200909,200809,Other Reporting Airports      ,EDINBURGH                     ,INVERNESS                     , 5 , 0 , 5 , 704 , 704 , 0 ,-99.28977 ,Y,N
25-Nov-2009 13:21,200909,200809,Other Reporting Airports      ,EDINBURGH                     ,ISLE OF MAN                   , 1097 , 1097 , 0 , 1070 , 1070 , 0 , 2.523365 ,N,N
25-Nov-2009 13:21,200909,200809,Other Reporting Airports      ,EDINBURGH                     ,JERSEY                        , 3023 , 3023 , 0 , 3408 , 3408 , 0 ,-11.29695 ,N,N
25-Nov-2009 13:21,200909,200809,Other Reporting Airports      ,EDINBURGH                     ,KIRKWALL                      , 3640 , 3640 , 0 , 3112 , 3112 , 0 , 16.96658 ,N,N
25-Nov-2009 13:21,200909,200809,Other Reporting Airports      ,EDINBURGH                     ,LEEDS BRADFORD                , 1599 , 1599 , 0 , 2866 , 2864 , 2 ,-44.20795 ,N,N
25-Nov-2009 13:21,200909,200809,Other Reporting Airports      ,EDINBURGH                     ,MANCHESTER                    , 14119 , 14119 , 0 , 19294 , 19294 , 0 ,-26.82181 ,N,N
25-Nov-2009 13:21,200909,200809,Other Reporting Airports      ,EDINBURGH                     ,NEWQUAY                       , 1657 , 1657 , 0 , 1972 , 1972 , 0 ,-15.97363 ,N,N
25-Nov-2009 13:21,200909,200809,Other Reporting Airports      ,EDINBURGH                     ,NORWICH                       , 4461 , 4461 , 0 , 5375 , 5375 , 0 ,-17.00465 ,N,N
25-Nov-2009 13:21,200909,200809,Other Reporting Airports      ,EDINBURGH                     ,SOUTHAMPTON                   , 18028 , 18028 , 0 , 18300 , 18300 , 0 ,-1.486339 ,N,N
25-Nov-2009 13:21,200909,200809,Other Reporting Airports      ,EDINBURGH                     ,STORNOWAY                     , 2807 , 2807 , 0 , 2440 , 2440 , 0 , 15.04098 ,N,N
25-Nov-2009 13:21,200909,200809,Other Reporting Airports      ,EDINBURGH                     ,SUMBURGH                      , 3129 , 3129 , 0 , 2727 , 2727 , 0 , 14.74147 ,N,N
25-Nov-2009 13:21,200909,200809,Other Reporting Airports      ,EDINBURGH                     ,WICK                          , 651 , 651 , 0 , 554 , 554 , 0 , 17.50903 ,N,N
25-Nov-2009 13:21,200909,200809,Other Reporting Airports      ,EXETER                        ,GLASGOW                       , 3224 , 3224 , 0 , 3714 , 3714 , 0 ,-13.19332 ,N,N
25-Nov-2009 13:21,200909,200809,Other Reporting Airports      ,EXETER                        ,GUERNSEY                      , 2275 , 2275 , 0 , 2469 , 2469 , 0 ,-7.857432 ,N,N
25-Nov-2009 13:21,200909,200809,Other Reporting Airports      ,EXETER                        ,INVERNESS                     , 0 , 0 , 0 , 954 , 954 , 0 ,-100 ,N,N
25-Nov-2009 13:21,200909,200809,Other Reporting Airports      ,EXETER                        ,ISLES OF SCILLY (ST.MARYS)    , 682 , 682 , 0 , 598 , 598 , 0 , 14.04682 ,N,N
25-Nov-2009 13:21,200909,200809,Other Reporting Airports      ,EXETER                        ,JERSEY                        , 3331 , 3331 , 0 , 3207 , 3207 , 0 , 3.866542 ,N,N
25-Nov-2009 13:21,200909,200809,Other Reporting Airports      ,EXETER                        ,LEEDS BRADFORD                , 1266 , 1266 , 0 , 2099 , 2099 , 0 ,-39.68557 ,N,N
25-Nov-2009 13:21,200909,200809,Other Reporting Airports      ,EXETER                        ,MANCHESTER                    , 4046 , 4046 , 0 , 4334 , 4334 , 0 ,-6.645132 ,N,N
25-Nov-2009 13:21,200909,200809,Other Reporting Airports      ,EXETER                        ,NEWCASTLE                     , 3626 , 3626 , 0 , 3695 , 3695 , 0 ,-1.867388 ,N,N
25-Nov-2009 13:21,200909,200809,Other Reporting Airports      ,EXETER                        ,NORWICH                       , 1246 , 1246 , 0 , 871 , 871 , 0 , 43.05396 ,N,N
25-Nov-2009 13:21,200909,200809,Other Reporting Airports      ,FAIR ISLE                     ,LERWICK (TINGWALL)            , 299 , 299 , 0 , 274 , 274 , 0 , 9.124087 ,N,N
25-Nov-2009 13:21,200909,200809,Other Reporting Airports      ,FAIR ISLE                     ,SUMBURGH                      , 0 , 0 , 0 , 52 , 52 , 0 ,-100 ,N,N
25-Nov-2009 13:21,200909,200809,Other Reporting Airports      ,FARNBOROUGH                   ,MANCHESTER                    , 93 , 0 , 93 , 64 , 0 , 64 , 45.3125 ,N,N
25-Nov-2009 13:21,200909,200809,Other Reporting Airports      ,FOULA                         ,LERWICK (TINGWALL)            , 140 , 140 , 0 , 148 , 148 , 0 ,-5.405406 ,N,N
25-Nov-2009 13:21,200909,200809,London Area Airports          ,GATWICK                       ,ABERDEEN                      , 13209 , 13209 , 0 , 11792 , 11758 , 34 , 12.01662 ,N,N
25-Nov-2009 13:21,200909,200809,London Area Airports          ,GATWICK                       ,BELFAST CITY (GEORGE BEST)    , 18357 , 18357 , 0 , 14751 , 14751 , 0 , 24.4458 ,N,N
25-Nov-2009 13:21,200909,200809,London Area Airports          ,GATWICK                       ,BELFAST INTERNATIONAL         , 24135 , 24135 , 0 , 26709 , 26709 , 0 ,-9.637201 ,N,N
25-Nov-2009 13:21,200909,200809,London Area Airports          ,GATWICK                       ,EAST MIDLANDS INTERNATIONAL   , 0 , 0 , 0 , 49 , 0 , 49 ,-100 ,N,N
25-Nov-2009 13:21,200909,200809,London Area Airports          ,GATWICK                       ,EDINBURGH                     , 58079 , 58079 , 0 , 60296 , 60296 , 0 ,-3.676861 ,N,N
25-Nov-2009 13:21,200909,200809,London Area Airports          ,GATWICK                       ,GLASGOW                       , 48526 , 48526 , 0 , 45413 , 45413 , 0 , 6.854866 ,N,N
25-Nov-2009 13:21,200909,200809,London Area Airports          ,GATWICK                       ,GUERNSEY                      , 32917 , 32917 , 0 , 30330 , 30330 , 0 , 8.529509 ,N,N
25-Nov-2009 13:21,200909,200809,London Area Airports          ,GATWICK                       ,INVERNESS                     , 20721 , 20721 , 0 , 21708 , 21708 , 0 ,-4.546711 ,N,N
25-Nov-2009 13:21,200909,200809,London Area Airports          ,GATWICK                       ,ISLE OF MAN                   , 11342 , 11342 , 0 , 13055 , 13055 , 0 ,-13.12141 ,N,N
25-Nov-2009 13:21,200909,200809,London Area Airports          ,GATWICK                       ,JERSEY                        , 53538 , 53538 , 0 , 45069 , 45069 , 0 , 18.79119 ,N,N
25-Nov-2009 13:21,200909,200809,London Area Airports          ,GATWICK                       ,LEEDS BRADFORD                , 5351 , 5351 , 0 , 120 , 0 , 120 , 4359.167 ,N,N
25-Nov-2009 13:21,200909,200809,London Area Airports          ,GATWICK                       ,MANCHESTER                    , 25201 , 25126 , 75 , 28541 , 28343 , 198 ,-11.70246 ,N,N
25-Nov-2009 13:21,200909,200809,London Area Airports          ,GATWICK                       ,NEWCASTLE                     , 10036 , 10036 , 0 , 8183 , 8110 , 73 , 22.64451 ,N,N
25-Nov-2009 13:21,200909,200809,London Area Airports          ,GATWICK                       ,NEWQUAY                       , 10364 , 10364 , 0 , 6008 , 6008 , 0 , 72.50333 ,N,N
25-Nov-2009 13:21,200909,200809,London Area Airports          ,GATWICK                       ,PLYMOUTH                      , 5354 , 5354 , 0 , 5299 , 5299 , 0 , 1.037932 ,N,N
25-Nov-2009 13:21,200909,200809,Other Reporting Airports      ,GLASGOW                       ,ISLAY                         , 2723 , 2723 , 0 , 2700 , 2700 , 0 , 0.8518519 ,N,N
25-Nov-2009 13:21,200909,200809,Other Reporting Airports      ,GLASGOW                       ,ISLE OF MAN                   , 1104 , 1104 , 0 , 1387 , 1387 , 0 ,-20.40375 ,N,N
25-Nov-2009 13:21,200909,200809,Other Reporting Airports      ,GLASGOW                       ,JERSEY                        , 706 , 706 , 0 , 802 , 802 , 0 ,-11.97007 ,N,N
25-Nov-2009 13:21,200909,200809,Other Reporting Airports      ,GLASGOW                       ,KIRKWALL                      , 1457 , 1457 , 0 , 1151 , 1151 , 0 , 26.58558 ,N,N
25-Nov-2009 13:21,200909,200809,Other Reporting Airports      ,GLASGOW                       ,LEEDS BRADFORD                , 1621 , 1621 , 0 , 2644 , 2644 , 0 ,-38.69138 ,N,N
25-Nov-2009 13:21,200909,200809,Other Reporting Airports      ,GLASGOW                       ,MANCHESTER                    , 8690 , 8690 , 0 , 13008 , 13008 , 0 ,-33.19496 ,N,N
25-Nov-2009 13:21,200909,200809,Other Reporting Airports      ,GLASGOW                       ,NEWQUAY                       , 1241 , 1241 , 0 , 983 , 983 , 0 , 26.24619 ,N,N
25-Nov-2009 13:21,200909,200809,Other Reporting Airports      ,GLASGOW                       ,PLYMOUTH                      , 2339 , 2339 , 0 , 2122 , 2122 , 0 , 10.2262 ,N,N
25-Nov-2009 13:21,200909,200809,Other Reporting Airports      ,GLASGOW                       ,SOUTHAMPTON                   , 14790 , 14790 , 0 , 14179 , 14179 , 0 , 4.30919 ,N,N
25-Nov-2009 13:21,200909,200809,Other Reporting Airports      ,GLASGOW                       ,STORNOWAY                     , 4770 , 4770 , 0 , 5174 , 5174 , 0 ,-7.808272 ,N,N
25-Nov-2009 13:21,200909,200809,Other Reporting Airports      ,GLASGOW                       ,SUMBURGH                      , 1405 , 1405 , 0 , 1408 , 1408 , 0 ,-0.2130682 ,N,N
25-Nov-2009 13:21,200909,200809,Other Reporting Airports      ,GLASGOW                       ,TIREE                         , 637 , 637 , 0 , 577 , 577 , 0 , 10.39861 ,N,N
25-Nov-2009 13:21,200909,200809,Other Reporting Airports      ,GLOUCESTERSHIRE               ,ISLE OF MAN                   , 1631 , 1631 , 0 , 1456 , 1456 , 0 , 12.01923 ,N,N
25-Nov-2009 13:21,200909,200809,Other Reporting Airports      ,GLOUCESTERSHIRE               ,JERSEY                        , 337 , 337 , 0 , 283 , 283 , 0 , 19.08127 ,N,N
25-Nov-2009 13:21,200909,200809,Other Reporting Airports      ,GUERNSEY                      ,ISLE OF MAN                   , 273 , 273 , 0 , 0 , 0 , 0 ,Null,N,N
25-Nov-2009 13:21,200909,200809,Other Reporting Airports      ,GUERNSEY                      ,JERSEY                        , 12341 , 12341 , 0 , 14499 , 14462 , 37 ,-14.88379 ,N,N
25-Nov-2009 13:21,200909,200809,Other Reporting Airports      ,GUERNSEY                      ,MANCHESTER                    , 7082 , 7082 , 0 , 7158 , 7158 , 0 ,-1.061749 ,N,N
25-Nov-2009 13:21,200909,200809,Other Reporting Airports      ,GUERNSEY                      ,NORWICH                       , 0 , 0 , 0 , 328 , 328 , 0 ,-100 ,N,N
25-Nov-2009 13:21,200909,200809,Other Reporting Airports      ,GUERNSEY                      ,PLYMOUTH                      , 390 , 390 , 0 , 0 , 0 , 0 ,Null,N,N
25-Nov-2009 13:21,200909,200809,Other Reporting Airports      ,GUERNSEY                      ,SOUTHAMPTON                   , 13552 , 13552 , 0 , 12342 , 12342 , 0 , 9.803922 ,N,N
25-Nov-2009 13:21,200909,200809,London Area Airports          ,HEATHROW                      ,ABERDEEN                      , 57217 , 57217 , 0 , 57574 , 57574 , 0 ,-0.6200715 ,N,N
25-Nov-2009 13:21,200909,200809,London Area Airports          ,HEATHROW                      ,BELFAST CITY (GEORGE BEST)    , 44173 , 44173 , 0 , 41994 , 41994 , 0 , 5.188837 ,N,N
25-Nov-2009 13:21,200909,200809,London Area Airports          ,HEATHROW                      ,BELFAST INTERNATIONAL         , 21593 , 21593 , 0 , 24817 , 24817 , 0 ,-12.99109 ,N,N
25-Nov-2009 13:21,200909,200809,London Area Airports          ,HEATHROW                      ,DURHAM TEES VALLEY            , 0 , 0 , 0 , 7063 , 7063 , 0 ,-100 ,N,N
25-Nov-2009 13:21,200909,200809,London Area Airports          ,HEATHROW                      ,EDINBURGH                     , 116289 , 116286 , 3 , 115719 , 115719 , 0 , 0.4925725 ,N,N
25-Nov-2009 13:21,200909,200809,London Area Airports          ,HEATHROW                      ,GLASGOW                       , 95734 , 95728 , 6 , 100855 , 100855 , 0 ,-5.077587 ,N,N
25-Nov-2009 13:21,200909,200809,London Area Airports          ,HEATHROW                      ,GUERNSEY                      , 4 , 0 , 4 , 0 , 0 , 0 ,Null,Y,N
25-Nov-2009 13:21,200909,200809,London Area Airports          ,HEATHROW                      ,JERSEY                        , 0 , 0 , 0 , 6855 , 6855 , 0 ,-100 ,N,N
25-Nov-2009 13:21,200909,200809,London Area Airports          ,HEATHROW                      ,LEEDS BRADFORD                , 0 , 0 , 0 , 11606 , 11606 , 0 ,-100 ,N,N
25-Nov-2009 13:21,200909,200809,London Area Airports          ,HEATHROW                      ,LIVERPOOL                     , 35 , 0 , 35 , 0 , 0 , 0 ,Null,N,N
25-Nov-2009 13:21,200909,200809,London Area Airports          ,HEATHROW                      ,MANCHESTER                    , 81856 , 81856 , 0 , 79405 , 79405 , 0 , 3.086707 ,N,N
25-Nov-2009 13:21,200909,200809,London Area Airports          ,HEATHROW                      ,NEWCASTLE                     , 45256 , 45256 , 0 , 40480 , 40480 , 0 , 11.79842 ,N,N
25-Nov-2009 13:21,200909,200809,Other Reporting Airports      ,HUMBERSIDE                    ,JERSEY                        , 316 , 316 , 0 , 192 , 0 , 192 , 64.58334 ,N,N
25-Nov-2009 13:21,200909,200809,Other Reporting Airports      ,HUMBERSIDE                    ,MANCHESTER                    , 0 , 0 , 0 , 187 , 0 , 187 ,-100 ,N,N
25-Nov-2009 13:21,200909,200809,Other Reporting Airports      ,INVERNESS                     ,JERSEY                        , 278 , 278 , 0 , 178 , 0 , 178 , 56.17978 ,N,N
25-Nov-2009 13:21,200909,200809,Other Reporting Airports      ,INVERNESS                     ,KIRKWALL                      , 2211 , 2211 , 0 , 2244 , 2244 , 0 ,-1.470588 ,N,N
25-Nov-2009 13:21,200909,200809,Other Reporting Airports      ,INVERNESS                     ,MANCHESTER                    , 4601 , 4601 , 0 , 4712 , 4712 , 0 ,-2.355688 ,N,N
25-Nov-2009 13:21,200909,200809,Other Reporting Airports      ,INVERNESS                     ,SOUTHAMPTON                   , 102 , 102 , 0 , 2115 , 2115 , 0 ,-95.17731 ,N,N
25-Nov-2009 13:21,200909,200809,Other Reporting Airports      ,INVERNESS                     ,STORNOWAY                     , 2851 , 2851 , 0 , 2853 , 2853 , 0 ,-7.010165E-02 ,N,N
25-Nov-2009 13:21,200909,200809,Other Reporting Airports      ,INVERNESS                     ,SUMBURGH                      , 0 , 0 , 0 , 28 , 28 , 0 ,-100 ,N,N
25-Nov-2009 13:21,200909,200809,Other Reporting Airports      ,ISLE OF MAN                   ,JERSEY                        , 520 , 520 , 0 , 893 , 893 , 0 ,-41.76932 ,N,N
25-Nov-2009 13:21,200909,200809,Other Reporting Airports      ,ISLE OF MAN                   ,LEEDS BRADFORD                , 1036 , 1036 , 0 , 1023 , 1023 , 0 , 1.270772 ,N,N
25-Nov-2009 13:21,200909,200809,Other Reporting Airports      ,ISLE OF MAN                   ,LIVERPOOL                     , 10953 , 10953 , 0 , 10011 , 10011 , 0 , 9.40965 ,N,N
25-Nov-2009 13:21,200909,200809,Other Reporting Airports      ,ISLE OF MAN                   ,MANCHESTER                    , 12498 , 12498 , 0 , 13729 , 13729 , 0 ,-8.966421 ,N,N
25-Nov-2009 13:21,200909,200809,Other Reporting Airports      ,ISLE OF MAN                   ,NEWCASTLE                     , 362 , 362 , 0 , 476 , 476 , 0 ,-23.94958 ,N,N
25-Nov-2009 13:21,200909,200809,Other Reporting Airports      ,ISLE OF MAN                   ,NEWQUAY                       , 173 , 173 , 0 , 0 , 0 , 0 ,Null,N,N
25-Nov-2009 13:21,200909,200809,Other Reporting Airports      ,ISLE OF MAN                   ,OXFORD (KIDLINGTON)           , 28 , 0 , 28 , 0 , 0 , 0 ,Null,N,N
25-Nov-2009 13:21,200909,200809,Other Reporting Airports      ,ISLE OF MAN                   ,SOUTHAMPTON                   , 1113 , 1113 , 0 , 1911 , 1911 , 0 ,-41.75824 ,N,N
25-Nov-2009 13:21,200909,200809,Other Reporting Airports      ,ISLES OF SCILLY (ST.MARYS)    ,NEWQUAY                       , 1899 , 1899 , 0 , 2301 , 2301 , 0 ,-17.47066 ,N,N
25-Nov-2009 13:21,200909,200809,Other Reporting Airports      ,ISLES OF SCILLY (ST.MARYS)    ,SOUTHAMPTON                   , 427 , 427 , 0 , 497 , 497 , 0 ,-14.08451 ,N,N
25-Nov-2009 13:21,200909,200809,Other Reporting Airports      ,JERSEY                        ,KENT INTERNATIONAL            , 307 , 307 , 0 , 178 , 0 , 178 , 72.47191 ,N,N
25-Nov-2009 13:21,200909,200809,Other Reporting Airports      ,JERSEY                        ,LEEDS BRADFORD                , 3366 , 3366 , 0 , 3000 , 2990 , 10 , 12.2 ,N,N
25-Nov-2009 13:21,200909,200809,Other Reporting Airports      ,JERSEY                        ,LIVERPOOL                     , 4938 , 4938 , 0 , 6267 , 6267 , 0 ,-21.20632 ,N,N
25-Nov-2009 13:21,200909,200809,Other Reporting Airports      ,JERSEY                        ,MANCHESTER                    , 10199 , 10199 , 0 , 9653 , 9653 , 0 , 5.656273 ,N,N
25-Nov-2009 13:21,200909,200809,Other Reporting Airports      ,JERSEY                        ,NEWCASTLE                     , 1950 , 1950 , 0 , 1991 , 1991 , 0 ,-2.059267 ,N,N
25-Nov-2009 13:21,200909,200809,Other Reporting Airports      ,JERSEY                        ,NORWICH                       , 1469 , 1469 , 0 , 2372 , 2372 , 0 ,-38.06914 ,N,N
25-Nov-2009 13:21,200909,200809,Other Reporting Airports      ,JERSEY                        ,OXFORD (KIDLINGTON)           , 148 , 0 , 148 , 0 , 0 , 0 ,Null,N,N
25-Nov-2009 13:21,200909,200809,Other Reporting Airports      ,JERSEY                        ,PLYMOUTH                      , 1604 , 1604 , 0 , 1636 , 1636 , 0 ,-1.95599 ,N,N
25-Nov-2009 13:21,200909,200809,Other Reporting Airports      ,JERSEY                        ,SOUTHAMPTON                   , 13505 , 13505 , 0 , 12566 , 12566 , 0 , 7.472545 ,N,N
25-Nov-2009 13:21,200909,200809,Other Reporting Airports      ,KIRKWALL                      ,NORTH RONALDSAY               , 745 , 745 , 0 , 736 , 736 , 0 , 1.222826 ,N,N
25-Nov-2009 13:21,200909,200809,Other Reporting Airports      ,KIRKWALL                      ,PAPA WESTRAY                  , 421 , 421 , 0 , 312 , 312 , 0 , 34.9359 ,N,N
25-Nov-2009 13:21,200909,200809,Other Reporting Airports      ,KIRKWALL                      ,SANDAY                        , 231 , 231 , 0 , 189 , 189 , 0 , 22.22222 ,N,N
25-Nov-2009 13:21,200909,200809,Other Reporting Airports      ,KIRKWALL                      ,STRONSAY                      , 284 , 284 , 0 , 281 , 281 , 0 , 1.067616 ,N,N
25-Nov-2009 13:21,200909,200809,Other Reporting Airports      ,KIRKWALL                      ,SUMBURGH                      , 838 , 838 , 0 , 707 , 707 , 0 , 18.529 ,N,N
25-Nov-2009 13:21,200909,200809,Other Reporting Airports      ,KIRKWALL                      ,WESTRAY                       , 327 , 327 , 0 , 304 , 304 , 0 , 7.56579 ,N,N
25-Nov-2009 13:21,200909,200809,Other Reporting Airports      ,LEEDS BRADFORD                ,NEWQUAY                       , 1857 , 1857 , 0 , 143 , 143 , 0 , 1198.601 ,N,N
25-Nov-2009 13:21,200909,200809,Other Reporting Airports      ,LEEDS BRADFORD                ,PLYMOUTH                      , 1043 , 1043 , 0 , 0 , 0 , 0 ,Null,N,N
25-Nov-2009 13:21,200909,200809,Other Reporting Airports      ,LEEDS BRADFORD                ,SOUTHAMPTON                   , 7547 , 7547 , 0 , 7138 , 7138 , 0 , 5.729897 ,N,N
25-Nov-2009 13:21,200909,200809,Other Reporting Airports      ,LERWICK (TINGWALL)            ,OUT SKERRIES                  , 43 , 43 , 0 , 76 , 76 , 0 ,-43.42105 ,N,N
25-Nov-2009 13:21,200909,200809,Other Reporting Airports      ,LERWICK (TINGWALL)            ,PAPA STOUR                    , 7 , 7 , 0 , 7 , 7 , 0 , 0 ,N,N
25-Nov-2009 13:21,200909,200809,Other Reporting Airports      ,LIVERPOOL                     ,SOUTHAMPTON                   , 1016 , 984 , 32 , 0 , 0 , 0 ,Null,N,N
25-Nov-2009 13:21,200909,200809,London Area Airports          ,LONDON CITY                   ,DUNDEE                        , 4020 , 4020 , 0 , 3258 , 3258 , 0 , 23.38858 ,N,N
25-Nov-2009 13:21,200909,200809,London Area Airports          ,LONDON CITY                   ,EDINBURGH                     , 30052 , 30052 , 0 , 32771 , 32771 , 0 ,-8.296969 ,N,N
25-Nov-2009 13:21,200909,200809,London Area Airports          ,LONDON CITY                   ,GLASGOW                       , 10367 , 10367 , 0 , 9683 , 9683 , 0 , 7.063927 ,N,N
25-Nov-2009 13:21,200909,200809,London Area Airports          ,LONDON CITY                   ,ISLE OF MAN                   , 5347 , 5347 , 0 , 938 , 938 , 0 , 470.0426 ,N,N
25-Nov-2009 13:21,200909,200809,London Area Airports          ,LONDON CITY                   ,JERSEY                        , 978 , 978 , 0 , 1094 , 1094 , 0 ,-10.60329 ,N,N
25-Nov-2009 13:21,200909,200809,London Area Airports          ,LONDON CITY                   ,MANCHESTER                    , 0 , 0 , 0 , 7997 , 7997 , 0 ,-100 ,N,N
25-Nov-2009 13:21,200909,200809,London Area Airports          ,LONDON CITY                   ,NEWQUAY                       , 2130 , 2130 , 0 , 0 , 0 , 0 ,Null,N,N
25-Nov-2009 13:21,200909,200809,London Area Airports          ,LUTON                         ,ABERDEEN                      , 12896 , 12884 , 12 , 12899 , 12899 , 0 ,-2.325762E-02 ,N,N
25-Nov-2009 13:21,200909,200809,London Area Airports          ,LUTON                         ,BELFAST CITY (GEORGE BEST)    , 0 , 0 , 0 , 49 , 0 , 49 ,-100 ,N,N
25-Nov-2009 13:21,200909,200809,London Area Airports          ,LUTON                         ,BELFAST INTERNATIONAL         , 19088 , 19086 , 2 , 21517 , 21517 , 0 ,-11.28875 ,N,N
25-Nov-2009 13:21,200909,200809,London Area Airports          ,LUTON                         ,BLACKPOOL                     , 0 , 0 , 0 , 53 , 0 , 53 ,-100 ,N,N
25-Nov-2009 13:21,200909,200809,London Area Airports          ,LUTON                         ,CITY OF DERRY (EGLINTON)      , 2174 , 2174 , 0 , 0 , 0 , 0 ,Null,N,N
25-Nov-2009 13:21,200909,200809,London Area Airports          ,LUTON                         ,EDINBURGH                     , 27902 , 27902 , 0 , 31788 , 31788 , 0 ,-12.22474 ,N,N
25-Nov-2009 13:21,200909,200809,London Area Airports          ,LUTON                         ,GLASGOW                       , 27780 , 27699 , 81 , 28986 , 28986 , 0 ,-4.160629 ,N,N
25-Nov-2009 13:21,200909,200809,London Area Airports          ,LUTON                         ,INVERNESS                     , 8912 , 8912 , 0 , 9793 , 9790 , 3 ,-8.996222 ,N,N
25-Nov-2009 13:21,200909,200809,London Area Airports          ,LUTON                         ,ISLE OF MAN                   , 2520 , 2520 , 0 , 3898 , 3898 , 0 ,-35.35146 ,N,N
25-Nov-2009 13:21,200909,200809,London Area Airports          ,LUTON                         ,JERSEY                        , 1563 , 1563 , 0 , 6118 , 6118 , 0 ,-74.45244 ,N,N
25-Nov-2009 13:21,200909,200809,London Area Airports          ,LUTON                         ,MANCHESTER                    , 61 , 0 , 61 , 63 , 0 , 63 ,-3.174603 ,N,N
25-Nov-2009 13:21,200909,200809,London Area Airports          ,LUTON                         ,NEWCASTLE                     , 34 , 0 , 34 , 0 , 0 , 0 ,Null,Y,N
25-Nov-2009 13:21,200909,200809,Other Reporting Airports      ,MANCHESTER                    ,NEWCASTLE                     , 30 , 0 , 30 , 29 , 0 , 29 , 3.448276 ,N,N
25-Nov-2009 13:21,200909,200809,Other Reporting Airports      ,MANCHESTER                    ,NEWQUAY                       , 7074 , 7074 , 0 , 4798 , 4798 , 0 , 47.43643 ,N,N
25-Nov-2009 13:21,200909,200809,Other Reporting Airports      ,MANCHESTER                    ,NORWICH                       , 3038 , 3038 , 0 , 3692 , 3692 , 0 ,-17.71398 ,N,N
25-Nov-2009 13:21,200909,200809,Other Reporting Airports      ,MANCHESTER                    ,PLYMOUTH                      , 2093 , 2093 , 0 , 2344 , 2344 , 0 ,-10.70819 ,N,N
25-Nov-2009 13:21,200909,200809,Other Reporting Airports      ,MANCHESTER                    ,SOUTHAMPTON                   , 12173 , 12173 , 0 , 13985 , 13985 , 0 ,-12.95674 ,N,N
25-Nov-2009 13:21,200909,200809,Other Reporting Airports      ,NEWCASTLE                     ,NEWQUAY                       , 0 , 0 , 0 , 20 , 20 , 0 ,-100 ,N,N
25-Nov-2009 13:21,200909,200809,Other Reporting Airports      ,NEWCASTLE                     ,PLYMOUTH                      , 1914 , 1914 , 0 , 1487 , 1487 , 0 , 28.71553 ,N,N
25-Nov-2009 13:21,200909,200809,Other Reporting Airports      ,NEWCASTLE                     ,SOUTHAMPTON                   , 10058 , 9998 , 60 , 10018 , 10018 , 0 , 0.3992813 ,N,N
25-Nov-2009 13:21,200909,200809,Other Reporting Airports      ,NEWQUAY                       ,PLYMOUTH                      , 94 , 94 , 0 , 7 , 7 , 0 , 1242.857 ,N,N
25-Nov-2009 13:21,200909,200809,Other Reporting Airports      ,OBAN (NORTH CONNEL)           ,TIREE                         , 86 , 86 , 0 , 52 , 52 , 0 , 65.38461 ,N,N
25-Nov-2009 13:21,200909,200809,London Area Airports          ,SOUTHEND                      ,JERSEY                        , 371 , 371 , 0 , 695 , 695 , 0 ,-46.61871 ,N,N
25-Nov-2009 13:21,200909,200809,London Area Airports          ,STANSTED                      ,BELFAST CITY (GEORGE BEST)    , 27515 , 27515 , 0 , 27464 , 27464 , 0 , 0.1856976 ,N,N
25-Nov-2009 13:21,200909,200809,London Area Airports          ,STANSTED                      ,BELFAST INTERNATIONAL         , 21906 , 21906 , 0 , 25525 , 25525 , 0 ,-14.17826 ,N,N
25-Nov-2009 13:21,200909,200809,London Area Airports          ,STANSTED                      ,CITY OF DERRY (EGLINTON)      , 8030 , 8030 , 0 , 12350 , 12350 , 0 ,-34.97976 ,N,N
25-Nov-2009 13:21,200909,200809,London Area Airports          ,STANSTED                      ,EDINBURGH                     , 32939 , 32932 , 7 , 34955 , 34955 , 0 ,-5.767415 ,N,N
25-Nov-2009 13:21,200909,200809,London Area Airports          ,STANSTED                      ,GLASGOW                       , 25177 , 25177 , 0 , 33253 , 33253 , 0 ,-24.28653 ,N,N
25-Nov-2009 13:21,200909,200809,London Area Airports          ,STANSTED                      ,GUERNSEY                      , 2943 , 2943 , 0 , 3275 , 3275 , 0 ,-10.1374 ,N,N
25-Nov-2009 13:21,200909,200809,London Area Airports          ,STANSTED                      ,JERSEY                        , 2978 , 2978 , 0 , 136 , 0 , 136 , 2089.706 ,N,N
25-Nov-2009 13:21,200909,200809,London Area Airports          ,STANSTED                      ,LEEDS BRADFORD                , 0 , 0 , 0 , 5 , 0 , 5 ,-100 ,N,N
25-Nov-2009 13:21,200909,200809,London Area Airports          ,STANSTED                      ,LIVERPOOL                     , 72 , 0 , 72 , 0 , 0 , 0 ,Null,N,N
25-Nov-2009 13:21,200909,200809,London Area Airports          ,STANSTED                      ,MANCHESTER                    , 71 , 0 , 71 , 1435 , 1431 , 4 ,-95.05226 ,N,N
25-Nov-2009 13:21,200909,200809,London Area Airports          ,STANSTED                      ,NEWCASTLE                     , 11174 , 11174 , 0 , 17745 , 17745 , 0 ,-37.03015 ,N,N
25-Nov-2009 13:21,200909,200809,London Area Airports          ,STANSTED                      ,NEWQUAY                       , 5721 , 5721 , 0 , 13850 , 13850 , 0 ,-58.69314 ,N,N
25-Nov-2009 13:21,200909,200809,London Area Airports          ,STANSTED                      ,PRESTWICK                     , 24203 , 24203 , 0 , 36249 , 36249 , 0 ,-33.23126 ,N,N
