rundate,this_period,last_period,group_name,airport_1_name,airport_2_name,total_pax_this_period,total_pax_scheduled_this_period,total_pax_charter_this_period,total_pax_last_period,total_pax_scheduled_last_period,total_pax_charter_last_period,total_pax_percent,charters_tm_only_small_acf,charters_lm_only_small_acf
17-Feb-2015 09:01,201412,201312,Other Reporting Airports      ,ABERDEEN                      ,BELFAST CITY (GEORGE BEST)    , 3262 , 3262 , 0 , 2480 , 2480 , 0 , 31.53226 ,N,N
17-Feb-2015 09:01,201412,201312,Other Reporting Airports      ,ABERDEEN                      ,BIRMINGHAM                    , 7915 , 7915 , 0 , 7555 , 7394 , 161 , 4.765056 ,N,N
17-Feb-2015 09:01,201412,201312,Other Reporting Airports      ,ABERDEEN                      ,BRISTOL                       , 1922 , 1886 , 36 , 1780 , 1780 , 0 , 7.977528 ,N,N
17-Feb-2015 09:01,201412,201312,Other Reporting Airports      ,ABERDEEN                      ,CARDIFF WALES                 , 762 , 762 , 0 , 967 , 967 , 0 ,-21.19959 ,N,N
17-Feb-2015 09:01,201412,201312,Other Reporting Airports      ,ABERDEEN                      ,DONCASTER SHEFFIELD           , 0 , 0 , 0 , 2 , 0 , 2 ,-100 ,N,Y
17-Feb-2015 09:01,201412,201312,Other Reporting Airports      ,ABERDEEN                      ,DURHAM TEES VALLEY            , 2220 , 2220 , 0 , 2153 , 2153 , 0 , 3.111937 ,N,N
17-Feb-2015 09:01,201412,201312,Other Reporting Airports      ,ABERDEEN                      ,EAST MIDLANDS INTERNATIONAL   , 1180 , 1180 , 0 , 1149 , 1149 , 0 , 2.697998 ,N,N
17-Feb-2015 09:01,201412,201312,Other Reporting Airports      ,ABERDEEN                      ,GATWICK                       , 11796 , 11796 , 0 , 13273 , 13273 , 0 ,-11.12785 ,N,N
17-Feb-2015 09:01,201412,201312,Other Reporting Airports      ,ABERDEEN                      ,HEATHROW                      , 62352 , 62352 , 0 , 55485 , 55485 , 0 , 12.37632 ,N,N
17-Feb-2015 09:01,201412,201312,Other Reporting Airports      ,ABERDEEN                      ,HUMBERSIDE                    , 2491 , 2491 , 0 , 2346 , 2346 , 0 , 6.180733 ,N,N
17-Feb-2015 09:01,201412,201312,Other Reporting Airports      ,ABERDEEN                      ,JERSEY                        , 4583 , 4583 , 0 , 0 , 0 , 0 ,Null,N,N
17-Feb-2015 09:01,201412,201312,Other Reporting Airports      ,ABERDEEN                      ,KIRKWALL                      , 3551 , 3532 , 19 , 3625 , 3604 , 21 ,-2.041379 ,N,N
17-Feb-2015 09:01,201412,201312,Other Reporting Airports      ,ABERDEEN                      ,LEEDS BRADFORD                , 474 , 474 , 0 , 978 , 978 , 0 ,-51.53374 ,N,N
17-Feb-2015 09:01,201412,201312,Other Reporting Airports      ,ABERDEEN                      ,LONDON CITY                   , 4382 , 4382 , 0 , 5607 , 5607 , 0 ,-21.84769 ,N,N
17-Feb-2015 09:01,201412,201312,Other Reporting Airports      ,ABERDEEN                      ,LUTON                         , 5491 , 5491 , 0 , 5402 , 5402 , 0 , 1.647538 ,N,N
17-Feb-2015 09:01,201412,201312,Other Reporting Airports      ,ABERDEEN                      ,MANCHESTER                    , 16252 , 15888 , 364 , 15569 , 15271 , 298 , 4.386923 ,N,N
17-Feb-2015 09:01,201412,201312,Other Reporting Airports      ,ABERDEEN                      ,NEWCASTLE                     , 1788 , 1788 , 0 , 1851 , 1851 , 0 ,-3.403566 ,N,N
17-Feb-2015 09:01,201412,201312,Other Reporting Airports      ,ABERDEEN                      ,NORWICH                       , 4113 , 4113 , 0 , 3992 , 3992 , 0 , 3.031062 ,N,N
17-Feb-2015 09:01,201412,201312,Other Reporting Airports      ,ABERDEEN                      ,SCATSTA                       , 11897 , 0 , 11897 , 12437 , 0 , 12437 ,-4.341883 ,N,N
17-Feb-2015 09:01,201412,201312,Other Reporting Airports      ,ABERDEEN                      ,SOUTHAMPTON                   , 831 , 831 , 0 , 394 , 394 , 0 , 110.9137 ,N,N
17-Feb-2015 09:01,201412,201312,Other Reporting Airports      ,ABERDEEN                      ,STORNOWAY                     , 543 , 543 , 0 , 393 , 393 , 0 , 38.16794 ,N,N
17-Feb-2015 09:01,201412,201312,Other Reporting Airports      ,ABERDEEN                      ,SUMBURGH                      , 10553 , 6220 , 4333 , 8634 , 5382 , 3252 , 22.22608 ,N,N
17-Feb-2015 09:01,201412,201312,Other Reporting Airports      ,ABERDEEN                      ,WICK JOHN O GROATS            , 1013 , 872 , 141 , 701 , 701 , 0 , 44.50785 ,N,N
17-Feb-2015 09:01,201412,201312,Other Reporting Airports      ,ALDERNEY                      ,GUERNSEY                      , 2554 , 2554 , 0 , 2319 , 2319 , 0 , 10.13368 ,N,N
17-Feb-2015 09:01,201412,201312,Other Reporting Airports      ,ALDERNEY                      ,SOUTHAMPTON                   , 1592 , 1592 , 0 , 1704 , 1704 , 0 ,-6.57277 ,N,N
17-Feb-2015 09:01,201412,201312,Other Reporting Airports      ,BARRA                         ,GLASGOW                       , 492 , 492 , 0 , 512 , 512 , 0 ,-3.90625 ,N,N
17-Feb-2015 09:01,201412,201312,Other Reporting Airports      ,BELFAST CITY (GEORGE BEST)    ,ABERDEEN                      , 3214 , 3214 , 0 , 2400 , 2400 , 0 , 33.91667 ,N,N
17-Feb-2015 09:01,201412,201312,Other Reporting Airports      ,BELFAST CITY (GEORGE BEST)    ,BIRMINGHAM                    , 19976 , 19976 , 0 , 18346 , 18346 , 0 , 8.88477 ,N,N
17-Feb-2015 09:01,201412,201312,Other Reporting Airports      ,BELFAST CITY (GEORGE BEST)    ,CARDIFF WALES                 , 3391 , 3391 , 0 , 2969 , 2969 , 0 , 14.21354 ,N,N
17-Feb-2015 09:01,201412,201312,Other Reporting Airports      ,BELFAST CITY (GEORGE BEST)    ,DONCASTER SHEFFIELD           , 339 , 339 , 0 , 0 , 0 , 0 ,Null,N,N
17-Feb-2015 09:01,201412,201312,Other Reporting Airports      ,BELFAST CITY (GEORGE BEST)    ,EAST MIDLANDS INTERNATIONAL   , 10649 , 10649 , 0 , 7828 , 7828 , 0 , 36.0373 ,N,N
17-Feb-2015 09:01,201412,201312,Other Reporting Airports      ,BELFAST CITY (GEORGE BEST)    ,EDINBURGH                     , 9792 , 9792 , 0 , 9780 , 9780 , 0 , 0.1226994 ,N,N
17-Feb-2015 09:01,201412,201312,Other Reporting Airports      ,BELFAST CITY (GEORGE BEST)    ,EXETER                        , 2812 , 2812 , 0 , 1219 , 1219 , 0 , 130.6809 ,N,N
17-Feb-2015 09:01,201412,201312,Other Reporting Airports      ,BELFAST CITY (GEORGE BEST)    ,GATWICK                       , 18119 , 18119 , 0 , 31199 , 31099 , 100 ,-41.92442 ,N,N
17-Feb-2015 09:01,201412,201312,Other Reporting Airports      ,BELFAST CITY (GEORGE BEST)    ,GLASGOW                       , 10551 , 10551 , 0 , 8017 , 8017 , 0 , 31.60783 ,N,N
17-Feb-2015 09:01,201412,201312,Other Reporting Airports      ,BELFAST CITY (GEORGE BEST)    ,HEATHROW                      , 53292 , 53292 , 0 , 52312 , 52260 , 52 , 1.873375 ,N,N
17-Feb-2015 09:01,201412,201312,Other Reporting Airports      ,BELFAST CITY (GEORGE BEST)    ,INVERNESS                     , 2299 , 2299 , 0 , 1766 , 1766 , 0 , 30.1812 ,N,N
17-Feb-2015 09:01,201412,201312,Other Reporting Airports      ,BELFAST CITY (GEORGE BEST)    ,ISLE OF MAN                   , 2271 , 2271 , 0 , 2226 , 2226 , 0 , 2.021563 ,N,N
17-Feb-2015 09:01,201412,201312,Other Reporting Airports      ,BELFAST CITY (GEORGE BEST)    ,LEEDS BRADFORD                , 11675 , 11675 , 0 , 11174 , 11174 , 0 , 4.483623 ,N,N
17-Feb-2015 09:01,201412,201312,Other Reporting Airports      ,BELFAST CITY (GEORGE BEST)    ,LONDON CITY                   , 7260 , 7260 , 0 , 0 , 0 , 0 ,Null,N,N
17-Feb-2015 09:01,201412,201312,Other Reporting Airports      ,BELFAST CITY (GEORGE BEST)    ,MANCHESTER                    , 23592 , 23592 , 0 , 23724 , 23724 , 0 ,-0.5563986 ,N,N
17-Feb-2015 09:01,201412,201312,Other Reporting Airports      ,BELFAST CITY (GEORGE BEST)    ,NEWCASTLE                     , 2523 , 2523 , 0 , 2898 , 2898 , 0 ,-12.93996 ,N,N
17-Feb-2015 09:01,201412,201312,Other Reporting Airports      ,BELFAST CITY (GEORGE BEST)    ,SOUTHAMPTON                   , 8372 , 8372 , 0 , 5992 , 5992 , 0 , 39.71963 ,N,N
17-Feb-2015 09:01,201412,201312,Other Reporting Airports      ,BELFAST INTERNATIONAL         ,BIRMINGHAM                    , 14493 , 14493 , 0 , 15481 , 15481 , 0 ,-6.382017 ,N,N
17-Feb-2015 09:01,201412,201312,Other Reporting Airports      ,BELFAST INTERNATIONAL         ,BRISTOL                       , 19996 , 19996 , 0 , 18821 , 18821 , 0 , 6.243026 ,N,N
17-Feb-2015 09:01,201412,201312,Other Reporting Airports      ,BELFAST INTERNATIONAL         ,CARDIFF WALES                 , 172 , 0 , 172 , 0 , 0 , 0 ,Null,N,N
17-Feb-2015 09:01,201412,201312,Other Reporting Airports      ,BELFAST INTERNATIONAL         ,EDINBURGH                     , 20543 , 20543 , 0 , 20374 , 20374 , 0 , 0.8294886 ,N,N
17-Feb-2015 09:01,201412,201312,Other Reporting Airports      ,BELFAST INTERNATIONAL         ,GATWICK                       , 34129 , 34129 , 0 , 32274 , 32274 , 0 , 5.747661 ,N,N
17-Feb-2015 09:01,201412,201312,Other Reporting Airports      ,BELFAST INTERNATIONAL         ,GLASGOW                       , 20676 , 20676 , 0 , 20734 , 20734 , 0 ,-0.2797338 ,N,N
17-Feb-2015 09:01,201412,201312,Other Reporting Airports      ,BELFAST INTERNATIONAL         ,HEATHROW                      , 0 , 0 , 0 , 52 , 52 , 0 ,-100 ,N,N
17-Feb-2015 09:01,201412,201312,Other Reporting Airports      ,BELFAST INTERNATIONAL         ,LEEDS BRADFORD                , 8 , 0 , 8 , 0 , 0 , 0 ,Null,N,N
17-Feb-2015 09:01,201412,201312,Other Reporting Airports      ,BELFAST INTERNATIONAL         ,LIVERPOOL (JOHN LENNON)       , 34915 , 34915 , 0 , 34103 , 34103 , 0 , 2.381022 ,N,N
17-Feb-2015 09:01,201412,201312,Other Reporting Airports      ,BELFAST INTERNATIONAL         ,LUTON                         , 19196 , 19187 , 9 , 18381 , 18381 , 0 , 4.433926 ,N,N
17-Feb-2015 09:01,201412,201312,Other Reporting Airports      ,BELFAST INTERNATIONAL         ,MANCHESTER                    , 18874 , 18874 , 0 , 17897 , 17897 , 0 , 5.459015 ,N,N
17-Feb-2015 09:01,201412,201312,Other Reporting Airports      ,BELFAST INTERNATIONAL         ,NEWCASTLE                     , 16559 , 16559 , 0 , 16460 , 16460 , 0 , 0.6014581 ,N,N
17-Feb-2015 09:01,201412,201312,Other Reporting Airports      ,BELFAST INTERNATIONAL         ,SOUTHEND                      , 0 , 0 , 0 , 5287 , 5287 , 0 ,-100 ,N,N
17-Feb-2015 09:01,201412,201312,Other Reporting Airports      ,BELFAST INTERNATIONAL         ,STANSTED                      , 24969 , 24969 , 0 , 25914 , 25914 , 0 ,-3.646677 ,N,N
17-Feb-2015 09:01,201412,201312,Other Reporting Airports      ,BENBECULA                     ,GLASGOW                       , 1919 , 1919 , 0 , 1777 , 1777 , 0 , 7.990996 ,N,N
17-Feb-2015 09:01,201412,201312,Other Reporting Airports      ,BENBECULA                     ,INVERNESS                     , 0 , 0 , 0 , 297 , 297 , 0 ,-100 ,N,N
17-Feb-2015 09:01,201412,201312,Other Reporting Airports      ,BENBECULA                     ,STORNOWAY                     , 527 , 527 , 0 , 312 , 312 , 0 , 68.91026 ,N,N
17-Feb-2015 09:01,201412,201312,Other Reporting Airports      ,BIGGIN HILL                   ,NEWCASTLE                     , 0 , 0 , 0 , 74 , 0 , 74 ,-100 ,N,N
17-Feb-2015 09:01,201412,201312,Other Reporting Airports      ,BIRMINGHAM                    ,ABERDEEN                      , 7825 , 7825 , 0 , 7536 , 7377 , 159 , 3.834926 ,N,N
17-Feb-2015 09:01,201412,201312,Other Reporting Airports      ,BIRMINGHAM                    ,BELFAST CITY (GEORGE BEST)    , 19863 , 19863 , 0 , 18388 , 18388 , 0 , 8.021536 ,N,N
17-Feb-2015 09:01,201412,201312,Other Reporting Airports      ,BIRMINGHAM                    ,BELFAST INTERNATIONAL         , 14327 , 14327 , 0 , 15310 , 15310 , 0 ,-6.42064 ,N,N
17-Feb-2015 09:01,201412,201312,Other Reporting Airports      ,BIRMINGHAM                    ,CITY OF DERRY (EGLINTON)      , 0 , 0 , 0 , 3062 , 3062 , 0 ,-100 ,N,N
17-Feb-2015 09:01,201412,201312,Other Reporting Airports      ,BIRMINGHAM                    ,EDINBURGH                     , 19675 , 19675 , 0 , 20355 , 20355 , 0 ,-3.340703 ,N,N
17-Feb-2015 09:01,201412,201312,Other Reporting Airports      ,BIRMINGHAM                    ,GLASGOW                       , 15074 , 15004 , 70 , 15156 , 15156 , 0 ,-0.5410398 ,N,N
17-Feb-2015 09:01,201412,201312,Other Reporting Airports      ,BIRMINGHAM                    ,GUERNSEY                      , 2541 , 2497 , 44 , 2326 , 2326 , 0 , 9.243336 ,N,N
17-Feb-2015 09:01,201412,201312,Other Reporting Airports      ,BIRMINGHAM                    ,INVERNESS                     , 2486 , 2486 , 0 , 2633 , 2633 , 0 ,-5.582985 ,N,N
17-Feb-2015 09:01,201412,201312,Other Reporting Airports      ,BIRMINGHAM                    ,ISLE OF MAN                   , 3969 , 3969 , 0 , 3540 , 3540 , 0 , 12.11864 ,N,N
17-Feb-2015 09:01,201412,201312,Other Reporting Airports      ,BIRMINGHAM                    ,JERSEY                        , 2432 , 2432 , 0 , 2243 , 2243 , 0 , 8.426215 ,N,N
17-Feb-2015 09:01,201412,201312,Other Reporting Airports      ,BIRMINGHAM                    ,NEWCASTLE                     , 718 , 644 , 74 , 408 , 408 , 0 , 75.98039 ,N,N
17-Feb-2015 09:01,201412,201312,Other Reporting Airports      ,BLACKPOOL                     ,GATWICK                       , 0 , 0 , 0 , 66 , 0 , 66 ,-100 ,N,N
17-Feb-2015 09:01,201412,201312,Other Reporting Airports      ,BLACKPOOL                     ,ISLE OF MAN                   , 0 , 0 , 0 , 1240 , 1240 , 0 ,-100 ,N,N
17-Feb-2015 09:01,201412,201312,Other Reporting Airports      ,BOURNEMOUTH                   ,MANCHESTER                    , 40 , 0 , 40 , 0 , 0 , 0 ,Null,N,N
17-Feb-2015 09:01,201412,201312,Other Reporting Airports      ,BRISTOL                       ,ABERDEEN                      , 1920 , 1885 , 35 , 1780 , 1780 , 0 , 7.865169 ,N,N
17-Feb-2015 09:01,201412,201312,Other Reporting Airports      ,BRISTOL                       ,BELFAST INTERNATIONAL         , 19988 , 19988 , 0 , 18606 , 18606 , 0 , 7.427711 ,N,N
17-Feb-2015 09:01,201412,201312,Other Reporting Airports      ,BRISTOL                       ,EDINBURGH                     , 24947 , 24947 , 0 , 22969 , 22969 , 0 , 8.611607 ,N,N
17-Feb-2015 09:01,201412,201312,Other Reporting Airports      ,BRISTOL                       ,GLASGOW                       , 20031 , 20031 , 0 , 18638 , 18638 , 0 , 7.473978 ,N,N
17-Feb-2015 09:01,201412,201312,Other Reporting Airports      ,BRISTOL                       ,GUERNSEY                      , 1663 , 1663 , 0 , 1773 , 1773 , 0 ,-6.204174 ,N,N
17-Feb-2015 09:01,201412,201312,Other Reporting Airports      ,BRISTOL                       ,HAWARDEN                      , 265 , 0 , 265 , 307 , 0 , 307 ,-13.68078 ,N,N
17-Feb-2015 09:01,201412,201312,Other Reporting Airports      ,BRISTOL                       ,INVERNESS                     , 5155 , 5155 , 0 , 4873 , 4873 , 0 , 5.78699 ,N,N
17-Feb-2015 09:01,201412,201312,Other Reporting Airports      ,BRISTOL                       ,JERSEY                        , 2681 , 2681 , 0 , 3392 , 3392 , 0 ,-20.96108 ,N,N
17-Feb-2015 09:01,201412,201312,Other Reporting Airports      ,BRISTOL                       ,NEWCASTLE                     , 12045 , 12045 , 0 , 14973 , 14973 , 0 ,-19.5552 ,N,N
17-Feb-2015 09:01,201412,201312,Other Reporting Airports      ,CAMPBELTOWN                   ,GLASGOW                       , 471 , 471 , 0 , 561 , 561 , 0 ,-16.04278 ,N,N
17-Feb-2015 09:01,201412,201312,Other Reporting Airports      ,CARDIFF WALES                 ,ABERDEEN                      , 303 , 303 , 0 , 88 , 88 , 0 , 244.3182 ,N,N
17-Feb-2015 09:01,201412,201312,Other Reporting Airports      ,CARDIFF WALES                 ,ANGLESEY (VALLEY)             , 467 , 467 , 0 , 512 , 512 , 0 ,-8.789063 ,N,N
17-Feb-2015 09:01,201412,201312,Other Reporting Airports      ,CARDIFF WALES                 ,BELFAST CITY (GEORGE BEST)    , 3439 , 3439 , 0 , 3019 , 3019 , 0 , 13.91189 ,N,N
17-Feb-2015 09:01,201412,201312,Other Reporting Airports      ,CARDIFF WALES                 ,BELFAST INTERNATIONAL         , 172 , 0 , 172 , 0 , 0 , 0 ,Null,N,N
17-Feb-2015 09:01,201412,201312,Other Reporting Airports      ,CARDIFF WALES                 ,EDINBURGH                     , 2813 , 2813 , 0 , 5730 , 5730 , 0 ,-50.90751 ,N,N
17-Feb-2015 09:01,201412,201312,Other Reporting Airports      ,CARDIFF WALES                 ,GLASGOW                       , 0 , 0 , 0 , 4111 , 4111 , 0 ,-100 ,N,N
17-Feb-2015 09:01,201412,201312,Other Reporting Airports      ,CARDIFF WALES                 ,HUMBERSIDE                    , 87 , 0 , 87 , 65 , 0 , 65 , 33.84615 ,N,N
17-Feb-2015 09:01,201412,201312,Other Reporting Airports      ,CARDIFF WALES                 ,LIVERPOOL (JOHN LENNON)       , 88 , 0 , 88 , 152 , 0 , 152 ,-42.10526 ,N,N
17-Feb-2015 09:01,201412,201312,Other Reporting Airports      ,CARDIFF WALES                 ,LUTON                         , 64 , 0 , 64 , 0 , 0 , 0 ,Null,N,N
17-Feb-2015 09:01,201412,201312,Other Reporting Airports      ,CARDIFF WALES                 ,MANCHESTER                    , 0 , 0 , 0 , 69 , 0 , 69 ,-100 ,N,N
17-Feb-2015 09:01,201412,201312,Other Reporting Airports      ,CARDIFF WALES                 ,NEWCASTLE                     , 719 , 719 , 0 , 797 , 659 , 138 ,-9.7867 ,N,N
17-Feb-2015 09:01,201412,201312,Other Reporting Airports      ,CARDIFF WALES                 ,NORWICH                       , 0 , 0 , 0 , 75 , 0 , 75 ,-100 ,N,N
17-Feb-2015 09:01,201412,201312,Other Reporting Airports      ,CARDIFF WALES                 ,STANSTED                      , 68 , 0 , 68 , 0 , 0 , 0 ,Null,N,N
17-Feb-2015 09:01,201412,201312,Other Reporting Airports      ,CITY OF DERRY (EGLINTON)      ,BIRMINGHAM                    , 0 , 0 , 0 , 3086 , 3086 , 0 ,-100 ,N,N
17-Feb-2015 09:01,201412,201312,Other Reporting Airports      ,CITY OF DERRY (EGLINTON)      ,GLASGOW                       , 5663 , 5663 , 0 , 0 , 0 , 0 ,Null,N,N
17-Feb-2015 09:01,201412,201312,Other Reporting Airports      ,CITY OF DERRY (EGLINTON)      ,LIVERPOOL (JOHN LENNON)       , 6102 , 6102 , 0 , 7216 , 7216 , 0 ,-15.43792 ,N,N
17-Feb-2015 09:01,201412,201312,Other Reporting Airports      ,CITY OF DERRY (EGLINTON)      ,PRESTWICK                     , 0 , 0 , 0 , 5286 , 5286 , 0 ,-100 ,N,N
17-Feb-2015 09:01,201412,201312,Other Reporting Airports      ,CITY OF DERRY (EGLINTON)      ,STANSTED                      , 11313 , 11313 , 0 , 11294 , 11294 , 0 , 0.1682309 ,N,N
17-Feb-2015 09:01,201412,201312,Other Reporting Airports      ,DONCASTER SHEFFIELD           ,BELFAST CITY (GEORGE BEST)    , 332 , 332 , 0 , 0 , 0 , 0 ,Null,N,N
17-Feb-2015 09:01,201412,201312,Other Reporting Airports      ,DUNDEE                        ,LONDON CITY                   , 0 , 0 , 0 , 1573 , 1573 , 0 ,-100 ,N,N
17-Feb-2015 09:01,201412,201312,Other Reporting Airports      ,DUNDEE                        ,STANSTED                      , 1572 , 1572 , 0 , 0 , 0 , 0 ,Null,N,N
17-Feb-2015 09:01,201412,201312,Other Reporting Airports      ,DURHAM TEES VALLEY            ,ABERDEEN                      , 2231 , 2231 , 0 , 2290 , 2290 , 0 ,-2.576419 ,N,N
17-Feb-2015 09:01,201412,201312,Other Reporting Airports      ,DURHAM TEES VALLEY            ,FARNBOROUGH                   , 0 , 0 , 0 , 37 , 0 , 37 ,-100 ,N,N
17-Feb-2015 09:01,201412,201312,Other Reporting Airports      ,DURHAM TEES VALLEY            ,HEATHROW                      , 0 , 0 , 0 , 38 , 0 , 38 ,-100 ,N,N
17-Feb-2015 09:01,201412,201312,Other Reporting Airports      ,DURHAM TEES VALLEY            ,SOUTHAMPTON                   , 0 , 0 , 0 , 4 , 4 , 0 ,-100 ,N,N
17-Feb-2015 09:01,201412,201312,Other Reporting Airports      ,EAST MIDLANDS INTERNATIONAL   ,ABERDEEN                      , 1181 , 1181 , 0 , 1149 , 1149 , 0 , 2.78503 ,N,N
17-Feb-2015 09:01,201412,201312,Other Reporting Airports      ,EAST MIDLANDS INTERNATIONAL   ,BELFAST CITY (GEORGE BEST)    , 10576 , 10576 , 0 , 7724 , 7724 , 0 , 36.92387 ,N,N
17-Feb-2015 09:01,201412,201312,Other Reporting Airports      ,EAST MIDLANDS INTERNATIONAL   ,EDINBURGH                     , 7395 , 7395 , 0 , 5869 , 5869 , 0 , 26.00102 ,N,N
17-Feb-2015 09:01,201412,201312,Other Reporting Airports      ,EAST MIDLANDS INTERNATIONAL   ,GLASGOW                       , 6330 , 6330 , 0 , 5285 , 5183 , 102 , 19.77294 ,N,N
17-Feb-2015 09:01,201412,201312,Other Reporting Airports      ,EAST MIDLANDS INTERNATIONAL   ,GUERNSEY                      , 1732 , 1732 , 0 , 1652 , 1652 , 0 , 4.842615 ,N,N
17-Feb-2015 09:01,201412,201312,Other Reporting Airports      ,EAST MIDLANDS INTERNATIONAL   ,JERSEY                        , 2972 , 2972 , 0 , 1240 , 1240 , 0 , 139.6774 ,N,N
17-Feb-2015 09:01,201412,201312,Other Reporting Airports      ,EAST MIDLANDS INTERNATIONAL   ,MANCHESTER                    , 168 , 0 , 168 , 0 , 0 , 0 ,Null,N,N
17-Feb-2015 09:01,201412,201312,Other Reporting Airports      ,EDINBURGH                     ,BELFAST CITY (GEORGE BEST)    , 9894 , 9894 , 0 , 9886 , 9886 , 0 , 8.092251E-02 ,N,N
17-Feb-2015 09:01,201412,201312,Other Reporting Airports      ,EDINBURGH                     ,BELFAST INTERNATIONAL         , 20533 , 20533 , 0 , 20378 , 20378 , 0 , 0.7606242 ,N,N
17-Feb-2015 09:01,201412,201312,Other Reporting Airports      ,EDINBURGH                     ,BIRMINGHAM                    , 19823 , 19823 , 0 , 20629 , 20629 , 0 ,-3.907121 ,N,N
17-Feb-2015 09:01,201412,201312,Other Reporting Airports      ,EDINBURGH                     ,BRISTOL                       , 24944 , 24944 , 0 , 23665 , 23665 , 0 , 5.404606 ,N,N
17-Feb-2015 09:01,201412,201312,Other Reporting Airports      ,EDINBURGH                     ,CARDIFF WALES                 , 2814 , 2814 , 0 , 5735 , 5735 , 0 ,-50.93287 ,N,N
17-Feb-2015 09:01,201412,201312,Other Reporting Airports      ,EDINBURGH                     ,EAST MIDLANDS INTERNATIONAL   , 7503 , 7503 , 0 , 5874 , 5874 , 0 , 27.73238 ,N,N
17-Feb-2015 09:01,201412,201312,Other Reporting Airports      ,EDINBURGH                     ,EXETER                        , 3532 , 3532 , 0 , 3055 , 3055 , 0 , 15.61375 ,N,N
17-Feb-2015 09:01,201412,201312,Other Reporting Airports      ,EDINBURGH                     ,GATWICK                       , 51257 , 51257 , 0 , 54619 , 54619 , 0 ,-6.155367 ,N,N
17-Feb-2015 09:01,201412,201312,Other Reporting Airports      ,EDINBURGH                     ,HEATHROW                      , 107309 , 107309 , 0 , 102458 , 102458 , 0 , 4.734623 ,N,N
17-Feb-2015 09:01,201412,201312,Other Reporting Airports      ,EDINBURGH                     ,KIRKWALL                      , 2866 , 2866 , 0 , 2933 , 2933 , 0 ,-2.28435 ,N,N
17-Feb-2015 09:01,201412,201312,Other Reporting Airports      ,EDINBURGH                     ,LONDON CITY                   , 37518 , 37518 , 0 , 20484 , 20484 , 0 , 83.15759 ,N,N
17-Feb-2015 09:01,201412,201312,Other Reporting Airports      ,EDINBURGH                     ,LUTON                         , 18013 , 18013 , 0 , 20959 , 20959 , 0 ,-14.05601 ,N,N
17-Feb-2015 09:01,201412,201312,Other Reporting Airports      ,EDINBURGH                     ,MANCHESTER                    , 8776 , 8776 , 0 , 7281 , 7281 , 0 , 20.53289 ,N,N
17-Feb-2015 09:01,201412,201312,Other Reporting Airports      ,EDINBURGH                     ,NORWICH                       , 2155 , 2155 , 0 , 2054 , 2054 , 0 , 4.917235 ,N,N
17-Feb-2015 09:01,201412,201312,Other Reporting Airports      ,EDINBURGH                     ,SOUTHAMPTON                   , 13915 , 13915 , 0 , 14551 , 14551 , 0 ,-4.370833 ,N,N
17-Feb-2015 09:01,201412,201312,Other Reporting Airports      ,EDINBURGH                     ,SOUTHEND                      , 0 , 0 , 0 , 5163 , 5163 , 0 ,-100 ,N,N
17-Feb-2015 09:01,201412,201312,Other Reporting Airports      ,EDINBURGH                     ,STANSTED                      , 45576 , 45576 , 0 , 25406 , 25406 , 0 , 79.39069 ,N,N
17-Feb-2015 09:01,201412,201312,Other Reporting Airports      ,EDINBURGH                     ,STORNOWAY                     , 1611 , 1611 , 0 , 1705 , 1705 , 0 ,-5.513196 ,N,N
17-Feb-2015 09:01,201412,201312,Other Reporting Airports      ,EDINBURGH                     ,SUMBURGH                      , 3023 , 3023 , 0 , 2515 , 2515 , 0 , 20.19881 ,N,N
17-Feb-2015 09:01,201412,201312,Other Reporting Airports      ,EDINBURGH                     ,WICK JOHN O GROATS            , 962 , 962 , 0 , 907 , 907 , 0 , 6.063947 ,N,N
17-Feb-2015 09:01,201412,201312,Other Reporting Airports      ,EXETER                        ,BELFAST CITY (GEORGE BEST)    , 2884 , 2884 , 0 , 2570 , 2570 , 0 , 12.2179 ,N,N
17-Feb-2015 09:01,201412,201312,Other Reporting Airports      ,EXETER                        ,EDINBURGH                     , 3518 , 3518 , 0 , 3071 , 3071 , 0 , 14.55552 ,N,N
17-Feb-2015 09:01,201412,201312,Other Reporting Airports      ,EXETER                        ,GLASGOW                       , 0 , 0 , 0 , 1734 , 1734 , 0 ,-100 ,N,N
17-Feb-2015 09:01,201412,201312,Other Reporting Airports      ,EXETER                        ,GUERNSEY                      , 1843 , 1843 , 0 , 1611 , 1611 , 0 , 14.40099 ,N,N
17-Feb-2015 09:01,201412,201312,Other Reporting Airports      ,EXETER                        ,JERSEY                        , 2614 , 2614 , 0 , 2297 , 2297 , 0 , 13.80061 ,N,N
17-Feb-2015 09:01,201412,201312,Other Reporting Airports      ,EXETER                        ,LONDON CITY                   , 4318 , 4318 , 0 , 0 , 0 , 0 ,Null,N,N
17-Feb-2015 09:01,201412,201312,Other Reporting Airports      ,EXETER                        ,MANCHESTER                    , 10285 , 10285 , 0 , 6993 , 6993 , 0 , 47.07565 ,N,N
17-Feb-2015 09:01,201412,201312,Other Reporting Airports      ,EXETER                        ,NEWCASTLE                     , 3237 , 3237 , 0 , 2599 , 2599 , 0 , 24.5479 ,N,N
17-Feb-2015 09:01,201412,201312,Other Reporting Airports      ,EXETER                        ,SOUTHAMPTON                   , 0 , 0 , 0 , 42 , 0 , 42 ,-100 ,N,N
17-Feb-2015 09:01,201412,201312,London Area Airports          ,GATWICK                       ,ABERDEEN                      , 11678 , 11678 , 0 , 13147 , 13147 , 0 ,-11.17365 ,N,N
17-Feb-2015 09:01,201412,201312,London Area Airports          ,GATWICK                       ,BELFAST CITY (GEORGE BEST)    , 18174 , 18174 , 0 , 31248 , 31248 , 0 ,-41.83948 ,N,N
17-Feb-2015 09:01,201412,201312,London Area Airports          ,GATWICK                       ,BELFAST INTERNATIONAL         , 33609 , 33609 , 0 , 31917 , 31917 , 0 , 5.30125 ,N,N
17-Feb-2015 09:01,201412,201312,London Area Airports          ,GATWICK                       ,BLACKPOOL                     , 0 , 0 , 0 , 66 , 0 , 66 ,-100 ,N,N
17-Feb-2015 09:01,201412,201312,London Area Airports          ,GATWICK                       ,EAST MIDLANDS INTERNATIONAL   , 32 , 0 , 32 , 0 , 0 , 0 ,Null,N,N
17-Feb-2015 09:01,201412,201312,London Area Airports          ,GATWICK                       ,EDINBURGH                     , 51022 , 51022 , 0 , 54315 , 54315 , 0 ,-6.062782 ,N,N
17-Feb-2015 09:01,201412,201312,London Area Airports          ,GATWICK                       ,GLASGOW                       , 41763 , 41763 , 0 , 46991 , 46991 , 0 ,-11.12554 ,N,N
17-Feb-2015 09:01,201412,201312,London Area Airports          ,GATWICK                       ,GUERNSEY                      , 24384 , 24384 , 0 , 24994 , 24994 , 0 ,-2.440586 ,N,N
17-Feb-2015 09:01,201412,201312,London Area Airports          ,GATWICK                       ,HUMBERSIDE                    , 0 , 0 , 0 , 73 , 0 , 73 ,-100 ,N,N
17-Feb-2015 09:01,201412,201312,London Area Airports          ,GATWICK                       ,INVERNESS                     , 14727 , 14727 , 0 , 13692 , 13692 , 0 , 7.559159 ,N,N
17-Feb-2015 09:01,201412,201312,London Area Airports          ,GATWICK                       ,ISLE OF MAN                   , 10475 , 10475 , 0 , 15642 , 15642 , 0 ,-33.03286 ,N,N
17-Feb-2015 09:01,201412,201312,London Area Airports          ,GATWICK                       ,JERSEY                        , 46259 , 46259 , 0 , 41438 , 41438 , 0 , 11.63425 ,N,N
17-Feb-2015 09:01,201412,201312,London Area Airports          ,GATWICK                       ,LIVERPOOL (JOHN LENNON)       , 0 , 0 , 0 , 31 , 0 , 31 ,-100 ,N,N
17-Feb-2015 09:01,201412,201312,London Area Airports          ,GATWICK                       ,MANCHESTER                    , 62 , 0 , 62 , 0 , 0 , 0 ,Null,N,N
17-Feb-2015 09:01,201412,201312,London Area Airports          ,GATWICK                       ,NEWCASTLE                     , 8559 , 8559 , 0 , 6137 , 6065 , 72 , 39.46554 ,N,N
17-Feb-2015 09:01,201412,201312,London Area Airports          ,GATWICK                       ,NEWQUAY                       , 8300 , 8300 , 0 , 6234 , 6234 , 0 , 33.14084 ,N,N
17-Feb-2015 09:01,201412,201312,London Area Airports          ,GATWICK                       ,NORWICH                       , 0 , 0 , 0 , 32 , 0 , 32 ,-100 ,N,N
17-Feb-2015 09:01,201412,201312,Other Reporting Airports      ,GLASGOW                       ,BARRA                         , 492 , 492 , 0 , 562 , 562 , 0 ,-12.45552 ,N,N
17-Feb-2015 09:01,201412,201312,Other Reporting Airports      ,GLASGOW                       ,BELFAST CITY (GEORGE BEST)    , 10635 , 10635 , 0 , 8138 , 8138 , 0 , 30.68321 ,N,N
17-Feb-2015 09:01,201412,201312,Other Reporting Airports      ,GLASGOW                       ,BELFAST INTERNATIONAL         , 20550 , 20550 , 0 , 20737 , 20737 , 0 ,-0.9017698 ,N,N
17-Feb-2015 09:01,201412,201312,Other Reporting Airports      ,GLASGOW                       ,BENBECULA                     , 1943 , 1943 , 0 , 1848 , 1848 , 0 , 5.140693 ,N,N
17-Feb-2015 09:01,201412,201312,Other Reporting Airports      ,GLASGOW                       ,BIGGIN HILL                   , 0 , 0 , 0 , 7 , 0 , 7 ,-100 ,N,Y
17-Feb-2015 09:01,201412,201312,Other Reporting Airports      ,GLASGOW                       ,BIRMINGHAM                    , 15138 , 15068 , 70 , 15039 , 15039 , 0 , 0.6582885 ,N,N
17-Feb-2015 09:01,201412,201312,Other Reporting Airports      ,GLASGOW                       ,BRISTOL                       , 19883 , 19883 , 0 , 18776 , 18776 , 0 , 5.895824 ,N,N
17-Feb-2015 09:01,201412,201312,Other Reporting Airports      ,GLASGOW                       ,CAMPBELTOWN                   , 474 , 474 , 0 , 560 , 560 , 0 ,-15.35714 ,N,N
17-Feb-2015 09:01,201412,201312,Other Reporting Airports      ,GLASGOW                       ,CARDIFF WALES                 , 0 , 0 , 0 , 1368 , 1368 , 0 ,-100 ,N,N
17-Feb-2015 09:01,201412,201312,Other Reporting Airports      ,GLASGOW                       ,CITY OF DERRY (EGLINTON)      , 5656 , 5656 , 0 , 0 , 0 , 0 ,Null,N,N
17-Feb-2015 09:01,201412,201312,Other Reporting Airports      ,GLASGOW                       ,EAST MIDLANDS INTERNATIONAL   , 6334 , 6334 , 0 , 5425 , 5326 , 99 , 16.75576 ,N,N
17-Feb-2015 09:01,201412,201312,Other Reporting Airports      ,GLASGOW                       ,EXETER                        , 0 , 0 , 0 , 1749 , 1749 , 0 ,-100 ,N,N
17-Feb-2015 09:01,201412,201312,Other Reporting Airports      ,GLASGOW                       ,GATWICK                       , 41910 , 41910 , 0 , 47456 , 47456 , 0 ,-11.68661 ,N,N
17-Feb-2015 09:01,201412,201312,Other Reporting Airports      ,GLASGOW                       ,HEATHROW                      , 70870 , 70870 , 0 , 61166 , 61166 , 0 , 15.86502 ,N,N
17-Feb-2015 09:01,201412,201312,Other Reporting Airports      ,GLASGOW                       ,ISLAY                         , 1578 , 1578 , 0 , 1369 , 1369 , 0 , 15.26662 ,N,N
17-Feb-2015 09:01,201412,201312,Other Reporting Airports      ,GLASGOW                       ,ISLE OF MAN                   , 719 , 719 , 0 , 0 , 0 , 0 ,Null,N,N
17-Feb-2015 09:01,201412,201312,Other Reporting Airports      ,GLASGOW                       ,JERSEY                        , 2021 , 2021 , 0 , 2249 , 2249 , 0 ,-10.13784 ,N,N
17-Feb-2015 09:01,201412,201312,Other Reporting Airports      ,GLASGOW                       ,KIRKWALL                      , 1367 , 1367 , 0 , 1257 , 1257 , 0 , 8.750995 ,N,N
17-Feb-2015 09:01,201412,201312,Other Reporting Airports      ,GLASGOW                       ,LEEDS BRADFORD                , 546 , 546 , 0 , 546 , 546 , 0 , 0 ,N,N
17-Feb-2015 09:01,201412,201312,Other Reporting Airports      ,GLASGOW                       ,LONDON CITY                   , 18720 , 18719 , 1 , 12278 , 12278 , 0 , 52.46783 ,N,N
17-Feb-2015 09:01,201412,201312,Other Reporting Airports      ,GLASGOW                       ,LUTON                         , 16096 , 16096 , 0 , 21565 , 21565 , 0 ,-25.36054 ,N,N
17-Feb-2015 09:01,201412,201312,Other Reporting Airports      ,GLASGOW                       ,MANCHESTER                    , 3358 , 3358 , 0 , 2877 , 2877 , 0 , 16.7188 ,N,N
17-Feb-2015 09:01,201412,201312,Other Reporting Airports      ,GLASGOW                       ,NEWCASTLE                     , 0 , 0 , 0 , 29 , 0 , 29 ,-100 ,N,N
17-Feb-2015 09:01,201412,201312,Other Reporting Airports      ,GLASGOW                       ,OXFORD (KIDLINGTON)           , 12 , 0 , 12 , 0 , 0 , 0 ,Null,Y,N
17-Feb-2015 09:01,201412,201312,Other Reporting Airports      ,GLASGOW                       ,SOUTHAMPTON                   , 12313 , 12313 , 0 , 12534 , 12534 , 0 ,-1.763204 ,N,N
17-Feb-2015 09:01,201412,201312,Other Reporting Airports      ,GLASGOW                       ,STANSTED                      , 35509 , 35509 , 0 , 21218 , 21218 , 0 , 67.35319 ,N,N
17-Feb-2015 09:01,201412,201312,Other Reporting Airports      ,GLASGOW                       ,STORNOWAY                     , 4809 , 4809 , 0 , 4386 , 4386 , 0 , 9.644322 ,N,N
17-Feb-2015 09:01,201412,201312,Other Reporting Airports      ,GLASGOW                       ,SUMBURGH                      , 1976 , 1976 , 0 , 1713 , 1713 , 0 , 15.35318 ,N,N
17-Feb-2015 09:01,201412,201312,Other Reporting Airports      ,GLASGOW                       ,TIREE                         , 538 , 538 , 0 , 421 , 421 , 0 , 27.79097 ,N,N
17-Feb-2015 09:01,201412,201312,Other Reporting Airports      ,GLOUCESTERSHIRE               ,ISLE OF MAN                   , 1123 , 1123 , 0 , 1003 , 1003 , 0 , 11.96411 ,N,N
17-Feb-2015 09:01,201412,201312,Other Reporting Airports      ,GUERNSEY                      ,ALDERNEY                      , 2547 , 2547 , 0 , 2343 , 2343 , 0 , 8.706786 ,N,N
17-Feb-2015 09:01,201412,201312,Other Reporting Airports      ,GUERNSEY                      ,BIGGIN HILL                   , 0 , 0 , 0 , 4 , 0 , 4 ,-100 ,N,Y
17-Feb-2015 09:01,201412,201312,Other Reporting Airports      ,GUERNSEY                      ,BIRMINGHAM                    , 1755 , 1673 , 82 , 1384 , 1384 , 0 , 26.80636 ,N,N
17-Feb-2015 09:01,201412,201312,Other Reporting Airports      ,GUERNSEY                      ,BRISTOL                       , 1657 , 1657 , 0 , 1956 , 1956 , 0 ,-15.2863 ,N,N
17-Feb-2015 09:01,201412,201312,Other Reporting Airports      ,GUERNSEY                      ,EAST MIDLANDS INTERNATIONAL   , 1728 , 1728 , 0 , 1689 , 1689 , 0 , 2.309059 ,N,N
17-Feb-2015 09:01,201412,201312,Other Reporting Airports      ,GUERNSEY                      ,EXETER                        , 1798 , 1798 , 0 , 1600 , 1600 , 0 , 12.375 ,N,N
17-Feb-2015 09:01,201412,201312,Other Reporting Airports      ,GUERNSEY                      ,FARNBOROUGH                   , 9 , 0 , 9 , 0 , 0 , 0 ,Null,Y,N
17-Feb-2015 09:01,201412,201312,Other Reporting Airports      ,GUERNSEY                      ,GATWICK                       , 24604 , 24604 , 0 , 25158 , 25158 , 0 ,-2.202083 ,N,N
17-Feb-2015 09:01,201412,201312,Other Reporting Airports      ,GUERNSEY                      ,JERSEY                        , 9251 , 9251 , 0 , 10676 , 10676 , 0 ,-13.3477 ,N,N
17-Feb-2015 09:01,201412,201312,Other Reporting Airports      ,GUERNSEY                      ,LONDON CITY                   , 951 , 951 , 0 , 0 , 0 , 0 ,Null,N,N
17-Feb-2015 09:01,201412,201312,Other Reporting Airports      ,GUERNSEY                      ,LUTON                         , 7 , 0 , 7 , 0 , 0 , 0 ,Null,Y,N
17-Feb-2015 09:01,201412,201312,Other Reporting Airports      ,GUERNSEY                      ,MANCHESTER                    , 5001 , 4998 , 3 , 5310 , 5310 , 0 ,-5.819209 ,N,N
17-Feb-2015 09:01,201412,201312,Other Reporting Airports      ,GUERNSEY                      ,SOUTHAMPTON                   , 12473 , 12473 , 0 , 11419 , 11419 , 0 , 9.23023 ,N,N
17-Feb-2015 09:01,201412,201312,Other Reporting Airports      ,GUERNSEY                      ,STANSTED                      , 1607 , 1607 , 0 , 1601 , 1599 , 2 , 0.3747658 ,N,N
17-Feb-2015 09:01,201412,201312,Other Reporting Airports      ,HAWARDEN                      ,BRISTOL                       , 0 , 0 , 0 , 11 , 0 , 11 ,-100 ,N,N
17-Feb-2015 09:01,201412,201312,London Area Airports          ,HEATHROW                      ,ABERDEEN                      , 62327 , 62327 , 0 , 55621 , 55621 , 0 , 12.0566 ,N,N
17-Feb-2015 09:01,201412,201312,London Area Airports          ,HEATHROW                      ,BELFAST CITY (GEORGE BEST)    , 53791 , 53791 , 0 , 52862 , 52862 , 0 , 1.757406 ,N,N
17-Feb-2015 09:01,201412,201312,London Area Airports          ,HEATHROW                      ,DURHAM TEES VALLEY            , 0 , 0 , 0 , 45 , 0 , 45 ,-100 ,N,N
17-Feb-2015 09:01,201412,201312,London Area Airports          ,HEATHROW                      ,EDINBURGH                     , 107299 , 107299 , 0 , 102743 , 102743 , 0 , 4.434365 ,N,N
17-Feb-2015 09:01,201412,201312,London Area Airports          ,HEATHROW                      ,GLASGOW                       , 70870 , 70870 , 0 , 61400 , 61400 , 0 , 15.42345 ,N,N
17-Feb-2015 09:01,201412,201312,London Area Airports          ,HEATHROW                      ,LEEDS BRADFORD                , 10525 , 10525 , 0 , 9440 , 9440 , 0 , 11.49364 ,N,N
17-Feb-2015 09:01,201412,201312,London Area Airports          ,HEATHROW                      ,LIVERPOOL (JOHN LENNON)       , 78 , 0 , 78 , 40 , 0 , 40 , 95 ,N,N
17-Feb-2015 09:01,201412,201312,London Area Airports          ,HEATHROW                      ,MANCHESTER                    , 80729 , 80694 , 35 , 69314 , 69314 , 0 , 16.46853 ,N,N
17-Feb-2015 09:01,201412,201312,London Area Airports          ,HEATHROW                      ,NEWCASTLE                     , 42240 , 42240 , 0 , 38227 , 38227 , 0 , 10.49782 ,N,N
17-Feb-2015 09:01,201412,201312,Other Reporting Airports      ,HUMBERSIDE                    ,ABERDEEN                      , 2501 , 2501 , 0 , 2608 , 2608 , 0 ,-4.102761 ,N,N
17-Feb-2015 09:01,201412,201312,Other Reporting Airports      ,HUMBERSIDE                    ,CARDIFF WALES                 , 40 , 0 , 40 , 58 , 0 , 58 ,-31.03448 ,N,N
17-Feb-2015 09:01,201412,201312,Other Reporting Airports      ,HUMBERSIDE                    ,GATWICK                       , 0 , 0 , 0 , 33 , 0 , 33 ,-100 ,N,N
17-Feb-2015 09:01,201412,201312,Other Reporting Airports      ,HUMBERSIDE                    ,NORWICH                       , 0 , 0 , 0 , 102 , 102 , 0 ,-100 ,N,N
17-Feb-2015 09:01,201412,201312,Other Reporting Airports      ,INVERNESS                     ,BELFAST CITY (GEORGE BEST)    , 2320 , 2320 , 0 , 1790 , 1790 , 0 , 29.60894 ,N,N
17-Feb-2015 09:01,201412,201312,Other Reporting Airports      ,INVERNESS                     ,BENBECULA                     , 582 , 582 , 0 , 442 , 442 , 0 , 31.67421 ,N,N
17-Feb-2015 09:01,201412,201312,Other Reporting Airports      ,INVERNESS                     ,BIRMINGHAM                    , 2447 , 2447 , 0 , 2637 , 2637 , 0 ,-7.205157 ,N,N
17-Feb-2015 09:01,201412,201312,Other Reporting Airports      ,INVERNESS                     ,BRISTOL                       , 5147 , 5147 , 0 , 4842 , 4842 , 0 , 6.29905 ,N,N
17-Feb-2015 09:01,201412,201312,Other Reporting Airports      ,INVERNESS                     ,GATWICK                       , 14752 , 14752 , 0 , 13898 , 13898 , 0 , 6.144769 ,N,N
17-Feb-2015 09:01,201412,201312,Other Reporting Airports      ,INVERNESS                     ,KIRKWALL                      , 1337 , 1337 , 0 , 1135 , 1135 , 0 , 17.79736 ,N,N
17-Feb-2015 09:01,201412,201312,Other Reporting Airports      ,INVERNESS                     ,LONDON CITY                   , 3494 , 3494 , 0 , 0 , 0 , 0 ,Null,N,N
17-Feb-2015 09:01,201412,201312,Other Reporting Airports      ,INVERNESS                     ,LUTON                         , 5834 , 5834 , 0 , 8290 , 8290 , 0 ,-29.62605 ,N,N
17-Feb-2015 09:01,201412,201312,Other Reporting Airports      ,INVERNESS                     ,MANCHESTER                    , 6855 , 6855 , 0 , 4055 , 4055 , 0 , 69.05055 ,N,N
17-Feb-2015 09:01,201412,201312,Other Reporting Airports      ,INVERNESS                     ,STORNOWAY                     , 2282 , 2282 , 0 , 2170 , 2170 , 0 , 5.16129 ,N,N
17-Feb-2015 09:01,201412,201312,Other Reporting Airports      ,INVERNESS                     ,SUMBURGH                      , 261 , 261 , 0 , 247 , 247 , 0 , 5.668016 ,N,N
17-Feb-2015 09:01,201412,201312,Other Reporting Airports      ,ISLAY                         ,GLASGOW                       , 1607 , 1607 , 0 , 1348 , 1348 , 0 , 19.21365 ,N,N
17-Feb-2015 09:01,201412,201312,Other Reporting Airports      ,ISLE OF MAN                   ,BELFAST CITY (GEORGE BEST)    , 2305 , 2305 , 0 , 2190 , 2190 , 0 , 5.251142 ,N,N
17-Feb-2015 09:01,201412,201312,Other Reporting Airports      ,ISLE OF MAN                   ,BIRMINGHAM                    , 4006 , 4006 , 0 , 3444 , 3444 , 0 , 16.31824 ,N,N
17-Feb-2015 09:01,201412,201312,Other Reporting Airports      ,ISLE OF MAN                   ,BLACKPOOL                     , 0 , 0 , 0 , 1239 , 1239 , 0 ,-100 ,N,N
17-Feb-2015 09:01,201412,201312,Other Reporting Airports      ,ISLE OF MAN                   ,GATWICK                       , 10559 , 10559 , 0 , 15752 , 15752 , 0 ,-32.96724 ,N,N
17-Feb-2015 09:01,201412,201312,Other Reporting Airports      ,ISLE OF MAN                   ,GLASGOW                       , 750 , 750 , 0 , 0 , 0 , 0 ,Null,N,N
17-Feb-2015 09:01,201412,201312,Other Reporting Airports      ,ISLE OF MAN                   ,GLOUCESTERSHIRE               , 1134 , 1134 , 0 , 998 , 998 , 0 , 13.62725 ,N,N
17-Feb-2015 09:01,201412,201312,Other Reporting Airports      ,ISLE OF MAN                   ,LIVERPOOL (JOHN LENNON)       , 17980 , 17980 , 0 , 18973 , 18973 , 0 ,-5.233753 ,N,N
17-Feb-2015 09:01,201412,201312,Other Reporting Airports      ,ISLE OF MAN                   ,LONDON CITY                   , 5327 , 5327 , 0 , 2327 , 2327 , 0 , 128.9214 ,N,N
17-Feb-2015 09:01,201412,201312,Other Reporting Airports      ,ISLE OF MAN                   ,MANCHESTER                    , 13738 , 13738 , 0 , 10584 , 10584 , 0 , 29.7997 ,N,N
17-Feb-2015 09:01,201412,201312,Other Reporting Airports      ,ISLE OF MAN                   ,NEWCASTLE                     , 334 , 334 , 0 , 373 , 373 , 0 ,-10.45576 ,N,N
17-Feb-2015 09:01,201412,201312,Other Reporting Airports      ,JERSEY                        ,ABERDEEN                      , 7758 , 7758 , 0 , 0 , 0 , 0 ,Null,N,N
17-Feb-2015 09:01,201412,201312,Other Reporting Airports      ,JERSEY                        ,ALDERNEY                      , 0 , 0 , 0 , 5 , 5 , 0 ,-100 ,N,N
17-Feb-2015 09:01,201412,201312,Other Reporting Airports      ,JERSEY                        ,BIRMINGHAM                    , 3636 , 3636 , 0 , 3471 , 3471 , 0 , 4.753673 ,N,N
17-Feb-2015 09:01,201412,201312,Other Reporting Airports      ,JERSEY                        ,BRISTOL                       , 2592 , 2592 , 0 , 3287 , 3287 , 0 ,-21.1439 ,N,N
17-Feb-2015 09:01,201412,201312,Other Reporting Airports      ,JERSEY                        ,EAST MIDLANDS INTERNATIONAL   , 2975 , 2975 , 0 , 1246 , 1246 , 0 , 138.764 ,N,N
17-Feb-2015 09:01,201412,201312,Other Reporting Airports      ,JERSEY                        ,EXETER                        , 2884 , 2884 , 0 , 2493 , 2493 , 0 , 15.68392 ,N,N
17-Feb-2015 09:01,201412,201312,Other Reporting Airports      ,JERSEY                        ,FARNBOROUGH                   , 28 , 0 , 28 , 0 , 0 , 0 ,Null,Y,N
17-Feb-2015 09:01,201412,201312,Other Reporting Airports      ,JERSEY                        ,GATWICK                       , 46004 , 45934 , 70 , 41195 , 41195 , 0 , 11.67375 ,N,N
17-Feb-2015 09:01,201412,201312,Other Reporting Airports      ,JERSEY                        ,GLASGOW                       , 1995 , 1995 , 0 , 2221 , 2221 , 0 ,-10.1756 ,N,N
17-Feb-2015 09:01,201412,201312,Other Reporting Airports      ,JERSEY                        ,GUERNSEY                      , 8771 , 8771 , 0 , 10643 , 10643 , 0 ,-17.58903 ,N,N
17-Feb-2015 09:01,201412,201312,Other Reporting Airports      ,JERSEY                        ,LIVERPOOL (JOHN LENNON)       , 6957 , 6957 , 0 , 6411 , 6411 , 0 , 8.516612 ,N,N
17-Feb-2015 09:01,201412,201312,Other Reporting Airports      ,JERSEY                        ,LONDON CITY                   , 2794 , 2794 , 0 , 2503 , 2503 , 0 , 11.62605 ,N,N
17-Feb-2015 09:01,201412,201312,Other Reporting Airports      ,JERSEY                        ,LUTON                         , 2 , 0 , 2 , 3 , 0 , 3 ,-33.33333 ,Y,Y
17-Feb-2015 09:01,201412,201312,Other Reporting Airports      ,JERSEY                        ,MANCHESTER                    , 3392 , 3392 , 0 , 3632 , 3632 , 0 ,-6.60793 ,N,N
17-Feb-2015 09:01,201412,201312,Other Reporting Airports      ,JERSEY                        ,OXFORD (KIDLINGTON)           , 17 , 0 , 17 , 0 , 0 , 0 ,Null,Y,N
17-Feb-2015 09:01,201412,201312,Other Reporting Airports      ,JERSEY                        ,SOUTHAMPTON                   , 6431 , 6431 , 0 , 11837 , 11837 , 0 ,-45.67036 ,N,N
17-Feb-2015 09:01,201412,201312,Other Reporting Airports      ,JERSEY                        ,SOUTHEND                      , 0 , 0 , 0 , 2943 , 2943 , 0 ,-100 ,N,N
17-Feb-2015 09:01,201412,201312,Other Reporting Airports      ,JERSEY                        ,STANSTED                      , 73 , 73 , 0 , 0 , 0 , 0 ,Null,N,N
17-Feb-2015 09:01,201412,201312,Other Reporting Airports      ,KIRKWALL                      ,ABERDEEN                      , 3547 , 3528 , 19 , 3614 , 3593 , 21 ,-1.853902 ,N,N
17-Feb-2015 09:01,201412,201312,Other Reporting Airports      ,KIRKWALL                      ,EDAY                          , 35 , 35 , 0 , 36 , 36 , 0 ,-2.777778 ,N,N
17-Feb-2015 09:01,201412,201312,Other Reporting Airports      ,KIRKWALL                      ,EDINBURGH                     , 2841 , 2841 , 0 , 2925 , 2925 , 0 ,-2.871795 ,N,N
17-Feb-2015 09:01,201412,201312,Other Reporting Airports      ,KIRKWALL                      ,GLASGOW                       , 1359 , 1359 , 0 , 1254 , 1254 , 0 , 8.373206 ,N,N
17-Feb-2015 09:01,201412,201312,Other Reporting Airports      ,KIRKWALL                      ,INVERNESS                     , 721 , 721 , 0 , 634 , 634 , 0 , 13.7224 ,N,N
17-Feb-2015 09:01,201412,201312,Other Reporting Airports      ,KIRKWALL                      ,NORTH RONALDSAY               , 316 , 316 , 0 , 323 , 323 , 0 ,-2.167183 ,N,N
17-Feb-2015 09:01,201412,201312,Other Reporting Airports      ,KIRKWALL                      ,PAPA WESTRAY                  , 329 , 329 , 0 , 280 , 280 , 0 , 17.5 ,N,N
17-Feb-2015 09:01,201412,201312,Other Reporting Airports      ,KIRKWALL                      ,SANDAY                        , 240 , 240 , 0 , 230 , 230 , 0 , 4.347826 ,N,N
17-Feb-2015 09:01,201412,201312,Other Reporting Airports      ,KIRKWALL                      ,STRONSAY                      , 259 , 259 , 0 , 214 , 214 , 0 , 21.02804 ,N,N
17-Feb-2015 09:01,201412,201312,Other Reporting Airports      ,KIRKWALL                      ,SUMBURGH                      , 586 , 586 , 0 , 528 , 528 , 0 , 10.98485 ,N,N
17-Feb-2015 09:01,201412,201312,Other Reporting Airports      ,KIRKWALL                      ,WESTRAY                       , 251 , 251 , 0 , 206 , 206 , 0 , 21.84466 ,N,N
17-Feb-2015 09:01,201412,201312,Other Reporting Airports      ,LEEDS BRADFORD                ,ABERDEEN                      , 4173 , 4173 , 0 , 964 , 964 , 0 , 332.8838 ,N,N
17-Feb-2015 09:01,201412,201312,Other Reporting Airports      ,LEEDS BRADFORD                ,BELFAST CITY (GEORGE BEST)    , 11612 , 11612 , 0 , 11160 , 11160 , 0 , 4.050179 ,N,N
17-Feb-2015 09:01,201412,201312,Other Reporting Airports      ,LEEDS BRADFORD                ,BELFAST INTERNATIONAL         , 9 , 0 , 9 , 0 , 0 , 0 ,Null,N,N
17-Feb-2015 09:01,201412,201312,Other Reporting Airports      ,LEEDS BRADFORD                ,GLASGOW                       , 546 , 546 , 0 , 533 , 533 , 0 , 2.439024 ,N,N
17-Feb-2015 09:01,201412,201312,Other Reporting Airports      ,LEEDS BRADFORD                ,HEATHROW                      , 10441 , 10441 , 0 , 9417 , 9417 , 0 , 10.87395 ,N,N
17-Feb-2015 09:01,201412,201312,Other Reporting Airports      ,LEEDS BRADFORD                ,JERSEY                        , 5222 , 5222 , 0 , 0 , 0 , 0 ,Null,N,N
17-Feb-2015 09:01,201412,201312,Other Reporting Airports      ,LEEDS BRADFORD                ,LUTON                         , 10 , 0 , 10 , 100 , 0 , 100 ,-90 ,N,N
17-Feb-2015 09:01,201412,201312,Other Reporting Airports      ,LEEDS BRADFORD                ,SOUTH MARSTON                 , 0 , 0 , 0 , 6 , 0 , 6 ,-100 ,N,Y
17-Feb-2015 09:01,201412,201312,Other Reporting Airports      ,LEEDS BRADFORD                ,SOUTHAMPTON                   , 1141 , 1141 , 0 , 4072 , 4072 , 0 ,-71.97937 ,N,N
17-Feb-2015 09:01,201412,201312,Other Reporting Airports      ,LERWICK (TINGWALL)            ,FAIR ISLE                     , 87 , 87 , 0 , 109 , 109 , 0 ,-20.18349 ,N,N
17-Feb-2015 09:01,201412,201312,Other Reporting Airports      ,LERWICK (TINGWALL)            ,FOULA                         , 34 , 34 , 0 , 58 , 58 , 0 ,-41.37931 ,N,N
17-Feb-2015 09:01,201412,201312,Other Reporting Airports      ,LERWICK (TINGWALL)            ,OUT SKERRIES                  , 19 , 19 , 0 , 3 , 3 , 0 , 533.3333 ,N,N
17-Feb-2015 09:01,201412,201312,Other Reporting Airports      ,LERWICK (TINGWALL)            ,PAPA STOUR                    , 2 , 2 , 0 , 19 , 19 , 0 ,-89.47369 ,N,N
17-Feb-2015 09:01,201412,201312,Other Reporting Airports      ,LIVERPOOL (JOHN LENNON)       ,BELFAST INTERNATIONAL         , 34501 , 34501 , 0 , 33776 , 33776 , 0 , 2.146495 ,N,N
17-Feb-2015 09:01,201412,201312,Other Reporting Airports      ,LIVERPOOL (JOHN LENNON)       ,BOURNEMOUTH                   , 72 , 0 , 72 , 0 , 0 , 0 ,Null,N,N
17-Feb-2015 09:01,201412,201312,Other Reporting Airports      ,LIVERPOOL (JOHN LENNON)       ,CARDIFF WALES                 , 88 , 0 , 88 , 152 , 0 , 152 ,-42.10526 ,N,N
17-Feb-2015 09:01,201412,201312,Other Reporting Airports      ,LIVERPOOL (JOHN LENNON)       ,CITY OF DERRY (EGLINTON)      , 6254 , 6254 , 0 , 7021 , 7021 , 0 ,-10.92437 ,N,N
17-Feb-2015 09:01,201412,201312,Other Reporting Airports      ,LIVERPOOL (JOHN LENNON)       ,FARNBOROUGH                   , 0 , 0 , 0 , 31 , 0 , 31 ,-100 ,N,N
17-Feb-2015 09:01,201412,201312,Other Reporting Airports      ,LIVERPOOL (JOHN LENNON)       ,GATWICK                       , 0 , 0 , 0 , 31 , 0 , 31 ,-100 ,N,N
17-Feb-2015 09:01,201412,201312,Other Reporting Airports      ,LIVERPOOL (JOHN LENNON)       ,HEATHROW                      , 78 , 0 , 78 , 41 , 0 , 41 , 90.2439 ,N,N
17-Feb-2015 09:01,201412,201312,Other Reporting Airports      ,LIVERPOOL (JOHN LENNON)       ,ISLE OF MAN                   , 17814 , 17814 , 0 , 18825 , 18825 , 0 ,-5.370518 ,N,N
17-Feb-2015 09:01,201412,201312,Other Reporting Airports      ,LIVERPOOL (JOHN LENNON)       ,JERSEY                        , 6956 , 6956 , 0 , 6467 , 6418 , 49 , 7.561466 ,N,N
17-Feb-2015 09:01,201412,201312,Other Reporting Airports      ,LIVERPOOL (JOHN LENNON)       ,NEWCASTLE                     , 70 , 0 , 70 , 31 , 0 , 31 , 125.8064 ,N,N
17-Feb-2015 09:01,201412,201312,Other Reporting Airports      ,LIVERPOOL (JOHN LENNON)       ,SOUTHAMPTON                   , 78 , 0 , 78 , 0 , 0 , 0 ,Null,N,N
17-Feb-2015 09:01,201412,201312,Other Reporting Airports      ,LIVERPOOL (JOHN LENNON)       ,STANSTED                      , 0 , 0 , 0 , 96 , 0 , 96 ,-100 ,N,N
17-Feb-2015 09:01,201412,201312,London Area Airports          ,LONDON CITY                   ,ABERDEEN                      , 4282 , 4282 , 0 , 5542 , 5542 , 0 ,-22.73547 ,N,N
17-Feb-2015 09:01,201412,201312,London Area Airports          ,LONDON CITY                   ,BELFAST CITY (GEORGE BEST)    , 7412 , 7412 , 0 , 0 , 0 , 0 ,Null,N,N
17-Feb-2015 09:01,201412,201312,London Area Airports          ,LONDON CITY                   ,DUNDEE                        , 0 , 0 , 0 , 1588 , 1588 , 0 ,-100 ,N,N
17-Feb-2015 09:01,201412,201312,London Area Airports          ,LONDON CITY                   ,EDINBURGH                     , 37320 , 37320 , 0 , 20522 , 20522 , 0 , 81.85362 ,N,N
17-Feb-2015 09:01,201412,201312,London Area Airports          ,LONDON CITY                   ,EXETER                        , 4311 , 4311 , 0 , 0 , 0 , 0 ,Null,N,N
17-Feb-2015 09:01,201412,201312,London Area Airports          ,LONDON CITY                   ,GLASGOW                       , 18670 , 18670 , 0 , 12217 , 12217 , 0 , 52.81984 ,N,N
17-Feb-2015 09:01,201412,201312,London Area Airports          ,LONDON CITY                   ,GUERNSEY                      , 981 , 981 , 0 , 0 , 0 , 0 ,Null,N,N
17-Feb-2015 09:01,201412,201312,London Area Airports          ,LONDON CITY                   ,INVERNESS                     , 3469 , 3469 , 0 , 0 , 0 , 0 ,Null,N,N
17-Feb-2015 09:01,201412,201312,London Area Airports          ,LONDON CITY                   ,ISLE OF MAN                   , 5370 , 5370 , 0 , 2322 , 2322 , 0 , 131.2661 ,N,N
17-Feb-2015 09:01,201412,201312,London Area Airports          ,LONDON CITY                   ,JERSEY                        , 2796 , 2796 , 0 , 2496 , 2496 , 0 , 12.01923 ,N,N
17-Feb-2015 09:01,201412,201312,London Area Airports          ,LUTON                         ,ABERDEEN                      , 5440 , 5440 , 0 , 5360 , 5360 , 0 , 1.492537 ,N,N
17-Feb-2015 09:01,201412,201312,London Area Airports          ,LUTON                         ,BELFAST INTERNATIONAL         , 18945 , 18935 , 10 , 18158 , 18158 , 0 , 4.334178 ,N,N
17-Feb-2015 09:01,201412,201312,London Area Airports          ,LUTON                         ,CARDIFF WALES                 , 62 , 0 , 62 , 0 , 0 , 0 ,Null,N,N
17-Feb-2015 09:01,201412,201312,London Area Airports          ,LUTON                         ,EDINBURGH                     , 17943 , 17936 , 7 , 20815 , 20815 , 0 ,-13.79774 ,N,N
17-Feb-2015 09:01,201412,201312,London Area Airports          ,LUTON                         ,GATWICK                       , 173 , 173 , 0 , 0 , 0 , 0 ,Null,N,N
17-Feb-2015 09:01,201412,201312,London Area Airports          ,LUTON                         ,GLASGOW                       , 16014 , 16014 , 0 , 21395 , 21395 , 0 ,-25.15074 ,N,N
17-Feb-2015 09:01,201412,201312,London Area Airports          ,LUTON                         ,GUERNSEY                      , 4 , 0 , 4 , 0 , 0 , 0 ,Null,Y,N
17-Feb-2015 09:01,201412,201312,London Area Airports          ,LUTON                         ,INVERNESS                     , 5721 , 5721 , 0 , 8140 , 8140 , 0 ,-29.71745 ,N,N
17-Feb-2015 09:01,201412,201312,London Area Airports          ,LUTON                         ,LEEDS BRADFORD                , 8 , 0 , 8 , 60 , 0 , 60 ,-86.66666 ,Y,N
17-Feb-2015 09:01,201412,201312,London Area Airports          ,LUTON                         ,NEWCASTLE                     , 83 , 0 , 83 , 62 , 0 , 62 , 33.87097 ,N,N
17-Feb-2015 09:01,201412,201312,London Area Airports          ,LUTON                         ,STANSTED                      , 0 , 0 , 0 , 115 , 0 , 115 ,-100 ,N,N
17-Feb-2015 09:01,201412,201312,Other Reporting Airports      ,MANCHESTER                    ,ABERDEEN                      , 16123 , 15760 , 363 , 15457 , 15159 , 298 , 4.308727 ,N,N
17-Feb-2015 09:01,201412,201312,Other Reporting Airports      ,MANCHESTER                    ,BELFAST CITY (GEORGE BEST)    , 23470 , 23470 , 0 , 23721 , 23721 , 0 ,-1.058134 ,N,N
17-Feb-2015 09:01,201412,201312,Other Reporting Airports      ,MANCHESTER                    ,BELFAST INTERNATIONAL         , 18793 , 18793 , 0 , 17713 , 17713 , 0 , 6.097217 ,N,N
17-Feb-2015 09:01,201412,201312,Other Reporting Airports      ,MANCHESTER                    ,BOURNEMOUTH                   , 75 , 0 , 75 , 0 , 0 , 0 ,Null,N,N
17-Feb-2015 09:01,201412,201312,Other Reporting Airports      ,MANCHESTER                    ,CARDIFF WALES                 , 0 , 0 , 0 , 70 , 0 , 70 ,-100 ,N,N
17-Feb-2015 09:01,201412,201312,Other Reporting Airports      ,MANCHESTER                    ,EDINBURGH                     , 8682 , 8682 , 0 , 7251 , 7251 , 0 , 19.73521 ,N,N
17-Feb-2015 09:01,201412,201312,Other Reporting Airports      ,MANCHESTER                    ,EXETER                        , 10192 , 10192 , 0 , 6924 , 6924 , 0 , 47.19815 ,N,N
17-Feb-2015 09:01,201412,201312,Other Reporting Airports      ,MANCHESTER                    ,FARNBOROUGH                   , 40 , 0 , 40 , 35 , 0 , 35 , 14.28571 ,N,N
17-Feb-2015 09:01,201412,201312,Other Reporting Airports      ,MANCHESTER                    ,GLASGOW                       , 3329 , 3329 , 0 , 2851 , 2851 , 0 , 16.76605 ,N,N
17-Feb-2015 09:01,201412,201312,Other Reporting Airports      ,MANCHESTER                    ,GUERNSEY                      , 4949 , 4949 , 0 , 5267 , 5267 , 0 ,-6.037592 ,N,N
17-Feb-2015 09:01,201412,201312,Other Reporting Airports      ,MANCHESTER                    ,HEATHROW                      , 80269 , 80234 , 35 , 68733 , 68733 , 0 , 16.78379 ,N,N
17-Feb-2015 09:01,201412,201312,Other Reporting Airports      ,MANCHESTER                    ,INVERNESS                     , 6797 , 6797 , 0 , 4115 , 4115 , 0 , 65.17619 ,N,N
17-Feb-2015 09:01,201412,201312,Other Reporting Airports      ,MANCHESTER                    ,ISLE OF MAN                   , 13649 , 13649 , 0 , 10404 , 10404 , 0 , 31.18993 ,N,N
17-Feb-2015 09:01,201412,201312,Other Reporting Airports      ,MANCHESTER                    ,JERSEY                        , 3390 , 3390 , 0 , 3581 , 3581 , 0 ,-5.333706 ,N,N
17-Feb-2015 09:01,201412,201312,Other Reporting Airports      ,MANCHESTER                    ,NEWCASTLE                     , 187 , 0 , 187 , 73 , 0 , 73 , 156.1644 ,N,N
17-Feb-2015 09:01,201412,201312,Other Reporting Airports      ,MANCHESTER                    ,NEWQUAY                       , 3764 , 3764 , 0 , 1778 , 1778 , 0 , 111.6985 ,N,N
17-Feb-2015 09:01,201412,201312,Other Reporting Airports      ,MANCHESTER                    ,NORWICH                       , 2096 , 2064 , 32 , 2138 , 2138 , 0 ,-1.964453 ,N,N
17-Feb-2015 09:01,201412,201312,Other Reporting Airports      ,MANCHESTER                    ,SOUTHAMPTON                   , 13053 , 13053 , 0 , 8631 , 8561 , 70 , 51.23392 ,N,N
17-Feb-2015 09:01,201412,201312,Other Reporting Airports      ,MANCHESTER                    ,STANSTED                      , 36 , 0 , 36 , 70 , 0 , 70 ,-48.57143 ,N,N
17-Feb-2015 09:01,201412,201312,Other Reporting Airports      ,NEWCASTLE                     ,ABERDEEN                      , 2511 , 2511 , 0 , 2652 , 2652 , 0 ,-5.316742 ,N,N
17-Feb-2015 09:01,201412,201312,Other Reporting Airports      ,NEWCASTLE                     ,BELFAST CITY (GEORGE BEST)    , 2525 , 2525 , 0 , 2865 , 2865 , 0 ,-11.86736 ,N,N
17-Feb-2015 09:01,201412,201312,Other Reporting Airports      ,NEWCASTLE                     ,BELFAST INTERNATIONAL         , 16474 , 16474 , 0 , 16285 , 16285 , 0 , 1.160577 ,N,N
17-Feb-2015 09:01,201412,201312,Other Reporting Airports      ,NEWCASTLE                     ,BIGGIN HILL                   , 0 , 0 , 0 , 70 , 0 , 70 ,-100 ,N,N
17-Feb-2015 09:01,201412,201312,Other Reporting Airports      ,NEWCASTLE                     ,BIRMINGHAM                    , 748 , 654 , 94 , 478 , 403 , 75 , 56.48536 ,N,N
17-Feb-2015 09:01,201412,201312,Other Reporting Airports      ,NEWCASTLE                     ,BRISTOL                       , 12012 , 11972 , 40 , 14806 , 14806 , 0 ,-18.87073 ,N,N
17-Feb-2015 09:01,201412,201312,Other Reporting Airports      ,NEWCASTLE                     ,CARDIFF WALES                 , 864 , 864 , 0 , 837 , 681 , 156 , 3.225806 ,N,N
17-Feb-2015 09:01,201412,201312,Other Reporting Airports      ,NEWCASTLE                     ,EXETER                        , 3194 , 3194 , 0 , 2572 , 2572 , 0 , 24.18352 ,N,N
17-Feb-2015 09:01,201412,201312,Other Reporting Airports      ,NEWCASTLE                     ,FARNBOROUGH                   , 40 , 0 , 40 , 80 , 0 , 80 ,-50 ,N,N
17-Feb-2015 09:01,201412,201312,Other Reporting Airports      ,NEWCASTLE                     ,GATWICK                       , 8550 , 8550 , 0 , 6089 , 6010 , 79 , 40.41714 ,N,N
17-Feb-2015 09:01,201412,201312,Other Reporting Airports      ,NEWCASTLE                     ,HEATHROW                      , 41976 , 41976 , 0 , 38042 , 38025 , 17 , 10.3412 ,N,N
17-Feb-2015 09:01,201412,201312,Other Reporting Airports      ,NEWCASTLE                     ,ISLE OF MAN                   , 332 , 332 , 0 , 365 , 365 , 0 ,-9.041096 ,N,N
17-Feb-2015 09:01,201412,201312,Other Reporting Airports      ,NEWCASTLE                     ,LIVERPOOL (JOHN LENNON)       , 73 , 0 , 73 , 50 , 0 , 50 , 46 ,N,N
17-Feb-2015 09:01,201412,201312,Other Reporting Airports      ,NEWCASTLE                     ,LUTON                         , 74 , 0 , 74 , 80 , 0 , 80 ,-7.5 ,N,N
17-Feb-2015 09:01,201412,201312,Other Reporting Airports      ,NEWCASTLE                     ,MANCHESTER                    , 164 , 0 , 164 , 80 , 0 , 80 , 105 ,N,N
17-Feb-2015 09:01,201412,201312,Other Reporting Airports      ,NEWCASTLE                     ,NORWICH                       , 0 , 0 , 0 , 72 , 0 , 72 ,-100 ,N,N
17-Feb-2015 09:01,201412,201312,Other Reporting Airports      ,NEWCASTLE                     ,SOUTHAMPTON                   , 7696 , 7696 , 0 , 6883 , 6803 , 80 , 11.81171 ,N,N
17-Feb-2015 09:01,201412,201312,Other Reporting Airports      ,NEWCASTLE                     ,STANSTED                      , 73 , 0 , 73 , 159 , 0 , 159 ,-54.08805 ,N,N
17-Feb-2015 09:01,201412,201312,Other Reporting Airports      ,NEWQUAY                       ,GATWICK                       , 8292 , 8292 , 0 , 6100 , 6100 , 0 , 35.93443 ,N,N
17-Feb-2015 09:01,201412,201312,Other Reporting Airports      ,NEWQUAY                       ,ISLES OF SCILLY (ST.MARYS)    , 815 , 815 , 0 , 680 , 680 , 0 , 19.85294 ,N,N
17-Feb-2015 09:01,201412,201312,Other Reporting Airports      ,NEWQUAY                       ,MANCHESTER                    , 3774 , 3774 , 0 , 1795 , 1795 , 0 , 110.2507 ,N,N
17-Feb-2015 09:01,201412,201312,Other Reporting Airports      ,NORWICH                       ,ABERDEEN                      , 4054 , 4054 , 0 , 3816 , 3816 , 0 , 6.236897 ,N,N
17-Feb-2015 09:01,201412,201312,Other Reporting Airports      ,NORWICH                       ,CARDIFF WALES                 , 0 , 0 , 0 , 37 , 0 , 37 ,-100 ,N,N
17-Feb-2015 09:01,201412,201312,Other Reporting Airports      ,NORWICH                       ,EDINBURGH                     , 2130 , 2130 , 0 , 2026 , 2026 , 0 , 5.133267 ,N,N
17-Feb-2015 09:01,201412,201312,Other Reporting Airports      ,NORWICH                       ,GATWICK                       , 0 , 0 , 0 , 32 , 0 , 32 ,-100 ,N,N
17-Feb-2015 09:01,201412,201312,Other Reporting Airports      ,NORWICH                       ,LIVERPOOL (JOHN LENNON)       , 0 , 0 , 0 , 36 , 0 , 36 ,-100 ,N,N
17-Feb-2015 09:01,201412,201312,Other Reporting Airports      ,NORWICH                       ,MANCHESTER                    , 2109 , 2077 , 32 , 2133 , 2133 , 0 ,-1.125176 ,N,N
17-Feb-2015 09:01,201412,201312,Other Reporting Airports      ,PRESTWICK                     ,CITY OF DERRY (EGLINTON)      , 0 , 0 , 0 , 5287 , 5287 , 0 ,-100 ,N,N
17-Feb-2015 09:01,201412,201312,Other Reporting Airports      ,SCATSTA                       ,ABERDEEN                      , 11022 , 0 , 11022 , 12388 , 0 , 12388 ,-11.0268 ,N,N
17-Feb-2015 09:01,201412,201312,Other Reporting Airports      ,SOUTHAMPTON                   ,ABERDEEN                      , 4434 , 4434 , 0 , 329 , 329 , 0 , 1247.72 ,N,N
17-Feb-2015 09:01,201412,201312,Other Reporting Airports      ,SOUTHAMPTON                   ,ALDERNEY                      , 1589 , 1589 , 0 , 1668 , 1668 , 0 ,-4.736211 ,N,N
17-Feb-2015 09:01,201412,201312,Other Reporting Airports      ,SOUTHAMPTON                   ,BELFAST CITY (GEORGE BEST)    , 8480 , 8480 , 0 , 6061 , 6061 , 0 , 39.9109 ,N,N
17-Feb-2015 09:01,201412,201312,Other Reporting Airports      ,SOUTHAMPTON                   ,EDINBURGH                     , 13918 , 13918 , 0 , 14465 , 14465 , 0 ,-3.781542 ,N,N
17-Feb-2015 09:01,201412,201312,Other Reporting Airports      ,SOUTHAMPTON                   ,GLASGOW                       , 12289 , 12289 , 0 , 12508 , 12508 , 0 ,-1.750879 ,N,N
17-Feb-2015 09:01,201412,201312,Other Reporting Airports      ,SOUTHAMPTON                   ,GUERNSEY                      , 12632 , 12632 , 0 , 11458 , 11458 , 0 , 10.24612 ,N,N
17-Feb-2015 09:01,201412,201312,Other Reporting Airports      ,SOUTHAMPTON                   ,JERSEY                        , 13620 , 13620 , 0 , 11866 , 11866 , 0 , 14.78173 ,N,N
17-Feb-2015 09:01,201412,201312,Other Reporting Airports      ,SOUTHAMPTON                   ,LEEDS BRADFORD                , 2952 , 2952 , 0 , 4102 , 4102 , 0 ,-28.0351 ,N,N
17-Feb-2015 09:01,201412,201312,Other Reporting Airports      ,SOUTHAMPTON                   ,LIVERPOOL (JOHN LENNON)       , 72 , 0 , 72 , 72 , 0 , 72 , 0 ,N,N
17-Feb-2015 09:01,201412,201312,Other Reporting Airports      ,SOUTHAMPTON                   ,MANCHESTER                    , 13224 , 13224 , 0 , 8681 , 8605 , 76 , 52.33268 ,N,N
17-Feb-2015 09:01,201412,201312,Other Reporting Airports      ,SOUTHAMPTON                   ,NEWCASTLE                     , 7798 , 7798 , 0 , 6909 , 6829 , 80 , 12.86727 ,N,N
17-Feb-2015 09:01,201412,201312,London Area Airports          ,SOUTHEND                      ,BELFAST INTERNATIONAL         , 0 , 0 , 0 , 5212 , 5212 , 0 ,-100 ,N,N
17-Feb-2015 09:01,201412,201312,London Area Airports          ,SOUTHEND                      ,EDINBURGH                     , 0 , 0 , 0 , 5035 , 5035 , 0 ,-100 ,N,N
17-Feb-2015 09:01,201412,201312,London Area Airports          ,SOUTHEND                      ,JERSEY                        , 0 , 0 , 0 , 2941 , 2941 , 0 ,-100 ,N,N
17-Feb-2015 09:01,201412,201312,London Area Airports          ,STANSTED                      ,BELFAST INTERNATIONAL         , 25094 , 25094 , 0 , 25917 , 25917 , 0 ,-3.175522 ,N,N
17-Feb-2015 09:01,201412,201312,London Area Airports          ,STANSTED                      ,CITY OF DERRY (EGLINTON)      , 11494 , 11494 , 0 , 11318 , 11318 , 0 , 1.555045 ,N,N
17-Feb-2015 09:01,201412,201312,London Area Airports          ,STANSTED                      ,DUNDEE                        , 1591 , 1591 , 0 , 0 , 0 , 0 ,Null,N,N
17-Feb-2015 09:01,201412,201312,London Area Airports          ,STANSTED                      ,EDINBURGH                     , 45573 , 45573 , 0 , 25523 , 25523 , 0 , 78.55659 ,N,N
17-Feb-2015 09:01,201412,201312,London Area Airports          ,STANSTED                      ,GATWICK                       , 175 , 175 , 0 , 0 , 0 , 0 ,Null,N,N
17-Feb-2015 09:01,201412,201312,London Area Airports          ,STANSTED                      ,GLASGOW                       , 35550 , 35550 , 0 , 21287 , 21287 , 0 , 67.00333 ,N,N
17-Feb-2015 09:01,201412,201312,London Area Airports          ,STANSTED                      ,GUERNSEY                      , 1685 , 1685 , 0 , 1618 , 1618 , 0 , 4.140915 ,N,N
17-Feb-2015 09:01,201412,201312,London Area Airports          ,STANSTED                      ,LIVERPOOL (JOHN LENNON)       , 0 , 0 , 0 , 76 , 0 , 76 ,-100 ,N,N
17-Feb-2015 09:01,201412,201312,London Area Airports          ,STANSTED                      ,MANCHESTER                    , 0 , 0 , 0 , 66 , 0 , 66 ,-100 ,N,N
17-Feb-2015 09:01,201412,201312,London Area Airports          ,STANSTED                      ,NEWCASTLE                     , 0 , 0 , 0 , 147 , 0 , 147 ,-100 ,N,N
17-Feb-2015 09:01,201412,201312,Other Reporting Airports      ,STORNOWAY                     ,ABERDEEN                      , 542 , 542 , 0 , 384 , 384 , 0 , 41.14583 ,N,N
17-Feb-2015 09:01,201412,201312,Other Reporting Airports      ,STORNOWAY                     ,BENBECULA                     , 447 , 447 , 0 , 455 , 455 , 0 ,-1.758242 ,N,N
17-Feb-2015 09:01,201412,201312,Other Reporting Airports      ,STORNOWAY                     ,EDINBURGH                     , 1607 , 1607 , 0 , 1609 , 1609 , 0 ,-0.1243008 ,N,N
17-Feb-2015 09:01,201412,201312,Other Reporting Airports      ,STORNOWAY                     ,GLASGOW                       , 4694 , 4694 , 0 , 4411 , 4411 , 0 , 6.415779 ,N,N
17-Feb-2015 09:01,201412,201312,Other Reporting Airports      ,STORNOWAY                     ,INVERNESS                     , 2771 , 2771 , 0 , 2612 , 2612 , 0 , 6.087289 ,N,N
17-Feb-2015 09:01,201412,201312,Other Reporting Airports      ,SUMBURGH                      ,ABERDEEN                      , 10685 , 6104 , 4581 , 8492 , 5339 , 3153 , 25.8243 ,N,N
17-Feb-2015 09:01,201412,201312,Other Reporting Airports      ,SUMBURGH                      ,EDINBURGH                     , 3006 , 3006 , 0 , 2497 , 2497 , 0 , 20.38446 ,N,N
17-Feb-2015 09:01,201412,201312,Other Reporting Airports      ,SUMBURGH                      ,GLASGOW                       , 1990 , 1990 , 0 , 1706 , 1706 , 0 , 16.64713 ,N,N
17-Feb-2015 09:01,201412,201312,Other Reporting Airports      ,SUMBURGH                      ,INVERNESS                     , 262 , 262 , 0 , 244 , 244 , 0 , 7.377049 ,N,N
17-Feb-2015 09:01,201412,201312,Other Reporting Airports      ,SUMBURGH                      ,KIRKWALL                      , 1238 , 1238 , 0 , 967 , 967 , 0 , 28.02482 ,N,N
17-Feb-2015 09:01,201412,201312,Other Reporting Airports      ,TIREE                         ,GLASGOW                       , 535 , 535 , 0 , 420 , 420 , 0 , 27.38095 ,N,N
17-Feb-2015 09:01,201412,201312,Other Reporting Airports      ,WICK JOHN O GROATS            ,ABERDEEN                      , 966 , 829 , 137 , 661 , 661 , 0 , 46.14221 ,N,N
17-Feb-2015 09:01,201412,201312,Other Reporting Airports      ,WICK JOHN O GROATS            ,EDINBURGH                     , 944 , 944 , 0 , 902 , 902 , 0 , 4.656319 ,N,N
