rundate,report_period,airport_cluster,rpt_apt_grp_cd,rpt_apt_grp_name,rpt_apt_name,mail_shd_pax_acf_fe,mail_shd_cgo_acf_fe,mail_cht_pax_acf_fe,mail_cht_cgo_acf_fe,mail_shd_pax_acf_fn,mail_shd_cgo_acf_fn,mail_cht_pax_acf_fn,mail_cht_cgo_acf_fn,mail_shd_pax_acf_uk,mail_shd_cgo_acf_uk,mail_cht_pax_acf_uk,mail_cht_cgo_acf_uk
26/05/2015 15:09,2014,1,1,London Area Airports,GATWICK,2941.977,0.185,9.536,0,2317.996,0,23.187,0,7.901,0,0,0
26/05/2015 15:09,2014,1,1,London Area Airports,HEATHROW,18118.141,2.248,0.248,1.263,71315.545,101.573,5.118,13.076,13.2,0,0,0
26/05/2015 15:09,2014,1,1,London Area Airports,LONDON CITY,99.325,0,0,0,1935.54,0,0,0,0,0,0,0
26/05/2015 15:09,2014,1,1,London Area Airports,STANSTED,20.388,0,0,9.286,3.059,0,0,8.042,0,1678.819,0,19202.488
26/05/2015 15:09,2014,1,3,Other UK Airports,ABERDEEN,1.177,0,1.88,2.626,0.443,1.528,0,0,3.147,0,1.808,1437.484
26/05/2015 15:09,2014,1,3,Other UK Airports,BELFAST INTERNATIONAL,0,0,0,0,9.809,0,0,0,6.116,0,0,15968.811
26/05/2015 15:09,2014,1,3,Other UK Airports,BIRMINGHAM,24.437,0,0,0,0.023,0,0,0,0,0,0,0
26/05/2015 15:09,2014,1,3,Other UK Airports,BOURNEMOUTH,0,0,0,0,0,0,0,0,0,0,0,7821.232
26/05/2015 15:09,2014,1,3,Other UK Airports,CARDIFF WALES,0.015,0,0,7.103,0,0,0,0,0,0,0,1226.892
26/05/2015 15:09,2014,1,3,Other UK Airports,EAST MIDLANDS INTERNATIONAL,3.603,0,0,0,0,0,0,0,3.4,276.237,0,30061.076
26/05/2015 15:09,2014,1,3,Other UK Airports,EDINBURGH,2.485,0,0,80.799,0,0,0,0,0.026,147.975,0,17529.313
26/05/2015 15:09,2014,1,3,Other UK Airports,EXETER,0,0,0,0,0,0,0,0,0.169,0,0,5406.402
26/05/2015 15:09,2014,1,3,Other UK Airports,GLASGOW,0.026,0,0,1.555,5.319,0,0,0,102.358,0,0,0
26/05/2015 15:09,2014,1,3,Other UK Airports,INVERNESS,0,0,0,0,0,0,0,0,0.002,0,0,15.268
26/05/2015 15:09,2014,1,3,Other UK Airports,ISLAY,0,0,0,0,0,0,0,0,66.566,0.106,0,0
26/05/2015 15:09,2014,1,3,Other UK Airports,ISLES OF SCILLY (ST.MARYS),0,0,0,0,0,0,0,0,15.048,150.928,0,0
26/05/2015 15:09,2014,1,3,Other UK Airports,KIRKWALL,0,0,0,0,0,0,0,0,26.567,0.407,0,0
26/05/2015 15:09,2014,1,3,Other UK Airports,LANDS END (ST JUST),0,0,0,0,0,0,0,0,13.4,105.4,0,0
26/05/2015 15:09,2014,1,3,Other UK Airports,LEEDS BRADFORD,0.217,0,0,0,0,0,0,0,0.645,0,0,0
26/05/2015 15:09,2014,1,3,Other UK Airports,MANCHESTER,8.916,0,0.996,0,434.398,0,11.459,0,1.638,0,0,0
26/05/2015 15:09,2014,1,3,Other UK Airports,NEWCASTLE,0.011,0,0,3.388,0,0,0,0,0,0,0,4734.956
26/05/2015 15:09,2014,1,3,Other UK Airports,NEWQUAY,0,0,0,0,0,0,0,0,0.461,17.878,0,0
26/05/2015 15:09,2014,1,3,Other UK Airports,SUMBURGH,0,0,0,0,0,0,0,0,1.258,0,0.001,0
26/05/2015 15:09,2014,1,3,Other UK Airports,TIREE,0,0,0,0,0,0,0,0,32.965,0.043,0,0
26/05/2015 15:09,2014,2,4,Non UK Reporting Airports,ALDERNEY,0,0,0,0,0,0,0,0,77.931,4.196,0,0
26/05/2015 15:09,2014,2,4,Non UK Reporting Airports,GUERNSEY,0.041,0,0,0,0,0,0,0,79.989,0.523,0,2663.632
26/05/2015 15:09,2014,2,4,Non UK Reporting Airports,ISLE OF MAN,0,0,0,0,0,0,0,0,0,0,0,2521.44
26/05/2015 15:09,2014,2,4,Non UK Reporting Airports,JERSEY,0,0,0,0,0,0,0,0,0.741,0,0,1727.508
