rundate,this_period,last_period,grp_cd,grp_name,apt1_apt_name,apt2_apt_name,total_pax_tp,total_pax_shd_tp,total_pax_cht_tp,total_pax_lp,total_pax_shd_lp,total_pax_cht_lp,total_pax_pc
26/05/2015 14:53,2014,2013,A,London Area Airports,GATWICK,ABERDEEN,161816,161816,0,173231,173231,0,-6.589467049
26/05/2015 14:53,2014,2013,A,London Area Airports,GATWICK,BELFAST CITY (GEORGE BEST),277800,277800,0,406464,405249,1215,-31.65446472
26/05/2015 14:53,2014,2013,A,London Area Airports,GATWICK,BELFAST INTERNATIONAL,434305,434214,91,385696,385222,474,12.60293102
26/05/2015 14:53,2014,2013,A,London Area Airports,GATWICK,BIRMINGHAM,327,0,327,0,0,0,
26/05/2015 14:53,2014,2013,A,London Area Airports,GATWICK,BLACKPOOL,70,0,70,99,0,99,-29.2929287
26/05/2015 14:53,2014,2013,A,London Area Airports,GATWICK,BRISTOL,218,0,218,0,0,0,
26/05/2015 14:53,2014,2013,A,London Area Airports,GATWICK,CARDIFF WALES,228,0,228,41,0,41,456.0975647
26/05/2015 14:53,2014,2013,A,London Area Airports,GATWICK,CITY OF DERRY (EGLINTON),0,0,0,203,0,203,
26/05/2015 14:53,2014,2013,A,London Area Airports,GATWICK,DONCASTER SHEFFIELD,71,0,71,0,0,0,
26/05/2015 14:53,2014,2013,A,London Area Airports,GATWICK,DURHAM TEES VALLEY,37,0,37,73,0,73,-49.31506729
26/05/2015 14:53,2014,2013,A,London Area Airports,GATWICK,EAST MIDLANDS INTERNATIONAL,32,0,32,0,0,0,
26/05/2015 14:53,2014,2013,A,London Area Airports,GATWICK,EDINBURGH,690363,690316,47,693686,693686,0,-0.479035169
26/05/2015 14:53,2014,2013,A,London Area Airports,GATWICK,GLASGOW,613254,613254,0,606263,606263,0,1.153129935
26/05/2015 14:53,2014,2013,A,London Area Airports,GATWICK,GUERNSEY,314374,314374,0,345779,345779,0,-9.082390785
26/05/2015 14:53,2014,2013,A,London Area Airports,GATWICK,HUMBERSIDE,35,0,35,106,0,106,-66.98113251
26/05/2015 14:53,2014,2013,A,London Area Airports,GATWICK,INVERNESS,192924,192826,98,219320,219320,0,-12.03538227
26/05/2015 14:53,2014,2013,A,London Area Airports,GATWICK,ISLE OF MAN,150062,150062,0,184173,184173,0,-18.52117348
26/05/2015 14:53,2014,2013,A,London Area Airports,GATWICK,JERSEY,605987,605987,0,537414,537353,61,12.75980854
26/05/2015 14:53,2014,2013,A,London Area Airports,GATWICK,LEEDS BRADFORD,67,0,67,58,0,58,15.51724148
26/05/2015 14:53,2014,2013,A,London Area Airports,GATWICK,LIVERPOOL (JOHN LENNON),851,606,245,185,0,185,360
26/05/2015 14:53,2014,2013,A,London Area Airports,GATWICK,LUTON,115,115,0,0,0,0,
26/05/2015 14:53,2014,2013,A,London Area Airports,GATWICK,MANCHESTER,879,184,695,41321,41164,157,-97.87274933
26/05/2015 14:53,2014,2013,A,London Area Airports,GATWICK,NEWCASTLE,105336,105027,309,81813,81455,358,28.7521534
26/05/2015 14:53,2014,2013,A,London Area Airports,GATWICK,NEWQUAY,103513,103513,0,92609,92609,0,11.77423382
26/05/2015 14:53,2014,2013,A,London Area Airports,GATWICK,NORWICH,0,0,0,80,0,80,
26/05/2015 14:53,2014,2013,A,London Area Airports,GATWICK,STANSTED,150,150,0,0,0,0,
26/05/2015 14:53,2014,2013,A,London Area Airports,HEATHROW,ABERDEEN,776880,776880,0,712184,712184,0,9.084169388
26/05/2015 14:53,2014,2013,A,London Area Airports,HEATHROW,BELFAST CITY (GEORGE BEST),674889,674889,0,671941,671941,0,0.438728988
26/05/2015 14:53,2014,2013,A,London Area Airports,HEATHROW,DURHAM TEES VALLEY,0,0,0,45,0,45,
26/05/2015 14:53,2014,2013,A,London Area Airports,HEATHROW,EDINBURGH,1472812,1472812,0,1355929,1355926,3,8.620141983
26/05/2015 14:53,2014,2013,A,London Area Airports,HEATHROW,GLASGOW,870988,870988,0,869957,869957,0,0.118511602
26/05/2015 14:53,2014,2013,A,London Area Airports,HEATHROW,LEEDS BRADFORD,132325,132325,0,118717,118717,0,11.46255398
26/05/2015 14:53,2014,2013,A,London Area Airports,HEATHROW,LIVERPOOL (JOHN LENNON),78,0,78,70,0,70,11.4285717
26/05/2015 14:53,2014,2013,A,London Area Airports,HEATHROW,MANCHESTER,876597,876562,35,797263,797160,103,9.95079422
26/05/2015 14:53,2014,2013,A,London Area Airports,HEATHROW,NEWCASTLE,478806,478510,296,481307,481091,216,-0.519626737
26/05/2015 14:53,2014,2013,A,London Area Airports,LONDON CITY,ABERDEEN,72006,72006,0,73150,73150,0,-1.563909769
26/05/2015 14:53,2014,2013,A,London Area Airports,LONDON CITY,BELFAST CITY (GEORGE BEST),18599,18599,0,0,0,0,
26/05/2015 14:53,2014,2013,A,London Area Airports,LONDON CITY,DUNDEE,4591,4591,0,26056,26056,0,-82.38025665
26/05/2015 14:53,2014,2013,A,London Area Airports,LONDON CITY,EDINBURGH,352313,352313,0,333859,333859,0,5.527482986
26/05/2015 14:53,2014,2013,A,London Area Airports,LONDON CITY,EXETER,10129,10129,0,0,0,0,
26/05/2015 14:53,2014,2013,A,London Area Airports,LONDON CITY,GLASGOW,207856,207856,0,175373,175373,0,18.52223587
26/05/2015 14:53,2014,2013,A,London Area Airports,LONDON CITY,GUERNSEY,4721,4721,0,0,0,0,
26/05/2015 14:53,2014,2013,A,London Area Airports,LONDON CITY,INVERNESS,7613,7613,0,0,0,0,
26/05/2015 14:53,2014,2013,A,London Area Airports,LONDON CITY,ISLE OF MAN,62307,62307,0,45149,45149,0,38.00305557
26/05/2015 14:53,2014,2013,A,London Area Airports,LONDON CITY,JERSEY,35720,35720,0,33738,33738,0,5.874681473
26/05/2015 14:53,2014,2013,A,London Area Airports,LUTON,ABERDEEN,74541,74541,0,82787,82787,0,-9.960500717
26/05/2015 14:53,2014,2013,A,London Area Airports,LUTON,BELFAST CITY (GEORGE BEST),48,0,48,16,0,16,200
26/05/2015 14:53,2014,2013,A,London Area Airports,LUTON,BELFAST INTERNATIONAL,240885,240838,47,235528,234775,753,2.27446413
26/05/2015 14:53,2014,2013,A,London Area Airports,LUTON,BLACKPOOL,71,0,71,0,0,0,
26/05/2015 14:53,2014,2013,A,London Area Airports,LUTON,BRISTOL,13,0,13,0,0,0,
26/05/2015 14:53,2014,2013,A,London Area Airports,LUTON,CARDIFF WALES,169,0,169,209,0,209,-19.1387558
26/05/2015 14:53,2014,2013,A,London Area Airports,LUTON,DONCASTER SHEFFIELD,128,0,128,0,0,0,
26/05/2015 14:53,2014,2013,A,London Area Airports,LUTON,DURHAM TEES VALLEY,104,0,104,119,0,119,-12.60504246
26/05/2015 14:53,2014,2013,A,London Area Airports,LUTON,EDINBURGH,259670,259653,17,273474,273474,0,-5.047646046
26/05/2015 14:53,2014,2013,A,London Area Airports,LUTON,EXETER,327,0,327,121,0,121,170.2479401
26/05/2015 14:53,2014,2013,A,London Area Airports,LUTON,FARNBOROUGH,0,0,0,1,0,1,
26/05/2015 14:53,2014,2013,A,London Area Airports,LUTON,GATWICK,173,173,0,0,0,0,
26/05/2015 14:53,2014,2013,A,London Area Airports,LUTON,GLASGOW,270220,270119,101,280734,280680,54,-3.745182276
26/05/2015 14:53,2014,2013,A,London Area Airports,LUTON,HUMBERSIDE,139,0,139,71,0,71,95.77465057
26/05/2015 14:53,2014,2013,A,London Area Airports,LUTON,INVERNESS,89630,89606,24,91845,91828,17,-2.411671877
26/05/2015 14:53,2014,2013,A,London Area Airports,LUTON,ISLE OF MAN,0,0,0,9318,9318,0,
26/05/2015 14:53,2014,2013,A,London Area Airports,LUTON,JERSEY,11,0,11,8711,8711,0,-99.87372589
26/05/2015 14:53,2014,2013,A,London Area Airports,LUTON,LEEDS BRADFORD,0,0,0,121,0,121,
26/05/2015 14:53,2014,2013,A,London Area Airports,LUTON,LIVERPOOL (JOHN LENNON),168,0,168,115,0,115,46.08695602
26/05/2015 14:53,2014,2013,A,London Area Airports,LUTON,MANCHESTER,337,0,337,184,0,184,83.1521759
26/05/2015 14:53,2014,2013,A,London Area Airports,LUTON,NEWCASTLE,723,155,568,272,0,272,165.8088226
26/05/2015 14:53,2014,2013,A,London Area Airports,LUTON,NORWICH,73,0,73,0,0,0,
26/05/2015 14:53,2014,2013,A,London Area Airports,LUTON,OXFORD (KIDLINGTON),0,0,0,23,0,23,
26/05/2015 14:53,2014,2013,A,London Area Airports,LUTON,STANSTED,0,0,0,115,0,115,
26/05/2015 14:53,2014,2013,A,London Area Airports,SOUTHEND,BELFAST INTERNATIONAL,988,988,0,85604,85604,0,-98.84584808
26/05/2015 14:53,2014,2013,A,London Area Airports,SOUTHEND,BLACKPOOL,76,0,76,0,0,0,
26/05/2015 14:53,2014,2013,A,London Area Airports,SOUTHEND,EDINBURGH,23748,23748,0,39063,39063,0,-39.20589828
26/05/2015 14:53,2014,2013,A,London Area Airports,SOUTHEND,GLASGOW,27,0,27,0,0,0,
26/05/2015 14:53,2014,2013,A,London Area Airports,SOUTHEND,HUMBERSIDE,67,0,67,0,0,0,
26/05/2015 14:53,2014,2013,A,London Area Airports,SOUTHEND,ISLE OF MAN,32,32,0,0,0,0,
26/05/2015 14:53,2014,2013,A,London Area Airports,SOUTHEND,JERSEY,21743,21743,0,52768,52768,0,-58.79510498
26/05/2015 14:53,2014,2013,A,London Area Airports,SOUTHEND,NEWQUAY,7142,7142,0,7448,7448,0,-4.108485699
26/05/2015 14:53,2014,2013,A,London Area Airports,STANSTED,ABERDEEN,528,0,528,0,0,0,
26/05/2015 14:53,2014,2013,A,London Area Airports,STANSTED,BELFAST CITY (GEORGE BEST),0,0,0,806,0,806,
26/05/2015 14:53,2014,2013,A,London Area Airports,STANSTED,BELFAST INTERNATIONAL,306883,306867,16,297076,297016,60,3.301175356
26/05/2015 14:53,2014,2013,A,London Area Airports,STANSTED,BRISTOL,21,0,21,0,0,0,
26/05/2015 14:53,2014,2013,A,London Area Airports,STANSTED,CARDIFF WALES,65,0,65,126,0,126,-48.41269684
26/05/2015 14:53,2014,2013,A,London Area Airports,STANSTED,CITY OF DERRY (EGLINTON),126792,126792,0,130532,130532,0,-2.865197897
26/05/2015 14:53,2014,2013,A,London Area Airports,STANSTED,DUNDEE,15776,15776,0,0,0,0,
26/05/2015 14:53,2014,2013,A,London Area Airports,STANSTED,EDINBURGH,360251,360251,0,326562,326560,2,10.31626415
26/05/2015 14:53,2014,2013,A,London Area Airports,STANSTED,GATWICK,175,175,0,2,0,2,8650
26/05/2015 14:53,2014,2013,A,London Area Airports,STANSTED,GLASGOW,304154,304154,0,308733,308733,0,-1.483158588
26/05/2015 14:53,2014,2013,A,London Area Airports,STANSTED,GUERNSEY,24468,24468,0,24919,24919,0,-1.809863925
26/05/2015 14:53,2014,2013,A,London Area Airports,STANSTED,HEATHROW,0,0,0,385,0,385,
26/05/2015 14:53,2014,2013,A,London Area Airports,STANSTED,HUMBERSIDE,0,0,0,99,0,99,
26/05/2015 14:53,2014,2013,A,London Area Airports,STANSTED,INVERNESS,0,0,0,17,0,17,
26/05/2015 14:53,2014,2013,A,London Area Airports,STANSTED,JERSEY,9979,9979,0,3449,3449,0,189.330246
26/05/2015 14:53,2014,2013,A,London Area Airports,STANSTED,LIVERPOOL (JOHN LENNON),0,0,0,140,0,140,
26/05/2015 14:53,2014,2013,A,London Area Airports,STANSTED,LONDON CITY,74,74,0,0,0,0,
26/05/2015 14:53,2014,2013,A,London Area Airports,STANSTED,MANCHESTER,145,0,145,643,0,643,-77.44945526
26/05/2015 14:53,2014,2013,A,London Area Airports,STANSTED,NEWCASTLE,0,0,0,490,0,490,
26/05/2015 14:53,2014,2013,A,London Area Airports,STANSTED,NORWICH,0,0,0,68,0,68,
26/05/2015 14:53,2014,2013,B,Other Reporting Airports,ABERDEEN,BELFAST CITY (GEORGE BEST),37450,37450,0,30205,30205,0,23.98609543
26/05/2015 14:53,2014,2013,B,Other Reporting Airports,ABERDEEN,BIRMINGHAM,125059,124690,369,96789,96605,184,29.20786476
26/05/2015 14:53,2014,2013,B,Other Reporting Airports,ABERDEEN,BRISTOL,31789,31753,36,34915,34915,0,-8.95317173
26/05/2015 14:53,2014,2013,B,Other Reporting Airports,ABERDEEN,CARDIFF WALES,12855,12855,0,13242,13242,0,-2.922519207
26/05/2015 14:53,2014,2013,B,Other Reporting Airports,ABERDEEN,DURHAM TEES VALLEY,35034,35034,0,32732,32732,0,7.032873154
26/05/2015 14:53,2014,2013,B,Other Reporting Airports,ABERDEEN,EAST MIDLANDS INTERNATIONAL,16702,16702,0,18411,18411,0,-9.282494545
26/05/2015 14:53,2014,2013,B,Other Reporting Airports,ABERDEEN,EDINBURGH,16,0,16,0,0,0,
26/05/2015 14:53,2014,2013,B,Other Reporting Airports,ABERDEEN,FARNBOROUGH,0,0,0,13,0,13,
26/05/2015 14:53,2014,2013,B,Other Reporting Airports,ABERDEEN,GATWICK,163238,163238,0,174678,174623,55,-6.549193382
26/05/2015 14:53,2014,2013,B,Other Reporting Airports,ABERDEEN,GLASGOW,98,0,98,132,0,132,-25.75757599
26/05/2015 14:53,2014,2013,B,Other Reporting Airports,ABERDEEN,HEATHROW,776810,776810,0,710716,710716,0,9.299635887
26/05/2015 14:53,2014,2013,B,Other Reporting Airports,ABERDEEN,HUMBERSIDE,36595,36595,0,34178,34178,0,7.071800709
26/05/2015 14:53,2014,2013,B,Other Reporting Airports,ABERDEEN,INVERNESS,0,0,0,151,0,151,
26/05/2015 14:53,2014,2013,B,Other Reporting Airports,ABERDEEN,JERSEY,13009,13009,0,2209,2209,0,488.9089966
26/05/2015 14:53,2014,2013,B,Other Reporting Airports,ABERDEEN,KIRKWALL,49081,48799,282,48633,48267,366,0.921185195
26/05/2015 14:53,2014,2013,B,Other Reporting Airports,ABERDEEN,LEEDS BRADFORD,7007,6937,70,12349,12349,0,-43.258564
26/05/2015 14:53,2014,2013,B,Other Reporting Airports,ABERDEEN,LIVERPOOL (JOHN LENNON),23,0,23,0,0,0,
26/05/2015 14:53,2014,2013,B,Other Reporting Airports,ABERDEEN,LONDON CITY,72484,72484,0,73408,73408,0,-1.258718371
26/05/2015 14:53,2014,2013,B,Other Reporting Airports,ABERDEEN,LUTON,75094,75094,0,83831,83831,0,-10.42215919
26/05/2015 14:53,2014,2013,B,Other Reporting Airports,ABERDEEN,MANCHESTER,226119,223968,2151,203347,199984,3363,11.19859123
26/05/2015 14:53,2014,2013,B,Other Reporting Airports,ABERDEEN,NEWCASTLE,30168,30129,39,30759,30759,0,-1.921388865
26/05/2015 14:53,2014,2013,B,Other Reporting Airports,ABERDEEN,NORWICH,60162,60162,0,63766,63766,0,-5.651914597
26/05/2015 14:53,2014,2013,B,Other Reporting Airports,ABERDEEN,SCATSTA,159930,0,159930,165710,0,165710,-3.488021135
26/05/2015 14:53,2014,2013,B,Other Reporting Airports,ABERDEEN,SOUTHAMPTON,13956,13956,0,9501,9501,0,46.88980103
26/05/2015 14:53,2014,2013,B,Other Reporting Airports,ABERDEEN,STANSTED,542,0,542,0,0,0,
26/05/2015 14:53,2014,2013,B,Other Reporting Airports,ABERDEEN,STORNOWAY,6222,6222,0,5476,5476,0,13.62308216
26/05/2015 14:53,2014,2013,B,Other Reporting Airports,ABERDEEN,SUMBURGH,150705,87943,62762,115161,73100,42061,30.86461639
26/05/2015 14:53,2014,2013,B,Other Reporting Airports,ABERDEEN,WICK JOHN O GROATS,14365,12603,1762,13860,12948,912,3.643578529
26/05/2015 14:53,2014,2013,B,Other Reporting Airports,ALDERNEY,GUERNSEY,36928,36928,0,36730,36730,0,0.539068878
26/05/2015 14:53,2014,2013,B,Other Reporting Airports,ALDERNEY,JERSEY,30,30,0,239,239,0,-87.4477005
26/05/2015 14:53,2014,2013,B,Other Reporting Airports,ALDERNEY,SOUTHAMPTON,24368,24368,0,25927,25927,0,-6.013036728
26/05/2015 14:53,2014,2013,B,Other Reporting Airports,BARRA,BENBECULA,0,0,0,277,277,0,
26/05/2015 14:53,2014,2013,B,Other Reporting Airports,BARRA,GLASGOW,10521,10521,0,9133,9133,0,15.1976347
26/05/2015 14:53,2014,2013,B,Other Reporting Airports,BELFAST CITY (GEORGE BEST),ABERDEEN,36993,36993,0,29648,29648,0,24.77401543
26/05/2015 14:53,2014,2013,B,Other Reporting Airports,BELFAST CITY (GEORGE BEST),BIRMINGHAM,260330,260330,0,267168,267106,62,-2.559438229
26/05/2015 14:53,2014,2013,B,Other Reporting Airports,BELFAST CITY (GEORGE BEST),BLACKPOOL,0,0,0,4833,4833,0,
26/05/2015 14:53,2014,2013,B,Other Reporting Airports,BELFAST CITY (GEORGE BEST),BRISTOL,0,0,0,448,0,448,
26/05/2015 14:53,2014,2013,B,Other Reporting Airports,BELFAST CITY (GEORGE BEST),CARDIFF WALES,41006,41006,0,38389,38236,153,6.817057133
26/05/2015 14:53,2014,2013,B,Other Reporting Airports,BELFAST CITY (GEORGE BEST),DONCASTER SHEFFIELD,5734,5734,0,0,0,0,
26/05/2015 14:53,2014,2013,B,Other Reporting Airports,BELFAST CITY (GEORGE BEST),EAST MIDLANDS INTERNATIONAL,142815,142815,0,125883,125629,254,13.45058537
26/05/2015 14:53,2014,2013,B,Other Reporting Airports,BELFAST CITY (GEORGE BEST),EDINBURGH,142304,142264,40,128092,128092,0,11.09514999
26/05/2015 14:53,2014,2013,B,Other Reporting Airports,BELFAST CITY (GEORGE BEST),EXETER,36157,36157,0,11998,11998,0,201.3585663
26/05/2015 14:53,2014,2013,B,Other Reporting Airports,BELFAST CITY (GEORGE BEST),GATWICK,277438,277438,0,405265,403949,1316,-31.54158401
26/05/2015 14:53,2014,2013,B,Other Reporting Airports,BELFAST CITY (GEORGE BEST),GLASGOW,142833,142833,0,119280,119280,0,19.74597549
26/05/2015 14:53,2014,2013,B,Other Reporting Airports,BELFAST CITY (GEORGE BEST),HEATHROW,670244,670244,0,666280,666228,52,0.594945073
26/05/2015 14:53,2014,2013,B,Other Reporting Airports,BELFAST CITY (GEORGE BEST),INVERNESS,27180,27180,0,23253,23253,0,16.88814354
26/05/2015 14:53,2014,2013,B,Other Reporting Airports,BELFAST CITY (GEORGE BEST),ISLE OF MAN,26191,26191,0,22275,22223,52,17.58024597
26/05/2015 14:53,2014,2013,B,Other Reporting Airports,BELFAST CITY (GEORGE BEST),JERSEY,0,0,0,1241,1241,0,
26/05/2015 14:53,2014,2013,B,Other Reporting Airports,BELFAST CITY (GEORGE BEST),LEEDS BRADFORD,156542,156542,0,130904,130648,256,19.58534431
26/05/2015 14:53,2014,2013,B,Other Reporting Airports,BELFAST CITY (GEORGE BEST),LONDON CITY,18454,18454,0,0,0,0,
26/05/2015 14:53,2014,2013,B,Other Reporting Airports,BELFAST CITY (GEORGE BEST),MANCHESTER,297467,297467,0,280173,280173,0,6.172614574
26/05/2015 14:53,2014,2013,B,Other Reporting Airports,BELFAST CITY (GEORGE BEST),NEWCASTLE,28882,28882,0,41700,41700,0,-30.73860931
26/05/2015 14:53,2014,2013,B,Other Reporting Airports,BELFAST CITY (GEORGE BEST),NEWQUAY,1550,1550,0,2187,2187,0,-29.12665749
26/05/2015 14:53,2014,2013,B,Other Reporting Airports,BELFAST CITY (GEORGE BEST),SOUTHAMPTON,106651,106651,0,85603,85396,207,24.58792305
26/05/2015 14:53,2014,2013,B,Other Reporting Airports,BELFAST CITY (GEORGE BEST),SOUTHEND,15,0,15,0,0,0,
26/05/2015 14:53,2014,2013,B,Other Reporting Airports,BELFAST CITY (GEORGE BEST),STANSTED,0,0,0,656,0,656,
26/05/2015 14:53,2014,2013,B,Other Reporting Airports,BELFAST INTERNATIONAL,BIRMINGHAM,179503,179254,249,158591,158105,486,13.18612003
26/05/2015 14:53,2014,2013,B,Other Reporting Airports,BELFAST INTERNATIONAL,BLACKPOOL,0,0,0,11849,11849,0,
26/05/2015 14:53,2014,2013,B,Other Reporting Airports,BELFAST INTERNATIONAL,BRISTOL,230833,230793,40,226217,225780,437,2.040518522
26/05/2015 14:53,2014,2013,B,Other Reporting Airports,BELFAST INTERNATIONAL,CARDIFF WALES,345,0,345,0,0,0,
26/05/2015 14:53,2014,2013,B,Other Reporting Airports,BELFAST INTERNATIONAL,DONCASTER SHEFFIELD,0,0,0,94,0,94,
26/05/2015 14:53,2014,2013,B,Other Reporting Airports,BELFAST INTERNATIONAL,EAST MIDLANDS INTERNATIONAL,0,0,0,421,0,421,
26/05/2015 14:53,2014,2013,B,Other Reporting Airports,BELFAST INTERNATIONAL,EDINBURGH,235552,235552,0,244726,244718,8,-3.748682261
26/05/2015 14:53,2014,2013,B,Other Reporting Airports,BELFAST INTERNATIONAL,GATWICK,438100,438100,0,388778,388300,478,12.68641758
26/05/2015 14:53,2014,2013,B,Other Reporting Airports,BELFAST INTERNATIONAL,GLASGOW,241789,241789,0,250844,250696,148,-3.609813213
26/05/2015 14:53,2014,2013,B,Other Reporting Airports,BELFAST INTERNATIONAL,HEATHROW,0,0,0,52,52,0,
26/05/2015 14:53,2014,2013,B,Other Reporting Airports,BELFAST INTERNATIONAL,JERSEY,6233,6233,0,9193,9193,0,-32.19841003
26/05/2015 14:53,2014,2013,B,Other Reporting Airports,BELFAST INTERNATIONAL,LEEDS BRADFORD,94,0,94,22466,22466,0,-99.58158875
26/05/2015 14:53,2014,2013,B,Other Reporting Airports,BELFAST INTERNATIONAL,LIVERPOOL (JOHN LENNON),418389,418389,0,413924,413924,0,1.078700423
26/05/2015 14:53,2014,2013,B,Other Reporting Airports,BELFAST INTERNATIONAL,LUTON,243289,243233,56,237968,237309,659,2.236014843
26/05/2015 14:53,2014,2013,B,Other Reporting Airports,BELFAST INTERNATIONAL,MANCHESTER,204987,204987,0,189969,189969,0,7.905500412
26/05/2015 14:53,2014,2013,B,Other Reporting Airports,BELFAST INTERNATIONAL,NEWCASTLE,196738,196738,0,192513,192513,0,2.194657087
26/05/2015 14:53,2014,2013,B,Other Reporting Airports,BELFAST INTERNATIONAL,SOUTHEND,1002,1002,0,86850,86850,0,-98.84628296
26/05/2015 14:53,2014,2013,B,Other Reporting Airports,BELFAST INTERNATIONAL,STANSTED,306815,306815,0,297637,296793,844,3.083621979
26/05/2015 14:53,2014,2013,B,Other Reporting Airports,BENBECULA,BARRA,0,0,0,264,264,0,
26/05/2015 14:53,2014,2013,B,Other Reporting Airports,BENBECULA,GLASGOW,23049,23049,0,21802,21802,0,5.719658852
26/05/2015 14:53,2014,2013,B,Other Reporting Airports,BENBECULA,INVERNESS,1432,1432,0,686,686,0,108.7463531
26/05/2015 14:53,2014,2013,B,Other Reporting Airports,BENBECULA,STORNOWAY,6709,6709,0,7865,7865,0,-14.69802952
26/05/2015 14:53,2014,2013,B,Other Reporting Airports,BIGGIN HILL,BLACKPOOL,0,0,0,72,0,72,
26/05/2015 14:53,2014,2013,B,Other Reporting Airports,BIGGIN HILL,LIVERPOOL (JOHN LENNON),0,0,0,80,0,80,
26/05/2015 14:53,2014,2013,B,Other Reporting Airports,BIGGIN HILL,NEWCASTLE,122,0,122,74,0,74,64.86486816
26/05/2015 14:53,2014,2013,B,Other Reporting Airports,BIRMINGHAM,ABERDEEN,123737,123445,292,96198,96039,159,28.6274147
26/05/2015 14:53,2014,2013,B,Other Reporting Airports,BIRMINGHAM,BELFAST CITY (GEORGE BEST),260103,260103,0,266379,266317,62,-2.35604167
26/05/2015 14:53,2014,2013,B,Other Reporting Airports,BIRMINGHAM,BELFAST INTERNATIONAL,177690,177516,174,157222,156836,386,13.01853466
26/05/2015 14:53,2014,2013,B,Other Reporting Airports,BIRMINGHAM,BOURNEMOUTH,62,0,62,0,0,0,
26/05/2015 14:53,2014,2013,B,Other Reporting Airports,BIRMINGHAM,CARDIFF WALES,0,0,0,19,19,0,
26/05/2015 14:53,2014,2013,B,Other Reporting Airports,BIRMINGHAM,CITY OF DERRY (EGLINTON),42230,42230,0,52322,52270,52,-19.28825378
26/05/2015 14:53,2014,2013,B,Other Reporting Airports,BIRMINGHAM,DEENETHORPE,1542,0,1542,0,0,0,
26/05/2015 14:53,2014,2013,B,Other Reporting Airports,BIRMINGHAM,EDINBURGH,284021,284021,0,284150,283746,404,-0.045398556
26/05/2015 14:53,2014,2013,B,Other Reporting Airports,BIRMINGHAM,GATWICK,0,0,0,62,0,62,
26/05/2015 14:53,2014,2013,B,Other Reporting Airports,BIRMINGHAM,GLASGOW,229415,229345,70,203464,203316,148,12.75459003
26/05/2015 14:53,2014,2013,B,Other Reporting Airports,BIRMINGHAM,GUERNSEY,25089,25045,44,34409,34177,232,-27.0859375
26/05/2015 14:53,2014,2013,B,Other Reporting Airports,BIRMINGHAM,INVERNESS,41224,41224,0,34813,34753,60,18.41553497
26/05/2015 14:53,2014,2013,B,Other Reporting Airports,BIRMINGHAM,ISLE OF MAN,44341,44341,0,41676,41676,0,6.39456749
26/05/2015 14:53,2014,2013,B,Other Reporting Airports,BIRMINGHAM,JERSEY,56206,56206,0,38685,38685,0,45.29145813
26/05/2015 14:53,2014,2013,B,Other Reporting Airports,BIRMINGHAM,LUTON,214,214,0,0,0,0,
26/05/2015 14:53,2014,2013,B,Other Reporting Airports,BIRMINGHAM,MANCHESTER,34,0,34,0,0,0,
26/05/2015 14:53,2014,2013,B,Other Reporting Airports,BIRMINGHAM,NEWCASTLE,8305,7939,366,8015,8015,0,3.618215799
26/05/2015 14:53,2014,2013,B,Other Reporting Airports,BIRMINGHAM,NEWQUAY,18012,18012,0,0,0,0,
26/05/2015 14:53,2014,2013,B,Other Reporting Airports,BIRMINGHAM,NORWICH,103,0,103,0,0,0,
26/05/2015 14:53,2014,2013,B,Other Reporting Airports,BIRMINGHAM,SOUTHAMPTON,0,0,0,59,0,59,
26/05/2015 14:53,2014,2013,B,Other Reporting Airports,BIRMINGHAM,STANSTED,177,177,0,0,0,0,
26/05/2015 14:53,2014,2013,B,Other Reporting Airports,BLACKPOOL,BELFAST INTERNATIONAL,148,148,0,11684,11684,0,-98.73330688
26/05/2015 14:53,2014,2013,B,Other Reporting Airports,BLACKPOOL,BIGGIN HILL,0,0,0,72,0,72,
26/05/2015 14:53,2014,2013,B,Other Reporting Airports,BLACKPOOL,BOURNEMOUTH,58,0,58,0,0,0,
26/05/2015 14:53,2014,2013,B,Other Reporting Airports,BLACKPOOL,CARDIFF WALES,4,0,4,124,0,124,-96.77419281
26/05/2015 14:53,2014,2013,B,Other Reporting Airports,BLACKPOOL,EAST MIDLANDS INTERNATIONAL,0,0,0,29,0,29,
26/05/2015 14:53,2014,2013,B,Other Reporting Airports,BLACKPOOL,GATWICK,70,0,70,99,0,99,-29.2929287
26/05/2015 14:53,2014,2013,B,Other Reporting Airports,BLACKPOOL,ISLE OF MAN,14890,14890,0,19536,19536,0,-23.78173637
26/05/2015 14:53,2014,2013,B,Other Reporting Airports,BLACKPOOL,LUTON,70,0,70,0,0,0,
26/05/2015 14:53,2014,2013,B,Other Reporting Airports,BLACKPOOL,NORWICH,72,0,72,0,0,0,
26/05/2015 14:53,2014,2013,B,Other Reporting Airports,BLACKPOOL,SOUTH MARSTON,0,0,0,62,0,62,
26/05/2015 14:53,2014,2013,B,Other Reporting Airports,BLACKPOOL,SOUTHEND,60,0,60,0,0,0,
26/05/2015 14:53,2014,2013,B,Other Reporting Airports,BOURNEMOUTH,BIRMINGHAM,62,0,62,0,0,0,
26/05/2015 14:53,2014,2013,B,Other Reporting Airports,BOURNEMOUTH,BLACKPOOL,56,0,56,0,0,0,
26/05/2015 14:53,2014,2013,B,Other Reporting Airports,BOURNEMOUTH,DURHAM TEES VALLEY,0,0,0,64,0,64,
26/05/2015 14:53,2014,2013,B,Other Reporting Airports,BOURNEMOUTH,EDINBURGH,0,0,0,50,0,50,
26/05/2015 14:53,2014,2013,B,Other Reporting Airports,BOURNEMOUTH,GLASGOW,102,0,102,0,0,0,
26/05/2015 14:53,2014,2013,B,Other Reporting Airports,BOURNEMOUTH,GUERNSEY,112,0,112,0,0,0,
26/05/2015 14:53,2014,2013,B,Other Reporting Airports,BOURNEMOUTH,HUMBERSIDE,38,0,38,0,0,0,
26/05/2015 14:53,2014,2013,B,Other Reporting Airports,BOURNEMOUTH,JERSEY,0,0,0,155,155,0,
26/05/2015 14:53,2014,2013,B,Other Reporting Airports,BOURNEMOUTH,LEEDS BRADFORD,33,0,33,0,0,0,
26/05/2015 14:53,2014,2013,B,Other Reporting Airports,BOURNEMOUTH,LIVERPOOL (JOHN LENNON),119,0,119,0,0,0,
26/05/2015 14:53,2014,2013,B,Other Reporting Airports,BOURNEMOUTH,MANCHESTER,206,0,206,70,0,70,194.2857208
26/05/2015 14:53,2014,2013,B,Other Reporting Airports,BOURNEMOUTH,NEWCASTLE,0,0,0,40,0,40,
26/05/2015 14:53,2014,2013,B,Other Reporting Airports,BRISTOL,ABERDEEN,31671,31636,35,32116,32116,0,-1.385602236
26/05/2015 14:53,2014,2013,B,Other Reporting Airports,BRISTOL,BELFAST CITY (GEORGE BEST),0,0,0,626,118,508,
26/05/2015 14:53,2014,2013,B,Other Reporting Airports,BRISTOL,BELFAST INTERNATIONAL,230952,230699,253,226006,225569,437,2.188437462
26/05/2015 14:53,2014,2013,B,Other Reporting Airports,BRISTOL,EDINBURGH,322760,322760,0,305235,305235,0,5.741477966
26/05/2015 14:53,2014,2013,B,Other Reporting Airports,BRISTOL,EXETER,17,0,17,0,0,0,
26/05/2015 14:53,2014,2013,B,Other Reporting Airports,BRISTOL,GLASGOW,245288,245288,0,257445,257406,39,-4.722173691
26/05/2015 14:53,2014,2013,B,Other Reporting Airports,BRISTOL,GUERNSEY,23422,23422,0,23670,23670,0,-1.047739744
26/05/2015 14:53,2014,2013,B,Other Reporting Airports,BRISTOL,HAWARDEN,5482,40,5442,8468,0,8468,-35.26216507
26/05/2015 14:53,2014,2013,B,Other Reporting Airports,BRISTOL,INVERNESS,77594,77594,0,81231,81231,0,-4.477354527
26/05/2015 14:53,2014,2013,B,Other Reporting Airports,BRISTOL,ISLE OF MAN,0,0,0,5179,5179,0,
26/05/2015 14:53,2014,2013,B,Other Reporting Airports,BRISTOL,JERSEY,35946,35946,0,39779,39779,0,-9.635737419
26/05/2015 14:53,2014,2013,B,Other Reporting Airports,BRISTOL,LEEDS BRADFORD,39,0,39,916,916,0,-95.74235535
26/05/2015 14:53,2014,2013,B,Other Reporting Airports,BRISTOL,LIVERPOOL (JOHN LENNON),141,0,141,0,0,0,
26/05/2015 14:53,2014,2013,B,Other Reporting Airports,BRISTOL,LUTON,7,0,7,0,0,0,
26/05/2015 14:53,2014,2013,B,Other Reporting Airports,BRISTOL,MANCHESTER,0,0,0,78,0,78,
26/05/2015 14:53,2014,2013,B,Other Reporting Airports,BRISTOL,NEWCASTLE,174461,174461,0,175587,175506,81,-0.641277552
26/05/2015 14:53,2014,2013,B,Other Reporting Airports,CAMBRIDGE,CARDIFF WALES,0,0,0,73,0,73,
26/05/2015 14:53,2014,2013,B,Other Reporting Airports,CAMBRIDGE,JERSEY,1531,0,1531,1131,0,1131,35.36693192
26/05/2015 14:53,2014,2013,B,Other Reporting Airports,CAMBRIDGE,MANCHESTER,67,0,67,0,0,0,
26/05/2015 14:53,2014,2013,B,Other Reporting Airports,CAMBRIDGE,NEWCASTLE,0,0,0,12,0,12,
26/05/2015 14:53,2014,2013,B,Other Reporting Airports,CAMPBELTOWN,GLASGOW,9331,9331,0,9251,9251,0,0.864771366
26/05/2015 14:53,2014,2013,B,Other Reporting Airports,CAMPBELTOWN,ISLAY,0,0,0,52,52,0,
26/05/2015 14:53,2014,2013,B,Other Reporting Airports,CAMPBELTOWN,PRESTWICK,0,0,0,62,0,62,
26/05/2015 14:53,2014,2013,B,Other Reporting Airports,CARDIFF WALES,ABERDEEN,1949,1949,0,1577,1577,0,23.58909416
26/05/2015 14:53,2014,2013,B,Other Reporting Airports,CARDIFF WALES,ANGLESEY (VALLEY),8786,8786,0,8540,8540,0,2.880562067
26/05/2015 14:53,2014,2013,B,Other Reporting Airports,CARDIFF WALES,BELFAST CITY (GEORGE BEST),41348,41348,0,38198,38045,153,8.246504784
26/05/2015 14:53,2014,2013,B,Other Reporting Airports,CARDIFF WALES,BELFAST INTERNATIONAL,342,0,342,0,0,0,
26/05/2015 14:53,2014,2013,B,Other Reporting Airports,CARDIFF WALES,BIRMINGHAM,7,7,0,46,0,46,-84.78260803
26/05/2015 14:53,2014,2013,B,Other Reporting Airports,CARDIFF WALES,BLACKPOOL,34,0,34,143,0,143,-76.22377777
26/05/2015 14:53,2014,2013,B,Other Reporting Airports,CARDIFF WALES,CAMBRIDGE,0,0,0,73,0,73,
26/05/2015 14:53,2014,2013,B,Other Reporting Airports,CARDIFF WALES,DURHAM TEES VALLEY,0,0,0,73,0,73,
26/05/2015 14:53,2014,2013,B,Other Reporting Airports,CARDIFF WALES,EAST MIDLANDS INTERNATIONAL,0,0,0,59,0,59,
26/05/2015 14:53,2014,2013,B,Other Reporting Airports,CARDIFF WALES,EDINBURGH,57581,57361,220,76956,76141,815,-25.17672348
26/05/2015 14:53,2014,2013,B,Other Reporting Airports,CARDIFF WALES,EXETER,34,0,34,0,0,0,
26/05/2015 14:53,2014,2013,B,Other Reporting Airports,CARDIFF WALES,FARNBOROUGH,131,0,131,143,0,143,-8.391608238
26/05/2015 14:53,2014,2013,B,Other Reporting Airports,CARDIFF WALES,GATWICK,72,0,72,71,0,71,1.408450723
26/05/2015 14:53,2014,2013,B,Other Reporting Airports,CARDIFF WALES,GLASGOW,27866,27866,0,48217,48089,128,-42.20710373
26/05/2015 14:53,2014,2013,B,Other Reporting Airports,CARDIFF WALES,HEATHROW,0,0,0,51,51,0,
26/05/2015 14:53,2014,2013,B,Other Reporting Airports,CARDIFF WALES,HUMBERSIDE,260,0,260,187,0,187,39.03743362
26/05/2015 14:53,2014,2013,B,Other Reporting Airports,CARDIFF WALES,JERSEY,7926,7926,0,10637,10637,0,-25.48650932
26/05/2015 14:53,2014,2013,B,Other Reporting Airports,CARDIFF WALES,LEEDS BRADFORD,138,0,138,93,0,93,48.38709641
26/05/2015 14:53,2014,2013,B,Other Reporting Airports,CARDIFF WALES,LIVERPOOL (JOHN LENNON),725,0,725,381,0,381,90.28871155
26/05/2015 14:53,2014,2013,B,Other Reporting Airports,CARDIFF WALES,LONDON CITY,0,0,0,41,0,41,
26/05/2015 14:53,2014,2013,B,Other Reporting Airports,CARDIFF WALES,LUTON,124,0,124,233,0,233,-46.78111649
26/05/2015 14:53,2014,2013,B,Other Reporting Airports,CARDIFF WALES,MANCHESTER,624,0,624,632,0,632,-1.265822768
26/05/2015 14:53,2014,2013,B,Other Reporting Airports,CARDIFF WALES,NEWCASTLE,11778,11186,592,12546,12053,493,-6.121472836
26/05/2015 14:53,2014,2013,B,Other Reporting Airports,CARDIFF WALES,NORWICH,206,0,206,232,0,232,-11.20689678
26/05/2015 14:53,2014,2013,B,Other Reporting Airports,CARDIFF WALES,SOUTHAMPTON,0,0,0,32,0,32,
26/05/2015 14:53,2014,2013,B,Other Reporting Airports,CARDIFF WALES,STANSTED,194,0,194,183,0,183,6.010929108
26/05/2015 14:53,2014,2013,B,Other Reporting Airports,CITY OF DERRY (EGLINTON),BIRMINGHAM,42608,42608,0,52785,52734,51,-19.28009796
26/05/2015 14:53,2014,2013,B,Other Reporting Airports,CITY OF DERRY (EGLINTON),GATWICK,0,0,0,203,0,203,
26/05/2015 14:53,2014,2013,B,Other Reporting Airports,CITY OF DERRY (EGLINTON),GLASGOW,13314,13314,0,0,0,0,
26/05/2015 14:53,2014,2013,B,Other Reporting Airports,CITY OF DERRY (EGLINTON),LIVERPOOL (JOHN LENNON),81497,81497,0,90755,90755,0,-10.20109081
26/05/2015 14:53,2014,2013,B,Other Reporting Airports,CITY OF DERRY (EGLINTON),PRESTWICK,52109,52109,0,69454,69454,0,-24.97336388
26/05/2015 14:53,2014,2013,B,Other Reporting Airports,CITY OF DERRY (EGLINTON),STANSTED,126414,126414,0,130230,130230,0,-2.930200338
26/05/2015 14:53,2014,2013,B,Other Reporting Airports,DONCASTER SHEFFIELD,BELFAST CITY (GEORGE BEST),5746,5746,0,0,0,0,
26/05/2015 14:53,2014,2013,B,Other Reporting Airports,DONCASTER SHEFFIELD,BELFAST INTERNATIONAL,0,0,0,93,0,93,
26/05/2015 14:53,2014,2013,B,Other Reporting Airports,DONCASTER SHEFFIELD,GATWICK,66,0,66,0,0,0,
26/05/2015 14:53,2014,2013,B,Other Reporting Airports,DONCASTER SHEFFIELD,ISLE OF MAN,1067,1067,0,0,0,0,
26/05/2015 14:53,2014,2013,B,Other Reporting Airports,DONCASTER SHEFFIELD,JERSEY,3167,3167,0,3405,3405,0,-6.989720821
26/05/2015 14:53,2014,2013,B,Other Reporting Airports,DONCASTER SHEFFIELD,LUTON,128,0,128,0,0,0,
26/05/2015 14:53,2014,2013,B,Other Reporting Airports,DONCASTER SHEFFIELD,SOUTHAMPTON,11,11,0,0,0,0,
26/05/2015 14:53,2014,2013,B,Other Reporting Airports,DUNDEE,JERSEY,1553,0,1553,1674,0,1674,-7.228196144
26/05/2015 14:53,2014,2013,B,Other Reporting Airports,DUNDEE,LONDON CITY,4594,4594,0,25626,25626,0,-82.07289124
26/05/2015 14:53,2014,2013,B,Other Reporting Airports,DUNDEE,MANCHESTER,48,0,48,0,0,0,
26/05/2015 14:53,2014,2013,B,Other Reporting Airports,DUNDEE,STANSTED,15665,15665,0,0,0,0,
26/05/2015 14:53,2014,2013,B,Other Reporting Airports,DUNDEE,SUMBURGH,48,0,48,0,0,0,
26/05/2015 14:53,2014,2013,B,Other Reporting Airports,DURHAM TEES VALLEY,ABERDEEN,35303,35303,0,34394,34394,0,2.642902851
26/05/2015 14:53,2014,2013,B,Other Reporting Airports,DURHAM TEES VALLEY,BOURNEMOUTH,0,0,0,64,0,64,
26/05/2015 14:53,2014,2013,B,Other Reporting Airports,DURHAM TEES VALLEY,CARDIFF WALES,0,0,0,73,0,73,
26/05/2015 14:53,2014,2013,B,Other Reporting Airports,DURHAM TEES VALLEY,FARNBOROUGH,62,0,62,105,0,105,-40.95238113
26/05/2015 14:53,2014,2013,B,Other Reporting Airports,DURHAM TEES VALLEY,GATWICK,35,0,35,74,0,74,-52.70270157
26/05/2015 14:53,2014,2013,B,Other Reporting Airports,DURHAM TEES VALLEY,HEATHROW,0,0,0,38,0,38,
26/05/2015 14:53,2014,2013,B,Other Reporting Airports,DURHAM TEES VALLEY,JERSEY,2113,2113,0,1914,1914,0,10.39707375
26/05/2015 14:53,2014,2013,B,Other Reporting Airports,DURHAM TEES VALLEY,LIVERPOOL (JOHN LENNON),0,0,0,63,0,63,
26/05/2015 14:53,2014,2013,B,Other Reporting Airports,DURHAM TEES VALLEY,LUTON,32,0,32,114,0,114,-71.92982483
26/05/2015 14:53,2014,2013,B,Other Reporting Airports,DURHAM TEES VALLEY,NEWCASTLE,0,0,0,140,0,140,
26/05/2015 14:53,2014,2013,B,Other Reporting Airports,DURHAM TEES VALLEY,NORWICH,72,0,72,0,0,0,
26/05/2015 14:53,2014,2013,B,Other Reporting Airports,DURHAM TEES VALLEY,SOUTHAMPTON,2,2,0,14,14,0,-85.7142868
26/05/2015 14:53,2014,2013,B,Other Reporting Airports,DURHAM TEES VALLEY,STANSTED,40,0,40,0,0,0,
26/05/2015 14:53,2014,2013,B,Other Reporting Airports,EAST MIDLANDS INTERNATIONAL,ABERDEEN,16683,16683,0,18471,18471,0,-9.680039406
26/05/2015 14:53,2014,2013,B,Other Reporting Airports,EAST MIDLANDS INTERNATIONAL,BELFAST CITY (GEORGE BEST),142361,142361,0,125404,125150,254,13.52189732
26/05/2015 14:53,2014,2013,B,Other Reporting Airports,EAST MIDLANDS INTERNATIONAL,BELFAST INTERNATIONAL,0,0,0,381,0,381,
26/05/2015 14:53,2014,2013,B,Other Reporting Airports,EAST MIDLANDS INTERNATIONAL,BLACKPOOL,0,0,0,28,0,28,
26/05/2015 14:53,2014,2013,B,Other Reporting Airports,EAST MIDLANDS INTERNATIONAL,CARDIFF WALES,0,0,0,62,0,62,
26/05/2015 14:53,2014,2013,B,Other Reporting Airports,EAST MIDLANDS INTERNATIONAL,EDINBURGH,92683,92683,0,86709,86709,0,6.88971138
26/05/2015 14:53,2014,2013,B,Other Reporting Airports,EAST MIDLANDS INTERNATIONAL,FARNBOROUGH,0,0,0,36,0,36,
26/05/2015 14:53,2014,2013,B,Other Reporting Airports,EAST MIDLANDS INTERNATIONAL,GATWICK,42,0,42,64,0,64,-34.375
26/05/2015 14:53,2014,2013,B,Other Reporting Airports,EAST MIDLANDS INTERNATIONAL,GLASGOW,91901,91901,0,85531,85364,167,7.447592258
26/05/2015 14:53,2014,2013,B,Other Reporting Airports,EAST MIDLANDS INTERNATIONAL,GUERNSEY,26932,26932,0,28738,28738,0,-6.284362316
26/05/2015 14:53,2014,2013,B,Other Reporting Airports,EAST MIDLANDS INTERNATIONAL,JERSEY,35518,35518,0,25998,25998,0,36.61820221
26/05/2015 14:53,2014,2013,B,Other Reporting Airports,EAST MIDLANDS INTERNATIONAL,MANCHESTER,222,0,222,0,0,0,
26/05/2015 14:53,2014,2013,B,Other Reporting Airports,EAST MIDLANDS INTERNATIONAL,NEWCASTLE,751,0,751,0,0,0,
26/05/2015 14:53,2014,2013,B,Other Reporting Airports,EAST MIDLANDS INTERNATIONAL,STANSTED,170,170,0,0,0,0,
26/05/2015 14:53,2014,2013,B,Other Reporting Airports,EAST MIDLANDS INTERNATIONAL,STORNOWAY,92,0,92,0,0,0,
26/05/2015 14:53,2014,2013,B,Other Reporting Airports,EDINBURGH,BELFAST CITY (GEORGE BEST),143466,143466,0,129261,129261,0,10.98939323
26/05/2015 14:53,2014,2013,B,Other Reporting Airports,EDINBURGH,BELFAST INTERNATIONAL,235727,235727,0,244552,244552,0,-3.608639479
26/05/2015 14:53,2014,2013,B,Other Reporting Airports,EDINBURGH,BIRMINGHAM,285668,285618,50,286002,285667,335,-0.116782397
26/05/2015 14:53,2014,2013,B,Other Reporting Airports,EDINBURGH,BOURNEMOUTH,0,0,0,50,0,50,
26/05/2015 14:53,2014,2013,B,Other Reporting Airports,EDINBURGH,BRISTOL,322709,322709,0,306160,306160,0,5.405343533
26/05/2015 14:53,2014,2013,B,Other Reporting Airports,EDINBURGH,CARDIFF WALES,57817,57582,235,77315,76500,815,-25.21891022
26/05/2015 14:53,2014,2013,B,Other Reporting Airports,EDINBURGH,EAST MIDLANDS INTERNATIONAL,93277,93212,65,86778,86778,0,7.489225388
26/05/2015 14:53,2014,2013,B,Other Reporting Airports,EDINBURGH,EXETER,38265,38265,0,36523,36523,0,4.769597054
26/05/2015 14:53,2014,2013,B,Other Reporting Airports,EDINBURGH,FARNBOROUGH,114,0,114,39,0,39,192.3076935
26/05/2015 14:53,2014,2013,B,Other Reporting Airports,EDINBURGH,GATWICK,692873,692826,47,695766,695766,0,-0.41580072
26/05/2015 14:53,2014,2013,B,Other Reporting Airports,EDINBURGH,HEATHROW,1473432,1473431,1,1356191,1356185,6,8.644873619
26/05/2015 14:53,2014,2013,B,Other Reporting Airports,EDINBURGH,INVERNESS,39,24,15,0,0,0,
26/05/2015 14:53,2014,2013,B,Other Reporting Airports,EDINBURGH,ISLE OF MAN,0,0,0,4152,4152,0,
26/05/2015 14:53,2014,2013,B,Other Reporting Airports,EDINBURGH,JERSEY,3164,3164,0,9187,9187,0,-65.56002808
26/05/2015 14:53,2014,2013,B,Other Reporting Airports,EDINBURGH,KIRKWALL,45444,45444,0,43497,43497,0,4.47617054
26/05/2015 14:53,2014,2013,B,Other Reporting Airports,EDINBURGH,LONDON CITY,353652,353652,0,335094,335012,82,5.538147449
26/05/2015 14:53,2014,2013,B,Other Reporting Airports,EDINBURGH,LUTON,260866,260866,0,274703,274703,0,-5.037076473
26/05/2015 14:53,2014,2013,B,Other Reporting Airports,EDINBURGH,MANCHESTER,109279,109224,55,118516,118516,0,-7.793884277
26/05/2015 14:53,2014,2013,B,Other Reporting Airports,EDINBURGH,NEWQUAY,2332,2332,0,4481,4481,0,-47.95804596
26/05/2015 14:53,2014,2013,B,Other Reporting Airports,EDINBURGH,NORWICH,28460,28460,0,24668,24668,0,15.37214184
26/05/2015 14:53,2014,2013,B,Other Reporting Airports,EDINBURGH,OXFORD (KIDLINGTON),0,0,0,4061,4061,0,
26/05/2015 14:53,2014,2013,B,Other Reporting Airports,EDINBURGH,SOUTHAMPTON,203151,203151,0,207566,207566,0,-2.127034187
26/05/2015 14:53,2014,2013,B,Other Reporting Airports,EDINBURGH,SOUTHEND,24106,24106,0,39248,39248,0,-38.58031082
26/05/2015 14:53,2014,2013,B,Other Reporting Airports,EDINBURGH,STANSTED,359830,359830,0,326524,326522,2,10.20016861
26/05/2015 14:53,2014,2013,B,Other Reporting Airports,EDINBURGH,STORNOWAY,20497,20497,0,19284,19284,0,6.290188789
26/05/2015 14:53,2014,2013,B,Other Reporting Airports,EDINBURGH,SUMBURGH,45011,45011,0,39876,39830,46,12.87742043
26/05/2015 14:53,2014,2013,B,Other Reporting Airports,EDINBURGH,WICK JOHN O GROATS,11718,11718,0,11362,11334,28,3.13325119
26/05/2015 14:53,2014,2013,B,Other Reporting Airports,EXETER,BELFAST CITY (GEORGE BEST),38321,38321,0,29037,29037,0,31.97299957
26/05/2015 14:53,2014,2013,B,Other Reporting Airports,EXETER,CARDIFF WALES,96,0,96,0,0,0,
26/05/2015 14:53,2014,2013,B,Other Reporting Airports,EXETER,EDINBURGH,38234,38234,0,36497,36497,0,4.759295464
26/05/2015 14:53,2014,2013,B,Other Reporting Airports,EXETER,GLASGOW,20725,20725,0,23771,23771,0,-12.81393337
26/05/2015 14:53,2014,2013,B,Other Reporting Airports,EXETER,GUERNSEY,22650,22650,0,22150,22150,0,2.257336378
26/05/2015 14:53,2014,2013,B,Other Reporting Airports,EXETER,HAWARDEN,0,0,0,25,0,25,
26/05/2015 14:53,2014,2013,B,Other Reporting Airports,EXETER,ISLES OF SCILLY (ST.MARYS),15387,15387,0,15097,15097,0,1.920911431
26/05/2015 14:53,2014,2013,B,Other Reporting Airports,EXETER,JERSEY,34950,34950,0,33070,33070,0,5.684910774
26/05/2015 14:53,2014,2013,B,Other Reporting Airports,EXETER,LONDON CITY,10124,10124,0,0,0,0,
26/05/2015 14:53,2014,2013,B,Other Reporting Airports,EXETER,LUTON,89,0,89,121,0,121,-26.44628143
26/05/2015 14:53,2014,2013,B,Other Reporting Airports,EXETER,MANCHESTER,109038,108771,267,84618,84618,0,28.85910797
26/05/2015 14:53,2014,2013,B,Other Reporting Airports,EXETER,NEWCASTLE,12844,12844,0,29945,29945,0,-57.10803223
26/05/2015 14:53,2014,2013,B,Other Reporting Airports,EXETER,NEWQUAY,25,25,0,10,10,0,150
26/05/2015 14:53,2014,2013,B,Other Reporting Airports,EXETER,NORWICH,0,0,0,66,66,0,
26/05/2015 14:53,2014,2013,B,Other Reporting Airports,EXETER,SOUTHAMPTON,0,0,0,42,0,42,
26/05/2015 14:53,2014,2013,B,Other Reporting Airports,GLASGOW,ABERDEEN,98,0,98,0,0,0,
26/05/2015 14:53,2014,2013,B,Other Reporting Airports,GLASGOW,BARRA,10653,10653,0,9325,9325,0,14.24128723
26/05/2015 14:53,2014,2013,B,Other Reporting Airports,GLASGOW,BELFAST CITY (GEORGE BEST),143521,143521,0,119939,119939,0,19.66166115
26/05/2015 14:53,2014,2013,B,Other Reporting Airports,GLASGOW,BELFAST INTERNATIONAL,241671,241671,0,250813,250663,150,-3.644946575
26/05/2015 14:53,2014,2013,B,Other Reporting Airports,GLASGOW,BENBECULA,23342,23342,0,22225,22225,0,5.025871754
26/05/2015 14:53,2014,2013,B,Other Reporting Airports,GLASGOW,BIRMINGHAM,230580,230510,70,204638,204490,148,12.67702007
26/05/2015 14:53,2014,2013,B,Other Reporting Airports,GLASGOW,BOURNEMOUTH,102,0,102,0,0,0,
26/05/2015 14:53,2014,2013,B,Other Reporting Airports,GLASGOW,BRISTOL,245311,245134,177,257538,257499,39,-4.747648716
26/05/2015 14:53,2014,2013,B,Other Reporting Airports,GLASGOW,CAMPBELTOWN,9318,9318,0,9385,9385,0,-0.713905156
26/05/2015 14:53,2014,2013,B,Other Reporting Airports,GLASGOW,CARDIFF WALES,26541,26514,27,16700,16572,128,58.92814255
26/05/2015 14:53,2014,2013,B,Other Reporting Airports,GLASGOW,CITY OF DERRY (EGLINTON),13296,13296,0,0,0,0,
26/05/2015 14:53,2014,2013,B,Other Reporting Airports,GLASGOW,EAST MIDLANDS INTERNATIONAL,92299,92299,0,86380,86281,99,6.852280617
26/05/2015 14:53,2014,2013,B,Other Reporting Airports,GLASGOW,EDINBURGH,0,0,0,29,0,29,
26/05/2015 14:53,2014,2013,B,Other Reporting Airports,GLASGOW,EXETER,20796,20796,0,23818,23818,0,-12.68788338
26/05/2015 14:53,2014,2013,B,Other Reporting Airports,GLASGOW,GATWICK,615043,615043,0,608990,608990,0,0.993940771
26/05/2015 14:53,2014,2013,B,Other Reporting Airports,GLASGOW,GUERNSEY,97,0,97,793,0,793,-87.76796722
26/05/2015 14:53,2014,2013,B,Other Reporting Airports,GLASGOW,HEATHROW,871127,871127,0,871198,871198,0,-0.008149697
26/05/2015 14:53,2014,2013,B,Other Reporting Airports,GLASGOW,HUMBERSIDE,10,0,10,0,0,0,
26/05/2015 14:53,2014,2013,B,Other Reporting Airports,GLASGOW,INVERNESS,67,0,67,0,0,0,
26/05/2015 14:53,2014,2013,B,Other Reporting Airports,GLASGOW,ISLAY,27196,27196,0,25595,25595,0,6.255127907
26/05/2015 14:53,2014,2013,B,Other Reporting Airports,GLASGOW,ISLE OF MAN,7549,7549,0,4011,4011,0,88.20742798
26/05/2015 14:53,2014,2013,B,Other Reporting Airports,GLASGOW,JERSEY,33984,33984,0,36403,36403,0,-6.645056725
26/05/2015 14:53,2014,2013,B,Other Reporting Airports,GLASGOW,KIRKWALL,17345,17345,0,17588,17588,0,-1.381623864
26/05/2015 14:53,2014,2013,B,Other Reporting Airports,GLASGOW,LEEDS BRADFORD,9779,9779,0,9992,9978,14,-2.131705284
26/05/2015 14:53,2014,2013,B,Other Reporting Airports,GLASGOW,LIVERPOOL (JOHN LENNON),146,0,146,0,0,0,
26/05/2015 14:53,2014,2013,B,Other Reporting Airports,GLASGOW,LONDON CITY,208246,208246,0,176131,176131,0,18.23358727
26/05/2015 14:53,2014,2013,B,Other Reporting Airports,GLASGOW,LUTON,271909,271801,108,281806,281752,54,-3.511990547
26/05/2015 14:53,2014,2013,B,Other Reporting Airports,GLASGOW,MANCHESTER,68311,68152,159,52025,51972,53,31.30418015
26/05/2015 14:53,2014,2013,B,Other Reporting Airports,GLASGOW,NEWCASTLE,0,0,0,29,0,29,
26/05/2015 14:53,2014,2013,B,Other Reporting Airports,GLASGOW,NEWQUAY,0,0,0,1751,1751,0,
26/05/2015 14:53,2014,2013,B,Other Reporting Airports,GLASGOW,SOUTHAMPTON,173007,173007,0,182565,182456,109,-5.235395432
26/05/2015 14:53,2014,2013,B,Other Reporting Airports,GLASGOW,SOUTHEND,27,0,27,0,0,0,
26/05/2015 14:53,2014,2013,B,Other Reporting Airports,GLASGOW,STANSTED,304106,304099,7,308715,308715,0,-1.492962718
26/05/2015 14:53,2014,2013,B,Other Reporting Airports,GLASGOW,STORNOWAY,61921,61921,0,57499,57499,0,7.690568447
26/05/2015 14:53,2014,2013,B,Other Reporting Airports,GLASGOW,SUMBURGH,24496,24496,0,20109,20109,0,21.81610298
26/05/2015 14:53,2014,2013,B,Other Reporting Airports,GLASGOW,TIREE,7996,7996,0,7555,7555,0,5.837193966
26/05/2015 14:53,2014,2013,B,Other Reporting Airports,GLOUCESTERSHIRE,ISLE OF MAN,14581,14581,0,13594,13594,0,7.260556221
26/05/2015 14:53,2014,2013,B,Other Reporting Airports,GLOUCESTERSHIRE,JERSEY,560,560,0,535,535,0,4.672897339
26/05/2015 14:53,2014,2013,B,Other Reporting Airports,GUERNSEY,ALDERNEY,37046,37046,0,36614,36614,0,1.179876566
26/05/2015 14:53,2014,2013,B,Other Reporting Airports,GUERNSEY,BIRMINGHAM,24199,24117,82,21761,21536,225,11.20352936
26/05/2015 14:53,2014,2013,B,Other Reporting Airports,GUERNSEY,BRISTOL,23900,23900,0,28132,28132,0,-15.04336739
26/05/2015 14:53,2014,2013,B,Other Reporting Airports,GUERNSEY,EAST MIDLANDS INTERNATIONAL,27118,27118,0,29202,29202,0,-7.136497498
26/05/2015 14:53,2014,2013,B,Other Reporting Airports,GUERNSEY,EXETER,22293,22293,0,21722,21722,0,2.628671408
26/05/2015 14:53,2014,2013,B,Other Reporting Airports,GUERNSEY,GATWICK,316028,316028,0,348030,348030,0,-9.195184708
26/05/2015 14:53,2014,2013,B,Other Reporting Airports,GUERNSEY,GLASGOW,91,0,91,790,0,790,-88.48101044
26/05/2015 14:53,2014,2013,B,Other Reporting Airports,GUERNSEY,JERSEY,131677,131677,0,138624,138624,0,-5.011397839
26/05/2015 14:53,2014,2013,B,Other Reporting Airports,GUERNSEY,LONDON CITY,4702,4702,0,0,0,0,
26/05/2015 14:53,2014,2013,B,Other Reporting Airports,GUERNSEY,MANCHESTER,63295,63295,0,66371,66315,56,-4.634554386
26/05/2015 14:53,2014,2013,B,Other Reporting Airports,GUERNSEY,NEWCASTLE,0,0,0,304,0,304,
26/05/2015 14:53,2014,2013,B,Other Reporting Airports,GUERNSEY,NORWICH,923,923,0,1197,1197,0,-22.89056015
26/05/2015 14:53,2014,2013,B,Other Reporting Airports,GUERNSEY,SOUTHAMPTON,178950,178950,0,134440,134375,65,33.10770416
26/05/2015 14:53,2014,2013,B,Other Reporting Airports,GUERNSEY,STANSTED,21762,21762,0,19292,19292,0,12.8032341
26/05/2015 14:53,2014,2013,B,Other Reporting Airports,HUMBERSIDE,ABERDEEN,38419,38419,0,35889,35882,7,7.049513817
26/05/2015 14:53,2014,2013,B,Other Reporting Airports,HUMBERSIDE,CARDIFF WALES,211,0,211,142,0,142,48.59154892
26/05/2015 14:53,2014,2013,B,Other Reporting Airports,HUMBERSIDE,GATWICK,36,0,36,33,0,33,9.090909004
26/05/2015 14:53,2014,2013,B,Other Reporting Airports,HUMBERSIDE,ISLE OF MAN,0,0,0,30,0,30,
26/05/2015 14:53,2014,2013,B,Other Reporting Airports,HUMBERSIDE,JERSEY,2550,2550,0,2175,2175,0,17.24137878
26/05/2015 14:53,2014,2013,B,Other Reporting Airports,HUMBERSIDE,LEEDS BRADFORD,91,0,91,0,0,0,
26/05/2015 14:53,2014,2013,B,Other Reporting Airports,HUMBERSIDE,LUTON,80,0,80,76,0,76,5.263157845
26/05/2015 14:53,2014,2013,B,Other Reporting Airports,HUMBERSIDE,NEWCASTLE,33,0,33,0,0,0,
26/05/2015 14:53,2014,2013,B,Other Reporting Airports,HUMBERSIDE,NORWICH,324,261,63,864,784,80,-62.5
26/05/2015 14:53,2014,2013,B,Other Reporting Airports,HUMBERSIDE,SOUTHAMPTON,37,0,37,64,0,64,-42.1875
26/05/2015 14:53,2014,2013,B,Other Reporting Airports,HUMBERSIDE,STANSTED,142,0,142,32,0,32,343.75
26/05/2015 14:53,2014,2013,B,Other Reporting Airports,INVERNESS,ABERDEEN,0,0,0,42,0,42,
26/05/2015 14:53,2014,2013,B,Other Reporting Airports,INVERNESS,BELFAST CITY (GEORGE BEST),27376,27376,0,23447,23447,0,16.75694084
26/05/2015 14:53,2014,2013,B,Other Reporting Airports,INVERNESS,BENBECULA,5985,5985,0,1597,1597,0,274.7651978
26/05/2015 14:53,2014,2013,B,Other Reporting Airports,INVERNESS,BIRMINGHAM,41234,41234,0,34957,34861,96,17.95634651
26/05/2015 14:53,2014,2013,B,Other Reporting Airports,INVERNESS,BRISTOL,77550,77550,0,81208,81208,0,-4.504482269
26/05/2015 14:53,2014,2013,B,Other Reporting Airports,INVERNESS,EDINBURGH,154,139,15,144,131,13,6.944444656
26/05/2015 14:53,2014,2013,B,Other Reporting Airports,INVERNESS,FARNBOROUGH,0,0,0,119,0,119,
26/05/2015 14:53,2014,2013,B,Other Reporting Airports,INVERNESS,GATWICK,193713,193615,98,221201,221201,0,-12.42670727
26/05/2015 14:53,2014,2013,B,Other Reporting Airports,INVERNESS,GLASGOW,67,0,67,0,0,0,
26/05/2015 14:53,2014,2013,B,Other Reporting Airports,INVERNESS,JERSEY,1790,1790,0,1717,1717,0,4.251601696
26/05/2015 14:53,2014,2013,B,Other Reporting Airports,INVERNESS,KIRKWALL,19111,19111,0,19204,19204,0,-0.484274119
26/05/2015 14:53,2014,2013,B,Other Reporting Airports,INVERNESS,LONDON CITY,7478,7478,0,42,0,42,17704.76172
26/05/2015 14:53,2014,2013,B,Other Reporting Airports,INVERNESS,LUTON,90577,90561,16,93066,93066,0,-2.674446106
26/05/2015 14:53,2014,2013,B,Other Reporting Airports,INVERNESS,MANCHESTER,70462,70439,23,55790,55624,166,26.29862022
26/05/2015 14:53,2014,2013,B,Other Reporting Airports,INVERNESS,NEWCASTLE,0,0,0,15,0,15,
26/05/2015 14:53,2014,2013,B,Other Reporting Airports,INVERNESS,STORNOWAY,29139,28649,490,33184,32490,694,-12.18960953
26/05/2015 14:53,2014,2013,B,Other Reporting Airports,INVERNESS,SUMBURGH,3401,3401,0,3263,3263,0,4.22923708
26/05/2015 14:53,2014,2013,B,Other Reporting Airports,INVERNESS,WICK JOHN O GROATS,22,22,0,0,0,0,
26/05/2015 14:53,2014,2013,B,Other Reporting Airports,ISLAY,CAMPBELTOWN,0,0,0,44,44,0,
26/05/2015 14:53,2014,2013,B,Other Reporting Airports,ISLAY,GLASGOW,26913,26913,0,25185,25185,0,6.861227036
26/05/2015 14:53,2014,2013,B,Other Reporting Airports,ISLE OF MAN,ANGLESEY (VALLEY),0,0,0,46,46,0,
26/05/2015 14:53,2014,2013,B,Other Reporting Airports,ISLE OF MAN,BELFAST CITY (GEORGE BEST),25409,25409,0,26074,26022,52,-2.550433397
26/05/2015 14:53,2014,2013,B,Other Reporting Airports,ISLE OF MAN,BIRMINGHAM,44735,44735,0,41738,41738,0,7.180507183
26/05/2015 14:53,2014,2013,B,Other Reporting Airports,ISLE OF MAN,BLACKPOOL,14022,14022,0,18640,18640,0,-24.77467728
26/05/2015 14:53,2014,2013,B,Other Reporting Airports,ISLE OF MAN,BRISTOL,0,0,0,5121,5121,0,
26/05/2015 14:53,2014,2013,B,Other Reporting Airports,ISLE OF MAN,DONCASTER SHEFFIELD,1050,1050,0,0,0,0,
26/05/2015 14:53,2014,2013,B,Other Reporting Airports,ISLE OF MAN,EDINBURGH,0,0,0,4082,4082,0,
26/05/2015 14:53,2014,2013,B,Other Reporting Airports,ISLE OF MAN,GATWICK,151118,151118,0,184414,184414,0,-18.05502892
26/05/2015 14:53,2014,2013,B,Other Reporting Airports,ISLE OF MAN,GLASGOW,7658,7658,0,3977,3977,0,92.5572052
26/05/2015 14:53,2014,2013,B,Other Reporting Airports,ISLE OF MAN,GLOUCESTERSHIRE,14584,14584,0,13624,13624,0,7.046388626
26/05/2015 14:53,2014,2013,B,Other Reporting Airports,ISLE OF MAN,HUMBERSIDE,0,0,0,62,0,62,
26/05/2015 14:53,2014,2013,B,Other Reporting Airports,ISLE OF MAN,JERSEY,0,0,0,174,174,0,
26/05/2015 14:53,2014,2013,B,Other Reporting Airports,ISLE OF MAN,LEEDS BRADFORD,0,0,0,462,462,0,
26/05/2015 14:53,2014,2013,B,Other Reporting Airports,ISLE OF MAN,LIVERPOOL (JOHN LENNON),198243,198243,0,204817,204817,0,-3.209694624
26/05/2015 14:53,2014,2013,B,Other Reporting Airports,ISLE OF MAN,LONDON CITY,62742,62742,0,45218,45152,66,38.75447845
26/05/2015 14:53,2014,2013,B,Other Reporting Airports,ISLE OF MAN,LUTON,0,0,0,9640,9640,0,
26/05/2015 14:53,2014,2013,B,Other Reporting Airports,ISLE OF MAN,MANCHESTER,163666,163666,0,132469,132261,208,23.55041504
26/05/2015 14:53,2014,2013,B,Other Reporting Airports,ISLE OF MAN,NEWCASTLE,4573,4573,0,4809,4809,0,-4.907464981
26/05/2015 14:53,2014,2013,B,Other Reporting Airports,ISLE OF MAN,NORWICH,0,0,0,987,987,0,
26/05/2015 14:53,2014,2013,B,Other Reporting Airports,ISLE OF MAN,OXFORD (KIDLINGTON),0,0,0,133,133,0,
26/05/2015 14:53,2014,2013,B,Other Reporting Airports,ISLE OF MAN,SOUTHAMPTON,0,0,0,1932,1932,0,
26/05/2015 14:53,2014,2013,B,Other Reporting Airports,JERSEY,ABERDEEN,19567,19567,0,2205,2205,0,787.3922729
26/05/2015 14:53,2014,2013,B,Other Reporting Airports,JERSEY,ALDERNEY,30,30,0,653,653,0,-95.40582275
26/05/2015 14:53,2014,2013,B,Other Reporting Airports,JERSEY,BELFAST CITY (GEORGE BEST),0,0,0,1300,1300,0,
26/05/2015 14:53,2014,2013,B,Other Reporting Airports,JERSEY,BELFAST INTERNATIONAL,6171,6171,0,9061,9061,0,-31.8949337
26/05/2015 14:53,2014,2013,B,Other Reporting Airports,JERSEY,BIRMINGHAM,62119,62119,0,54973,54973,0,12.99910831
26/05/2015 14:53,2014,2013,B,Other Reporting Airports,JERSEY,BOURNEMOUTH,0,0,0,159,159,0,
26/05/2015 14:53,2014,2013,B,Other Reporting Airports,JERSEY,BRISTOL,35136,35136,0,39431,39431,0,-10.89244461
26/05/2015 14:53,2014,2013,B,Other Reporting Airports,JERSEY,CAMBRIDGE,1488,1196,292,1121,0,1121,32.73862457
26/05/2015 14:53,2014,2013,B,Other Reporting Airports,JERSEY,CARDIFF WALES,7891,7891,0,10695,10695,0,-26.21785927
26/05/2015 14:53,2014,2013,B,Other Reporting Airports,JERSEY,DONCASTER SHEFFIELD,3198,3198,0,3401,3401,0,-5.968832493
26/05/2015 14:53,2014,2013,B,Other Reporting Airports,JERSEY,DUNDEE,1552,1552,0,1674,0,1674,-7.287932873
26/05/2015 14:53,2014,2013,B,Other Reporting Airports,JERSEY,DURHAM TEES VALLEY,2141,2141,0,1869,1869,0,14.55323696
26/05/2015 14:53,2014,2013,B,Other Reporting Airports,JERSEY,EAST MIDLANDS INTERNATIONAL,35534,32132,3402,26119,26119,0,36.04655457
26/05/2015 14:53,2014,2013,B,Other Reporting Airports,JERSEY,EDINBURGH,3091,3067,24,9117,9117,0,-66.09630585
26/05/2015 14:53,2014,2013,B,Other Reporting Airports,JERSEY,EXETER,37568,37568,0,34773,34773,0,8.037845612
26/05/2015 14:53,2014,2013,B,Other Reporting Airports,JERSEY,GATWICK,601596,601517,79,533581,533581,0,12.74689293
26/05/2015 14:53,2014,2013,B,Other Reporting Airports,JERSEY,GLASGOW,33544,33544,0,35653,35653,0,-5.915350914
26/05/2015 14:53,2014,2013,B,Other Reporting Airports,JERSEY,GLOUCESTERSHIRE,606,606,0,544,544,0,11.39705849
26/05/2015 14:53,2014,2013,B,Other Reporting Airports,JERSEY,GUERNSEY,127646,127600,46,139670,139670,0,-8.608863831
26/05/2015 14:53,2014,2013,B,Other Reporting Airports,JERSEY,HUMBERSIDE,2594,2594,0,2205,2205,0,17.64172363
26/05/2015 14:53,2014,2013,B,Other Reporting Airports,JERSEY,INVERNESS,1771,1771,0,1734,1734,0,2.133794785
26/05/2015 14:53,2014,2013,B,Other Reporting Airports,JERSEY,ISLE OF MAN,0,0,0,177,177,0,
26/05/2015 14:53,2014,2013,B,Other Reporting Airports,JERSEY,LEEDS BRADFORD,16224,16224,0,16104,16104,0,0.745156467
26/05/2015 14:53,2014,2013,B,Other Reporting Airports,JERSEY,LIVERPOOL (JOHN LENNON),91039,91039,0,86442,86442,0,5.318016529
26/05/2015 14:53,2014,2013,B,Other Reporting Airports,JERSEY,LONDON CITY,35892,35892,0,33926,33926,0,5.794965744
26/05/2015 14:53,2014,2013,B,Other Reporting Airports,JERSEY,LUTON,11,0,11,9009,9009,0,-99.87789917
26/05/2015 14:53,2014,2013,B,Other Reporting Airports,JERSEY,MANCHESTER,56693,53241,3452,51168,51168,0,10.79776382
26/05/2015 14:53,2014,2013,B,Other Reporting Airports,JERSEY,NEWCASTLE,14720,14720,0,17878,17878,0,-17.6641674
26/05/2015 14:53,2014,2013,B,Other Reporting Airports,JERSEY,NORWICH,2786,2786,0,2747,2747,0,1.419730663
26/05/2015 14:53,2014,2013,B,Other Reporting Airports,JERSEY,OXFORD (KIDLINGTON),1090,1090,0,92,92,0,1084.782593
26/05/2015 14:53,2014,2013,B,Other Reporting Airports,JERSEY,SOUTHAMPTON,154962,154962,0,160314,160314,0,-3.338448286
26/05/2015 14:53,2014,2013,B,Other Reporting Airports,JERSEY,SOUTHEND,21876,21876,0,52609,52609,0,-58.41776276
26/05/2015 14:53,2014,2013,B,Other Reporting Airports,JERSEY,STANSTED,12308,12308,0,8766,8766,0,40.40611267
26/05/2015 14:53,2014,2013,B,Other Reporting Airports,KIRKWALL,ABERDEEN,48927,48722,205,48577,48298,279,0.720505595
26/05/2015 14:53,2014,2013,B,Other Reporting Airports,KIRKWALL,EDAY,563,563,0,750,750,0,-24.93333244
26/05/2015 14:53,2014,2013,B,Other Reporting Airports,KIRKWALL,EDINBURGH,45419,45419,0,43569,43569,0,4.246138096
26/05/2015 14:53,2014,2013,B,Other Reporting Airports,KIRKWALL,GLASGOW,17291,17291,0,17626,17626,0,-1.900601387
26/05/2015 14:53,2014,2013,B,Other Reporting Airports,KIRKWALL,INVERNESS,9616,9616,0,10058,10058,0,-4.3945117
26/05/2015 14:53,2014,2013,B,Other Reporting Airports,KIRKWALL,NORTH RONALDSAY,6003,6003,0,6570,6570,0,-8.630137444
26/05/2015 14:53,2014,2013,B,Other Reporting Airports,KIRKWALL,PAPA WESTRAY,4520,4520,0,4190,4190,0,7.875895023
26/05/2015 14:53,2014,2013,B,Other Reporting Airports,KIRKWALL,SANDAY,2905,2905,0,2921,2921,0,-0.547757626
26/05/2015 14:53,2014,2013,B,Other Reporting Airports,KIRKWALL,STRONSAY,3274,3274,0,3084,3084,0,6.160830021
26/05/2015 14:53,2014,2013,B,Other Reporting Airports,KIRKWALL,SUMBURGH,8828,8828,0,8739,8739,0,1.0184232
26/05/2015 14:53,2014,2013,B,Other Reporting Airports,KIRKWALL,WESTRAY,3496,3496,0,3365,3365,0,3.893016338
26/05/2015 14:53,2014,2013,B,Other Reporting Airports,LEEDS BRADFORD,ABERDEEN,23082,23046,36,14962,14962,0,54.27082062
26/05/2015 14:53,2014,2013,B,Other Reporting Airports,LEEDS BRADFORD,BELFAST CITY (GEORGE BEST),156265,156265,0,130868,130573,295,19.40657806
26/05/2015 14:53,2014,2013,B,Other Reporting Airports,LEEDS BRADFORD,BELFAST INTERNATIONAL,95,0,95,22691,22691,0,-99.58132935
26/05/2015 14:53,2014,2013,B,Other Reporting Airports,LEEDS BRADFORD,BOURNEMOUTH,33,0,33,0,0,0,
26/05/2015 14:53,2014,2013,B,Other Reporting Airports,LEEDS BRADFORD,BRISTOL,72,0,72,970,970,0,-92.57731628
26/05/2015 14:53,2014,2013,B,Other Reporting Airports,LEEDS BRADFORD,CARDIFF WALES,0,0,0,93,0,93,
26/05/2015 14:53,2014,2013,B,Other Reporting Airports,LEEDS BRADFORD,GATWICK,70,0,70,58,0,58,20.6896553
26/05/2015 14:53,2014,2013,B,Other Reporting Airports,LEEDS BRADFORD,GLASGOW,9714,9714,0,9953,9939,14,-2.401286125
26/05/2015 14:53,2014,2013,B,Other Reporting Airports,LEEDS BRADFORD,HEATHROW,131525,131525,0,117988,117988,0,11.4732008
26/05/2015 14:53,2014,2013,B,Other Reporting Airports,LEEDS BRADFORD,ISLE OF MAN,0,0,0,455,455,0,
26/05/2015 14:53,2014,2013,B,Other Reporting Airports,LEEDS BRADFORD,JERSEY,21581,21581,0,16117,16117,0,33.90209198
26/05/2015 14:53,2014,2013,B,Other Reporting Airports,LEEDS BRADFORD,LUTON,10,0,10,162,0,162,-93.8271637
26/05/2015 14:53,2014,2013,B,Other Reporting Airports,LEEDS BRADFORD,SOUTH MARSTON,0,0,0,45,0,45,
26/05/2015 14:53,2014,2013,B,Other Reporting Airports,LEEDS BRADFORD,SOUTHAMPTON,27317,27317,0,59650,59650,0,-54.20452499
26/05/2015 14:53,2014,2013,B,Other Reporting Airports,LEEDS BRADFORD,STANSTED,0,0,0,80,0,80,
26/05/2015 14:53,2014,2013,B,Other Reporting Airports,LERWICK (TINGWALL),FAIR ISLE,2436,2436,0,2364,2364,0,3.045685291
26/05/2015 14:53,2014,2013,B,Other Reporting Airports,LERWICK (TINGWALL),FOULA,971,971,0,1211,1211,0,-19.81833267
26/05/2015 14:53,2014,2013,B,Other Reporting Airports,LERWICK (TINGWALL),OUT SKERRIES,132,130,2,180,180,0,-26.66666603
26/05/2015 14:53,2014,2013,B,Other Reporting Airports,LERWICK (TINGWALL),PAPA STOUR,28,28,0,29,29,0,-3.448275805
26/05/2015 14:53,2014,2013,B,Other Reporting Airports,LERWICK (TINGWALL),WHALSAY,10,10,0,0,0,0,
26/05/2015 14:53,2014,2013,B,Other Reporting Airports,LIVERPOOL (JOHN LENNON),ABERDEEN,23,0,23,0,0,0,
26/05/2015 14:53,2014,2013,B,Other Reporting Airports,LIVERPOOL (JOHN LENNON),BELFAST INTERNATIONAL,415542,415542,0,410649,410649,0,1.191528559
26/05/2015 14:53,2014,2013,B,Other Reporting Airports,LIVERPOOL (JOHN LENNON),BIGGIN HILL,72,0,72,61,0,61,18.03278732
26/05/2015 14:53,2014,2013,B,Other Reporting Airports,LIVERPOOL (JOHN LENNON),BOURNEMOUTH,251,0,251,0,0,0,
26/05/2015 14:53,2014,2013,B,Other Reporting Airports,LIVERPOOL (JOHN LENNON),CARDIFF WALES,727,0,727,293,0,293,148.1228638
26/05/2015 14:53,2014,2013,B,Other Reporting Airports,LIVERPOOL (JOHN LENNON),CITY OF DERRY (EGLINTON),81023,81023,0,89557,89557,0,-9.529127121
26/05/2015 14:53,2014,2013,B,Other Reporting Airports,LIVERPOOL (JOHN LENNON),DURHAM TEES VALLEY,0,0,0,63,0,63,
26/05/2015 14:53,2014,2013,B,Other Reporting Airports,LIVERPOOL (JOHN LENNON),FARNBOROUGH,210,0,210,299,0,299,-29.76588631
26/05/2015 14:53,2014,2013,B,Other Reporting Airports,LIVERPOOL (JOHN LENNON),GATWICK,204,0,204,173,0,173,17.91907501
26/05/2015 14:53,2014,2013,B,Other Reporting Airports,LIVERPOOL (JOHN LENNON),GLASGOW,146,0,146,0,0,0,
26/05/2015 14:53,2014,2013,B,Other Reporting Airports,LIVERPOOL (JOHN LENNON),HEATHROW,108,0,108,62,0,62,74.19355011
26/05/2015 14:53,2014,2013,B,Other Reporting Airports,LIVERPOOL (JOHN LENNON),ISLE OF MAN,196902,196902,0,202489,202457,32,-2.759162188
26/05/2015 14:53,2014,2013,B,Other Reporting Airports,LIVERPOOL (JOHN LENNON),JERSEY,91012,91012,0,86884,86835,49,4.751162529
26/05/2015 14:53,2014,2013,B,Other Reporting Airports,LIVERPOOL (JOHN LENNON),LUTON,144,0,144,112,0,112,28.5714283
26/05/2015 14:53,2014,2013,B,Other Reporting Airports,LIVERPOOL (JOHN LENNON),NEWCASTLE,278,0,278,326,0,326,-14.72392654
26/05/2015 14:53,2014,2013,B,Other Reporting Airports,LIVERPOOL (JOHN LENNON),NEWQUAY,5190,5190,0,5848,5848,0,-11.25170994
26/05/2015 14:53,2014,2013,B,Other Reporting Airports,LIVERPOOL (JOHN LENNON),NORWICH,168,0,168,220,0,220,-23.63636398
26/05/2015 14:53,2014,2013,B,Other Reporting Airports,LIVERPOOL (JOHN LENNON),PRESTWICK,85,0,85,0,0,0,
26/05/2015 14:53,2014,2013,B,Other Reporting Airports,LIVERPOOL (JOHN LENNON),SOUTHAMPTON,300,0,300,233,0,233,28.75536537
26/05/2015 14:53,2014,2013,B,Other Reporting Airports,LIVERPOOL (JOHN LENNON),STANSTED,246,0,246,217,0,217,13.36405563
26/05/2015 14:53,2014,2013,B,Other Reporting Airports,MANCHESTER,ABERDEEN,224331,222181,2150,201490,198138,3352,11.33604622
26/05/2015 14:53,2014,2013,B,Other Reporting Airports,MANCHESTER,BELFAST CITY (GEORGE BEST),295946,295946,0,279093,279093,0,6.038488865
26/05/2015 14:53,2014,2013,B,Other Reporting Airports,MANCHESTER,BELFAST INTERNATIONAL,203178,203178,0,188402,188402,0,7.842804432
26/05/2015 14:53,2014,2013,B,Other Reporting Airports,MANCHESTER,BIRMINGHAM,34,0,34,0,0,0,
26/05/2015 14:53,2014,2013,B,Other Reporting Airports,MANCHESTER,BOURNEMOUTH,185,0,185,132,0,132,40.15151596
26/05/2015 14:53,2014,2013,B,Other Reporting Airports,MANCHESTER,BRISTOL,0,0,0,65,0,65,
26/05/2015 14:53,2014,2013,B,Other Reporting Airports,MANCHESTER,CAMBRIDGE,70,0,70,0,0,0,
26/05/2015 14:53,2014,2013,B,Other Reporting Airports,MANCHESTER,CARDIFF WALES,623,0,623,596,0,596,4.530201435
26/05/2015 14:53,2014,2013,B,Other Reporting Airports,MANCHESTER,EAST MIDLANDS INTERNATIONAL,54,0,54,0,0,0,
26/05/2015 14:53,2014,2013,B,Other Reporting Airports,MANCHESTER,EDINBURGH,108448,108392,56,118056,118056,0,-8.138510704
26/05/2015 14:53,2014,2013,B,Other Reporting Airports,MANCHESTER,EXETER,108148,108148,0,83645,83645,0,29.29404068
26/05/2015 14:53,2014,2013,B,Other Reporting Airports,MANCHESTER,FARNBOROUGH,309,0,309,290,0,290,6.551723957
26/05/2015 14:53,2014,2013,B,Other Reporting Airports,MANCHESTER,GATWICK,346,0,346,41142,41052,90,-99.15901184
26/05/2015 14:53,2014,2013,B,Other Reporting Airports,MANCHESTER,GLASGOW,67653,67552,101,51419,51419,0,31.57198715
26/05/2015 14:53,2014,2013,B,Other Reporting Airports,MANCHESTER,GUERNSEY,63122,63122,0,66265,66265,0,-4.743076801
26/05/2015 14:53,2014,2013,B,Other Reporting Airports,MANCHESTER,HAWARDEN,0,0,0,7,0,7,
26/05/2015 14:53,2014,2013,B,Other Reporting Airports,MANCHESTER,HEATHROW,872081,872046,35,793364,793191,173,9.921927452
26/05/2015 14:53,2014,2013,B,Other Reporting Airports,MANCHESTER,INVERNESS,70153,70153,0,55433,55413,20,26.55457878
26/05/2015 14:53,2014,2013,B,Other Reporting Airports,MANCHESTER,ISLE OF MAN,163202,163202,0,131007,130931,76,24.57502365
26/05/2015 14:53,2014,2013,B,Other Reporting Airports,MANCHESTER,JERSEY,56820,56820,0,50901,50901,0,11.62845516
26/05/2015 14:53,2014,2013,B,Other Reporting Airports,MANCHESTER,LUTON,204,0,204,194,0,194,5.154639244
26/05/2015 14:53,2014,2013,B,Other Reporting Airports,MANCHESTER,NEWCASTLE,849,0,849,726,0,726,16.94214821
26/05/2015 14:53,2014,2013,B,Other Reporting Airports,MANCHESTER,NEWQUAY,44541,44541,0,32570,32570,0,36.75468063
26/05/2015 14:53,2014,2013,B,Other Reporting Airports,MANCHESTER,NORWICH,29668,29568,100,30302,30084,218,-2.09227109
26/05/2015 14:53,2014,2013,B,Other Reporting Airports,MANCHESTER,SOUTHAMPTON,157807,157626,181,121044,120894,150,30.3716011
26/05/2015 14:53,2014,2013,B,Other Reporting Airports,MANCHESTER,STANSTED,574,0,574,553,0,553,3.797468424
26/05/2015 14:53,2014,2013,B,Other Reporting Airports,MANCHESTER,STORNOWAY,0,0,0,166,0,166,
26/05/2015 14:53,2014,2013,B,Other Reporting Airports,MANSTON (KENT INT),NEWCASTLE,0,0,0,243,0,243,
26/05/2015 14:53,2014,2013,B,Other Reporting Airports,NEWCASTLE,ABERDEEN,41058,41019,39,41275,41204,71,-0.525741994
26/05/2015 14:53,2014,2013,B,Other Reporting Airports,NEWCASTLE,BELFAST CITY (GEORGE BEST),29066,29041,25,41784,41784,0,-30.43748856
26/05/2015 14:53,2014,2013,B,Other Reporting Airports,NEWCASTLE,BELFAST INTERNATIONAL,195751,195751,0,190934,190934,0,2.522861242
26/05/2015 14:53,2014,2013,B,Other Reporting Airports,NEWCASTLE,BIGGIN HILL,103,0,103,70,0,70,47.1428566
26/05/2015 14:53,2014,2013,B,Other Reporting Airports,NEWCASTLE,BIRMINGHAM,8484,7855,629,8619,8063,556,-1.566306949
26/05/2015 14:53,2014,2013,B,Other Reporting Airports,NEWCASTLE,BOURNEMOUTH,0,0,0,39,0,39,
26/05/2015 14:53,2014,2013,B,Other Reporting Airports,NEWCASTLE,BRISTOL,173524,173444,80,174302,174228,74,-0.446351737
26/05/2015 14:53,2014,2013,B,Other Reporting Airports,NEWCASTLE,CAMBRIDGE,0,0,0,124,0,124,
26/05/2015 14:53,2014,2013,B,Other Reporting Airports,NEWCASTLE,CARDIFF WALES,11791,11176,615,12038,11466,572,-2.051835775
26/05/2015 14:53,2014,2013,B,Other Reporting Airports,NEWCASTLE,EAST MIDLANDS INTERNATIONAL,264,0,264,0,0,0,
26/05/2015 14:53,2014,2013,B,Other Reporting Airports,NEWCASTLE,EXETER,12643,12643,0,29595,29595,0,-57.27994537
26/05/2015 14:53,2014,2013,B,Other Reporting Airports,NEWCASTLE,FARNBOROUGH,170,0,170,449,0,449,-62.13808441
26/05/2015 14:53,2014,2013,B,Other Reporting Airports,NEWCASTLE,GATWICK,105314,105082,232,81644,81243,401,28.9917202
26/05/2015 14:53,2014,2013,B,Other Reporting Airports,NEWCASTLE,GUERNSEY,0,0,0,304,0,304,
26/05/2015 14:53,2014,2013,B,Other Reporting Airports,NEWCASTLE,HEATHROW,476639,476281,358,479354,478936,418,-0.566387236
26/05/2015 14:53,2014,2013,B,Other Reporting Airports,NEWCASTLE,INVERNESS,0,0,0,15,0,15,
26/05/2015 14:53,2014,2013,B,Other Reporting Airports,NEWCASTLE,ISLE OF MAN,4537,4537,0,4795,4795,0,-5.380604744
26/05/2015 14:53,2014,2013,B,Other Reporting Airports,NEWCASTLE,JERSEY,14724,14724,0,18002,18002,0,-18.20908737
26/05/2015 14:53,2014,2013,B,Other Reporting Airports,NEWCASTLE,LEEDS BRADFORD,19,19,0,0,0,0,
26/05/2015 14:53,2014,2013,B,Other Reporting Airports,NEWCASTLE,LIVERPOOL (JOHN LENNON),295,0,295,318,0,318,-7.232704639
26/05/2015 14:53,2014,2013,B,Other Reporting Airports,NEWCASTLE,LUTON,595,0,595,305,0,305,95.08197021
26/05/2015 14:53,2014,2013,B,Other Reporting Airports,NEWCASTLE,MANCHESTER,752,0,752,739,0,739,1.759133935
26/05/2015 14:53,2014,2013,B,Other Reporting Airports,NEWCASTLE,NEWQUAY,2406,2406,0,2384,2384,0,0.92281878
26/05/2015 14:53,2014,2013,B,Other Reporting Airports,NEWCASTLE,NORWICH,106,0,106,298,0,298,-64.42952728
26/05/2015 14:53,2014,2013,B,Other Reporting Airports,NEWCASTLE,SOUTHAMPTON,99501,99134,367,91064,90680,384,9.264912605
26/05/2015 14:53,2014,2013,B,Other Reporting Airports,NEWCASTLE,STANSTED,513,0,513,542,0,542,-5.350553513
26/05/2015 14:53,2014,2013,B,Other Reporting Airports,NEWQUAY,BELFAST CITY (GEORGE BEST),1559,1559,0,2152,2152,0,-27.55576134
26/05/2015 14:53,2014,2013,B,Other Reporting Airports,NEWQUAY,BIRMINGHAM,17952,17952,0,0,0,0,
26/05/2015 14:53,2014,2013,B,Other Reporting Airports,NEWQUAY,EDINBURGH,2250,2250,0,4403,4403,0,-48.89847946
26/05/2015 14:53,2014,2013,B,Other Reporting Airports,NEWQUAY,GATWICK,103363,103363,0,91725,91725,0,12.68792629
26/05/2015 14:53,2014,2013,B,Other Reporting Airports,NEWQUAY,GLASGOW,0,0,0,1763,1763,0,
26/05/2015 14:53,2014,2013,B,Other Reporting Airports,NEWQUAY,ISLES OF SCILLY (ST.MARYS),29591,29591,0,22093,22093,0,33.93835068
26/05/2015 14:53,2014,2013,B,Other Reporting Airports,NEWQUAY,LIVERPOOL (JOHN LENNON),5173,5173,0,5611,5611,0,-7.806095123
26/05/2015 14:53,2014,2013,B,Other Reporting Airports,NEWQUAY,MANCHESTER,44817,44817,0,33018,33018,0,35.73505402
26/05/2015 14:53,2014,2013,B,Other Reporting Airports,NEWQUAY,NEWCASTLE,2407,2407,0,2378,2378,0,1.219512224
26/05/2015 14:53,2014,2013,B,Other Reporting Airports,NEWQUAY,NORWICH,0,0,0,1907,1907,0,
26/05/2015 14:53,2014,2013,B,Other Reporting Airports,NEWQUAY,SOUTHEND,7132,7132,0,6569,6569,0,8.570558548
26/05/2015 14:53,2014,2013,B,Other Reporting Airports,NORWICH,ABERDEEN,58091,58091,0,62375,62359,16,-6.868136406
26/05/2015 14:53,2014,2013,B,Other Reporting Airports,NORWICH,BIRMINGHAM,28,0,28,63,0,63,-55.55555725
26/05/2015 14:53,2014,2013,B,Other Reporting Airports,NORWICH,BLACKPOOL,36,0,36,0,0,0,
26/05/2015 14:53,2014,2013,B,Other Reporting Airports,NORWICH,CARDIFF WALES,135,0,135,115,0,115,17.39130402
26/05/2015 14:53,2014,2013,B,Other Reporting Airports,NORWICH,EDINBURGH,28126,28126,0,24543,24543,0,14.59886742
26/05/2015 14:53,2014,2013,B,Other Reporting Airports,NORWICH,EXETER,0,0,0,66,66,0,
26/05/2015 14:53,2014,2013,B,Other Reporting Airports,NORWICH,FARNBOROUGH,121,0,121,104,0,104,16.34615326
26/05/2015 14:53,2014,2013,B,Other Reporting Airports,NORWICH,GATWICK,0,0,0,63,0,63,
26/05/2015 14:53,2014,2013,B,Other Reporting Airports,NORWICH,GUERNSEY,926,926,0,1196,1196,0,-22.57525063
26/05/2015 14:53,2014,2013,B,Other Reporting Airports,NORWICH,HUMBERSIDE,77,14,63,33,0,33,133.3333282
26/05/2015 14:53,2014,2013,B,Other Reporting Airports,NORWICH,ISLE OF MAN,0,0,0,984,984,0,
26/05/2015 14:53,2014,2013,B,Other Reporting Airports,NORWICH,JERSEY,2764,2764,0,2748,2748,0,0.582241654
26/05/2015 14:53,2014,2013,B,Other Reporting Airports,NORWICH,LIVERPOOL (JOHN LENNON),0,0,0,185,0,185,
26/05/2015 14:53,2014,2013,B,Other Reporting Airports,NORWICH,LUTON,57,0,57,0,0,0,
26/05/2015 14:53,2014,2013,B,Other Reporting Airports,NORWICH,MANCHESTER,29625,29345,280,30272,30101,171,-2.13728857
26/05/2015 14:53,2014,2013,B,Other Reporting Airports,NORWICH,NEWCASTLE,104,0,104,144,0,144,-27.77777863
26/05/2015 14:53,2014,2013,B,Other Reporting Airports,NORWICH,NEWQUAY,0,0,0,1937,1934,3,
26/05/2015 14:53,2014,2013,B,Other Reporting Airports,NORWICH,SOUTHAMPTON,0,0,0,107,0,107,
26/05/2015 14:53,2014,2013,B,Other Reporting Airports,NORWICH,WARTON,0,0,0,6,6,0,
26/05/2015 14:53,2014,2013,B,Other Reporting Airports,OXFORD (KIDLINGTON),EDINBURGH,0,0,0,4130,4130,0,
26/05/2015 14:53,2014,2013,B,Other Reporting Airports,OXFORD (KIDLINGTON),ISLE OF MAN,0,0,0,132,132,0,
26/05/2015 14:53,2014,2013,B,Other Reporting Airports,OXFORD (KIDLINGTON),JERSEY,1099,1099,0,103,103,0,966.9902954
26/05/2015 14:53,2014,2013,B,Other Reporting Airports,OXFORD (KIDLINGTON),LUTON,0,0,0,23,0,23,
26/05/2015 14:53,2014,2013,B,Other Reporting Airports,PRESTWICK,CITY OF DERRY (EGLINTON),52092,52092,0,69539,69539,0,-25.08951759
26/05/2015 14:53,2014,2013,B,Other Reporting Airports,PRESTWICK,LIVERPOOL (JOHN LENNON),85,0,85,0,0,0,
26/05/2015 14:53,2014,2013,B,Other Reporting Airports,SCATSTA,ABERDEEN,151028,0,151028,161084,0,161084,-6.242705822
26/05/2015 14:53,2014,2013,B,Other Reporting Airports,SOUTHAMPTON,ABERDEEN,17936,17936,0,8110,8110,0,121.1590652
26/05/2015 14:53,2014,2013,B,Other Reporting Airports,SOUTHAMPTON,ALDERNEY,24185,24185,0,25634,25634,0,-5.652648926
26/05/2015 14:53,2014,2013,B,Other Reporting Airports,SOUTHAMPTON,BELFAST CITY (GEORGE BEST),107689,107689,0,86443,86236,207,24.57804489
26/05/2015 14:53,2014,2013,B,Other Reporting Airports,SOUTHAMPTON,BIRMINGHAM,0,0,0,59,0,59,
26/05/2015 14:53,2014,2013,B,Other Reporting Airports,SOUTHAMPTON,EDINBURGH,203191,203191,0,207767,207767,0,-2.202467203
26/05/2015 14:53,2014,2013,B,Other Reporting Airports,SOUTHAMPTON,GLASGOW,173014,173014,0,182256,182101,155,-5.070889473
26/05/2015 14:53,2014,2013,B,Other Reporting Airports,SOUTHAMPTON,GUERNSEY,179833,179833,0,135260,135205,55,32.95357132
26/05/2015 14:53,2014,2013,B,Other Reporting Airports,SOUTHAMPTON,HAWARDEN,0,0,0,9,0,9,
26/05/2015 14:53,2014,2013,B,Other Reporting Airports,SOUTHAMPTON,HUMBERSIDE,37,0,37,65,0,65,-43.07692337
26/05/2015 14:53,2014,2013,B,Other Reporting Airports,SOUTHAMPTON,ISLE OF MAN,0,0,0,1928,1928,0,
26/05/2015 14:53,2014,2013,B,Other Reporting Airports,SOUTHAMPTON,JERSEY,172498,172498,0,162100,162100,0,6.414558887
26/05/2015 14:53,2014,2013,B,Other Reporting Airports,SOUTHAMPTON,LEEDS BRADFORD,21787,21787,0,59964,59964,0,-63.66653442
26/05/2015 14:53,2014,2013,B,Other Reporting Airports,SOUTHAMPTON,LIVERPOOL (JOHN LENNON),294,0,294,300,0,300,-2
26/05/2015 14:53,2014,2013,B,Other Reporting Airports,SOUTHAMPTON,MANCHESTER,159291,159072,219,121665,121371,294,30.92590332
26/05/2015 14:53,2014,2013,B,Other Reporting Airports,SOUTHAMPTON,NEWCASTLE,100198,99811,387,91505,91154,351,9.500027657
26/05/2015 14:53,2014,2013,B,Other Reporting Airports,SOUTHAMPTON,NORWICH,33,0,33,142,0,142,-76.76056671
26/05/2015 14:53,2014,2013,B,Other Reporting Airports,STORNOWAY,ABERDEEN,6212,6212,0,5409,5409,0,14.84562778
26/05/2015 14:53,2014,2013,B,Other Reporting Airports,STORNOWAY,BENBECULA,6138,6138,0,6218,6218,0,-1.286587358
26/05/2015 14:53,2014,2013,B,Other Reporting Airports,STORNOWAY,EAST MIDLANDS INTERNATIONAL,90,0,90,0,0,0,
26/05/2015 14:53,2014,2013,B,Other Reporting Airports,STORNOWAY,EDINBURGH,18774,18774,0,17331,17331,0,8.326120377
26/05/2015 14:53,2014,2013,B,Other Reporting Airports,STORNOWAY,GLASGOW,61405,61405,0,57027,57027,0,7.677065372
26/05/2015 14:53,2014,2013,B,Other Reporting Airports,STORNOWAY,INVERNESS,34732,34312,420,33856,33220,636,2.587429047
26/05/2015 14:53,2014,2013,B,Other Reporting Airports,STORNOWAY,MANCHESTER,0,0,0,166,0,166,
26/05/2015 14:53,2014,2013,B,Other Reporting Airports,SUMBURGH,ABERDEEN,152521,86048,66473,115126,72209,42917,32.48180389
26/05/2015 14:53,2014,2013,B,Other Reporting Airports,SUMBURGH,DUNDEE,49,0,49,0,0,0,
26/05/2015 14:53,2014,2013,B,Other Reporting Airports,SUMBURGH,EDINBURGH,44398,44398,0,39116,39070,46,13.5034256
26/05/2015 14:53,2014,2013,B,Other Reporting Airports,SUMBURGH,FAIR ISLE,90,90,0,109,109,0,-17.4311924
26/05/2015 14:53,2014,2013,B,Other Reporting Airports,SUMBURGH,GLASGOW,24233,24233,0,19970,19970,0,21.3470211
26/05/2015 14:53,2014,2013,B,Other Reporting Airports,SUMBURGH,INVERNESS,3400,3400,0,3241,3241,0,4.905893326
26/05/2015 14:53,2014,2013,B,Other Reporting Airports,SUMBURGH,KIRKWALL,18147,18147,0,17561,17561,0,3.336939812
26/05/2015 14:53,2014,2013,B,Other Reporting Airports,SUMBURGH,PEMBREY,43,0,43,0,0,0,
26/05/2015 14:53,2014,2013,B,Other Reporting Airports,TIREE,GLASGOW,7890,7890,0,7354,7354,0,7.288550377
26/05/2015 14:53,2014,2013,B,Other Reporting Airports,WICK JOHN O GROATS,ABERDEEN,13699,11997,1702,13198,12156,1042,3.796029806
26/05/2015 14:53,2014,2013,B,Other Reporting Airports,WICK JOHN O GROATS,EDINBURGH,11604,11526,78,11265,11237,28,3.009320974
