rundate,report_period,apt_group,intended_apt,actual_apt,total_flights
26/05/2015 14:56,2014,A,ABERDEEN,DUNDEE,3
26/05/2015 14:56,2014,A,ABERDEEN,EAST MIDLANDS INTERNATIONAL,1
26/05/2015 14:56,2014,A,ABERDEEN,EDINBURGH,8
26/05/2015 14:56,2014,A,ABERDEEN,HUMBERSIDE,3
26/05/2015 14:56,2014,A,ABERDEEN,INVERNESS,2
26/05/2015 14:56,2014,A,ABERDEEN,LEEDS BRADFORD,1
26/05/2015 14:56,2014,A,ABERDEEN,NEWCASTLE,1
26/05/2015 14:56,2014,A,ALDERNEY,GUERNSEY,1
26/05/2015 14:56,2014,A,ALDERNEY,SOUTHAMPTON,1
26/05/2015 14:56,2014,A,BELFAST CITY (GEORGE BEST),BELFAST INTERNATIONAL,18
26/05/2015 14:56,2014,A,BELFAST CITY (GEORGE BEST),BIRMINGHAM,1
26/05/2015 14:56,2014,A,BELFAST CITY (GEORGE BEST),MANCHESTER,1
26/05/2015 14:56,2014,A,BELFAST INTERNATIONAL,BELFAST CITY (GEORGE BEST),4
26/05/2015 14:56,2014,A,BIRMINGHAM,ABERDEEN,1
26/05/2015 14:56,2014,A,BIRMINGHAM,EAST MIDLANDS INTERNATIONAL,14
26/05/2015 14:56,2014,A,BIRMINGHAM,GLASGOW,1
26/05/2015 14:56,2014,A,BIRMINGHAM,LIVERPOOL (JOHN LENNON),1
26/05/2015 14:56,2014,A,BIRMINGHAM,LUTON,1
26/05/2015 14:56,2014,A,BIRMINGHAM,MANCHESTER,12
26/05/2015 14:56,2014,A,BIRMINGHAM,STANSTED,1
26/05/2015 14:56,2014,A,BLACKPOOL,MANCHESTER,2
26/05/2015 14:56,2014,A,BOURNEMOUTH,LUTON,1
26/05/2015 14:56,2014,A,BRISTOL,BIRMINGHAM,26
26/05/2015 14:56,2014,A,BRISTOL,BOURNEMOUTH,1
26/05/2015 14:56,2014,A,BRISTOL,CARDIFF WALES,24
26/05/2015 14:56,2014,A,BRISTOL,EAST MIDLANDS INTERNATIONAL,3
26/05/2015 14:56,2014,A,BRISTOL,EXETER,2
26/05/2015 14:56,2014,A,BRISTOL,LIVERPOOL (JOHN LENNON),1
26/05/2015 14:56,2014,A,CARDIFF WALES,BRISTOL,1
26/05/2015 14:56,2014,A,CARDIFF WALES,EAST MIDLANDS INTERNATIONAL,1
26/05/2015 14:56,2014,A,CITY OF DERRY (EGLINTON),BELFAST CITY (GEORGE BEST),1
26/05/2015 14:56,2014,A,CITY OF DERRY (EGLINTON),BELFAST INTERNATIONAL,7
26/05/2015 14:56,2014,A,COVENTRY,EAST MIDLANDS INTERNATIONAL,1
26/05/2015 14:56,2014,A,DONCASTER SHEFFIELD,BIRMINGHAM,1
26/05/2015 14:56,2014,A,DONCASTER SHEFFIELD,LEEDS BRADFORD,2
26/05/2015 14:56,2014,A,DUNDEE,BIRMINGHAM,1
26/05/2015 14:56,2014,A,EAST MIDLANDS INTERNATIONAL,BIRMINGHAM,16
26/05/2015 14:56,2014,A,EAST MIDLANDS INTERNATIONAL,DONCASTER SHEFFIELD,1
26/05/2015 14:56,2014,A,EAST MIDLANDS INTERNATIONAL,LEEDS BRADFORD,2
26/05/2015 14:56,2014,A,EAST MIDLANDS INTERNATIONAL,LUTON,3
26/05/2015 14:56,2014,A,EAST MIDLANDS INTERNATIONAL,MANCHESTER,4
26/05/2015 14:56,2014,A,EAST MIDLANDS INTERNATIONAL,STANSTED,2
26/05/2015 14:56,2014,A,EDINBURGH,ABERDEEN,2
26/05/2015 14:56,2014,A,EDINBURGH,GLASGOW,12
26/05/2015 14:56,2014,A,EDINBURGH,MANCHESTER,1
26/05/2015 14:56,2014,A,EDINBURGH,NEWCASTLE,5
26/05/2015 14:56,2014,A,EDINBURGH,PRESTWICK,4
26/05/2015 14:56,2014,A,EXETER,BIRMINGHAM,1
26/05/2015 14:56,2014,A,EXETER,BRISTOL,1
26/05/2015 14:56,2014,A,EXETER,CARDIFF WALES,1
26/05/2015 14:56,2014,A,EXETER,EAST MIDLANDS INTERNATIONAL,5
26/05/2015 14:56,2014,A,GATWICK,BIRMINGHAM,4
26/05/2015 14:56,2014,A,GATWICK,BOURNEMOUTH,2
26/05/2015 14:56,2014,A,GATWICK,EAST MIDLANDS INTERNATIONAL,1
26/05/2015 14:56,2014,A,GATWICK,GLASGOW,1
26/05/2015 14:56,2014,A,GATWICK,HEATHROW,1
26/05/2015 14:56,2014,A,GATWICK,LIVERPOOL (JOHN LENNON),6
26/05/2015 14:56,2014,A,GATWICK,LUTON,17
26/05/2015 14:56,2014,A,GATWICK,MANCHESTER,3
26/05/2015 14:56,2014,A,GATWICK,NEWCASTLE,1
26/05/2015 14:56,2014,A,GATWICK,SOUTHAMPTON,3
26/05/2015 14:56,2014,A,GATWICK,SOUTHEND,4
26/05/2015 14:56,2014,A,GATWICK,STANSTED,14
26/05/2015 14:56,2014,A,GLASGOW,EXETER,1
26/05/2015 14:56,2014,A,GLASGOW,MANCHESTER,2
26/05/2015 14:56,2014,A,GLASGOW,PRESTWICK,3
26/05/2015 14:56,2014,A,GREAT YARMOUTH,HUMBERSIDE,1
26/05/2015 14:56,2014,A,GUERNSEY,BOURNEMOUTH,1
26/05/2015 14:56,2014,A,GUERNSEY,GATWICK,1
26/05/2015 14:56,2014,A,GUERNSEY,JERSEY,3
26/05/2015 14:56,2014,A,GUERNSEY,SOUTHAMPTON,1
26/05/2015 14:56,2014,A,HEATHROW,BIRMINGHAM,9
26/05/2015 14:56,2014,A,HEATHROW,EAST MIDLANDS INTERNATIONAL,1
26/05/2015 14:56,2014,A,HEATHROW,GATWICK,12
26/05/2015 14:56,2014,A,HEATHROW,LEEDS BRADFORD,2
26/05/2015 14:56,2014,A,HEATHROW,LUTON,2
26/05/2015 14:56,2014,A,HEATHROW,MANCHESTER,7
26/05/2015 14:56,2014,A,HEATHROW,NEWCASTLE,1
26/05/2015 14:56,2014,A,HEATHROW,SOUTHAMPTON,1
26/05/2015 14:56,2014,A,HEATHROW,STANSTED,12
26/05/2015 14:56,2014,A,HUMBERSIDE,DONCASTER SHEFFIELD,1
26/05/2015 14:56,2014,A,HUMBERSIDE,EDINBURGH,1
26/05/2015 14:56,2014,A,INVERNESS,ABERDEEN,6
26/05/2015 14:56,2014,A,INVERNESS,BIRMINGHAM,1
26/05/2015 14:56,2014,A,INVERNESS,EDINBURGH,1
26/05/2015 14:56,2014,A,INVERNESS,GLASGOW,1
26/05/2015 14:56,2014,A,ISLE OF MAN,LEEDS BRADFORD,1
26/05/2015 14:56,2014,A,ISLE OF MAN,LIVERPOOL (JOHN LENNON),4
26/05/2015 14:56,2014,A,ISLES OF SCILLY (ST.MARYS),NEWQUAY,1
26/05/2015 14:56,2014,A,JERSEY,BOURNEMOUTH,1
26/05/2015 14:56,2014,A,JERSEY,EXETER,3
26/05/2015 14:56,2014,A,JERSEY,GUERNSEY,1
26/05/2015 14:56,2014,A,JERSEY,SOUTHAMPTON,1
26/05/2015 14:56,2014,A,KIRKWALL,EDINBURGH,1
26/05/2015 14:56,2014,A,LEEDS BRADFORD,BIRMINGHAM,1
26/05/2015 14:56,2014,A,LEEDS BRADFORD,DONCASTER SHEFFIELD,11
26/05/2015 14:56,2014,A,LEEDS BRADFORD,EDINBURGH,1
26/05/2015 14:56,2014,A,LEEDS BRADFORD,HUMBERSIDE,3
26/05/2015 14:56,2014,A,LEEDS BRADFORD,LIVERPOOL (JOHN LENNON),4
26/05/2015 14:56,2014,A,LEEDS BRADFORD,MANCHESTER,45
26/05/2015 14:56,2014,A,LEEDS BRADFORD,NEWCASTLE,2
26/05/2015 14:56,2014,A,LIVERPOOL (JOHN LENNON),BIRMINGHAM,2
26/05/2015 14:56,2014,A,LIVERPOOL (JOHN LENNON),DONCASTER SHEFFIELD,1
26/05/2015 14:56,2014,A,LIVERPOOL (JOHN LENNON),EAST MIDLANDS INTERNATIONAL,1
26/05/2015 14:56,2014,A,LIVERPOOL (JOHN LENNON),MANCHESTER,7
26/05/2015 14:56,2014,A,LONDON CITY,BIRMINGHAM,1
26/05/2015 14:56,2014,A,LONDON CITY,GATWICK,25
26/05/2015 14:56,2014,A,LONDON CITY,SOUTHEND,69
26/05/2015 14:56,2014,A,LONDON CITY,STANSTED,88
26/05/2015 14:56,2014,A,LUTON,BIRMINGHAM,6
26/05/2015 14:56,2014,A,LUTON,DONCASTER SHEFFIELD,5
26/05/2015 14:56,2014,A,LUTON,EAST MIDLANDS INTERNATIONAL,5
26/05/2015 14:56,2014,A,LUTON,GATWICK,1
26/05/2015 14:56,2014,A,LUTON,HEATHROW,1
26/05/2015 14:56,2014,A,LUTON,OXFORD (KIDLINGTON),1
26/05/2015 14:56,2014,A,LUTON,SOUTHEND,1
26/05/2015 14:56,2014,A,LUTON,STANSTED,6
26/05/2015 14:56,2014,A,MANCHESTER,BIRMINGHAM,12
26/05/2015 14:56,2014,A,MANCHESTER,EAST MIDLANDS INTERNATIONAL,4
26/05/2015 14:56,2014,A,MANCHESTER,EDINBURGH,2
26/05/2015 14:56,2014,A,MANCHESTER,GATWICK,1
26/05/2015 14:56,2014,A,MANCHESTER,GLASGOW,2
26/05/2015 14:56,2014,A,MANCHESTER,HEATHROW,1
26/05/2015 14:56,2014,A,MANCHESTER,LEEDS BRADFORD,1
26/05/2015 14:56,2014,A,MANCHESTER,LIVERPOOL (JOHN LENNON),5
26/05/2015 14:56,2014,A,MANCHESTER,LUTON,1
26/05/2015 14:56,2014,A,MANSTON (KENT INT),STANSTED,1
26/05/2015 14:56,2014,A,NEWCASTLE,BIRMINGHAM,2
26/05/2015 14:56,2014,A,NEWCASTLE,EDINBURGH,1
26/05/2015 14:56,2014,A,NEWCASTLE,MANCHESTER,2
26/05/2015 14:56,2014,A,NEWQUAY,EXETER,2
26/05/2015 14:56,2014,A,NORTHOLT,HEATHROW,1
26/05/2015 14:56,2014,A,NORWICH,BIRMINGHAM,1
26/05/2015 14:56,2014,A,NORWICH,CAMBRIDGE,1
26/05/2015 14:56,2014,A,NORWICH,EAST MIDLANDS INTERNATIONAL,3
26/05/2015 14:56,2014,A,NORWICH,HUMBERSIDE,1
26/05/2015 14:56,2014,A,NORWICH,LUTON,1
26/05/2015 14:56,2014,A,NORWICH,STANSTED,2
26/05/2015 14:56,2014,A,SOUTHAMPTON,BIRMINGHAM,3
26/05/2015 14:56,2014,A,SOUTHAMPTON,BOURNEMOUTH,12
26/05/2015 14:56,2014,A,SOUTHAMPTON,EXETER,1
26/05/2015 14:56,2014,A,SOUTHAMPTON,GATWICK,2
26/05/2015 14:56,2014,A,SOUTHAMPTON,MANCHESTER,2
26/05/2015 14:56,2014,A,SOUTHAMPTON,SOUTHEND,1
26/05/2015 14:56,2014,A,SOUTHEND,GATWICK,4
26/05/2015 14:56,2014,A,SOUTHEND,LUTON,2
26/05/2015 14:56,2014,A,SOUTHEND,STANSTED,6
26/05/2015 14:56,2014,A,STANSTED,BIRMINGHAM,5
26/05/2015 14:56,2014,A,STANSTED,BRISTOL,2
26/05/2015 14:56,2014,A,STANSTED,EAST MIDLANDS INTERNATIONAL,6
26/05/2015 14:56,2014,A,STANSTED,GATWICK,6
26/05/2015 14:56,2014,A,STANSTED,HEATHROW,2
26/05/2015 14:56,2014,A,STANSTED,JERSEY,1
26/05/2015 14:56,2014,A,STANSTED,LUTON,17
26/05/2015 14:56,2014,A,STANSTED,SOUTHAMPTON,1
26/05/2015 14:56,2014,A,STANSTED,SOUTHEND,1
26/05/2015 14:56,2014,A,STORNOWAY,ABERDEEN,1
26/05/2015 14:56,2014,A,STORNOWAY,GLASGOW,2
26/05/2015 14:56,2014,A,STORNOWAY,INVERNESS,4
26/05/2015 14:56,2014,A,SUMBURGH,ABERDEEN,4
26/05/2015 14:56,2014,A,SUMBURGH,INVERNESS,3
26/05/2015 14:56,2014,A,SUMBURGH,WICK JOHN O GROATS,1
26/05/2015 14:56,2014,A,WARTON,BLACKPOOL,1
26/05/2015 14:56,2014,A,WICK JOHN O GROATS,INVERNESS,10
26/05/2015 14:56,2014,B,Overseas Airports,BELFAST INTERNATIONAL,10
26/05/2015 14:56,2014,B,Overseas Airports,BIRMINGHAM,2
26/05/2015 14:56,2014,B,Overseas Airports,BOURNEMOUTH,1
26/05/2015 14:56,2014,B,Overseas Airports,CARDIFF WALES,1
26/05/2015 14:56,2014,B,Overseas Airports,EAST MIDLANDS INTERNATIONAL,4
26/05/2015 14:56,2014,B,Overseas Airports,EXETER,1
26/05/2015 14:56,2014,B,Overseas Airports,GATWICK,4
26/05/2015 14:56,2014,B,Overseas Airports,GLASGOW,1
26/05/2015 14:56,2014,B,Overseas Airports,HEATHROW,11
26/05/2015 14:56,2014,B,Overseas Airports,MANCHESTER,9
26/05/2015 14:56,2014,B,Overseas Airports,PRESTWICK,1
26/05/2015 14:56,2014,C,All Airports,ABERDEEN,14
26/05/2015 14:56,2014,C,All Airports,BELFAST CITY (GEORGE BEST),5
26/05/2015 14:56,2014,C,All Airports,BELFAST INTERNATIONAL,35
26/05/2015 14:56,2014,C,All Airports,BIRMINGHAM,95
26/05/2015 14:56,2014,C,All Airports,BLACKPOOL,1
26/05/2015 14:56,2014,C,All Airports,BOURNEMOUTH,18
26/05/2015 14:56,2014,C,All Airports,BRISTOL,4
26/05/2015 14:56,2014,C,All Airports,CAMBRIDGE,1
26/05/2015 14:56,2014,C,All Airports,CARDIFF WALES,26
26/05/2015 14:56,2014,C,All Airports,DONCASTER SHEFFIELD,19
26/05/2015 14:56,2014,C,All Airports,DUNDEE,3
26/05/2015 14:56,2014,C,All Airports,EAST MIDLANDS INTERNATIONAL,50
26/05/2015 14:56,2014,C,All Airports,EDINBURGH,15
26/05/2015 14:56,2014,C,All Airports,EXETER,10
26/05/2015 14:56,2014,C,All Airports,GATWICK,56
26/05/2015 14:56,2014,C,All Airports,GLASGOW,20
26/05/2015 14:56,2014,C,All Airports,GUERNSEY,2
26/05/2015 14:56,2014,C,All Airports,HEATHROW,17
26/05/2015 14:56,2014,C,All Airports,HUMBERSIDE,8
26/05/2015 14:56,2014,C,All Airports,INVERNESS,19
26/05/2015 14:56,2014,C,All Airports,JERSEY,4
26/05/2015 14:56,2014,C,All Airports,LEEDS BRADFORD,9
26/05/2015 14:56,2014,C,All Airports,LIVERPOOL (JOHN LENNON),21
26/05/2015 14:56,2014,C,All Airports,LUTON,45
26/05/2015 14:56,2014,C,All Airports,MANCHESTER,97
26/05/2015 14:56,2014,C,All Airports,NEWCASTLE,10
26/05/2015 14:56,2014,C,All Airports,NEWQUAY,1
26/05/2015 14:56,2014,C,All Airports,OXFORD (KIDLINGTON),1
26/05/2015 14:56,2014,C,All Airports,PRESTWICK,8
26/05/2015 14:56,2014,C,All Airports,SOUTHAMPTON,8
26/05/2015 14:56,2014,C,All Airports,SOUTHEND,76
26/05/2015 14:56,2014,C,All Airports,STANSTED,132
26/05/2015 14:56,2014,C,All Airports,WICK JOHN O GROATS,1
