rundate,this_period,last_period,group_name,airport_1_name,airport_2_name,total_pax_this_period,total_pax_scheduled_this_period,total_pax_charter_this_period,total_pax_last_period,total_pax_scheduled_last_period,total_pax_charter_last_period,total_pax_percent,charters_tm_only_small_acf,charters_lm_only_small_acf
10-Nov-2011 16:02,201109,201009,Other Reporting Airports      ,ABERDEEN                      ,BELFAST CITY (GEORGE BEST)    , 1594 , 1594 , 0 , 1642 , 1642 , 0 ,-2.923264 ,N,N
10-Nov-2011 16:02,201109,201009,Other Reporting Airports      ,ABERDEEN                      ,BIRMINGHAM                    , 8448 , 8448 , 0 , 8580 , 8580 , 0 ,-1.538462 ,N,N
10-Nov-2011 16:02,201109,201009,Other Reporting Airports      ,ABERDEEN                      ,BRISTOL                       , 3111 , 3111 , 0 , 2257 , 2226 , 31 , 37.83784 ,N,N
10-Nov-2011 16:02,201109,201009,Other Reporting Airports      ,ABERDEEN                      ,CARDIFF WALES                 , 1245 , 1245 , 0 , 0 , 0 , 0 ,Null,N,N
10-Nov-2011 16:02,201109,201009,Other Reporting Airports      ,ABERDEEN                      ,DURHAM TEES VALLEY            , 2843 , 2843 , 0 , 2956 , 2956 , 0 ,-3.822733 ,N,N
10-Nov-2011 16:02,201109,201009,Other Reporting Airports      ,ABERDEEN                      ,EAST MIDLANDS INTERNATIONAL   , 1737 , 1737 , 0 , 1774 , 1774 , 0 ,-2.085682 ,N,N
10-Nov-2011 16:02,201109,201009,Other Reporting Airports      ,ABERDEEN                      ,EXETER                        , 2240 , 2240 , 0 , 2876 , 2876 , 0 ,-22.11405 ,N,N
10-Nov-2011 16:02,201109,201009,Other Reporting Airports      ,ABERDEEN                      ,GLASGOW                       , 39 , 0 , 39 , 0 , 0 , 0 ,Null,N,N
10-Nov-2011 16:02,201109,201009,Other Reporting Airports      ,ABERDEEN                      ,HUMBERSIDE                    , 2690 , 2690 , 0 , 2530 , 2512 , 18 , 6.324111 ,N,N
10-Nov-2011 16:02,201109,201009,Other Reporting Airports      ,ABERDEEN                      ,JERSEY                        , 382 , 382 , 0 , 300 , 300 , 0 , 27.33333 ,N,N
10-Nov-2011 16:02,201109,201009,Other Reporting Airports      ,ABERDEEN                      ,KIRKWALL                      , 3747 , 3645 , 102 , 3804 , 3772 , 32 ,-1.498423 ,N,N
10-Nov-2011 16:02,201109,201009,Other Reporting Airports      ,ABERDEEN                      ,LEEDS BRADFORD                , 0 , 0 , 0 , 536 , 536 , 0 ,-100 ,N,N
10-Nov-2011 16:02,201109,201009,Other Reporting Airports      ,ABERDEEN                      ,LIVERPOOL (JOHN LENNON)       , 0 , 0 , 0 , 764 , 764 , 0 ,-100 ,N,N
10-Nov-2011 16:02,201109,201009,Other Reporting Airports      ,ABERDEEN                      ,MANCHESTER                    , 13719 , 13444 , 275 , 8118 , 7821 , 297 , 68.99483 ,N,N
10-Nov-2011 16:02,201109,201009,Other Reporting Airports      ,ABERDEEN                      ,NEWCASTLE                     , 2126 , 2126 , 0 , 2648 , 2648 , 0 ,-19.71299 ,N,N
10-Nov-2011 16:02,201109,201009,Other Reporting Airports      ,ABERDEEN                      ,NEWQUAY                       , 8 , 0 , 8 , 0 , 0 , 0 ,Null,N,N
10-Nov-2011 16:02,201109,201009,Other Reporting Airports      ,ABERDEEN                      ,NORWICH                       , 5865 , 5865 , 0 , 5901 , 5901 , 0 ,-0.6100661 ,N,N
10-Nov-2011 16:02,201109,201009,Other Reporting Airports      ,ABERDEEN                      ,SCATSTA                       , 13603 , 0 , 13603 , 14166 , 0 , 14166 ,-3.974305 ,N,N
10-Nov-2011 16:02,201109,201009,Other Reporting Airports      ,ABERDEEN                      ,SOUTHAMPTON                   , 1665 , 1665 , 0 , 2470 , 2470 , 0 ,-32.59109 ,N,N
10-Nov-2011 16:02,201109,201009,Other Reporting Airports      ,ABERDEEN                      ,STORNOWAY                     , 501 , 501 , 0 , 552 , 552 , 0 ,-9.23913 ,N,N
10-Nov-2011 16:02,201109,201009,Other Reporting Airports      ,ABERDEEN                      ,SUMBURGH                      , 5616 , 5336 , 280 , 6052 , 5638 , 414 ,-7.20423 ,N,N
10-Nov-2011 16:02,201109,201009,Other Reporting Airports      ,ABERDEEN                      ,WICK                          , 1240 , 1240 , 0 , 1480 , 1480 , 0 ,-16.21622 ,N,N
10-Nov-2011 16:02,201109,201009,Other Reporting Airports      ,ALDERNEY                      ,GUERNSEY                      , 4344 , 4344 , 0 , 4466 , 4466 , 0 ,-2.731751 ,N,N
10-Nov-2011 16:02,201109,201009,Other Reporting Airports      ,ALDERNEY                      ,JERSEY                        , 41 , 41 , 0 , 10 , 10 , 0 , 310 ,N,N
10-Nov-2011 16:02,201109,201009,Other Reporting Airports      ,ALDERNEY                      ,SOUTHAMPTON                   , 2377 , 2377 , 0 , 2484 , 2484 , 0 ,-4.307569 ,N,N
10-Nov-2011 16:02,201109,201009,Other Reporting Airports      ,ANGLESEY (VALLEY)             ,CARDIFF WALES                 , 644 , 644 , 0 , 828 , 828 , 0 ,-22.22222 ,N,N
10-Nov-2011 16:02,201109,201009,Other Reporting Airports      ,ANGLESEY (VALLEY)             ,ISLE OF MAN                   , 51 , 51 , 0 , 42 , 42 , 0 , 21.42857 ,N,N
10-Nov-2011 16:02,201109,201009,Other Reporting Airports      ,BARRA                         ,BENBECULA                     , 225 , 225 , 0 , 220 , 220 , 0 , 2.272727 ,N,N
10-Nov-2011 16:02,201109,201009,Other Reporting Airports      ,BARRA                         ,GLASGOW                       , 759 , 759 , 0 , 836 , 836 , 0 ,-9.210526 ,N,N
10-Nov-2011 16:02,201109,201009,Other Reporting Airports      ,BELFAST CITY (GEORGE BEST)    ,BIRMINGHAM                    , 28417 , 28417 , 0 , 20489 , 20489 , 0 , 38.69393 ,N,N
10-Nov-2011 16:02,201109,201009,Other Reporting Airports      ,BELFAST CITY (GEORGE BEST)    ,BLACKPOOL                     , 418 , 418 , 0 , 1415 , 1415 , 0 ,-70.45937 ,N,N
10-Nov-2011 16:02,201109,201009,Other Reporting Airports      ,BELFAST CITY (GEORGE BEST)    ,BRISTOL                       , 4040 , 4040 , 0 , 11853 , 11853 , 0 ,-65.9158 ,N,N
10-Nov-2011 16:02,201109,201009,Other Reporting Airports      ,BELFAST CITY (GEORGE BEST)    ,CARDIFF WALES                 , 5132 , 5132 , 0 , 3914 , 3914 , 0 , 31.11906 ,N,N
10-Nov-2011 16:02,201109,201009,Other Reporting Airports      ,BELFAST CITY (GEORGE BEST)    ,DONCASTER SHEFFIELD           , 1620 , 1620 , 0 , 1861 , 1861 , 0 ,-12.95003 ,N,N
10-Nov-2011 16:02,201109,201009,Other Reporting Airports      ,BELFAST CITY (GEORGE BEST)    ,DUNDEE                        , 796 , 796 , 0 , 903 , 903 , 0 ,-11.84939 ,N,N
10-Nov-2011 16:02,201109,201009,Other Reporting Airports      ,BELFAST CITY (GEORGE BEST)    ,EAST MIDLANDS INTERNATIONAL   , 15994 , 15994 , 0 , 17506 , 17506 , 0 ,-8.637039 ,N,N
10-Nov-2011 16:02,201109,201009,Other Reporting Airports      ,BELFAST CITY (GEORGE BEST)    ,EDINBURGH                     , 10302 , 10302 , 0 , 10173 , 10173 , 0 , 1.268062 ,N,N
10-Nov-2011 16:02,201109,201009,Other Reporting Airports      ,BELFAST CITY (GEORGE BEST)    ,EXETER                        , 1117 , 1117 , 0 , 943 , 943 , 0 , 18.45175 ,N,N
10-Nov-2011 16:02,201109,201009,Other Reporting Airports      ,BELFAST CITY (GEORGE BEST)    ,GLASGOW                       , 9474 , 9474 , 0 , 8675 , 8675 , 0 , 9.210375 ,N,N
10-Nov-2011 16:02,201109,201009,Other Reporting Airports      ,BELFAST CITY (GEORGE BEST)    ,INVERNESS                     , 2092 , 2092 , 0 , 1455 , 1455 , 0 , 43.78007 ,N,N
10-Nov-2011 16:02,201109,201009,Other Reporting Airports      ,BELFAST CITY (GEORGE BEST)    ,ISLE OF MAN                   , 1849 , 1849 , 0 , 337 , 337 , 0 , 448.6647 ,N,N
10-Nov-2011 16:02,201109,201009,Other Reporting Airports      ,BELFAST CITY (GEORGE BEST)    ,JERSEY                        , 159 , 159 , 0 , 83 , 83 , 0 , 91.56626 ,N,N
10-Nov-2011 16:02,201109,201009,Other Reporting Airports      ,BELFAST CITY (GEORGE BEST)    ,LEEDS BRADFORD                , 7836 , 7836 , 0 , 6575 , 6575 , 0 , 19.17871 ,N,N
10-Nov-2011 16:02,201109,201009,Other Reporting Airports      ,BELFAST CITY (GEORGE BEST)    ,LIVERPOOL (JOHN LENNON)       , 7043 , 7043 , 0 , 18552 , 18552 , 0 ,-62.03644 ,N,N
10-Nov-2011 16:02,201109,201009,Other Reporting Airports      ,BELFAST CITY (GEORGE BEST)    ,MANCHESTER                    , 26628 , 26628 , 0 , 20244 , 20204 , 40 , 31.53527 ,N,N
10-Nov-2011 16:02,201109,201009,Other Reporting Airports      ,BELFAST CITY (GEORGE BEST)    ,MANSTON (KENT INT)            , 783 , 783 , 0 , 0 , 0 , 0 ,Null,N,N
10-Nov-2011 16:02,201109,201009,Other Reporting Airports      ,BELFAST CITY (GEORGE BEST)    ,NEWCASTLE                     , 3667 , 3667 , 0 , 4330 , 4330 , 0 ,-15.31178 ,N,N
10-Nov-2011 16:02,201109,201009,Other Reporting Airports      ,BELFAST CITY (GEORGE BEST)    ,OXFORD (KIDLINGTON)           , 0 , 0 , 0 , 69 , 0 , 69 ,-100 ,N,N
10-Nov-2011 16:02,201109,201009,Other Reporting Airports      ,BELFAST CITY (GEORGE BEST)    ,PRESTWICK                     , 0 , 0 , 0 , 6037 , 6037 , 0 ,-100 ,N,N
10-Nov-2011 16:02,201109,201009,Other Reporting Airports      ,BELFAST CITY (GEORGE BEST)    ,SOUTHAMPTON                   , 8305 , 8305 , 0 , 7487 , 7487 , 0 , 10.9256 ,N,N
10-Nov-2011 16:02,201109,201009,Other Reporting Airports      ,BELFAST CITY (GEORGE BEST)    ,WICK                          , 0 , 0 , 0 , 34 , 0 , 34 ,-100 ,N,N
10-Nov-2011 16:02,201109,201009,Other Reporting Airports      ,BELFAST INTERNATIONAL         ,BIRMINGHAM                    , 0 , 0 , 0 , 8616 , 8616 , 0 ,-100 ,N,N
10-Nov-2011 16:02,201109,201009,Other Reporting Airports      ,BELFAST INTERNATIONAL         ,BLACKPOOL                     , 3241 , 3241 , 0 , 3408 , 3408 , 0 ,-4.900235 ,N,N
10-Nov-2011 16:02,201109,201009,Other Reporting Airports      ,BELFAST INTERNATIONAL         ,BRISTOL                       , 13590 , 13590 , 0 , 11036 , 11036 , 0 , 23.14244 ,N,N
10-Nov-2011 16:02,201109,201009,Other Reporting Airports      ,BELFAST INTERNATIONAL         ,EAST MIDLANDS INTERNATIONAL   , 0 , 0 , 0 , 6334 , 6334 , 0 ,-100 ,N,N
10-Nov-2011 16:02,201109,201009,Other Reporting Airports      ,BELFAST INTERNATIONAL         ,EDINBURGH                     , 19929 , 19929 , 0 , 18617 , 18617 , 0 , 7.047322 ,N,N
10-Nov-2011 16:02,201109,201009,Other Reporting Airports      ,BELFAST INTERNATIONAL         ,GLASGOW                       , 20554 , 20554 , 0 , 18516 , 18516 , 0 , 11.0067 ,N,N
10-Nov-2011 16:02,201109,201009,Other Reporting Airports      ,BELFAST INTERNATIONAL         ,ISLE OF MAN                   , 0 , 0 , 0 , 680 , 680 , 0 ,-100 ,N,N
10-Nov-2011 16:02,201109,201009,Other Reporting Airports      ,BELFAST INTERNATIONAL         ,JERSEY                        , 1726 , 1726 , 0 , 1956 , 1956 , 0 ,-11.75869 ,N,N
10-Nov-2011 16:02,201109,201009,Other Reporting Airports      ,BELFAST INTERNATIONAL         ,LEEDS BRADFORD                , 6785 , 6785 , 0 , 6969 , 6969 , 0 ,-2.640264 ,N,N
10-Nov-2011 16:02,201109,201009,Other Reporting Airports      ,BELFAST INTERNATIONAL         ,LIVERPOOL (JOHN LENNON)       , 31864 , 31864 , 0 , 25998 , 25998 , 0 , 22.56327 ,N,N
10-Nov-2011 16:02,201109,201009,Other Reporting Airports      ,BELFAST INTERNATIONAL         ,MANCHESTER                    , 0 , 0 , 0 , 7354 , 7305 , 49 ,-100 ,N,N
10-Nov-2011 16:02,201109,201009,Other Reporting Airports      ,BELFAST INTERNATIONAL         ,NEWCASTLE                     , 14385 , 14385 , 0 , 13601 , 13601 , 0 , 5.764282 ,N,N
10-Nov-2011 16:02,201109,201009,Other Reporting Airports      ,BELFAST INTERNATIONAL         ,NEWQUAY                       , 0 , 0 , 0 , 277 , 277 , 0 ,-100 ,N,N
10-Nov-2011 16:02,201109,201009,Other Reporting Airports      ,BENBECULA                     ,GLASGOW                       , 1688 , 1688 , 0 , 1965 , 1965 , 0 ,-14.09669 ,N,N
10-Nov-2011 16:02,201109,201009,Other Reporting Airports      ,BENBECULA                     ,STORNOWAY                     , 944 , 944 , 0 , 769 , 769 , 0 , 22.75683 ,N,N
10-Nov-2011 16:02,201109,201009,Other Reporting Airports      ,BIGGIN HILL                   ,GUERNSEY                      , 6 , 0 , 6 , 0 , 0 , 0 ,Null,Y,N
10-Nov-2011 16:02,201109,201009,Other Reporting Airports      ,BIGGIN HILL                   ,OXFORD (KIDLINGTON)           , 5 , 0 , 5 , 0 , 0 , 0 ,Null,N,N
10-Nov-2011 16:02,201109,201009,Other Reporting Airports      ,BIRMINGHAM                    ,CITY OF DERRY (EGLINTON)      , 4578 , 4578 , 0 , 4164 , 4164 , 0 , 9.942363 ,N,N
10-Nov-2011 16:02,201109,201009,Other Reporting Airports      ,BIRMINGHAM                    ,DUNDEE                        , 1644 , 1644 , 0 , 1992 , 1992 , 0 ,-17.46988 ,N,N
10-Nov-2011 16:02,201109,201009,Other Reporting Airports      ,BIRMINGHAM                    ,EDINBURGH                     , 26409 , 26409 , 0 , 28284 , 28284 , 0 ,-6.629189 ,N,N
10-Nov-2011 16:02,201109,201009,Other Reporting Airports      ,BIRMINGHAM                    ,GLASGOW                       , 19889 , 19889 , 0 , 20141 , 20141 , 0 ,-1.251179 ,N,N
10-Nov-2011 16:02,201109,201009,Other Reporting Airports      ,BIRMINGHAM                    ,GUERNSEY                      , 3135 , 3135 , 0 , 3473 , 3473 , 0 ,-9.73222 ,N,N
10-Nov-2011 16:02,201109,201009,Other Reporting Airports      ,BIRMINGHAM                    ,INVERNESS                     , 2863 , 2863 , 0 , 3115 , 3115 , 0 ,-8.089888 ,N,N
10-Nov-2011 16:02,201109,201009,Other Reporting Airports      ,BIRMINGHAM                    ,ISLE OF MAN                   , 4145 , 4145 , 0 , 3963 , 3963 , 0 , 4.592481 ,N,N
10-Nov-2011 16:02,201109,201009,Other Reporting Airports      ,BIRMINGHAM                    ,JERSEY                        , 6159 , 6159 , 0 , 6296 , 6296 , 0 ,-2.175985 ,N,N
10-Nov-2011 16:02,201109,201009,Other Reporting Airports      ,BIRMINGHAM                    ,NEWCASTLE                     , 1159 , 1159 , 0 , 1195 , 1195 , 0 ,-3.012552 ,N,N
10-Nov-2011 16:02,201109,201009,Other Reporting Airports      ,BLACKPOOL                     ,ISLE OF MAN                   , 1914 , 1914 , 0 , 2155 , 2155 , 0 ,-11.18329 ,N,N
10-Nov-2011 16:02,201109,201009,Other Reporting Airports      ,BLACKPOOL                     ,JERSEY                        , 1289 , 1289 , 0 , 1387 , 1387 , 0 ,-7.065609 ,N,N
10-Nov-2011 16:02,201109,201009,Other Reporting Airports      ,BLACKPOOL                     ,WARTON                        , 2 , 0 , 2 , 0 , 0 , 0 ,Null,N,N
10-Nov-2011 16:02,201109,201009,Other Reporting Airports      ,BOURNEMOUTH                   ,LIVERPOOL (JOHN LENNON)       , 0 , 0 , 0 , 25 , 0 , 25 ,-100 ,N,N
10-Nov-2011 16:02,201109,201009,Other Reporting Airports      ,BOURNEMOUTH                   ,MANCHESTER                    , 0 , 0 , 0 , 1352 , 1352 , 0 ,-100 ,N,N
10-Nov-2011 16:02,201109,201009,Other Reporting Airports      ,BRISTOL                       ,EDINBURGH                     , 23463 , 23463 , 0 , 20560 , 20560 , 0 , 14.11965 ,N,N
10-Nov-2011 16:02,201109,201009,Other Reporting Airports      ,BRISTOL                       ,GLASGOW                       , 19221 , 19221 , 0 , 18378 , 18378 , 0 , 4.587006 ,N,N
10-Nov-2011 16:02,201109,201009,Other Reporting Airports      ,BRISTOL                       ,GUERNSEY                      , 2683 , 2683 , 0 , 2508 , 2508 , 0 , 6.977672 ,N,N
10-Nov-2011 16:02,201109,201009,Other Reporting Airports      ,BRISTOL                       ,INVERNESS                     , 7626 , 7626 , 0 , 7527 , 7527 , 0 , 1.315265 ,N,N
10-Nov-2011 16:02,201109,201009,Other Reporting Airports      ,BRISTOL                       ,ISLE OF MAN                   , 909 , 909 , 0 , 1144 , 1144 , 0 ,-20.54196 ,N,N
10-Nov-2011 16:02,201109,201009,Other Reporting Airports      ,BRISTOL                       ,ISLES OF SCILLY (ST.MARYS)    , 395 , 395 , 0 , 483 , 483 , 0 ,-18.21946 ,N,N
10-Nov-2011 16:02,201109,201009,Other Reporting Airports      ,BRISTOL                       ,JERSEY                        , 3818 , 3818 , 0 , 2923 , 2923 , 0 , 30.61923 ,N,N
10-Nov-2011 16:02,201109,201009,Other Reporting Airports      ,BRISTOL                       ,LEEDS BRADFORD                , 895 , 895 , 0 , 2131 , 2131 , 0 ,-58.00094 ,N,N
10-Nov-2011 16:02,201109,201009,Other Reporting Airports      ,BRISTOL                       ,MANCHESTER                    , 0 , 0 , 0 , 1617 , 1617 , 0 ,-100 ,N,N
10-Nov-2011 16:02,201109,201009,Other Reporting Airports      ,BRISTOL                       ,NEWCASTLE                     , 13062 , 12907 , 155 , 14203 , 14203 , 0 ,-8.033514 ,N,N
10-Nov-2011 16:02,201109,201009,Other Reporting Airports      ,BRISTOL                       ,NEWQUAY                       , 0 , 0 , 0 , 1157 , 1157 , 0 ,-100 ,N,N
10-Nov-2011 16:02,201109,201009,Other Reporting Airports      ,BRISTOL                       ,PLYMOUTH                      , 0 , 0 , 0 , 919 , 919 , 0 ,-100 ,N,N
10-Nov-2011 16:02,201109,201009,Other Reporting Airports      ,CAMBRIDGE                     ,CARDIFF WALES                 , 0 , 0 , 0 , 40 , 0 , 40 ,-100 ,N,N
10-Nov-2011 16:02,201109,201009,Other Reporting Airports      ,CAMPBELTOWN                   ,GLASGOW                       , 870 , 870 , 0 , 937 , 937 , 0 ,-7.15048 ,N,N
10-Nov-2011 16:02,201109,201009,Other Reporting Airports      ,CARDIFF WALES                 ,EDINBURGH                     , 7064 , 7064 , 0 , 9517 , 9517 , 0 ,-25.77493 ,N,N
10-Nov-2011 16:02,201109,201009,Other Reporting Airports      ,CARDIFF WALES                 ,GLASGOW                       , 3762 , 3762 , 0 , 4819 , 4819 , 0 ,-21.93401 ,N,N
10-Nov-2011 16:02,201109,201009,Other Reporting Airports      ,CARDIFF WALES                 ,HUMBERSIDE                    , 45 , 0 , 45 , 0 , 0 , 0 ,Null,N,N
10-Nov-2011 16:02,201109,201009,Other Reporting Airports      ,CARDIFF WALES                 ,JERSEY                        , 1772 , 1772 , 0 , 2624 , 2624 , 0 ,-32.46951 ,N,N
10-Nov-2011 16:02,201109,201009,Other Reporting Airports      ,CARDIFF WALES                 ,NEWCASTLE                     , 1300 , 1300 , 0 , 2117 , 2117 , 0 ,-38.59235 ,N,N
10-Nov-2011 16:02,201109,201009,Other Reporting Airports      ,CARDIFF WALES                 ,NORWICH                       , 0 , 0 , 0 , 44 , 0 , 44 ,-100 ,N,N
10-Nov-2011 16:02,201109,201009,Other Reporting Airports      ,CARDIFF WALES                 ,PLYMOUTH                      , 0 , 0 , 0 , 43 , 0 , 43 ,-100 ,N,N
10-Nov-2011 16:02,201109,201009,Other Reporting Airports      ,CITY OF DERRY (EGLINTON)      ,LIVERPOOL (JOHN LENNON)       , 5879 , 5879 , 0 , 5331 , 5331 , 0 , 10.2795 ,N,N
10-Nov-2011 16:02,201109,201009,Other Reporting Airports      ,CITY OF DERRY (EGLINTON)      ,MANCHESTER                    , 1516 , 1516 , 0 , 0 , 0 , 0 ,Null,N,N
10-Nov-2011 16:02,201109,201009,Other Reporting Airports      ,CITY OF DERRY (EGLINTON)      ,PRESTWICK                     , 5653 , 5653 , 0 , 3953 , 3953 , 0 , 43.00531 ,N,N
10-Nov-2011 16:02,201109,201009,Other Reporting Airports      ,DONCASTER SHEFFIELD           ,JERSEY                        , 1888 , 1888 , 0 , 2033 , 2033 , 0 ,-7.132317 ,N,N
10-Nov-2011 16:02,201109,201009,Other Reporting Airports      ,DUNDEE                        ,JERSEY                        , 276 , 0 , 276 , 357 , 357 , 0 ,-22.68908 ,N,N
10-Nov-2011 16:02,201109,201009,Other Reporting Airports      ,DURHAM TEES VALLEY            ,GLASGOW                       , 0 , 0 , 0 , 8 , 0 , 8 ,-100 ,N,N
10-Nov-2011 16:02,201109,201009,Other Reporting Airports      ,DURHAM TEES VALLEY            ,JERSEY                        , 311 , 311 , 0 , 307 , 307 , 0 , 1.302932 ,N,N
10-Nov-2011 16:02,201109,201009,Other Reporting Airports      ,DURHAM TEES VALLEY            ,SOUTHAMPTON                   , 54 , 54 , 0 , 514 , 514 , 0 ,-89.49416 ,N,N
10-Nov-2011 16:02,201109,201009,Other Reporting Airports      ,EAST MIDLANDS INTERNATIONAL   ,EDINBURGH                     , 9546 , 9546 , 0 , 10116 , 10116 , 0 ,-5.634638 ,N,N
10-Nov-2011 16:02,201109,201009,Other Reporting Airports      ,EAST MIDLANDS INTERNATIONAL   ,GLASGOW                       , 9053 , 9053 , 0 , 9863 , 9863 , 0 ,-8.212511 ,N,N
10-Nov-2011 16:02,201109,201009,Other Reporting Airports      ,EAST MIDLANDS INTERNATIONAL   ,GUERNSEY                      , 3103 , 3103 , 0 , 3048 , 3048 , 0 , 1.804462 ,N,N
10-Nov-2011 16:02,201109,201009,Other Reporting Airports      ,EAST MIDLANDS INTERNATIONAL   ,JERSEY                        , 6345 , 6345 , 0 , 6670 , 6670 , 0 ,-4.872564 ,N,N
10-Nov-2011 16:02,201109,201009,Other Reporting Airports      ,EAST MIDLANDS INTERNATIONAL   ,NEWQUAY                       , 574 , 574 , 0 , 973 , 973 , 0 ,-41.00719 ,N,N
10-Nov-2011 16:02,201109,201009,Other Reporting Airports      ,EDAY                          ,KIRKWALL                      , 37 , 37 , 0 , 28 , 28 , 0 , 32.14286 ,N,N
10-Nov-2011 16:02,201109,201009,Other Reporting Airports      ,EDINBURGH                     ,EXETER                        , 4750 , 4750 , 0 , 5490 , 5490 , 0 ,-13.47905 ,N,N
10-Nov-2011 16:02,201109,201009,Other Reporting Airports      ,EDINBURGH                     ,FARNBOROUGH                   , 13 , 0 , 13 , 22 , 0 , 22 ,-40.90909 ,Y,Y
10-Nov-2011 16:02,201109,201009,Other Reporting Airports      ,EDINBURGH                     ,INVERNESS                     , 0 , 0 , 0 , 107 , 107 , 0 ,-100 ,N,N
10-Nov-2011 16:02,201109,201009,Other Reporting Airports      ,EDINBURGH                     ,ISLE OF MAN                   , 967 , 967 , 0 , 1027 , 1027 , 0 ,-5.842259 ,N,N
10-Nov-2011 16:02,201109,201009,Other Reporting Airports      ,EDINBURGH                     ,JERSEY                        , 1933 , 1933 , 0 , 1881 , 1881 , 0 , 2.764487 ,N,N
10-Nov-2011 16:02,201109,201009,Other Reporting Airports      ,EDINBURGH                     ,KIRKWALL                      , 3497 , 3497 , 0 , 3537 , 3537 , 0 ,-1.130902 ,N,N
10-Nov-2011 16:02,201109,201009,Other Reporting Airports      ,EDINBURGH                     ,LEEDS BRADFORD                , 684 , 684 , 0 , 1226 , 1226 , 0 ,-44.20881 ,N,N
10-Nov-2011 16:02,201109,201009,Other Reporting Airports      ,EDINBURGH                     ,MANCHESTER                    , 10931 , 10931 , 0 , 12332 , 12332 , 0 ,-11.36069 ,N,N
10-Nov-2011 16:02,201109,201009,Other Reporting Airports      ,EDINBURGH                     ,MANSTON (KENT INT)            , 2672 , 2672 , 0 , 2444 , 2444 , 0 , 9.328969 ,N,N
10-Nov-2011 16:02,201109,201009,Other Reporting Airports      ,EDINBURGH                     ,NEWQUAY                       , 2042 , 2042 , 0 , 1871 , 1871 , 0 , 9.139498 ,N,N
10-Nov-2011 16:02,201109,201009,Other Reporting Airports      ,EDINBURGH                     ,NORWICH                       , 4309 , 4309 , 0 , 4757 , 4757 , 0 ,-9.4177 ,N,N
10-Nov-2011 16:02,201109,201009,Other Reporting Airports      ,EDINBURGH                     ,SOUTHAMPTON                   , 19389 , 19389 , 0 , 19035 , 19035 , 0 , 1.859732 ,N,N
10-Nov-2011 16:02,201109,201009,Other Reporting Airports      ,EDINBURGH                     ,STORNOWAY                     , 1907 , 1907 , 0 , 1941 , 1941 , 0 ,-1.751674 ,N,N
10-Nov-2011 16:02,201109,201009,Other Reporting Airports      ,EDINBURGH                     ,SUMBURGH                      , 3185 , 3185 , 0 , 3110 , 3110 , 0 , 2.411576 ,N,N
10-Nov-2011 16:02,201109,201009,Other Reporting Airports      ,EDINBURGH                     ,WICK                          , 842 , 842 , 0 , 705 , 705 , 0 , 19.43262 ,N,N
10-Nov-2011 16:02,201109,201009,Other Reporting Airports      ,EXETER                        ,GLASGOW                       , 2510 , 2510 , 0 , 2394 , 2394 , 0 , 4.845447 ,N,N
10-Nov-2011 16:02,201109,201009,Other Reporting Airports      ,EXETER                        ,GUERNSEY                      , 2324 , 2324 , 0 , 2057 , 2057 , 0 , 12.98007 ,N,N
10-Nov-2011 16:02,201109,201009,Other Reporting Airports      ,EXETER                        ,ISLES OF SCILLY (ST.MARYS)    , 428 , 428 , 0 , 463 , 463 , 0 ,-7.559395 ,N,N
10-Nov-2011 16:02,201109,201009,Other Reporting Airports      ,EXETER                        ,JERSEY                        , 3477 , 3477 , 0 , 3249 , 3249 , 0 , 7.017544 ,N,N
10-Nov-2011 16:02,201109,201009,Other Reporting Airports      ,EXETER                        ,LEEDS BRADFORD                , 819 , 819 , 0 , 1077 , 1077 , 0 ,-23.95543 ,N,N
10-Nov-2011 16:02,201109,201009,Other Reporting Airports      ,EXETER                        ,MANCHESTER                    , 4172 , 4172 , 0 , 3539 , 3539 , 0 , 17.88641 ,N,N
10-Nov-2011 16:02,201109,201009,Other Reporting Airports      ,EXETER                        ,NEWCASTLE                     , 2105 , 2105 , 0 , 2339 , 2339 , 0 ,-10.00428 ,N,N
10-Nov-2011 16:02,201109,201009,Other Reporting Airports      ,EXETER                        ,NORWICH                       , 0 , 0 , 0 , 1166 , 1166 , 0 ,-100 ,N,N
10-Nov-2011 16:02,201109,201009,Other Reporting Airports      ,FAIR ISLE                     ,LERWICK (TINGWALL)            , 342 , 342 , 0 , 265 , 265 , 0 , 29.0566 ,N,N
10-Nov-2011 16:02,201109,201009,Other Reporting Airports      ,FAIR ISLE                     ,SUMBURGH                      , 8 , 8 , 0 , 45 , 45 , 0 ,-82.22222 ,N,N
10-Nov-2011 16:02,201109,201009,Other Reporting Airports      ,FARNBOROUGH                   ,GLASGOW                       , 0 , 0 , 0 , 5 , 0 , 5 ,-100 ,N,Y
10-Nov-2011 16:02,201109,201009,Other Reporting Airports      ,FARNBOROUGH                   ,GUERNSEY                      , 4 , 0 , 4 , 0 , 0 , 0 ,Null,Y,N
10-Nov-2011 16:02,201109,201009,Other Reporting Airports      ,FARNBOROUGH                   ,MANCHESTER                    , 40 , 0 , 40 , 80 , 0 , 80 ,-50 ,N,N
10-Nov-2011 16:02,201109,201009,Other Reporting Airports      ,FOULA                         ,LERWICK (TINGWALL)            , 165 , 165 , 0 , 135 , 135 , 0 , 22.22222 ,N,N
10-Nov-2011 16:02,201109,201009,London Area Airports          ,GATWICK                       ,ABERDEEN                      , 19610 , 19610 , 0 , 12392 , 12188 , 204 , 58.24726 ,N,N
10-Nov-2011 16:02,201109,201009,London Area Airports          ,GATWICK                       ,BELFAST CITY (GEORGE BEST)    , 22308 , 22308 , 0 , 19298 , 19298 , 0 , 15.59747 ,N,N
10-Nov-2011 16:02,201109,201009,London Area Airports          ,GATWICK                       ,BELFAST INTERNATIONAL         , 28969 , 28969 , 0 , 26586 , 26586 , 0 , 8.963365 ,N,N
10-Nov-2011 16:02,201109,201009,London Area Airports          ,GATWICK                       ,EDINBURGH                     , 61248 , 61248 , 0 , 58802 , 58802 , 0 , 4.159722 ,N,N
10-Nov-2011 16:02,201109,201009,London Area Airports          ,GATWICK                       ,GLASGOW                       , 51559 , 51559 , 0 , 45935 , 45935 , 0 , 12.24339 ,N,N
10-Nov-2011 16:02,201109,201009,London Area Airports          ,GATWICK                       ,GUERNSEY                      , 32467 , 32467 , 0 , 31710 , 31710 , 0 , 2.387259 ,N,N
10-Nov-2011 16:02,201109,201009,London Area Airports          ,GATWICK                       ,INVERNESS                     , 21556 , 21285 , 271 , 20116 , 20116 , 0 , 7.158481 ,N,N
10-Nov-2011 16:02,201109,201009,London Area Airports          ,GATWICK                       ,ISLE OF MAN                   , 11324 , 11324 , 0 , 11430 , 11430 , 0 ,-0.9273841 ,N,N
10-Nov-2011 16:02,201109,201009,London Area Airports          ,GATWICK                       ,JERSEY                        , 52411 , 52411 , 0 , 50738 , 50738 , 0 , 3.297331 ,N,N
10-Nov-2011 16:02,201109,201009,London Area Airports          ,GATWICK                       ,LEEDS BRADFORD                , 0 , 0 , 0 , 5011 , 5011 , 0 ,-100 ,N,N
10-Nov-2011 16:02,201109,201009,London Area Airports          ,GATWICK                       ,LIVERPOOL (JOHN LENNON)       , 80 , 0 , 80 , 0 , 0 , 0 ,Null,N,N
10-Nov-2011 16:02,201109,201009,London Area Airports          ,GATWICK                       ,MANCHESTER                    , 20802 , 20690 , 112 , 24049 , 24049 , 0 ,-13.5016 ,N,N
10-Nov-2011 16:02,201109,201009,London Area Airports          ,GATWICK                       ,NEWCASTLE                     , 9401 , 9356 , 45 , 8803 , 8803 , 0 , 6.793139 ,N,N
10-Nov-2011 16:02,201109,201009,London Area Airports          ,GATWICK                       ,NEWQUAY                       , 9053 , 9053 , 0 , 10533 , 10533 , 0 ,-14.05108 ,N,N
10-Nov-2011 16:02,201109,201009,London Area Airports          ,GATWICK                       ,PLYMOUTH                      , 0 , 0 , 0 , 5445 , 5445 , 0 ,-100 ,N,N
10-Nov-2011 16:02,201109,201009,Other Reporting Airports      ,GLASGOW                       ,ISLAY                         , 2715 , 2715 , 0 , 2697 , 2697 , 0 , 0.6674082 ,N,N
10-Nov-2011 16:02,201109,201009,Other Reporting Airports      ,GLASGOW                       ,ISLE OF MAN                   , 942 , 942 , 0 , 915 , 915 , 0 , 2.95082 ,N,N
10-Nov-2011 16:02,201109,201009,Other Reporting Airports      ,GLASGOW                       ,JERSEY                        , 3296 , 3296 , 0 , 1568 , 1568 , 0 , 110.2041 ,N,N
10-Nov-2011 16:02,201109,201009,Other Reporting Airports      ,GLASGOW                       ,KIRKWALL                      , 1352 , 1352 , 0 , 1377 , 1377 , 0 ,-1.815541 ,N,N
10-Nov-2011 16:02,201109,201009,Other Reporting Airports      ,GLASGOW                       ,LEEDS BRADFORD                , 1131 , 1131 , 0 , 1434 , 1434 , 0 ,-21.12971 ,N,N
10-Nov-2011 16:02,201109,201009,Other Reporting Airports      ,GLASGOW                       ,MANCHESTER                    , 5102 , 5102 , 0 , 6769 , 6588 , 181 ,-24.62698 ,N,N
10-Nov-2011 16:02,201109,201009,Other Reporting Airports      ,GLASGOW                       ,NEWQUAY                       , 248 , 248 , 0 , 0 , 0 , 0 ,Null,N,N
10-Nov-2011 16:02,201109,201009,Other Reporting Airports      ,GLASGOW                       ,PLYMOUTH                      , 257 , 257 , 0 , 2202 , 2202 , 0 ,-88.32879 ,N,N
10-Nov-2011 16:02,201109,201009,Other Reporting Airports      ,GLASGOW                       ,SOUTHAMPTON                   , 12637 , 12637 , 0 , 12491 , 12392 , 99 , 1.168842 ,N,N
10-Nov-2011 16:02,201109,201009,Other Reporting Airports      ,GLASGOW                       ,STORNOWAY                     , 4959 , 4959 , 0 , 4835 , 4835 , 0 , 2.564633 ,N,N
10-Nov-2011 16:02,201109,201009,Other Reporting Airports      ,GLASGOW                       ,SUMBURGH                      , 1512 , 1512 , 0 , 1439 , 1439 , 0 , 5.072968 ,N,N
10-Nov-2011 16:02,201109,201009,Other Reporting Airports      ,GLASGOW                       ,TIREE                         , 704 , 704 , 0 , 668 , 668 , 0 , 5.389222 ,N,N
10-Nov-2011 16:02,201109,201009,Other Reporting Airports      ,GLOUCESTERSHIRE               ,ISLE OF MAN                   , 1280 , 1280 , 0 , 1141 , 1141 , 0 , 12.1823 ,N,N
10-Nov-2011 16:02,201109,201009,Other Reporting Airports      ,GLOUCESTERSHIRE               ,JERSEY                        , 118 , 118 , 0 , 253 , 253 , 0 ,-53.35968 ,N,N
10-Nov-2011 16:02,201109,201009,Other Reporting Airports      ,GUERNSEY                      ,ISLE OF MAN                   , 0 , 0 , 0 , 319 , 319 , 0 ,-100 ,N,N
10-Nov-2011 16:02,201109,201009,Other Reporting Airports      ,GUERNSEY                      ,JERSEY                        , 13610 , 13610 , 0 , 13999 , 13999 , 0 ,-2.77877 ,N,N
10-Nov-2011 16:02,201109,201009,Other Reporting Airports      ,GUERNSEY                      ,MANCHESTER                    , 5899 , 5899 , 0 , 6714 , 6714 , 0 ,-12.13881 ,N,N
10-Nov-2011 16:02,201109,201009,Other Reporting Airports      ,GUERNSEY                      ,NEWQUAY                       , 107 , 107 , 0 , 0 , 0 , 0 ,Null,N,N
10-Nov-2011 16:02,201109,201009,Other Reporting Airports      ,GUERNSEY                      ,NORWICH                       , 289 , 289 , 0 , 348 , 348 , 0 ,-16.95402 ,N,N
10-Nov-2011 16:02,201109,201009,Other Reporting Airports      ,GUERNSEY                      ,PLYMOUTH                      , 0 , 0 , 0 , 544 , 544 , 0 ,-100 ,N,N
10-Nov-2011 16:02,201109,201009,Other Reporting Airports      ,GUERNSEY                      ,SOUTHAMPTON                   , 12313 , 12313 , 0 , 12516 , 12516 , 0 ,-1.621924 ,N,N
10-Nov-2011 16:02,201109,201009,London Area Airports          ,HEATHROW                      ,ABERDEEN                      , 63168 , 63168 , 0 , 63296 , 63296 , 0 ,-0.2022245 ,N,N
10-Nov-2011 16:02,201109,201009,London Area Airports          ,HEATHROW                      ,BELFAST CITY (GEORGE BEST)    , 31629 , 31629 , 0 , 39833 , 39833 , 0 ,-20.59599 ,N,N
10-Nov-2011 16:02,201109,201009,London Area Airports          ,HEATHROW                      ,BELFAST INTERNATIONAL         , 27572 , 27572 , 0 , 26803 , 26803 , 0 , 2.869082 ,N,N
10-Nov-2011 16:02,201109,201009,London Area Airports          ,HEATHROW                      ,EDINBURGH                     , 118547 , 118547 , 0 , 133382 , 133376 , 6 ,-11.12219 ,N,N
10-Nov-2011 16:02,201109,201009,London Area Airports          ,HEATHROW                      ,GLASGOW                       , 68232 , 68232 , 0 , 104666 , 104666 , 0 ,-34.80978 ,N,N
10-Nov-2011 16:02,201109,201009,London Area Airports          ,HEATHROW                      ,LIVERPOOL (JOHN LENNON)       , 0 , 0 , 0 , 30 , 0 , 30 ,-100 ,N,N
10-Nov-2011 16:02,201109,201009,London Area Airports          ,HEATHROW                      ,MANCHESTER                    , 67906 , 67906 , 0 , 77628 , 77628 , 0 ,-12.52383 ,N,N
10-Nov-2011 16:02,201109,201009,London Area Airports          ,HEATHROW                      ,NEWCASTLE                     , 44101 , 44101 , 0 , 46974 , 46974 , 0 ,-6.116149 ,N,N
10-Nov-2011 16:02,201109,201009,Other Reporting Airports      ,HUMBERSIDE                    ,JERSEY                        , 435 , 435 , 0 , 335 , 335 , 0 , 29.85075 ,N,N
10-Nov-2011 16:02,201109,201009,Other Reporting Airports      ,HUMBERSIDE                    ,NORWICH                       , 117 , 117 , 0 , 75 , 75 , 0 , 56 ,N,N
10-Nov-2011 16:02,201109,201009,Other Reporting Airports      ,INVERNESS                     ,JERSEY                        , 449 , 449 , 0 , 266 , 266 , 0 , 68.79699 ,N,N
10-Nov-2011 16:02,201109,201009,Other Reporting Airports      ,INVERNESS                     ,KIRKWALL                      , 2228 , 2228 , 0 , 2205 , 2205 , 0 , 1.043084 ,N,N
10-Nov-2011 16:02,201109,201009,Other Reporting Airports      ,INVERNESS                     ,MANCHESTER                    , 4710 , 4710 , 0 , 4573 , 4573 , 0 , 2.995845 ,N,N
10-Nov-2011 16:02,201109,201009,Other Reporting Airports      ,INVERNESS                     ,SOUTHAMPTON                   , 450 , 450 , 0 , 485 , 485 , 0 ,-7.216495 ,N,N
10-Nov-2011 16:02,201109,201009,Other Reporting Airports      ,INVERNESS                     ,STORNOWAY                     , 2996 , 2996 , 0 , 2848 , 2848 , 0 , 5.196629 ,N,N
10-Nov-2011 16:02,201109,201009,Other Reporting Airports      ,ISLE OF MAN                   ,JERSEY                        , 344 , 344 , 0 , 448 , 448 , 0 ,-23.21428 ,N,N
10-Nov-2011 16:02,201109,201009,Other Reporting Airports      ,ISLE OF MAN                   ,LEEDS BRADFORD                , 368 , 368 , 0 , 301 , 301 , 0 , 22.25914 ,N,N
10-Nov-2011 16:02,201109,201009,Other Reporting Airports      ,ISLE OF MAN                   ,LIVERPOOL (JOHN LENNON)       , 15239 , 15239 , 0 , 13333 , 13333 , 0 , 14.29536 ,N,N
10-Nov-2011 16:02,201109,201009,Other Reporting Airports      ,ISLE OF MAN                   ,MANCHESTER                    , 11454 , 11454 , 0 , 11889 , 11889 , 0 ,-3.658844 ,N,N
10-Nov-2011 16:02,201109,201009,Other Reporting Airports      ,ISLE OF MAN                   ,NEWCASTLE                     , 165 , 165 , 0 , 490 , 490 , 0 ,-66.32653 ,N,N
10-Nov-2011 16:02,201109,201009,Other Reporting Airports      ,ISLE OF MAN                   ,SOUTHAMPTON                   , 1732 , 1732 , 0 , 1062 , 1062 , 0 , 63.08851 ,N,N
10-Nov-2011 16:02,201109,201009,Other Reporting Airports      ,ISLES OF SCILLY (ST.MARYS)    ,NEWQUAY                       , 0 , 0 , 0 , 6 , 6 , 0 ,-100 ,N,N
10-Nov-2011 16:02,201109,201009,Other Reporting Airports      ,ISLES OF SCILLY (ST.MARYS)    ,SOUTHAMPTON                   , 462 , 462 , 0 , 512 , 512 , 0 ,-9.765625 ,N,N
10-Nov-2011 16:02,201109,201009,Other Reporting Airports      ,JERSEY                        ,LEEDS BRADFORD                , 3098 , 3098 , 0 , 3003 , 3003 , 0 , 3.163503 ,N,N
10-Nov-2011 16:02,201109,201009,Other Reporting Airports      ,JERSEY                        ,LIVERPOOL (JOHN LENNON)       , 6896 , 6896 , 0 , 4988 , 4988 , 0 , 38.2518 ,N,N
10-Nov-2011 16:02,201109,201009,Other Reporting Airports      ,JERSEY                        ,MANCHESTER                    , 8412 , 8412 , 0 , 9613 , 9613 , 0 ,-12.4935 ,N,N
10-Nov-2011 16:02,201109,201009,Other Reporting Airports      ,JERSEY                        ,MANSTON (KENT INT)            , 241 , 0 , 241 , 326 , 0 , 326 ,-26.07362 ,N,N
10-Nov-2011 16:02,201109,201009,Other Reporting Airports      ,JERSEY                        ,NEWCASTLE                     , 2117 , 2117 , 0 , 2012 , 2012 , 0 , 5.218688 ,N,N
10-Nov-2011 16:02,201109,201009,Other Reporting Airports      ,JERSEY                        ,NEWQUAY                       , 317 , 317 , 0 , 0 , 0 , 0 ,Null,N,N
10-Nov-2011 16:02,201109,201009,Other Reporting Airports      ,JERSEY                        ,NORWICH                       , 781 , 781 , 0 , 1508 , 1508 , 0 ,-48.20955 ,N,N
10-Nov-2011 16:02,201109,201009,Other Reporting Airports      ,JERSEY                        ,OXFORD (KIDLINGTON)           , 253 , 0 , 253 , 202 , 0 , 202 , 25.24752 ,N,N
10-Nov-2011 16:02,201109,201009,Other Reporting Airports      ,JERSEY                        ,PLYMOUTH                      , 342 , 342 , 0 , 730 , 730 , 0 ,-53.15068 ,N,N
10-Nov-2011 16:02,201109,201009,Other Reporting Airports      ,JERSEY                        ,PRESTWICK                     , 0 , 0 , 0 , 255 , 255 , 0 ,-100 ,N,N
10-Nov-2011 16:02,201109,201009,Other Reporting Airports      ,JERSEY                        ,SOUTHAMPTON                   , 14891 , 14891 , 0 , 14943 , 14943 , 0 ,-0.347989 ,N,N
10-Nov-2011 16:02,201109,201009,Other Reporting Airports      ,KIRKWALL                      ,NORTH RONALDSAY               , 640 , 640 , 0 , 664 , 664 , 0 ,-3.614458 ,N,N
10-Nov-2011 16:02,201109,201009,Other Reporting Airports      ,KIRKWALL                      ,PAPA WESTRAY                  , 403 , 403 , 0 , 363 , 363 , 0 , 11.01928 ,N,N
10-Nov-2011 16:02,201109,201009,Other Reporting Airports      ,KIRKWALL                      ,SANDAY                        , 215 , 215 , 0 , 208 , 208 , 0 , 3.365385 ,N,N
10-Nov-2011 16:02,201109,201009,Other Reporting Airports      ,KIRKWALL                      ,STRONSAY                      , 285 , 285 , 0 , 264 , 264 , 0 , 7.954545 ,N,N
10-Nov-2011 16:02,201109,201009,Other Reporting Airports      ,KIRKWALL                      ,SUMBURGH                      , 784 , 784 , 0 , 828 , 828 , 0 ,-5.31401 ,N,N
10-Nov-2011 16:02,201109,201009,Other Reporting Airports      ,KIRKWALL                      ,WESTRAY                       , 322 , 322 , 0 , 346 , 346 , 0 ,-6.936416 ,N,N
10-Nov-2011 16:02,201109,201009,Other Reporting Airports      ,LEEDS BRADFORD                ,NEWQUAY                       , 1913 , 1913 , 0 , 1047 , 1047 , 0 , 82.71251 ,N,N
10-Nov-2011 16:02,201109,201009,Other Reporting Airports      ,LEEDS BRADFORD                ,PLYMOUTH                      , 0 , 0 , 0 , 965 , 965 , 0 ,-100 ,N,N
10-Nov-2011 16:02,201109,201009,Other Reporting Airports      ,LEEDS BRADFORD                ,SOUTHAMPTON                   , 6418 , 6418 , 0 , 6627 , 6627 , 0 ,-3.153765 ,N,N
10-Nov-2011 16:02,201109,201009,Other Reporting Airports      ,LERWICK (TINGWALL)            ,OUT SKERRIES                  , 42 , 42 , 0 , 31 , 31 , 0 , 35.48387 ,N,N
10-Nov-2011 16:02,201109,201009,Other Reporting Airports      ,LERWICK (TINGWALL)            ,PAPA STOUR                    , 0 , 0 , 0 , 3 , 3 , 0 ,-100 ,N,N
10-Nov-2011 16:02,201109,201009,Other Reporting Airports      ,LIVERPOOL (JOHN LENNON)       ,SOUTHAMPTON                   , 0 , 0 , 0 , 695 , 695 , 0 ,-100 ,N,N
10-Nov-2011 16:02,201109,201009,London Area Airports          ,LONDON CITY                   ,DUNDEE                        , 2686 , 2686 , 0 , 3735 , 3735 , 0 ,-28.08568 ,N,N
10-Nov-2011 16:02,201109,201009,London Area Airports          ,LONDON CITY                   ,EDINBURGH                     , 32365 , 32365 , 0 , 34104 , 34104 , 0 ,-5.099109 ,N,N
10-Nov-2011 16:02,201109,201009,London Area Airports          ,LONDON CITY                   ,GLASGOW                       , 16140 , 16140 , 0 , 10615 , 10615 , 0 , 52.04899 ,N,N
10-Nov-2011 16:02,201109,201009,London Area Airports          ,LONDON CITY                   ,ISLE OF MAN                   , 3803 , 3803 , 0 , 4172 , 4172 , 0 ,-8.844679 ,N,N
10-Nov-2011 16:02,201109,201009,London Area Airports          ,LONDON CITY                   ,JERSEY                        , 2310 , 2310 , 0 , 1181 , 1181 , 0 , 95.59695 ,N,N
10-Nov-2011 16:02,201109,201009,London Area Airports          ,LONDON CITY                   ,NEWCASTLE                     , 0 , 0 , 0 , 42 , 0 , 42 ,-100 ,N,N
10-Nov-2011 16:02,201109,201009,London Area Airports          ,LUTON                         ,ABERDEEN                      , 13487 , 13487 , 0 , 11716 , 11716 , 0 , 15.11608 ,N,N
10-Nov-2011 16:02,201109,201009,London Area Airports          ,LUTON                         ,BELFAST CITY (GEORGE BEST)    , 0 , 0 , 0 , 13927 , 13927 , 0 ,-100 ,N,N
10-Nov-2011 16:02,201109,201009,London Area Airports          ,LUTON                         ,BELFAST INTERNATIONAL         , 17653 , 17653 , 0 , 0 , 0 , 0 ,Null,N,N
10-Nov-2011 16:02,201109,201009,London Area Airports          ,LUTON                         ,BLACKPOOL                     , 32 , 0 , 32 , 0 , 0 , 0 ,Null,N,N
10-Nov-2011 16:02,201109,201009,London Area Airports          ,LUTON                         ,DONCASTER SHEFFIELD           , 0 , 0 , 0 , 4 , 0 , 4 ,-100 ,N,Y
10-Nov-2011 16:02,201109,201009,London Area Airports          ,LUTON                         ,DURHAM TEES VALLEY            , 0 , 0 , 0 , 28 , 0 , 28 ,-100 ,N,N
10-Nov-2011 16:02,201109,201009,London Area Airports          ,LUTON                         ,EDINBURGH                     , 22893 , 22890 , 3 , 21454 , 21444 , 10 , 6.707374 ,N,N
10-Nov-2011 16:02,201109,201009,London Area Airports          ,LUTON                         ,FARNBOROUGH                   , 4 , 0 , 4 , 0 , 0 , 0 ,Null,Y,N
10-Nov-2011 16:02,201109,201009,London Area Airports          ,LUTON                         ,GLASGOW                       , 24273 , 24232 , 41 , 20997 , 20997 , 0 , 15.60223 ,N,N
10-Nov-2011 16:02,201109,201009,London Area Airports          ,LUTON                         ,INVERNESS                     , 9137 , 9137 , 0 , 8507 , 8501 , 6 , 7.405666 ,N,N
10-Nov-2011 16:02,201109,201009,London Area Airports          ,LUTON                         ,ISLE OF MAN                   , 2349 , 2324 , 25 , 2428 , 2428 , 0 ,-3.253707 ,N,N
10-Nov-2011 16:02,201109,201009,London Area Airports          ,LUTON                         ,JERSEY                        , 1973 , 1973 , 0 , 2016 , 2016 , 0 ,-2.132936 ,N,N
10-Nov-2011 16:02,201109,201009,London Area Airports          ,LUTON                         ,MANCHESTER                    , 0 , 0 , 0 , 5 , 0 , 5 ,-100 ,N,Y
10-Nov-2011 16:02,201109,201009,London Area Airports          ,LUTON                         ,NEWCASTLE                     , 10 , 0 , 10 , 33 , 0 , 33 ,-69.69697 ,Y,N
10-Nov-2011 16:02,201109,201009,London Area Airports          ,LUTON                         ,WICK                          , 62 , 0 , 62 , 0 , 0 , 0 ,Null,N,N
10-Nov-2011 16:02,201109,201009,Other Reporting Airports      ,MANCHESTER                    ,MANSTON (KENT INT)            , 0 , 0 , 0 , 899 , 899 , 0 ,-100 ,N,N
10-Nov-2011 16:02,201109,201009,Other Reporting Airports      ,MANCHESTER                    ,NEWCASTLE                     , 85 , 0 , 85 , 242 , 0 , 242 ,-64.87603 ,N,N
10-Nov-2011 16:02,201109,201009,Other Reporting Airports      ,MANCHESTER                    ,NEWQUAY                       , 3393 , 3393 , 0 , 5482 , 5482 , 0 ,-38.10653 ,N,N
10-Nov-2011 16:02,201109,201009,Other Reporting Airports      ,MANCHESTER                    ,NORWICH                       , 2279 , 2246 , 33 , 2917 , 2917 , 0 ,-21.87179 ,N,N
10-Nov-2011 16:02,201109,201009,Other Reporting Airports      ,MANCHESTER                    ,PLYMOUTH                      , 0 , 0 , 0 , 1763 , 1763 , 0 ,-100 ,N,N
10-Nov-2011 16:02,201109,201009,Other Reporting Airports      ,MANCHESTER                    ,SOUTHAMPTON                   , 10607 , 10607 , 0 , 10793 , 10793 , 0 ,-1.723339 ,N,N
10-Nov-2011 16:02,201109,201009,Other Reporting Airports      ,MANCHESTER                    ,STORNOWAY                     , 154 , 0 , 154 , 0 , 0 , 0 ,Null,N,N
10-Nov-2011 16:02,201109,201009,Other Reporting Airports      ,NEWCASTLE                     ,NEWQUAY                       , 0 , 0 , 0 , 834 , 834 , 0 ,-100 ,N,N
10-Nov-2011 16:02,201109,201009,Other Reporting Airports      ,NEWCASTLE                     ,PLYMOUTH                      , 0 , 0 , 0 , 1484 , 1484 , 0 ,-100 ,N,N
10-Nov-2011 16:02,201109,201009,Other Reporting Airports      ,NEWCASTLE                     ,SOUTHAMPTON                   , 8472 , 8472 , 0 , 9682 , 9682 , 0 ,-12.49742 ,N,N
10-Nov-2011 16:02,201109,201009,Other Reporting Airports      ,NEWQUAY                       ,PLYMOUTH                      , 0 , 0 , 0 , 39 , 39 , 0 ,-100 ,N,N
10-Nov-2011 16:02,201109,201009,Other Reporting Airports      ,SOUTH MARSTON                 ,STORNOWAY                     , 0 , 0 , 0 , 12 , 0 , 12 ,-100 ,N,Y
10-Nov-2011 16:02,201109,201009,London Area Airports          ,SOUTHEND                      ,JERSEY                        , 586 , 586 , 0 , 510 , 510 , 0 , 14.90196 ,N,N
10-Nov-2011 16:02,201109,201009,London Area Airports          ,STANSTED                      ,BELFAST CITY (GEORGE BEST)    , 7512 , 7512 , 0 , 29998 , 29998 , 0 ,-74.95833 ,N,N
10-Nov-2011 16:02,201109,201009,London Area Airports          ,STANSTED                      ,BELFAST INTERNATIONAL         , 30072 , 30072 , 0 , 24488 , 24488 , 0 , 22.80301 ,N,N
10-Nov-2011 16:02,201109,201009,London Area Airports          ,STANSTED                      ,CITY OF DERRY (EGLINTON)      , 11164 , 11164 , 0 , 8629 , 8629 , 0 , 29.37768 ,N,N
10-Nov-2011 16:02,201109,201009,London Area Airports          ,STANSTED                      ,EDINBURGH                     , 31655 , 31649 , 6 , 29095 , 29095 , 0 , 8.798762 ,N,N
10-Nov-2011 16:02,201109,201009,London Area Airports          ,STANSTED                      ,GLASGOW                       , 30194 , 30194 , 0 , 27739 , 27739 , 0 , 8.850355 ,N,N
10-Nov-2011 16:02,201109,201009,London Area Airports          ,STANSTED                      ,GUERNSEY                      , 3311 , 3311 , 0 , 2948 , 2948 , 0 , 12.31343 ,N,N
10-Nov-2011 16:02,201109,201009,London Area Airports          ,STANSTED                      ,INVERNESS                     , 150 , 0 , 150 , 0 , 0 , 0 ,Null,N,N
10-Nov-2011 16:02,201109,201009,London Area Airports          ,STANSTED                      ,JERSEY                        , 983 , 983 , 0 , 3122 , 3122 , 0 ,-68.51377 ,N,N
10-Nov-2011 16:02,201109,201009,London Area Airports          ,STANSTED                      ,LIVERPOOL (JOHN LENNON)       , 35 , 0 , 35 , 0 , 0 , 0 ,Null,N,N
10-Nov-2011 16:02,201109,201009,London Area Airports          ,STANSTED                      ,NEWCASTLE                     , 0 , 0 , 0 , 9868 , 9868 , 0 ,-100 ,N,N
10-Nov-2011 16:02,201109,201009,London Area Airports          ,STANSTED                      ,PLYMOUTH                      , 0 , 0 , 0 , 46 , 0 , 46 ,-100 ,N,N
10-Nov-2011 16:02,201109,201009,London Area Airports          ,STANSTED                      ,PRESTWICK                     , 7752 , 7752 , 0 , 22500 , 22500 , 0 ,-65.54667 ,N,N
