rundate,this_period,last_period,group_name,airport_1_name,airport_2_name,total_pax_this_period,total_pax_scheduled_this_period,total_pax_charter_this_period,total_pax_last_period,total_pax_scheduled_last_period,total_pax_charter_last_period,total_pax_percent,charters_tm_only_small_acf,charters_lm_only_small_acf
07-Mar-2012 09:57,201111,201011,Other Reporting Airports      ,ABERDEEN                      ,BELFAST CITY (GEORGE BEST)    , 1650 , 1650 , 0 , 1094 , 1094 , 0 , 50.82267 ,N,N
07-Mar-2012 09:57,201111,201011,Other Reporting Airports      ,ABERDEEN                      ,BIRMINGHAM                    , 7118 , 7118 , 0 , 6771 , 6771 , 0 , 5.124797 ,N,N
07-Mar-2012 09:57,201111,201011,Other Reporting Airports      ,ABERDEEN                      ,BRISTOL                       , 3493 , 3493 , 0 , 2321 , 2321 , 0 , 50.49548 ,N,N
07-Mar-2012 09:57,201111,201011,Other Reporting Airports      ,ABERDEEN                      ,CARDIFF WALES                 , 1223 , 1223 , 0 , 82 , 82 , 0 , 1391.463 ,N,N
07-Mar-2012 09:57,201111,201011,Other Reporting Airports      ,ABERDEEN                      ,DURHAM TEES VALLEY            , 2871 , 2871 , 0 , 2548 , 2548 , 0 , 12.67661 ,N,N
07-Mar-2012 09:57,201111,201011,Other Reporting Airports      ,ABERDEEN                      ,EAST MIDLANDS INTERNATIONAL   , 1771 , 1771 , 0 , 1850 , 1850 , 0 ,-4.27027 ,N,N
07-Mar-2012 09:57,201111,201011,Other Reporting Airports      ,ABERDEEN                      ,EXETER                        , 1546 , 1546 , 0 , 1696 , 1696 , 0 ,-8.844339 ,N,N
07-Mar-2012 09:57,201111,201011,Other Reporting Airports      ,ABERDEEN                      ,HUMBERSIDE                    , 3051 , 3051 , 0 , 2572 , 2572 , 0 , 18.62364 ,N,N
07-Mar-2012 09:57,201111,201011,Other Reporting Airports      ,ABERDEEN                      ,KIRKWALL                      , 3663 , 3663 , 0 , 2829 , 2829 , 0 , 29.48038 ,N,N
07-Mar-2012 09:57,201111,201011,Other Reporting Airports      ,ABERDEEN                      ,LEEDS BRADFORD                , 0 , 0 , 0 , 581 , 581 , 0 ,-100 ,N,N
07-Mar-2012 09:57,201111,201011,Other Reporting Airports      ,ABERDEEN                      ,LIVERPOOL (JOHN LENNON)       , 0 , 0 , 0 , 21 , 21 , 0 ,-100 ,N,N
07-Mar-2012 09:57,201111,201011,Other Reporting Airports      ,ABERDEEN                      ,MANCHESTER                    , 13853 , 13301 , 552 , 8458 , 8164 , 294 , 63.78577 ,N,N
07-Mar-2012 09:57,201111,201011,Other Reporting Airports      ,ABERDEEN                      ,NEWCASTLE                     , 2068 , 2068 , 0 , 2623 , 2623 , 0 ,-21.15898 ,N,N
07-Mar-2012 09:57,201111,201011,Other Reporting Airports      ,ABERDEEN                      ,NORWICH                       , 5555 , 5555 , 0 , 5199 , 5199 , 0 , 6.847471 ,N,N
07-Mar-2012 09:57,201111,201011,Other Reporting Airports      ,ABERDEEN                      ,SCATSTA                       , 13258 , 0 , 13258 , 12935 , 0 , 12935 , 2.497101 ,N,N
07-Mar-2012 09:57,201111,201011,Other Reporting Airports      ,ABERDEEN                      ,SOUTHAMPTON                   , 1631 , 1631 , 0 , 2342 , 2342 , 0 ,-30.35867 ,N,N
07-Mar-2012 09:57,201111,201011,Other Reporting Airports      ,ABERDEEN                      ,STORNOWAY                     , 543 , 543 , 0 , 475 , 475 , 0 , 14.31579 ,N,N
07-Mar-2012 09:57,201111,201011,Other Reporting Airports      ,ABERDEEN                      ,SUMBURGH                      , 5474 , 5120 , 354 , 5366 , 4953 , 413 , 2.012672 ,N,N
07-Mar-2012 09:57,201111,201011,Other Reporting Airports      ,ABERDEEN                      ,WICK                          , 1330 , 1330 , 0 , 1484 , 1484 , 0 ,-10.37736 ,N,N
07-Mar-2012 09:57,201111,201011,Other Reporting Airports      ,ALDERNEY                      ,GUERNSEY                      , 2668 , 2668 , 0 , 2875 , 2875 , 0 ,-7.2 ,N,N
07-Mar-2012 09:57,201111,201011,Other Reporting Airports      ,ALDERNEY                      ,SOUTHAMPTON                   , 1406 , 1406 , 0 , 1443 , 1443 , 0 ,-2.564103 ,N,N
07-Mar-2012 09:57,201111,201011,Other Reporting Airports      ,ANGLESEY (VALLEY)             ,CARDIFF WALES                 , 709 , 709 , 0 , 802 , 802 , 0 ,-11.59601 ,N,N
07-Mar-2012 09:57,201111,201011,Other Reporting Airports      ,BARRA                         ,BENBECULA                     , 100 , 100 , 0 , 99 , 99 , 0 , 1.010101 ,N,N
07-Mar-2012 09:57,201111,201011,Other Reporting Airports      ,BARRA                         ,GLASGOW                       , 477 , 477 , 0 , 471 , 471 , 0 , 1.273885 ,N,N
07-Mar-2012 09:57,201111,201011,Other Reporting Airports      ,BELFAST CITY (GEORGE BEST)    ,BIRMINGHAM                    , 25781 , 25781 , 0 , 16134 , 16134 , 0 , 59.79298 ,N,N
07-Mar-2012 09:57,201111,201011,Other Reporting Airports      ,BELFAST CITY (GEORGE BEST)    ,BLACKPOOL                     , 1177 , 1177 , 0 , 831 , 831 , 0 , 41.63658 ,N,N
07-Mar-2012 09:57,201111,201011,Other Reporting Airports      ,BELFAST CITY (GEORGE BEST)    ,BRISTOL                       , 3041 , 3041 , 0 , 3126 , 3126 , 0 ,-2.71913 ,N,N
07-Mar-2012 09:57,201111,201011,Other Reporting Airports      ,BELFAST CITY (GEORGE BEST)    ,CARDIFF WALES                 , 2960 , 2960 , 0 , 3051 , 3051 , 0 ,-2.982629 ,N,N
07-Mar-2012 09:57,201111,201011,Other Reporting Airports      ,BELFAST CITY (GEORGE BEST)    ,DONCASTER SHEFFIELD           , 0 , 0 , 0 , 1962 , 1962 , 0 ,-100 ,N,N
07-Mar-2012 09:57,201111,201011,Other Reporting Airports      ,BELFAST CITY (GEORGE BEST)    ,DUNDEE                        , 671 , 671 , 0 , 806 , 806 , 0 ,-16.74938 ,N,N
07-Mar-2012 09:57,201111,201011,Other Reporting Airports      ,BELFAST CITY (GEORGE BEST)    ,EAST MIDLANDS INTERNATIONAL   , 15479 , 15479 , 0 , 4212 , 4212 , 0 , 267.4976 ,N,N
07-Mar-2012 09:57,201111,201011,Other Reporting Airports      ,BELFAST CITY (GEORGE BEST)    ,EDINBURGH                     , 9306 , 9306 , 0 , 8823 , 8823 , 0 , 5.474329 ,N,N
07-Mar-2012 09:57,201111,201011,Other Reporting Airports      ,BELFAST CITY (GEORGE BEST)    ,EXETER                        , 900 , 900 , 0 , 0 , 0 , 0 ,Null,N,N
07-Mar-2012 09:57,201111,201011,Other Reporting Airports      ,BELFAST CITY (GEORGE BEST)    ,GLASGOW                       , 9383 , 9383 , 0 , 10782 , 10782 , 0 ,-12.97533 ,N,N
07-Mar-2012 09:57,201111,201011,Other Reporting Airports      ,BELFAST CITY (GEORGE BEST)    ,INVERNESS                     , 1721 , 1721 , 0 , 1319 , 1319 , 0 , 30.47763 ,N,N
07-Mar-2012 09:57,201111,201011,Other Reporting Airports      ,BELFAST CITY (GEORGE BEST)    ,ISLE OF MAN                   , 1139 , 1139 , 0 , 1888 , 1888 , 0 ,-39.67161 ,N,N
07-Mar-2012 09:57,201111,201011,Other Reporting Airports      ,BELFAST CITY (GEORGE BEST)    ,LEEDS BRADFORD                , 7361 , 7361 , 0 , 6075 , 6075 , 0 , 21.16872 ,N,N
07-Mar-2012 09:57,201111,201011,Other Reporting Airports      ,BELFAST CITY (GEORGE BEST)    ,LIVERPOOL (JOHN LENNON)       , 883 , 883 , 0 , 6807 , 6807 , 0 ,-87.02806 ,N,N
07-Mar-2012 09:57,201111,201011,Other Reporting Airports      ,BELFAST CITY (GEORGE BEST)    ,MANCHESTER                    , 23543 , 23543 , 0 , 19973 , 19973 , 0 , 17.87413 ,N,N
07-Mar-2012 09:57,201111,201011,Other Reporting Airports      ,BELFAST CITY (GEORGE BEST)    ,NEWCASTLE                     , 3088 , 3088 , 0 , 3548 , 3548 , 0 ,-12.96505 ,N,N
07-Mar-2012 09:57,201111,201011,Other Reporting Airports      ,BELFAST CITY (GEORGE BEST)    ,SOUTHAMPTON                   , 6486 , 6486 , 0 , 6415 , 6415 , 0 , 1.106781 ,N,N
07-Mar-2012 09:57,201111,201011,Other Reporting Airports      ,BELFAST INTERNATIONAL         ,BIRMINGHAM                    , 0 , 0 , 0 , 9867 , 9867 , 0 ,-100 ,N,N
07-Mar-2012 09:57,201111,201011,Other Reporting Airports      ,BELFAST INTERNATIONAL         ,BRISTOL                       , 15221 , 15221 , 0 , 15174 , 15174 , 0 , 0.3097403 ,N,N
07-Mar-2012 09:57,201111,201011,Other Reporting Airports      ,BELFAST INTERNATIONAL         ,CARDIFF WALES                 , 0 , 0 , 0 , 2529 , 2435 , 94 ,-100 ,N,N
07-Mar-2012 09:57,201111,201011,Other Reporting Airports      ,BELFAST INTERNATIONAL         ,EAST MIDLANDS INTERNATIONAL   , 94 , 0 , 94 , 10516 , 10516 , 0 ,-99.10612 ,N,N
07-Mar-2012 09:57,201111,201011,Other Reporting Airports      ,BELFAST INTERNATIONAL         ,EDINBURGH                     , 20401 , 20401 , 0 , 18285 , 18285 , 0 , 11.57233 ,N,N
07-Mar-2012 09:57,201111,201011,Other Reporting Airports      ,BELFAST INTERNATIONAL         ,GLASGOW                       , 21219 , 21219 , 0 , 20426 , 20426 , 0 , 3.882307 ,N,N
07-Mar-2012 09:57,201111,201011,Other Reporting Airports      ,BELFAST INTERNATIONAL         ,ISLE OF MAN                   , 0 , 0 , 0 , 42 , 42 , 0 ,-100 ,N,N
07-Mar-2012 09:57,201111,201011,Other Reporting Airports      ,BELFAST INTERNATIONAL         ,LEEDS BRADFORD                , 6082 , 6082 , 0 , 7768 , 7768 , 0 ,-21.70443 ,N,N
07-Mar-2012 09:57,201111,201011,Other Reporting Airports      ,BELFAST INTERNATIONAL         ,LIVERPOOL (JOHN LENNON)       , 34467 , 34467 , 0 , 30930 , 30930 , 0 , 11.4355 ,N,N
07-Mar-2012 09:57,201111,201011,Other Reporting Airports      ,BELFAST INTERNATIONAL         ,MANCHESTER                    , 10230 , 10230 , 0 , 8146 , 8076 , 70 , 25.58311 ,N,N
07-Mar-2012 09:57,201111,201011,Other Reporting Airports      ,BELFAST INTERNATIONAL         ,NEWCASTLE                     , 15780 , 15780 , 0 , 15156 , 15156 , 0 , 4.117181 ,N,N
07-Mar-2012 09:57,201111,201011,Other Reporting Airports      ,BENBECULA                     ,GLASGOW                       , 1684 , 1684 , 0 , 1742 , 1742 , 0 ,-3.329506 ,N,N
07-Mar-2012 09:57,201111,201011,Other Reporting Airports      ,BENBECULA                     ,STORNOWAY                     , 1023 , 1023 , 0 , 857 , 857 , 0 , 19.3699 ,N,N
07-Mar-2012 09:57,201111,201011,Other Reporting Airports      ,BIGGIN HILL                   ,GUERNSEY                      , 0 , 0 , 0 , 2 , 0 , 2 ,-100 ,N,Y
07-Mar-2012 09:57,201111,201011,Other Reporting Airports      ,BIRMINGHAM                    ,BRISTOL                       , 32 , 32 , 0 , 0 , 0 , 0 ,Null,N,N
07-Mar-2012 09:57,201111,201011,Other Reporting Airports      ,BIRMINGHAM                    ,CITY OF DERRY (EGLINTON)      , 4417 , 4417 , 0 , 4523 , 4523 , 0 ,-2.343577 ,N,N
07-Mar-2012 09:57,201111,201011,Other Reporting Airports      ,BIRMINGHAM                    ,DUNDEE                        , 1518 , 1518 , 0 , 1591 , 1591 , 0 ,-4.588309 ,N,N
07-Mar-2012 09:57,201111,201011,Other Reporting Airports      ,BIRMINGHAM                    ,EDINBURGH                     , 26762 , 26762 , 0 , 23484 , 23484 , 0 , 13.95844 ,N,N
07-Mar-2012 09:57,201111,201011,Other Reporting Airports      ,BIRMINGHAM                    ,GLASGOW                       , 18866 , 18866 , 0 , 19958 , 19958 , 0 ,-5.47149 ,N,N
07-Mar-2012 09:57,201111,201011,Other Reporting Airports      ,BIRMINGHAM                    ,GUERNSEY                      , 2359 , 2331 , 28 , 2371 , 2371 , 0 ,-0.5061156 ,N,N
07-Mar-2012 09:57,201111,201011,Other Reporting Airports      ,BIRMINGHAM                    ,INVERNESS                     , 2123 , 2123 , 0 , 2202 , 2202 , 0 ,-3.587648 ,N,N
07-Mar-2012 09:57,201111,201011,Other Reporting Airports      ,BIRMINGHAM                    ,ISLE OF MAN                   , 3816 , 3816 , 0 , 3676 , 3676 , 0 , 3.808487 ,N,N
07-Mar-2012 09:57,201111,201011,Other Reporting Airports      ,BIRMINGHAM                    ,JERSEY                        , 2372 , 2372 , 0 , 2578 , 2578 , 0 ,-7.99069 ,N,N
07-Mar-2012 09:57,201111,201011,Other Reporting Airports      ,BIRMINGHAM                    ,NEWCASTLE                     , 1266 , 1266 , 0 , 1041 , 1041 , 0 , 21.61383 ,N,N
07-Mar-2012 09:57,201111,201011,Other Reporting Airports      ,BIRMINGHAM                    ,WICK                          , 0 , 0 , 0 , 102 , 0 , 102 ,-100 ,N,N
07-Mar-2012 09:57,201111,201011,Other Reporting Airports      ,BLACKPOOL                     ,ISLE OF MAN                   , 1985 , 1985 , 0 , 2009 , 2009 , 0 ,-1.194624 ,N,N
07-Mar-2012 09:57,201111,201011,Other Reporting Airports      ,BLACKPOOL                     ,SOUTH MARSTON                 , 45 , 0 , 45 , 0 , 0 , 0 ,Null,N,N
07-Mar-2012 09:57,201111,201011,Other Reporting Airports      ,BOURNEMOUTH                   ,DUNDEE                        , 1 , 0 , 1 , 0 , 0 , 0 ,Null,Y,N
07-Mar-2012 09:57,201111,201011,Other Reporting Airports      ,BOURNEMOUTH                   ,JERSEY                        , 216 , 216 , 0 , 0 , 0 , 0 ,Null,N,N
07-Mar-2012 09:57,201111,201011,Other Reporting Airports      ,BOURNEMOUTH                   ,SOUTHAMPTON                   , 85 , 85 , 0 , 0 , 0 , 0 ,Null,N,N
07-Mar-2012 09:57,201111,201011,Other Reporting Airports      ,BRISTOL                       ,EDINBURGH                     , 24067 , 24067 , 0 , 21928 , 21928 , 0 , 9.754652 ,N,N
07-Mar-2012 09:57,201111,201011,Other Reporting Airports      ,BRISTOL                       ,GLASGOW                       , 19491 , 19406 , 85 , 18124 , 18124 , 0 , 7.542485 ,N,N
07-Mar-2012 09:57,201111,201011,Other Reporting Airports      ,BRISTOL                       ,GUERNSEY                      , 0 , 0 , 0 , 1631 , 1631 , 0 ,-100 ,N,N
07-Mar-2012 09:57,201111,201011,Other Reporting Airports      ,BRISTOL                       ,INVERNESS                     , 4176 , 4176 , 0 , 4034 , 4034 , 0 , 3.520079 ,N,N
07-Mar-2012 09:57,201111,201011,Other Reporting Airports      ,BRISTOL                       ,ISLE OF MAN                   , 534 , 534 , 0 , 279 , 279 , 0 , 91.39785 ,N,N
07-Mar-2012 09:57,201111,201011,Other Reporting Airports      ,BRISTOL                       ,JERSEY                        , 2456 , 2456 , 0 , 1564 , 1564 , 0 , 57.03325 ,N,N
07-Mar-2012 09:57,201111,201011,Other Reporting Airports      ,BRISTOL                       ,LEEDS BRADFORD                , 1015 , 1015 , 0 , 1924 , 1924 , 0 ,-47.24532 ,N,N
07-Mar-2012 09:57,201111,201011,Other Reporting Airports      ,BRISTOL                       ,MANCHESTER                    , 0 , 0 , 0 , 1556 , 1556 , 0 ,-100 ,N,N
07-Mar-2012 09:57,201111,201011,Other Reporting Airports      ,BRISTOL                       ,NEWCASTLE                     , 14675 , 14675 , 0 , 14762 , 14762 , 0 ,-0.5893511 ,N,N
07-Mar-2012 09:57,201111,201011,Other Reporting Airports      ,BRISTOL                       ,NEWQUAY                       , 0 , 0 , 0 , 1151 , 1151 , 0 ,-100 ,N,N
07-Mar-2012 09:57,201111,201011,Other Reporting Airports      ,BRISTOL                       ,PLYMOUTH                      , 0 , 0 , 0 , 745 , 745 , 0 ,-100 ,N,N
07-Mar-2012 09:57,201111,201011,Other Reporting Airports      ,CAMBRIDGE                     ,JERSEY                        , 0 , 0 , 0 , 8 , 0 , 8 ,-100 ,N,Y
07-Mar-2012 09:57,201111,201011,Other Reporting Airports      ,CAMPBELTOWN                   ,GLASGOW                       , 601 , 601 , 0 , 667 , 667 , 0 ,-9.895053 ,N,N
07-Mar-2012 09:57,201111,201011,Other Reporting Airports      ,CARDIFF WALES                 ,EDINBURGH                     , 6041 , 6041 , 0 , 7276 , 7276 , 0 ,-16.97361 ,N,N
07-Mar-2012 09:57,201111,201011,Other Reporting Airports      ,CARDIFF WALES                 ,GLASGOW                       , 3557 , 3557 , 0 , 4534 , 4503 , 31 ,-21.5483 ,N,N
07-Mar-2012 09:57,201111,201011,Other Reporting Airports      ,CARDIFF WALES                 ,MANCHESTER                    , 71 , 0 , 71 , 0 , 0 , 0 ,Null,N,N
07-Mar-2012 09:57,201111,201011,Other Reporting Airports      ,CARDIFF WALES                 ,NEWCASTLE                     , 1316 , 1316 , 0 , 960 , 960 , 0 , 37.08333 ,N,N
07-Mar-2012 09:57,201111,201011,Other Reporting Airports      ,CITY OF DERRY (EGLINTON)      ,LIVERPOOL (JOHN LENNON)       , 9356 , 9356 , 0 , 7626 , 7626 , 0 , 22.68555 ,N,N
07-Mar-2012 09:57,201111,201011,Other Reporting Airports      ,CITY OF DERRY (EGLINTON)      ,PRESTWICK                     , 6041 , 6041 , 0 , 6555 , 6555 , 0 ,-7.841342 ,N,N
07-Mar-2012 09:57,201111,201011,Other Reporting Airports      ,DONCASTER SHEFFIELD           ,EDINBURGH                     , 42 , 0 , 42 , 0 , 0 , 0 ,Null,N,N
07-Mar-2012 09:57,201111,201011,Other Reporting Airports      ,DONCASTER SHEFFIELD           ,JERSEY                        , 0 , 0 , 0 , 660 , 660 , 0 ,-100 ,N,N
07-Mar-2012 09:57,201111,201011,Other Reporting Airports      ,DURHAM TEES VALLEY            ,SOUTHAMPTON                   , 1 , 1 , 0 , 536 , 536 , 0 ,-99.81343 ,N,N
07-Mar-2012 09:57,201111,201011,Other Reporting Airports      ,EAST MIDLANDS INTERNATIONAL   ,EDINBURGH                     , 9953 , 9953 , 0 , 9766 , 9766 , 0 , 1.914806 ,N,N
07-Mar-2012 09:57,201111,201011,Other Reporting Airports      ,EAST MIDLANDS INTERNATIONAL   ,GLASGOW                       , 9888 , 9888 , 0 , 9582 , 9582 , 0 , 3.193488 ,N,N
07-Mar-2012 09:57,201111,201011,Other Reporting Airports      ,EAST MIDLANDS INTERNATIONAL   ,GUERNSEY                      , 1329 , 1329 , 0 , 1401 , 1401 , 0 ,-5.139186 ,N,N
07-Mar-2012 09:57,201111,201011,Other Reporting Airports      ,EAST MIDLANDS INTERNATIONAL   ,JERSEY                        , 2899 , 2899 , 0 , 2586 , 2586 , 0 , 12.10363 ,N,N
07-Mar-2012 09:57,201111,201011,Other Reporting Airports      ,EDAY                          ,KIRKWALL                      , 36 , 36 , 0 , 40 , 40 , 0 ,-10 ,N,N
07-Mar-2012 09:57,201111,201011,Other Reporting Airports      ,EDINBURGH                     ,EXETER                        , 3710 , 3710 , 0 , 3452 , 3452 , 0 , 7.473928 ,N,N
07-Mar-2012 09:57,201111,201011,Other Reporting Airports      ,EDINBURGH                     ,FARNBOROUGH                   , 0 , 0 , 0 , 42 , 0 , 42 ,-100 ,N,N
07-Mar-2012 09:57,201111,201011,Other Reporting Airports      ,EDINBURGH                     ,ISLE OF MAN                   , 797 , 797 , 0 , 871 , 871 , 0 ,-8.495981 ,N,N
07-Mar-2012 09:57,201111,201011,Other Reporting Airports      ,EDINBURGH                     ,KIRKWALL                      , 2518 , 2518 , 0 , 2451 , 2451 , 0 , 2.733578 ,N,N
07-Mar-2012 09:57,201111,201011,Other Reporting Airports      ,EDINBURGH                     ,LEEDS BRADFORD                , 696 , 696 , 0 , 1315 , 1315 , 0 ,-47.07224 ,N,N
07-Mar-2012 09:57,201111,201011,Other Reporting Airports      ,EDINBURGH                     ,MANCHESTER                    , 10569 , 10569 , 0 , 11130 , 11130 , 0 ,-5.040431 ,N,N
07-Mar-2012 09:57,201111,201011,Other Reporting Airports      ,EDINBURGH                     ,MANSTON (KENT INT)            , 1263 , 1263 , 0 , 1755 , 1755 , 0 ,-28.03419 ,N,N
07-Mar-2012 09:57,201111,201011,Other Reporting Airports      ,EDINBURGH                     ,NORWICH                       , 3604 , 3604 , 0 , 3668 , 3668 , 0 ,-1.74482 ,N,N
07-Mar-2012 09:57,201111,201011,Other Reporting Airports      ,EDINBURGH                     ,SOUTHAMPTON                   , 16358 , 16358 , 0 , 15050 , 15050 , 0 , 8.69103 ,N,N
07-Mar-2012 09:57,201111,201011,Other Reporting Airports      ,EDINBURGH                     ,STORNOWAY                     , 1799 , 1799 , 0 , 1759 , 1759 , 0 , 2.274019 ,N,N
07-Mar-2012 09:57,201111,201011,Other Reporting Airports      ,EDINBURGH                     ,SUMBURGH                      , 2435 , 2435 , 0 , 2341 , 2341 , 0 , 4.015378 ,N,N
07-Mar-2012 09:57,201111,201011,Other Reporting Airports      ,EDINBURGH                     ,WICK                          , 690 , 690 , 0 , 617 , 617 , 0 , 11.83144 ,N,N
07-Mar-2012 09:57,201111,201011,Other Reporting Airports      ,EXETER                        ,GLASGOW                       , 1961 , 1961 , 0 , 1771 , 1771 , 0 , 10.7284 ,N,N
07-Mar-2012 09:57,201111,201011,Other Reporting Airports      ,EXETER                        ,GUERNSEY                      , 1595 , 1595 , 0 , 1761 , 1761 , 0 ,-9.426462 ,N,N
07-Mar-2012 09:57,201111,201011,Other Reporting Airports      ,EXETER                        ,JERSEY                        , 2535 , 2535 , 0 , 2432 , 2432 , 0 , 4.235198 ,N,N
07-Mar-2012 09:57,201111,201011,Other Reporting Airports      ,EXETER                        ,LEEDS BRADFORD                , 740 , 740 , 0 , 747 , 747 , 0 ,-0.9370816 ,N,N
07-Mar-2012 09:57,201111,201011,Other Reporting Airports      ,EXETER                        ,MANCHESTER                    , 3779 , 3779 , 0 , 3603 , 3598 , 5 , 4.884818 ,N,N
07-Mar-2012 09:57,201111,201011,Other Reporting Airports      ,EXETER                        ,NEWCASTLE                     , 1429 , 1429 , 0 , 1803 , 1803 , 0 ,-20.74321 ,N,N
07-Mar-2012 09:57,201111,201011,Other Reporting Airports      ,FAIR ISLE                     ,LERWICK (TINGWALL)            , 106 , 106 , 0 , 88 , 88 , 0 , 20.45455 ,N,N
07-Mar-2012 09:57,201111,201011,Other Reporting Airports      ,FARNBOROUGH                   ,GUERNSEY                      , 3 , 0 , 3 , 0 , 0 , 0 ,Null,Y,N
07-Mar-2012 09:57,201111,201011,Other Reporting Airports      ,FARNBOROUGH                   ,NEWCASTLE                     , 30 , 0 , 30 , 82 , 0 , 82 ,-63.41463 ,N,N
07-Mar-2012 09:57,201111,201011,Other Reporting Airports      ,FARNBOROUGH                   ,WICK                          , 67 , 0 , 67 , 0 , 0 , 0 ,Null,N,N
07-Mar-2012 09:57,201111,201011,Other Reporting Airports      ,FILTON                        ,HAWARDEN                      , 0 , 0 , 0 , 8 , 0 , 8 ,-100 ,N,N
07-Mar-2012 09:57,201111,201011,Other Reporting Airports      ,FOULA                         ,LERWICK (TINGWALL)            , 71 , 71 , 0 , 86 , 86 , 0 ,-17.44186 ,N,N
07-Mar-2012 09:57,201111,201011,London Area Airports          ,GATWICK                       ,ABERDEEN                      , 19759 , 19759 , 0 , 9602 , 9602 , 0 , 105.78 ,N,N
07-Mar-2012 09:57,201111,201011,London Area Airports          ,GATWICK                       ,BELFAST CITY (GEORGE BEST)    , 21114 , 21114 , 0 , 19839 , 19839 , 0 , 6.426735 ,N,N
07-Mar-2012 09:57,201111,201011,London Area Airports          ,GATWICK                       ,BELFAST INTERNATIONAL         , 26691 , 26691 , 0 , 26995 , 26995 , 0 ,-1.126135 ,N,N
07-Mar-2012 09:57,201111,201011,London Area Airports          ,GATWICK                       ,BLACKPOOL                     , 45 , 0 , 45 , 0 , 0 , 0 ,Null,N,N
07-Mar-2012 09:57,201111,201011,London Area Airports          ,GATWICK                       ,EDINBURGH                     , 52846 , 52846 , 0 , 50017 , 49983 , 34 , 5.656077 ,N,N
07-Mar-2012 09:57,201111,201011,London Area Airports          ,GATWICK                       ,GLASGOW                       , 50270 , 50270 , 0 , 43202 , 43202 , 0 , 16.36035 ,N,N
07-Mar-2012 09:57,201111,201011,London Area Airports          ,GATWICK                       ,GUERNSEY                      , 27041 , 27041 , 0 , 26724 , 26724 , 0 , 1.1862 ,N,N
07-Mar-2012 09:57,201111,201011,London Area Airports          ,GATWICK                       ,INVERNESS                     , 17082 , 17082 , 0 , 15630 , 15630 , 0 , 9.289827 ,N,N
07-Mar-2012 09:57,201111,201011,London Area Airports          ,GATWICK                       ,ISLE OF MAN                   , 10332 , 10332 , 0 , 10915 , 10915 , 0 ,-5.341273 ,N,N
07-Mar-2012 09:57,201111,201011,London Area Airports          ,GATWICK                       ,JERSEY                        , 41821 , 41821 , 0 , 43412 , 43319 , 93 ,-3.664885 ,N,N
07-Mar-2012 09:57,201111,201011,London Area Airports          ,GATWICK                       ,LEEDS BRADFORD                , 0 , 0 , 0 , 4034 , 4034 , 0 ,-100 ,N,N
07-Mar-2012 09:57,201111,201011,London Area Airports          ,GATWICK                       ,MANCHESTER                    , 19633 , 19633 , 0 , 20934 , 20933 , 1 ,-6.21477 ,N,N
07-Mar-2012 09:57,201111,201011,London Area Airports          ,GATWICK                       ,NEWCASTLE                     , 7107 , 7070 , 37 , 8490 , 8450 , 40 ,-16.28975 ,N,N
07-Mar-2012 09:57,201111,201011,London Area Airports          ,GATWICK                       ,NEWQUAY                       , 7178 , 7178 , 0 , 8155 , 8155 , 0 ,-11.98038 ,N,N
07-Mar-2012 09:57,201111,201011,London Area Airports          ,GATWICK                       ,PLYMOUTH                      , 0 , 0 , 0 , 4364 , 4364 , 0 ,-100 ,N,N
07-Mar-2012 09:57,201111,201011,Other Reporting Airports      ,GLASGOW                       ,ISLAY                         , 1724 , 1724 , 0 , 1871 , 1871 , 0 ,-7.856761 ,N,N
07-Mar-2012 09:57,201111,201011,Other Reporting Airports      ,GLASGOW                       ,ISLE OF MAN                   , 544 , 544 , 0 , 542 , 542 , 0 , 0.3690037 ,N,N
07-Mar-2012 09:57,201111,201011,Other Reporting Airports      ,GLASGOW                       ,KIRKWALL                      , 1164 , 1164 , 0 , 1151 , 1151 , 0 , 1.129453 ,N,N
07-Mar-2012 09:57,201111,201011,Other Reporting Airports      ,GLASGOW                       ,LEEDS BRADFORD                , 1196 , 1196 , 0 , 1364 , 1364 , 0 ,-12.31672 ,N,N
07-Mar-2012 09:57,201111,201011,Other Reporting Airports      ,GLASGOW                       ,LIVERPOOL (JOHN LENNON)       , 0 , 0 , 0 , 42 , 0 , 42 ,-100 ,N,N
07-Mar-2012 09:57,201111,201011,Other Reporting Airports      ,GLASGOW                       ,MANCHESTER                    , 4669 , 4669 , 0 , 5576 , 5505 , 71 ,-16.26614 ,N,N
07-Mar-2012 09:57,201111,201011,Other Reporting Airports      ,GLASGOW                       ,PLYMOUTH                      , 0 , 0 , 0 , 1922 , 1922 , 0 ,-100 ,N,N
07-Mar-2012 09:57,201111,201011,Other Reporting Airports      ,GLASGOW                       ,SOUTHAMPTON                   , 13968 , 13968 , 0 , 11013 , 11013 , 0 , 26.83193 ,N,N
07-Mar-2012 09:57,201111,201011,Other Reporting Airports      ,GLASGOW                       ,STORNOWAY                     , 4156 , 4156 , 0 , 4142 , 4142 , 0 , 0.338001 ,N,N
07-Mar-2012 09:57,201111,201011,Other Reporting Airports      ,GLASGOW                       ,SUMBURGH                      , 1374 , 1374 , 0 , 1440 , 1440 , 0 ,-4.583333 ,N,N
07-Mar-2012 09:57,201111,201011,Other Reporting Airports      ,GLASGOW                       ,TIREE                         , 527 , 527 , 0 , 520 , 520 , 0 , 1.346154 ,N,N
07-Mar-2012 09:57,201111,201011,Other Reporting Airports      ,GLOUCESTERSHIRE               ,ISLE OF MAN                   , 1108 , 1108 , 0 , 1164 , 1164 , 0 ,-4.810997 ,N,N
07-Mar-2012 09:57,201111,201011,Other Reporting Airports      ,GUERNSEY                      ,ISLE OF MAN                   , 0 , 0 , 0 , 226 , 226 , 0 ,-100 ,N,N
07-Mar-2012 09:57,201111,201011,Other Reporting Airports      ,GUERNSEY                      ,JERSEY                        , 14883 , 14883 , 0 , 13731 , 13731 , 0 , 8.389775 ,N,N
07-Mar-2012 09:57,201111,201011,Other Reporting Airports      ,GUERNSEY                      ,MANCHESTER                    , 4584 , 4584 , 0 , 4131 , 4131 , 0 , 10.96587 ,N,N
07-Mar-2012 09:57,201111,201011,Other Reporting Airports      ,GUERNSEY                      ,PLYMOUTH                      , 0 , 0 , 0 , 278 , 278 , 0 ,-100 ,N,N
07-Mar-2012 09:57,201111,201011,Other Reporting Airports      ,GUERNSEY                      ,SOUTHAMPTON                   , 10905 , 10905 , 0 , 10437 , 10437 , 0 , 4.484047 ,N,N
07-Mar-2012 09:57,201111,201011,London Area Airports          ,HEATHROW                      ,ABERDEEN                      , 50049 , 50049 , 0 , 52993 , 52993 , 0 ,-5.555451 ,N,N
07-Mar-2012 09:57,201111,201011,London Area Airports          ,HEATHROW                      ,BELFAST CITY (GEORGE BEST)    , 35090 , 35090 , 0 , 39426 , 39426 , 0 ,-10.99782 ,N,N
07-Mar-2012 09:57,201111,201011,London Area Airports          ,HEATHROW                      ,BELFAST INTERNATIONAL         , 20928 , 20928 , 0 , 21862 , 21862 , 0 ,-4.272253 ,N,N
07-Mar-2012 09:57,201111,201011,London Area Airports          ,HEATHROW                      ,EDINBURGH                     , 97733 , 97733 , 0 , 104541 , 104541 , 0 ,-6.512278 ,N,N
07-Mar-2012 09:57,201111,201011,London Area Airports          ,HEATHROW                      ,FARNBOROUGH                   , 0 , 0 , 0 , 2 , 0 , 2 ,-100 ,N,Y
07-Mar-2012 09:57,201111,201011,London Area Airports          ,HEATHROW                      ,GLASGOW                       , 64872 , 64872 , 0 , 95634 , 95634 , 0 ,-32.16639 ,N,N
07-Mar-2012 09:57,201111,201011,London Area Airports          ,HEATHROW                      ,LIVERPOOL (JOHN LENNON)       , 28 , 0 , 28 , 0 , 0 , 0 ,Null,N,N
07-Mar-2012 09:57,201111,201011,London Area Airports          ,HEATHROW                      ,MANCHESTER                    , 66022 , 66022 , 0 , 74055 , 74055 , 0 ,-10.84734 ,N,N
07-Mar-2012 09:57,201111,201011,London Area Airports          ,HEATHROW                      ,NEWCASTLE                     , 41172 , 41172 , 0 , 39640 , 39640 , 0 , 3.864783 ,N,N
07-Mar-2012 09:57,201111,201011,Other Reporting Airports      ,HUMBERSIDE                    ,LEEDS BRADFORD                , 30 , 0 , 30 , 0 , 0 , 0 ,Null,N,N
07-Mar-2012 09:57,201111,201011,Other Reporting Airports      ,HUMBERSIDE                    ,NORWICH                       , 89 , 89 , 0 , 56 , 56 , 0 , 58.92857 ,N,N
07-Mar-2012 09:57,201111,201011,Other Reporting Airports      ,HUMBERSIDE                    ,SOUTHAMPTON                   , 58 , 0 , 58 , 0 , 0 , 0 ,Null,N,N
07-Mar-2012 09:57,201111,201011,Other Reporting Airports      ,INVERNESS                     ,KIRKWALL                      , 1069 , 1069 , 0 , 1837 , 1837 , 0 ,-41.80729 ,N,N
07-Mar-2012 09:57,201111,201011,Other Reporting Airports      ,INVERNESS                     ,MANCHESTER                    , 3936 , 3936 , 0 , 3423 , 3423 , 0 , 14.98685 ,N,N
07-Mar-2012 09:57,201111,201011,Other Reporting Airports      ,INVERNESS                     ,STORNOWAY                     , 3393 , 3393 , 0 , 3414 , 3414 , 0 ,-0.6151142 ,N,N
07-Mar-2012 09:57,201111,201011,Other Reporting Airports      ,INVERNESS                     ,SUMBURGH                      , 476 , 476 , 0 , 0 , 0 , 0 ,Null,N,N
07-Mar-2012 09:57,201111,201011,Other Reporting Airports      ,ISLE OF MAN                   ,JERSEY                        , 230 , 230 , 0 , 392 , 392 , 0 ,-41.32653 ,N,N
07-Mar-2012 09:57,201111,201011,Other Reporting Airports      ,ISLE OF MAN                   ,LEEDS BRADFORD                , 420 , 420 , 0 , 700 , 700 , 0 ,-40 ,N,N
07-Mar-2012 09:57,201111,201011,Other Reporting Airports      ,ISLE OF MAN                   ,LIVERPOOL (JOHN LENNON)       , 14039 , 14039 , 0 , 12246 , 12246 , 0 , 14.64152 ,N,N
07-Mar-2012 09:57,201111,201011,Other Reporting Airports      ,ISLE OF MAN                   ,MANCHESTER                    , 9962 , 9962 , 0 , 10661 , 10661 , 0 ,-6.556608 ,N,N
07-Mar-2012 09:57,201111,201011,Other Reporting Airports      ,ISLE OF MAN                   ,NEWCASTLE                     , 276 , 276 , 0 , 459 , 459 , 0 ,-39.86928 ,N,N
07-Mar-2012 09:57,201111,201011,Other Reporting Airports      ,ISLE OF MAN                   ,SOUTHAMPTON                   , 1074 , 1074 , 0 , 0 , 0 , 0 ,Null,N,N
07-Mar-2012 09:57,201111,201011,Other Reporting Airports      ,ISLES OF SCILLY (ST.MARYS)    ,NEWQUAY                       , 425 , 425 , 0 , 364 , 364 , 0 , 16.75824 ,N,N
07-Mar-2012 09:57,201111,201011,Other Reporting Airports      ,JERSEY                        ,LIVERPOOL (JOHN LENNON)       , 4700 , 4700 , 0 , 3607 , 3607 , 0 , 30.30219 ,N,N
07-Mar-2012 09:57,201111,201011,Other Reporting Airports      ,JERSEY                        ,MANCHESTER                    , 4184 , 4184 , 0 , 4684 , 4684 , 0 ,-10.67464 ,N,N
07-Mar-2012 09:57,201111,201011,Other Reporting Airports      ,JERSEY                        ,NEWCASTLE                     , 164 , 164 , 0 , 0 , 0 , 0 ,Null,N,N
07-Mar-2012 09:57,201111,201011,Other Reporting Airports      ,JERSEY                        ,PLYMOUTH                      , 0 , 0 , 0 , 316 , 316 , 0 ,-100 ,N,N
07-Mar-2012 09:57,201111,201011,Other Reporting Airports      ,JERSEY                        ,SOUTHAMPTON                   , 11534 , 11534 , 0 , 12347 , 12347 , 0 ,-6.584596 ,N,N
07-Mar-2012 09:57,201111,201011,Other Reporting Airports      ,KIRKWALL                      ,NORTH RONALDSAY               , 372 , 372 , 0 , 333 , 333 , 0 , 11.71171 ,N,N
07-Mar-2012 09:57,201111,201011,Other Reporting Airports      ,KIRKWALL                      ,PAPA WESTRAY                  , 265 , 265 , 0 , 281 , 281 , 0 ,-5.69395 ,N,N
07-Mar-2012 09:57,201111,201011,Other Reporting Airports      ,KIRKWALL                      ,SANDAY                        , 232 , 232 , 0 , 255 , 255 , 0 ,-9.019608 ,N,N
07-Mar-2012 09:57,201111,201011,Other Reporting Airports      ,KIRKWALL                      ,STRONSAY                      , 296 , 296 , 0 , 270 , 270 , 0 , 9.62963 ,N,N
07-Mar-2012 09:57,201111,201011,Other Reporting Airports      ,KIRKWALL                      ,SUMBURGH                      , 532 , 532 , 0 , 586 , 586 , 0 ,-9.215017 ,N,N
07-Mar-2012 09:57,201111,201011,Other Reporting Airports      ,KIRKWALL                      ,WESTRAY                       , 247 , 247 , 0 , 236 , 236 , 0 , 4.661017 ,N,N
07-Mar-2012 09:57,201111,201011,Other Reporting Airports      ,LEEDS BRADFORD                ,NEWQUAY                       , 23 , 23 , 0 , 927 , 927 , 0 ,-97.51888 ,N,N
07-Mar-2012 09:57,201111,201011,Other Reporting Airports      ,LEEDS BRADFORD                ,PLYMOUTH                      , 0 , 0 , 0 , 770 , 770 , 0 ,-100 ,N,N
07-Mar-2012 09:57,201111,201011,Other Reporting Airports      ,LEEDS BRADFORD                ,SOUTHAMPTON                   , 4989 , 4989 , 0 , 6163 , 6163 , 0 ,-19.04916 ,N,N
07-Mar-2012 09:57,201111,201011,Other Reporting Airports      ,LERWICK (TINGWALL)            ,OUT SKERRIES                  , 9 , 9 , 0 , 22 , 22 , 0 ,-59.09091 ,N,N
07-Mar-2012 09:57,201111,201011,Other Reporting Airports      ,LERWICK (TINGWALL)            ,PAPA STOUR                    , 8 , 8 , 0 , 9 , 9 , 0 ,-11.11111 ,N,N
07-Mar-2012 09:57,201111,201011,Other Reporting Airports      ,LIVERPOOL (JOHN LENNON)       ,NEWCASTLE                     , 30 , 0 , 30 , 0 , 0 , 0 ,Null,N,N
07-Mar-2012 09:57,201111,201011,Other Reporting Airports      ,LIVERPOOL (JOHN LENNON)       ,SOUTHAMPTON                   , 0 , 0 , 0 , 980 , 980 , 0 ,-100 ,N,N
07-Mar-2012 09:57,201111,201011,London Area Airports          ,LONDON CITY                   ,ABERDEEN                      , 29 , 29 , 0 , 0 , 0 , 0 ,Null,N,N
07-Mar-2012 09:57,201111,201011,London Area Airports          ,LONDON CITY                   ,DUNDEE                        , 2319 , 2319 , 0 , 2886 , 2886 , 0 ,-19.64657 ,N,N
07-Mar-2012 09:57,201111,201011,London Area Airports          ,LONDON CITY                   ,EDINBURGH                     , 31134 , 31134 , 0 , 30323 , 30323 , 0 , 2.674537 ,N,N
07-Mar-2012 09:57,201111,201011,London Area Airports          ,LONDON CITY                   ,GLASGOW                       , 13331 , 13331 , 0 , 11000 , 11000 , 0 , 21.19091 ,N,N
07-Mar-2012 09:57,201111,201011,London Area Airports          ,LONDON CITY                   ,ISLE OF MAN                   , 3855 , 3855 , 0 , 3259 , 3259 , 0 , 18.28782 ,N,N
07-Mar-2012 09:57,201111,201011,London Area Airports          ,LONDON CITY                   ,JERSEY                        , 1907 , 1907 , 0 , 0 , 0 , 0 ,Null,N,N
07-Mar-2012 09:57,201111,201011,London Area Airports          ,LUTON                         ,ABERDEEN                      , 10362 , 10354 , 8 , 11721 , 11721 , 0 ,-11.59457 ,N,N
07-Mar-2012 09:57,201111,201011,London Area Airports          ,LUTON                         ,BELFAST CITY (GEORGE BEST)    , 0 , 0 , 0 , 19481 , 19481 , 0 ,-100 ,N,N
07-Mar-2012 09:57,201111,201011,London Area Airports          ,LUTON                         ,BELFAST INTERNATIONAL         , 18804 , 18804 , 0 , 9 , 0 , 9 , 208833.3 ,N,N
07-Mar-2012 09:57,201111,201011,London Area Airports          ,LUTON                         ,BIRMINGHAM                    , 0 , 0 , 0 , 15 , 0 , 15 ,-100 ,N,Y
07-Mar-2012 09:57,201111,201011,London Area Airports          ,LUTON                         ,EDINBURGH                     , 24073 , 24073 , 0 , 19566 , 19566 , 0 , 23.03486 ,N,N
07-Mar-2012 09:57,201111,201011,London Area Airports          ,LUTON                         ,FARNBOROUGH                   , 0 , 0 , 0 , 4 , 0 , 4 ,-100 ,N,N
07-Mar-2012 09:57,201111,201011,London Area Airports          ,LUTON                         ,GLASGOW                       , 24008 , 24008 , 0 , 22213 , 22213 , 0 , 8.080853 ,N,N
07-Mar-2012 09:57,201111,201011,London Area Airports          ,LUTON                         ,INVERNESS                     , 6182 , 6168 , 14 , 6904 , 6896 , 8 ,-10.45771 ,N,N
07-Mar-2012 09:57,201111,201011,London Area Airports          ,LUTON                         ,ISLE OF MAN                   , 1081 , 1081 , 0 , 2191 , 2191 , 0 ,-50.6618 ,N,N
07-Mar-2012 09:57,201111,201011,London Area Airports          ,LUTON                         ,JERSEY                        , 838 , 827 , 11 , 848 , 848 , 0 ,-1.179245 ,N,N
07-Mar-2012 09:57,201111,201011,London Area Airports          ,LUTON                         ,LIVERPOOL (JOHN LENNON)       , 0 , 0 , 0 , 59 , 0 , 59 ,-100 ,N,N
07-Mar-2012 09:57,201111,201011,London Area Airports          ,LUTON                         ,LYDD                          , 5 , 0 , 5 , 0 , 0 , 0 ,Null,Y,N
07-Mar-2012 09:57,201111,201011,London Area Airports          ,LUTON                         ,MANCHESTER                    , 53 , 0 , 53 , 9 , 0 , 9 , 488.8889 ,N,Y
07-Mar-2012 09:57,201111,201011,London Area Airports          ,LUTON                         ,NEWCASTLE                     , 0 , 0 , 0 , 17 , 0 , 17 ,-100 ,N,Y
07-Mar-2012 09:57,201111,201011,London Area Airports          ,LUTON                         ,NORWICH                       , 52 , 0 , 52 , 0 , 0 , 0 ,Null,N,N
07-Mar-2012 09:57,201111,201011,London Area Airports          ,LUTON                         ,STANSTED                      , 0 , 0 , 0 , 1 , 0 , 1 ,-100 ,N,Y
07-Mar-2012 09:57,201111,201011,Other Reporting Airports      ,MANCHESTER                    ,MANSTON (KENT INT)            , 0 , 0 , 0 , 827 , 827 , 0 ,-100 ,N,N
07-Mar-2012 09:57,201111,201011,Other Reporting Airports      ,MANCHESTER                    ,NEWQUAY                       , 1586 , 1586 , 0 , 741 , 741 , 0 , 114.0351 ,N,N
07-Mar-2012 09:57,201111,201011,Other Reporting Airports      ,MANCHESTER                    ,NORWICH                       , 2314 , 2314 , 0 , 2767 , 2767 , 0 ,-16.37152 ,N,N
07-Mar-2012 09:57,201111,201011,Other Reporting Airports      ,MANCHESTER                    ,PLYMOUTH                      , 0 , 0 , 0 , 1777 , 1777 , 0 ,-100 ,N,N
07-Mar-2012 09:57,201111,201011,Other Reporting Airports      ,MANCHESTER                    ,SOUTHAMPTON                   , 9662 , 9662 , 0 , 10187 , 10187 , 0 ,-5.153627 ,N,N
07-Mar-2012 09:57,201111,201011,Other Reporting Airports      ,NEWCASTLE                     ,NEWQUAY                       , 0 , 0 , 0 , 116 , 116 , 0 ,-100 ,N,N
07-Mar-2012 09:57,201111,201011,Other Reporting Airports      ,NEWCASTLE                     ,PLYMOUTH                      , 0 , 0 , 0 , 715 , 715 , 0 ,-100 ,N,N
07-Mar-2012 09:57,201111,201011,Other Reporting Airports      ,NEWCASTLE                     ,SOUTHAMPTON                   , 7328 , 7328 , 0 , 7768 , 7764 , 4 ,-5.664264 ,N,N
07-Mar-2012 09:57,201111,201011,Other Reporting Airports      ,NEWQUAY                       ,PLYMOUTH                      , 0 , 0 , 0 , 179 , 179 , 0 ,-100 ,N,N
07-Mar-2012 09:57,201111,201011,London Area Airports          ,STANSTED                      ,BELFAST CITY (GEORGE BEST)    , 7650 , 7650 , 0 , 0 , 0 , 0 ,Null,N,N
07-Mar-2012 09:57,201111,201011,London Area Airports          ,STANSTED                      ,BELFAST INTERNATIONAL         , 29745 , 29745 , 0 , 29820 , 29820 , 0 ,-0.251509 ,N,N
07-Mar-2012 09:57,201111,201011,London Area Airports          ,STANSTED                      ,CITY OF DERRY (EGLINTON)      , 11006 , 11006 , 0 , 8985 , 8985 , 0 , 22.49304 ,N,N
07-Mar-2012 09:57,201111,201011,London Area Airports          ,STANSTED                      ,EDINBURGH                     , 32826 , 32826 , 0 , 31782 , 31782 , 0 , 3.284878 ,N,N
07-Mar-2012 09:57,201111,201011,London Area Airports          ,STANSTED                      ,GLASGOW                       , 28694 , 28694 , 0 , 26852 , 26852 , 0 , 6.859824 ,N,N
07-Mar-2012 09:57,201111,201011,London Area Airports          ,STANSTED                      ,GUERNSEY                      , 1758 , 1758 , 0 , 1530 , 1530 , 0 , 14.90196 ,N,N
07-Mar-2012 09:57,201111,201011,London Area Airports          ,STANSTED                      ,JERSEY                        , 0 , 0 , 0 , 1058 , 1058 , 0 ,-100 ,N,N
07-Mar-2012 09:57,201111,201011,London Area Airports          ,STANSTED                      ,MANCHESTER                    , 0 , 0 , 0 , 46 , 0 , 46 ,-100 ,N,N
07-Mar-2012 09:57,201111,201011,London Area Airports          ,STANSTED                      ,NEWCASTLE                     , 0 , 0 , 0 , 8973 , 8973 , 0 ,-100 ,N,N
07-Mar-2012 09:57,201111,201011,London Area Airports          ,STANSTED                      ,PRESTWICK                     , 0 , 0 , 0 , 10919 , 10919 , 0 ,-100 ,N,N
