rundate,report_period,reporting_airport_grp_name,reporting_airport_name,total_mail,mail_set_down_scheduled_uk,mail_picked_up_scheduled_uk,mail_set_down_scheduled_foreign_EU,mail_picked_up_scheduled_foreign_EU,mail_set_down_scheduled_foreign_non_EU,mail_picked_up_scheduled_foreign_non_EU,mail_set_down_charter_uk,mail_picked_up_charter_uk,mail_set_down_charter_foreign_EU,mail_picked_up_charter_foreign_EU,mail_set_down_charter_foreign_non_EU,mail_picked_up_charter_foreign_non_EU
11/04/2002 17:16,200201,London Area Airports,GATWICK,823.845,105.403,163.573,0.108,30.112,68.509,68.215,199.419,188.506,0,0,0,0
11/04/2002 17:16,200201,London Area Airports,HEATHROW,6275.667,598.433,560.377,479.726,924.622,1641.409,2071.1,0,0,0,0,0,0
11/04/2002 17:16,200201,London Area Airports,STANSTED,1124.887,0.085,0,0,0,0,0,404.337,715.153,4.432,0.88,0,0
11/04/2002 17:16,200201,Other UK Airports,ABERDEEN,54.547,0.662,1.459,0,0,0,0,0,52.426,0,0,0,0
11/04/2002 17:16,200201,Other UK Airports,BARRA,3.623,2.985,0.638,0,0,0,0,0,0,0,0,0,0
11/04/2002 17:16,200201,Other UK Airports,BELFAST CITY,5.065,1.361,3.704,0,0,0,0,0,0,0,0,0,0
11/04/2002 17:16,200201,Other UK Airports,BELFAST INTERNATIONAL,962.998,11.863,2.737,0,0,0,0,635.998,312.4,0,0,0,0
11/04/2002 17:16,200201,Other UK Airports,BENBECULA,4.457,1.273,3.184,0,0,0,0,0,0,0,0,0,0
11/04/2002 17:16,200201,Other UK Airports,BIGGIN HILL,17.613,0,0,0,0,0,0,5.333,12.28,0,0,0,0
11/04/2002 17:16,200201,Other UK Airports,BIRMINGHAM,81.065,7.127,32.169,0.077,34.781,0,6.911,0,0,0,0,0,0
11/04/2002 17:16,200201,Other UK Airports,BOURNEMOUTH,455.92,65.939,109.172,0,0,0,0,150.159,130.65,0,0,0,0
11/04/2002 17:16,200201,Other UK Airports,BRISTOL,353.644,0,0,0,0,0,0,161.216,192.428,0,0,0,0
11/04/2002 17:16,200201,Other UK Airports,CARDIFF WALES,6.763,0,0,0,0,0,0,2.772,3.991,0,0,0,0
11/04/2002 17:16,200201,Other UK Airports,COVENTRY,683.363,0,0,0,0,0,0,213.079,452.207,12.082,5.995,0,0
11/04/2002 17:16,200201,Other UK Airports,EAST MIDLANDS,716.262,0,0.723,0,0,0,0,349.812,349.422,8.001,8.304,0,0
11/04/2002 17:16,200201,Other UK Airports,EDINBURGH,3173.143,206.627,197.021,0,0,0,0,1169.368,906.777,164.171,100.35,217.348,211.481
11/04/2002 17:16,200201,Other UK Airports,EXETER,94.437,0,0,0,0,0,0,39.316,55.121,0,0,0,0
11/04/2002 17:16,200201,Other UK Airports,GLASGOW,73.016,8.968,44.437,1.501,17.586,0.132,0.385,0.007,0,0,0,0,0
11/04/2002 17:16,200201,Other UK Airports,INVERNESS,5.879,0,5.879,0,0,0,0,0,0,0,0,0,0
11/04/2002 17:16,200201,Other UK Airports,ISLAY,3.689,1.307,2.382,0,0,0,0,0,0,0,0,0,0
11/04/2002 17:16,200201,Other UK Airports,ISLE OF MAN,217.85,0,0,0,0,0,0,139.131,78.719,0,0,0,0
11/04/2002 17:16,200201,Other UK Airports,ISLES OF SCILLY (ST.MARYS),27,18,9,0,0,0,0,0,0,0,0,0,0
11/04/2002 17:16,200201,Other UK Airports,ISLES OF SCILLY (TRESCO),0.54,0.07,0.47,0,0,0,0,0,0,0,0,0,0
11/04/2002 17:16,200201,Other UK Airports,KENT INTERNATIONAL,57.587,0,0,0,0,0,0,0,32.43,0,0,0,25.157
11/04/2002 17:16,200201,Other UK Airports,KIRKWALL,2.553,0.589,1.961,0.001,0.002,0,0,0,0,0,0,0,0
11/04/2002 17:16,200201,Other UK Airports,LIVERPOOL,1172.325,0,0,0,0,0,0,543.192,629.133,0,0,0,0
11/04/2002 17:16,200201,Other UK Airports,MANCHESTER,299.477,12.44,58.018,109.293,60.551,33.213,25.647,0,0.315,0,0,0,0
11/04/2002 17:16,200201,Other UK Airports,NEWCASTLE,183.081,0.365,1.887,0,0,0.03,0,85.281,95.518,0,0,0,0
11/04/2002 17:16,200201,Other UK Airports,PENZANCE HELIPORT,11,5,6,0,0,0,0,0,0,0,0,0,0
11/04/2002 17:16,200201,Other UK Airports,STORNOWAY,4.278,4.278,0,0,0,0,0,0,0,0,0,0,0
11/04/2002 17:16,200201,Other UK Airports,TIREE,2.323,1.957,0.366,0,0,0,0,0,0,0,0,0,0
11/04/2002 17:16,200201,Channel Islands Airports,ALDERNEY,12.051,9.494,2.557,0,0,0,0,0,0,0,0,0,0
11/04/2002 17:16,200201,Channel Islands Airports,GUERNSEY,210.383,10.318,23.1,0,0,0,0,101.529,75.436,0,0,0,0
11/04/2002 17:16,200201,Channel Islands Airports,JERSEY,35.47,16.08,18.735,0,0,0,0,0,0.655,0,0,0,0
