rundate,report_period,reporting_airport_group_name,reporting_airport_name,freight_scheduled_passenger_aircraft_foreign_eu,freight_scheduled_cargo_aircraft_foreign_eu,freight_charter_passenger_aircraft_foreign_eu,freight_charter_cargo_aircraft_foreign_eu,freight_scheduled_passenger_aircraft_foreign_non_eu,freight_scheduled_cargo_aircraft_foreign_non_eu,freight_charter_passenger_aircraft_foreign_non_eu,freight_charter_cargo_aircraft_foreign_non_eu,freight_scheduled_passenger_aircraft_uk,freight_scheduled_cargo_aircraft_uk,freight_charter_passenger_aircraft_uk,freight_charter_cargo_aircraft_uk
11/04/2002 17:15,200201,London Area Airports,GATWICK,284.223,0,182.807,42.639,13583.058,0,842.066,2878.616,128.985,0.744,0,28.412
11/04/2002 17:15,200201,London Area Airports,HEATHROW,7379.025,234.141,0.38,1347.264,71966.409,6634.973,17.35,568.147,367.007,8.327,0,0
11/04/2002 17:15,200201,London Area Airports,LUTON,12.048,0,16.027,1172.82,0.18,669.309,20.476,0,0.097,0,0,0.672
11/04/2002 17:15,200201,London Area Airports,SOUTHEND,0,0,0,26.1,0,0,0,0,0,0,0,0
11/04/2002 17:15,200201,London Area Airports,STANSTED,100.972,1695.644,0,2764.765,4.262,7990.096,0.296,92.668,29.515,0,0,282.738
11/04/2002 17:15,200201,Other UK Airports,ABERDEEN,10.065,0,0,1.8,58.227,0,47.522,17.449,41.657,0,48.494,101.209
11/04/2002 17:15,200201,Other UK Airports,BARRA,0,0,0,0,0,0,0,0,1.875,0.003,0,0
11/04/2002 17:15,200201,Other UK Airports,BELFAST CITY,0.019,0,0,0,0,0,0,0,49.811,0,0,0
11/04/2002 17:15,200201,Other UK Airports,BELFAST INTERNATIONAL,0,0,0.297,19.04,0,0,0,26.195,57.265,0,0,2268.628
11/04/2002 17:15,200201,Other UK Airports,BENBECULA,0,0,0,0,0,0,0,0,16.488,0.003,0,0
11/04/2002 17:15,200201,Other UK Airports,BIRMINGHAM,112.18,0,3.026,63.974,425.313,0,14.714,0,38.255,0,0,0
11/04/2002 17:15,200201,Other UK Airports,BLACKPOOL,0,0,0,0,0,0,1.771,0,0,0,0,0
11/04/2002 17:15,200201,Other UK Airports,BOURNEMOUTH,0,0,0,67.088,0,0,0,0,158.326,0,0,251.483
11/04/2002 17:15,200201,Other UK Airports,CARDIFF WALES,0.005,0,1.572,23,0,0,0,0,0.111,0,0,0
11/04/2002 17:15,200201,Other UK Airports,CARLISLE,0,0,0,0,0,0,0,1,0,0,0,0
11/04/2002 17:15,200201,Other UK Airports,COVENTRY,3.49,0,4.047,215.283,0,0,0,0.864,2.868,0,0,206.343
11/04/2002 17:15,200201,Other UK Airports,EAST MIDLANDS,1.017,1857.669,1.746,9363.806,0,3153.312,1.26,629.288,2.949,0,0,2283.649
11/04/2002 17:15,200201,Other UK Airports,EDINBURGH,7.011,0,1.885,360.023,0,0,0.4,285.812,19.103,0,0,605.223
11/04/2002 17:15,200201,Other UK Airports,GLASGOW,31.083,0,4.584,0,74.193,0,2.851,0,69.079,0,0.12,17.148
11/04/2002 17:15,200201,Other UK Airports,HUMBERSIDE,0,0,0,0,0,0,7.559,1.515,0,0,0,0
11/04/2002 17:15,200201,Other UK Airports,INVERNESS,0,0,0,0,0,0,0,0,56.182,14.61,0,0
11/04/2002 17:15,200201,Other UK Airports,ISLAY,0,0,0,0,0,0,0,0,10.064,0,0,0
11/04/2002 17:15,200201,Other UK Airports,ISLE OF MAN,0.32,0,0,0,0,0,0,0,33.25,0,0,143.199
11/04/2002 17:15,200201,Other UK Airports,ISLES OF SCILLY (ST.MARYS),0,0,0,0,0,0,0,0,15,12,0,0
11/04/2002 17:15,200201,Other UK Airports,ISLES OF SCILLY (TRESCO),0,0,0,0,0,0,0,0,2.2,0,0,0
11/04/2002 17:15,200201,Other UK Airports,KENT INTERNATIONAL,0,0,0,299.779,0,0,0,2893.878,0,0,0,0.166
11/04/2002 17:15,200201,Other UK Airports,KIRKWALL,0,0,0,0,0,0,0,0,8.31,15.767,0,0
11/04/2002 17:15,200201,Other UK Airports,LEEDS BRADFORD,0.39,0,0,0,0,0,0,2.001,8.368,0,0,0
11/04/2002 17:15,200201,Other UK Airports,LIVERPOOL,0,0,0,614.993,0,0,0,0,5.616,0,0,515.37
11/04/2002 17:15,200201,Other UK Airports,MANCHESTER,370.911,40,92.245,0,3605.975,2213.866,236.088,82.142,51.179,0,0.94,0
11/04/2002 17:15,200201,Other UK Airports,NEWCASTLE,0.319,0,0,0,3.548,0,0,65.39,5.074,0,0,0.3
11/04/2002 17:15,200201,Other UK Airports,NORWICH,3.906,0,0,0,0,0,3.311,0.736,0.001,0,0,0
11/04/2002 17:15,200201,Other UK Airports,PENZANCE HELIPORT,16,0,0,0,0,0,0,0,0,0,0,0
11/04/2002 17:15,200201,Other UK Airports,PLYMOUTH,0,0,0,0,0,0,0,0,0.5,0,0,0
11/04/2002 17:15,200201,Other UK Airports,PRESTWICK,0,689.594,0,0,0,2029.223,0,32.881,0.001,0,0,0
11/04/2002 17:15,200201,Other UK Airports,SCATSTA,0,0,0,0,0,0,12.711,0.032,0,0,46.302,0
11/04/2002 17:15,200201,Other UK Airports,SHOREHAM,0,0,0,0,0,0,0,0,0,0,4,0
11/04/2002 17:15,200201,Other UK Airports,SOUTHAMPTON,0,0,0,0,0,0,0,0,23.523,0,0,0
11/04/2002 17:15,200201,Other UK Airports,STORNOWAY,0,0,0,0,0,0,0,0,42.375,17.74,0,0
11/04/2002 17:15,200201,Other UK Airports,SUMBURGH,0,0,0,0,0,0,0.3,0,4.754,0.656,3.361,0.85
11/04/2002 17:15,200201,Other UK Airports,TEESSIDE,0,0,0,61.576,0,0,0.474,0,0.637,0,0,3.928
11/04/2002 17:15,200201,Other UK Airports,TIREE,0,0,0,0,0,0,0,0,1.467,0,0,0
11/04/2002 17:15,200201,Channel Islands Airports,ALDERNEY,0,0,0,0,0,0,0,0,27.163,3.389,0,0
11/04/2002 17:15,200201,Channel Islands Airports,GUERNSEY,3.226,0,0,0,0.655,0.046,0,0,125.315,89.751,0,153.67
11/04/2002 17:15,200201,Channel Islands Airports,JERSEY,0.016,0,0,0,0.572,0,0,0,160.721,77.18,0,208.372
