rundate,report_period,reporting_airport_group_name,reporting_airport_name,total_pax,pax_terminal_scheduled_uk,pax_transit_scheduled_uk,pax_terminal_scheduled_foreign_EU,pax_transit_scheduled_foreign_EU,pax_terminal_scheduled_foreign_non_EU,pax_transit_scheduled_foreign_non_EU,pax_terminal_charter_uk,pax_transit_charter_uk,pax_terminal_charter_foreign_EU,pax_transit_charter_foreign_EU,pax_terminal_charter_foreign_non_EU,pax_transit_charter_foreign_non_EU
11/04/2002 17:09,200201,London Area Airports,GATWICK,1647632,810911,946,101614,0,223860,196,485942,11642,3776,4,8741,0
11/04/2002 17:09,200201,London Area Airports,HEATHROW,4413330,2354910,0,798206,0,1225246,30411,4241,0,213,0,103,0
11/04/2002 17:09,200201,London Area Airports,LONDON CITY,112072,33955,0,54303,0,23747,0,35,0,32,0,0,0
11/04/2002 17:09,200201,London Area Airports,LUTON,434030,322452,2,26759,0,44783,0,37555,1822,431,0,225,1
11/04/2002 17:09,200201,London Area Airports,STANSTED,881233,355319,0,467357,80,11508,120,44148,338,2305,19,39,0
11/04/2002 17:09,200201,Miscellaneous,BATTERSEA HELIPORT,144,0,0,0,0,0,0,144,0,0,0,0,0
11/04/2002 17:09,200201,Other UK Airports,ABERDEEN,177688,118845,31,0,0,9094,60,46474,0,3184,0,0,0
11/04/2002 17:09,200201,Other UK Airports,BARRA,506,506,0,0,0,0,0,0,0,0,0,0,0
11/04/2002 17:09,200201,Other UK Airports,BELFAST CITY,123758,122864,334,0,0,0,0,560,0,0,0,0,0
11/04/2002 17:09,200201,Other UK Airports,BELFAST INTERNATIONAL,216013,194118,0,0,0,316,175,17942,302,2292,0,868,0
11/04/2002 17:09,200201,Other UK Airports,BENBECULA,2245,2245,0,0,0,0,0,0,0,0,0,0,0
11/04/2002 17:09,200201,Other UK Airports,BIGGIN HILL,172,0,0,0,0,0,0,92,0,80,0,0,0
11/04/2002 17:09,200201,Other UK Airports,BIRMINGHAM,405999,198864,3297,79500,0,35299,0,86778,79,2018,0,164,0
11/04/2002 17:09,200201,Other UK Airports,BLACKPOOL,6582,355,0,0,0,0,0,4371,0,1856,0,0,0
11/04/2002 17:09,200201,Other UK Airports,BOURNEMOUTH,15730,127,1,5469,0,0,0,6917,681,2263,0,272,0
11/04/2002 17:09,200201,Other UK Airports,BRISTOL,181914,94743,799,25847,96,0,0,55975,1791,1765,0,757,141
11/04/2002 17:09,200201,Other UK Airports,CAMPBELTOWN,604,527,75,0,0,0,0,2,0,0,0,0,0
11/04/2002 17:09,200201,Other UK Airports,CARDIFF WALES,58305,14883,374,14387,92,0,0,25948,779,1842,0,0,0
11/04/2002 17:09,200201,Other UK Airports,COVENTRY,2264,1218,0,474,0,0,0,572,0,0,0,0,0
11/04/2002 17:09,200201,Other UK Airports,DUNDEE,3112,3112,0,0,0,0,0,0,0,0,0,0,0
11/04/2002 17:09,200201,Other UK Airports,EAST MIDLANDS,116573,50074,354,1586,0,194,107,59091,522,3125,0,1239,281
11/04/2002 17:09,200201,Other UK Airports,EDINBURGH,429880,370950,147,46967,0,0,0,6126,0,5430,177,83,0
11/04/2002 17:09,200201,Other UK Airports,EXETER,15645,4512,721,0,0,0,0,4411,358,5409,0,234,0
11/04/2002 17:09,200201,Other UK Airports,GLASGOW,435653,335752,1380,9095,8,13187,514,67187,804,6877,263,362,224
11/04/2002 17:09,200201,Other UK Airports,HAWARDEN,170,0,0,0,0,0,0,164,6,0,0,0,0
11/04/2002 17:09,200201,Other UK Airports,HUMBERSIDE,23528,11752,8,0,0,0,0,5484,0,6284,0,0,0
11/04/2002 17:09,200201,Other UK Airports,INVERNESS,23238,21691,1505,0,0,0,0,0,0,42,0,0,0
11/04/2002 17:09,200201,Other UK Airports,ISLAY,1261,1230,30,0,0,0,0,1,0,0,0,0,0
11/04/2002 17:09,200201,Other UK Airports,ISLE OF MAN,48661,47561,670,0,0,0,0,125,305,0,0,0,0
11/04/2002 17:09,200201,Other UK Airports,ISLES OF SCILLY (ST.MARYS),4917,4788,62,0,0,0,0,67,0,0,0,0,0
11/04/2002 17:09,200201,Other UK Airports,ISLES OF SCILLY (TRESCO),683,451,232,0,0,0,0,0,0,0,0,0,0
11/04/2002 17:09,200201,Other UK Airports,KIRKWALL,6381,5942,420,0,0,0,0,19,0,0,0,0,0
11/04/2002 17:09,200201,Other UK Airports,LEEDS BRADFORD,80799,51175,187,5721,0,0,0,20174,0,3542,0,0,0
11/04/2002 17:09,200201,Other UK Airports,LERWICK  (TINGWALL),105,105,0,0,0,0,0,0,0,0,0,0,0
11/04/2002 17:09,200201,Other UK Airports,LIVERPOOL,173778,147588,0,15042,0,7712,130,482,0,2824,0,0,0
11/04/2002 17:09,200201,Other UK Airports,LONDONDERRY,13023,4309,0,8712,0,0,0,2,0,0,0,0,0
11/04/2002 17:09,200201,Other UK Airports,MANCHESTER,1045380,375385,145,151714,533,119656,15275,362414,5816,9690,0,4752,0
11/04/2002 17:09,200201,Other UK Airports,NEWCASTLE,168875,118148,2429,4151,0,1836,0,38779,420,2654,275,183,0
11/04/2002 17:09,200201,Other UK Airports,NORWICH,23923,14999,55,0,0,0,0,5088,0,3653,0,128,0
11/04/2002 17:09,200201,Other UK Airports,PENZANCE HELIPORT,2758,2758,0,0,0,0,0,0,0,0,0,0,0
11/04/2002 17:09,200201,Other UK Airports,PLYMOUTH,8446,6595,1851,0,0,0,0,0,0,0,0,0,0
11/04/2002 17:09,200201,Other UK Airports,PRESTWICK,87172,0,0,84547,1,0,0,0,0,2624,0,0,0
11/04/2002 17:09,200201,Other UK Airports,SCATSTA,20486,0,0,0,0,0,0,20486,0,0,0,0,0
11/04/2002 17:09,200201,Other UK Airports,SHEFFIELD CITY,1357,1357,0,0,0,0,0,0,0,0,0,0,0
11/04/2002 17:09,200201,Other UK Airports,SHOREHAM,46,0,0,0,0,0,0,31,15,0,0,0,0
11/04/2002 17:09,200201,Other UK Airports,SOUTHAMPTON,50600,44354,26,4245,0,0,0,432,0,1543,0,0,0
11/04/2002 17:09,200201,Other UK Airports,STORNOWAY,6089,6037,52,0,0,0,0,0,0,0,0,0,0
11/04/2002 17:09,200201,Other UK Airports,SUMBURGH,10437,7322,0,0,0,0,0,1332,754,677,0,352,0
11/04/2002 17:09,200201,Other UK Airports,TEESSIDE,32976,17903,0,4950,0,25,0,4137,712,5249,0,0,0
11/04/2002 17:09,200201,Other UK Airports,TIREE,309,309,0,0,0,0,0,0,0,0,0,0,0
11/04/2002 17:09,200201,Other UK Airports,WICK,1528,1076,397,0,0,0,0,0,55,0,0,0,0
11/04/2002 17:09,200201,Channel Islands Airports,ALDERNEY,3626,3626,0,0,0,0,0,0,0,0,0,0,0
11/04/2002 17:09,200201,Channel Islands Airports,GUERNSEY,53395,48893,3646,0,0,487,364,1,0,4,0,0,0
11/04/2002 17:09,200201,Channel Islands Airports,JERSEY,76094,69580,2128,0,0,975,234,1037,0,2140,0,0,0
