rundate,report_period,reporting_airport_group_name,reporting_airport_name,total_EU_atm,scheduled_all_EU_atm,scheduled_passenger_EU_atm,charter_all_EU_atm,charter_passenger_EU_atm,total_international_atm,scheduled_all_international_atm,scheduled_passenger_international_atm,charter_all_international_atm,charter_passenger_international_atm,total_domestic_atm,scheduled_all_domestic_atm,scheduled_passenger_domestic_atm,charter_all_domestic_atm,charter_passenger_domestic_atm
11/04/2002 17:07,200201,London Area Airports,GATWICK,7856,6318,6318,1538,1536,4503,3522,3522,981,912,3547,3347,3345,200,99
11/04/2002 17:07,200201,London Area Airports,HEATHROW,17998,17937,17895,61,17,14326,14278,14146,48,37,5156,5154,5112,2,2
11/04/2002 17:07,200201,London Area Airports,LONDON CITY,2279,2274,2274,5,5,726,726,726,0,0,1280,1277,1277,3,3
11/04/2002 17:07,200201,London Area Airports,LUTON,2036,1695,1695,341,200,565,510,477,55,55,1352,1327,1327,25,22
11/04/2002 17:07,200201,London Area Airports,SOUTHEND,7,0,0,7,0,0,0,0,0,0,0,0,0,0,0
11/04/2002 17:07,200201,London Area Airports,STANSTED,7502,6959,6840,543,270,710,644,398,66,60,2198,1963,1963,235,8
11/04/2002 17:07,200201,Miscellaneous,BATTERSEA HELIPORT,3,0,0,3,3,0,0,0,0,0,58,0,0,58,58
11/04/2002 17:07,200201,Other UK Airports,ABERDEEN,348,333,333,15,14,3113,328,328,2785,2717,3123,2735,2735,388,329
11/04/2002 17:07,200201,Other UK Airports,BARRA,0,0,0,0,0,0,0,0,0,0,76,76,75,0,0
11/04/2002 17:07,200201,Other UK Airports,BELFAST CITY,50,42,42,8,8,0,0,0,0,0,3001,3001,3001,0,0
11/04/2002 17:07,200201,Other UK Airports,BELFAST INTERNATIONAL,236,120,120,116,115,10,2,2,8,7,2717,2201,2201,516,5
11/04/2002 17:07,200201,Other UK Airports,BENBECULA,0,0,0,0,0,0,0,0,0,0,163,163,161,0,0
11/04/2002 17:07,200201,Other UK Airports,BIGGIN HILL,4,0,0,4,4,0,0,0,0,0,7,0,0,7,1
11/04/2002 17:07,200201,Other UK Airports,BIRMINGHAM,5023,4609,4609,414,382,556,489,489,67,67,2020,2017,2017,3,3
11/04/2002 17:07,200201,Other UK Airports,BLACKPOOL,23,0,0,23,23,443,0,0,443,443,58,53,53,5,5
11/04/2002 17:07,200201,Other UK Airports,BOURNEMOUTH,152,65,65,87,73,6,0,0,6,6,292,125,125,167,23
11/04/2002 17:07,200201,Other UK Airports,BRISTOL,1616,1343,1343,273,270,65,0,0,65,65,1567,1424,1411,143,19
11/04/2002 17:07,200201,Other UK Airports,CAMPBELTOWN,0,0,0,0,0,1,0,0,1,1,76,76,75,0,0
11/04/2002 17:07,200201,Other UK Airports,CARDIFF WALES,987,821,821,166,164,9,0,0,9,9,406,394,394,12,10
11/04/2002 17:07,200201,Other UK Airports,CARLISLE,0,0,0,0,0,1,0,0,1,0,0,0,0,0,0
11/04/2002 17:07,200201,Other UK Airports,COVENTRY,121,20,20,101,7,1,0,0,1,0,277,13,13,264,1
11/04/2002 17:07,200201,Other UK Airports,DUNDEE,0,0,0,0,0,0,0,0,0,0,186,186,186,0,0
11/04/2002 17:07,200201,Other UK Airports,EAST MIDLANDS,1876,895,788,981,338,197,124,9,73,50,1050,677,677,373,53
11/04/2002 17:07,200201,Other UK Airports,EDINBURGH,2080,1893,1893,187,72,77,0,0,77,21,5991,5494,5452,497,6
11/04/2002 17:07,200201,Other UK Airports,EXETER,130,66,66,64,64,14,0,0,14,14,188,148,148,40,2
11/04/2002 17:07,200201,Other UK Airports,GLASGOW,1383,1070,1070,313,313,165,118,118,47,47,5059,5045,5045,14,10
11/04/2002 17:07,200201,Other UK Airports,HAWARDEN,0,0,0,0,0,0,0,0,0,0,9,0,0,9,9
11/04/2002 17:07,200201,Other UK Airports,HUMBERSIDE,312,266,266,46,46,449,0,0,449,420,262,262,262,0,0
11/04/2002 17:07,200201,Other UK Airports,INVERNESS,4,1,1,3,3,0,0,0,0,0,733,729,718,4,4
11/04/2002 17:07,200201,Other UK Airports,ISLAY,0,0,0,0,0,1,0,0,1,1,86,86,86,0,0
11/04/2002 17:07,200201,Other UK Airports,ISLE OF MAN,130,124,124,6,6,0,0,0,0,0,1618,1470,1470,148,8
11/04/2002 17:07,200201,Other UK Airports,ISLES OF SCILLY (ST.MARYS),4,0,0,4,4,0,0,0,0,0,390,382,325,8,8
11/04/2002 17:07,200201,Other UK Airports,ISLES OF SCILLY (TRESCO),0,0,0,0,0,0,0,0,0,0,56,56,56,0,0
11/04/2002 17:07,200201,Other UK Airports,KENT INTERNATIONAL,12,0,0,12,0,61,0,0,61,0,1,0,0,1,0
11/04/2002 17:07,200201,Other UK Airports,KIRKWALL,0,0,0,0,0,1,0,0,1,1,613,613,576,0,0
11/04/2002 17:07,200201,Other UK Airports,LEEDS BRADFORD,956,835,835,121,121,1,0,0,1,0,1098,1091,1091,7,7
11/04/2002 17:07,200201,Other UK Airports,LERWICK  (TINGWALL),0,0,0,0,0,0,0,0,0,0,41,41,41,0,0
11/04/2002 17:07,200201,Other UK Airports,LIVERPOOL,1049,908,908,141,18,141,141,141,0,0,1187,671,671,516,2
11/04/2002 17:07,200201,Other UK Airports,LONDONDERRY,99,99,99,0,0,0,0,0,0,0,283,281,281,2,2
11/04/2002 17:07,200201,Other UK Airports,MANCHESTER,6770,5516,5512,1254,1254,2061,1563,1492,498,495,3973,3931,3931,42,42
11/04/2002 17:07,200201,Other UK Airports,NEWCASTLE,1194,978,978,216,216,163,148,148,15,13,1774,1715,1715,59,6
11/04/2002 17:07,200201,Other UK Airports,NORWICH,217,185,185,32,32,454,0,0,454,432,428,428,428,0,0
11/04/2002 17:07,200201,Other UK Airports,PENZANCE HELIPORT,178,178,178,0,0,0,0,0,0,0,0,0,0,0,0
11/04/2002 17:07,200201,Other UK Airports,PLYMOUTH,96,96,96,0,0,0,0,0,0,0,357,357,357,0,0
11/04/2002 17:07,200201,Other UK Airports,PRESTWICK,563,547,473,16,16,80,79,1,1,0,505,505,505,0,0
11/04/2002 17:07,200201,Other UK Airports,SCATSTA,0,0,0,0,0,642,0,0,642,639,266,0,0,266,266
11/04/2002 17:07,200201,Other UK Airports,SHEFFIELD CITY,0,0,0,0,0,0,0,0,0,0,93,93,93,0,0
11/04/2002 17:07,200201,Other UK Airports,SHOREHAM,29,0,0,29,29,2,0,0,2,2,21,0,0,21,11
11/04/2002 17:07,200201,Other UK Airports,SOUTHAMPTON,614,599,599,15,15,0,0,0,0,0,1526,1511,1511,15,15
11/04/2002 17:07,200201,Other UK Airports,STORNOWAY,0,0,0,0,0,0,0,0,0,0,340,340,319,0,0
11/04/2002 17:07,200201,Other UK Airports,SUMBURGH,0,0,0,0,0,185,0,0,185,185,335,277,276,58,54
11/04/2002 17:07,200201,Other UK Airports,TEESSIDE,305,230,230,75,53,7,1,1,6,6,338,330,330,8,5
11/04/2002 17:07,200201,Other UK Airports,TIREE,0,0,0,0,0,0,0,0,0,0,45,45,45,0,0
11/04/2002 17:07,200201,Other UK Airports,WICK,0,0,0,0,0,9,0,0,9,9,148,148,147,0,0
11/04/2002 17:07,200201,Channel Islands Airports,ALDERNEY,0,0,0,0,0,0,0,0,0,0,423,423,412,0,0
11/04/2002 17:07,200201,Channel Islands Airports,GUERNSEY,173,171,171,2,2,62,62,60,0,0,2367,2282,2236,85,1
11/04/2002 17:07,200201,Channel Islands Airports,JERSEY,119,92,92,27,27,41,40,40,1,1,2678,2624,2592,54,9
