rundate,report_period,reporting_airport_group_name,reporting_airport_name,grand_total,air_transport,air_taxi,positioning_flights,local_movements,test_and_training,other_flights,aero_club,private_flights,official,military,business_aviation
11/04/2002 17:07,200201,London Area Airports,GATWICK,16609,16078,172,421,0,8,26,0,0,1,0,75
11/04/2002 17:07,200201,London Area Airports,HEATHROW,38018,37521,41,220,0,15,12,0,8,35,8,199
11/04/2002 17:07,200201,London Area Airports,LONDON CITY,4469,4348,63,66,1,6,0,0,3,0,0,45
11/04/2002 17:07,200201,London Area Airports,LUTON,5714,4191,238,375,203,92,22,37,20,5,7,762
11/04/2002 17:07,200201,London Area Airports,SOUTHEND,2101,137,130,137,6,87,58,1188,467,13,8,0
11/04/2002 17:07,200201,London Area Airports,STANSTED,11868,10640,230,567,0,35,12,0,35,1,14,564
11/04/2002 17:07,200201,Miscellaneous,BATTERSEA HELIPORT,648,61,0,63,8,2,212,0,210,2,90,0
11/04/2002 17:07,200201,Other UK Airports,ABERDEEN,7871,6961,377,169,0,436,12,229,15,2,20,27
11/04/2002 17:07,200201,Other UK Airports,BARRA,90,90,14,0,0,0,0,0,0,0,0,0
11/04/2002 17:07,200201,Other UK Airports,BARROW-IN-FURNESS,119,0,0,2,0,0,0,0,117,0,0,0
11/04/2002 17:07,200201,Other UK Airports,BELFAST CITY,3258,3164,113,35,0,38,1,0,16,0,0,4
11/04/2002 17:07,200201,Other UK Airports,BELFAST INTERNATIONAL,5667,3116,153,204,67,210,0,125,72,0,1840,33
11/04/2002 17:07,200201,Other UK Airports,BEMBRIDGE,134,0,0,0,0,11,0,0,122,0,1,0
11/04/2002 17:07,200201,Other UK Airports,BENBECULA,296,262,99,34,0,0,0,0,0,0,0,0
11/04/2002 17:07,200201,Other UK Airports,BIGGIN HILL,2743,184,173,13,0,16,0,1875,409,0,2,244
11/04/2002 17:07,200201,Other UK Airports,BIRMINGHAM,8369,7646,47,171,284,18,2,0,90,0,14,144
11/04/2002 17:07,200201,Other UK Airports,BLACKPOOL,3207,634,110,29,17,89,9,1779,517,0,43,90
11/04/2002 17:07,200201,Other UK Airports,BOURNEMOUTH,3538,455,5,142,0,0,1,2054,577,0,249,60
11/04/2002 17:07,200201,Other UK Airports,BRISTOL,4512,3410,162,156,0,14,2,526,388,0,16,0
11/04/2002 17:07,200201,Other UK Airports,CAMBRIDGE,2436,0,0,4,189,36,0,1757,281,4,61,104
11/04/2002 17:07,200201,Other UK Airports,CAMPBELTOWN,139,122,45,3,0,0,0,4,0,0,10,0
11/04/2002 17:07,200201,Other UK Airports,CARDIFF WALES,2612,1466,64,116,0,103,0,728,185,0,14,0
11/04/2002 17:07,200201,Other UK Airports,CARLISLE,790,6,5,4,12,8,32,406,286,0,28,8
11/04/2002 17:07,200201,Other UK Airports,COVENTRY,3583,521,122,285,54,2075,0,309,255,0,6,78
11/04/2002 17:07,200201,Other UK Airports,DUNDEE,999,201,15,11,15,78,7,658,6,0,0,23
11/04/2002 17:07,200201,Other UK Airports,EAST MIDLANDS,5221,3364,241,147,52,663,14,546,278,0,15,142
11/04/2002 17:07,200201,Other UK Airports,EDINBURGH,8885,8276,128,192,1,13,6,184,61,0,28,124
11/04/2002 17:07,200201,Other UK Airports,EXETER,2155,503,171,156,18,1136,64,0,244,0,34,0
11/04/2002 17:07,200201,Other UK Airports,GLASGOW,7753,6907,300,284,0,36,2,180,98,5,147,94
11/04/2002 17:07,200201,Other UK Airports,GLOUCESTERSHIRE,3934,6,6,10,340,482,2,2489,594,0,11,0
11/04/2002 17:07,200201,Other UK Airports,HAWARDEN,1061,9,0,9,0,147,177,0,641,0,78,0
11/04/2002 17:07,200201,Other UK Airports,HUMBERSIDE,2765,1043,20,152,10,378,37,1058,85,0,2,0
11/04/2002 17:07,200201,Other UK Airports,INVERNESS,1966,976,239,92,0,207,6,653,18,0,12,2
11/04/2002 17:07,200201,Other UK Airports,ISLAY,126,116,29,2,0,0,0,4,0,0,4,0
11/04/2002 17:07,200201,Other UK Airports,ISLE OF MAN,2407,1850,102,96,0,52,0,268,119,0,18,4
11/04/2002 17:07,200201,Other UK Airports,ISLES OF SCILLY (ST.MARYS),436,394,0,34,0,0,0,0,2,0,6,0
11/04/2002 17:07,200201,Other UK Airports,ISLES OF SCILLY (TRESCO),56,56,0,0,0,0,0,0,0,0,0,0
11/04/2002 17:07,200201,Other UK Airports,KENT INTERNATIONAL,837,74,0,48,0,100,0,427,178,0,10,0
11/04/2002 17:07,200201,Other UK Airports,KIRKWALL,900,810,196,15,0,24,0,47,4,0,0,0
11/04/2002 17:07,200201,Other UK Airports,LEEDS BRADFORD,3610,2084,29,80,94,362,4,710,216,8,16,36
11/04/2002 17:07,200201,Other UK Airports,LERWICK  (TINGWALL),190,186,145,4,0,0,0,0,0,0,0,0
11/04/2002 17:07,200201,Other UK Airports,LIVERPOOL,4404,2540,163,297,0,84,150,1228,97,0,8,0
11/04/2002 17:07,200201,Other UK Airports,LONDONDERRY,623,388,6,4,0,0,0,136,71,0,12,12
11/04/2002 17:07,200201,Other UK Airports,LYDD,568,4,4,2,34,2,0,274,242,0,10,0
11/04/2002 17:07,200201,Other UK Airports,MANCHESTER,13656,12911,107,374,1,0,34,0,88,0,14,234
11/04/2002 17:07,200201,Other UK Airports,NEWCASTLE,5250,3284,153,113,66,107,45,859,380,374,22,0
11/04/2002 17:07,200201,Other UK Airports,NORWICH,3118,1291,192,102,240,574,28,732,126,3,15,7
11/04/2002 17:07,200201,Other UK Airports,PENZANCE HELIPORT,199,178,0,1,0,20,0,0,0,0,0,0
11/04/2002 17:07,200201,Other UK Airports,PLYMOUTH,1583,473,20,10,27,10,24,373,34,0,624,8
11/04/2002 17:07,200201,Other UK Airports,PRESTWICK,2670,1150,2,34,0,343,2,617,133,0,391,0
11/04/2002 17:07,200201,Other UK Airports,SCATSTA,945,920,12,7,0,16,2,0,0,0,0,0
11/04/2002 17:07,200201,Other UK Airports,SHEFFIELD CITY,374,104,11,4,236,0,0,4,0,0,0,26
11/04/2002 17:07,200201,Other UK Airports,SHOREHAM,2959,52,0,4,175,22,8,2282,413,0,3,0
11/04/2002 17:07,200201,Other UK Airports,SOUTHAMPTON,2975,2170,30,111,20,165,8,209,120,0,8,164
11/04/2002 17:07,200201,Other UK Airports,STORNOWAY,552,429,89,19,0,81,5,16,0,0,0,2
11/04/2002 17:07,200201,Other UK Airports,SUMBURGH,911,731,211,56,0,100,14,2,0,0,8,0
11/04/2002 17:07,200201,Other UK Airports,TEESSIDE,2926,809,159,44,434,48,0,1324,144,0,111,12
11/04/2002 17:07,200201,Other UK Airports,TIREE,77,73,28,4,0,0,0,0,0,0,0,0
11/04/2002 17:07,200201,Other UK Airports,WICK,288,179,22,61,0,6,0,42,0,0,0,0
11/04/2002 17:07,200201,Channel Islands Airports,ALDERNEY,619,439,16,11,63,4,2,64,34,0,2,0
11/04/2002 17:07,200201,Channel Islands Airports,GUERNSEY,3589,2717,115,98,240,42,44,304,137,6,0,1
11/04/2002 17:07,200201,Channel Islands Airports,JERSEY,4397,2980,142,101,0,12,21,618,647,0,18,0
