rundate,this_period,last_period,reporting_airport_group_name,reporting_airport_name,total_mail_passenger_aircraft_this_period,total_mail_passenger_aircraft_last_period,total_mail_passenger_aircraft_percent_change,total_mail_cargo_aircraft_this_period,total_mail_cargo_aircraft_last_period,total_mail_cargo_aircraft_percent_change,total_mail_this_period,total_mail_last_period,total_mail_percent_change
08/11/2001 10:15,200107,200007,London Area Airports,GATWICK,542.644,807.267,-33,611.331,360.49,70,1153.975,1167.757,-1
08/11/2001 10:15,200107,200007,London Area Airports,HEATHROW,5678.164,6786.905,-16,447.197,345.831,29,6125.361,7132.736,-14
08/11/2001 10:15,200107,200007,London Area Airports,STANSTED,2.156,0.796,100,868.946,951.246,-9,871.102,952.042,-9
08/11/2001 10:15,200107,200007,Other UK Airports,ABERDEEN,2.804,1.858,50,43.245,23.67,79,46.049,25.528,77
08/11/2001 10:15,200107,200007,Other UK Airports,BARRA,3.89,3.365,33,0.213,0,,4.103,3.365,33
08/11/2001 10:15,200107,200007,Other UK Airports,BELFAST CITY,2.43,6.407,-67,0,0,,2.43,6.407,-67
08/11/2001 10:15,200107,200007,Other UK Airports,BELFAST INTERNATIONAL,38.103,35.117,9,998.297,825.035,21,1036.4,860.152,20
08/11/2001 10:15,200107,200007,Other UK Airports,BENBECULA,4.327,3.383,33,0,0,,4.327,3.383,33
08/11/2001 10:15,200107,200007,Other UK Airports,BIGGIN HILL,0,0,,24.621,24.398,4,24.621,24.398,4
08/11/2001 10:15,200107,200007,Other UK Airports,BIRMINGHAM,119.164,117.417,2,0,0,,119.164,117.417,2
08/11/2001 10:15,200107,200007,Other UK Airports,BOURNEMOUTH,105.521,21.544,382,298.485,362.799,-18,404.006,384.343,5
08/11/2001 10:15,200107,200007,Other UK Airports,BRISTOL,0,0,,494.603,397.297,25,494.603,397.297,25
08/11/2001 10:15,200107,200007,Other UK Airports,CARDIFF WALES,0,0,,92.321,110.9,-17,92.321,110.9,-17
08/11/2001 10:15,200107,200007,Other UK Airports,CARLISLE,0,12,,12,0,,12,12,0
08/11/2001 10:15,200107,200007,Other UK Airports,COVENTRY,0,0,,696.388,472.092,47,696.388,472.092,47
08/11/2001 10:15,200107,200007,Other UK Airports,EAST MIDLANDS,0.757,1.713,-50,769.468,697.316,10,770.225,699.029,10
08/11/2001 10:15,200107,200007,Other UK Airports,EDINBURGH,14.834,25.819,-42,2730.21,2434.707,12,2745.044,2460.526,12
08/11/2001 10:15,200107,200007,Other UK Airports,EXETER,0,0,,114.627,85.741,34,114.627,85.741,34
08/11/2001 10:15,200107,200007,Other UK Airports,GLASGOW,141.24,153.999,-8,0,1.613,,141.24,155.612,-10
08/11/2001 10:15,200107,200007,Other UK Airports,INVERNESS,6.475,5.745,0,0,0,,6.475,5.745,0
08/11/2001 10:15,200107,200007,Other UK Airports,ISLAY,3.88,3.305,33,0,0,,3.88,3.305,33
08/11/2001 10:15,200107,200007,Other UK Airports,ISLE OF MAN,0.006,0.09,,218.038,194.422,12,218.044,194.512,12
08/11/2001 10:15,200107,200007,Other UK Airports,ISLES OF SCILLY (ST.MARYS),10,18,-44,7,0,,17,18,-6
08/11/2001 10:15,200107,200007,Other UK Airports,ISLES OF SCILLY (TRESCO),0.51,0.8,0,0,0,,0.51,0.8,0
08/11/2001 10:15,200107,200007,Other UK Airports,KIRKWALL,1.889,2.304,0,0.161,0,,2.05,2.304,0
08/11/2001 10:15,200107,200007,Other UK Airports,LIVERPOOL,0,0,,1175.402,972.688,21,1175.402,972.688,21
08/11/2001 10:15,200107,200007,Other UK Airports,MANCHESTER,288.186,298.865,-4,0,0,,288.186,298.865,-4
08/11/2001 10:15,200107,200007,Other UK Airports,NEWCASTLE,2.271,2.275,0,281.692,152.054,86,283.963,154.329,84
08/11/2001 10:15,200107,200007,Other UK Airports,PENZANCE HELIPORT,10,9,11,0,0,,10,9,11
08/11/2001 10:15,200107,200007,Other UK Airports,PLYMOUTH,0,0,,0,17,,0,17,
08/11/2001 10:15,200107,200007,Other UK Airports,STORNOWAY,3.327,3.219,0,0,0,,3.327,3.219,0
08/11/2001 10:15,200107,200007,Other UK Airports,TIREE,2.271,2.114,0,0,0,,2.271,2.114,0
08/11/2001 10:15,200107,200007,Channel Islands Airports,ALDERNEY,9.82,14.298,-29,3.392,0,,13.212,14.298,-7
08/11/2001 10:15,200107,200007,Channel Islands Airports,GUERNSEY,28.917,65.578,-56,183.279,177.661,3,212.196,243.239,-13
08/11/2001 10:15,200107,200007,Channel Islands Airports,JERSEY,36.97,38.68,-5,0,1.294,,36.97,39.974,-8
