rundate,report_period,reporting_airport_group_name,reporting_airport_name,freight_scheduled_passenger_aircraft_foreign_eu,freight_scheduled_cargo_aircraft_foreign_eu,freight_charter_passenger_aircraft_foreign_eu,freight_charter_cargo_aircraft_foreign_eu,freight_scheduled_passenger_aircraft_foreign_non_eu,freight_scheduled_cargo_aircraft_foreign_non_eu,freight_charter_passenger_aircraft_foreign_non_eu,freight_charter_cargo_aircraft_foreign_non_eu,freight_scheduled_passenger_aircraft_uk,freight_scheduled_cargo_aircraft_uk,freight_charter_passenger_aircraft_uk,freight_charter_cargo_aircraft_uk
08/11/2001 10:12,200107,London Area Airports,GATWICK,646.012,0,266.353,162.778,19488.899,0,1147.345,2407.619,224.674,0,0,12.943
08/11/2001 10:12,200107,London Area Airports,HEATHROW,10028.859,313.379,0,1122.231,81554.301,6557.531,0,395.202,574.802,0,0,0
08/11/2001 10:12,200107,London Area Airports,LUTON,14.281,12.522,3.764,1132.245,0.217,371.968,6.441,0,0.723,0.045,0,0
08/11/2001 10:12,200107,London Area Airports,STANSTED,113.628,861.66,0.317,2975.059,2.727,9994.861,0,471.434,28.586,21.555,0,629.166
08/11/2001 10:12,200107,Other UK Airports,ABERDEEN,10.782,0,1.007,5.662,75.123,0,49.386,4.129,67.699,0,41.866,128.148
08/11/2001 10:12,200107,Other UK Airports,BARRA,0,0,0,0,0,0,0,0,2.672,0.097,0,0
08/11/2001 10:12,200107,Other UK Airports,BELFAST CITY,0,0,0,0,0,0,0,0,32.909,0,0,0
08/11/2001 10:12,200107,Other UK Airports,BELFAST INTERNATIONAL,5.513,0,1.898,0,41.169,0,3.878,28.568,251.833,0,0,2065.618
08/11/2001 10:12,200107,Other UK Airports,BENBECULA,0,0,0,0,0,0,0,0,17.416,0.301,0,0
08/11/2001 10:12,200107,Other UK Airports,BIRMINGHAM,172.495,0,6.142,53.955,708.889,0,32.094,0,70.726,0,0,0
08/11/2001 10:12,200107,Other UK Airports,BLACKPOOL,0,0,0,0,0,0,10.744,0,0,0,0,0
08/11/2001 10:12,200107,Other UK Airports,BOURNEMOUTH,0,0,0,0,0,0,0,0,0,0,0,417.618
08/11/2001 10:12,200107,Other UK Airports,BRISTOL,0,1.068,0,0.992,0,0.215,0,0,0,1.191,0,1.75
08/11/2001 10:12,200107,Other UK Airports,CAMBRIDGE,0,0,22,0,0,0,0,0,0,0,0,0
08/11/2001 10:12,200107,Other UK Airports,CARDIFF WALES,0.04,0,1.515,240.457,0,0,1.829,0,0.098,0,0,12.867
08/11/2001 10:12,200107,Other UK Airports,COVENTRY,0,0,0,92.159,0,0,0,6.332,0,0,0,175.676
08/11/2001 10:12,200107,Other UK Airports,EAST MIDLANDS,1.042,1030.229,0.287,9422.597,0,2606.543,6.108,60.221,2.555,0,0,2088.37
08/11/2001 10:12,200107,Other UK Airports,EDINBURGH,17.575,0,0,384.997,0.625,0,0,175.633,97.684,20.723,0.038,728.226
08/11/2001 10:12,200107,Other UK Airports,GLASGOW,37.008,0.027,2.036,0,441.237,0,38.611,0,178.118,0,0,13.812
08/11/2001 10:12,200107,Other UK Airports,HUMBERSIDE,0.453,0,0,4.105,0,0,8.759,3.456,0,0,0,0
08/11/2001 10:12,200107,Other UK Airports,INVERNESS,0,0,0,0,0,0,0,0,26.281,0,0,0
08/11/2001 10:12,200107,Other UK Airports,ISLAY,0,0,0,0,0,0,0,0,17.728,0,0,0
08/11/2001 10:12,200107,Other UK Airports,ISLE OF MAN,0.777,0,2.078,0,0,0,1,0,36.484,0.155,0,148.307
08/11/2001 10:12,200107,Other UK Airports,ISLES OF SCILLY (ST.MARYS),0,0,0,0,0,0,0,0,16,4,0,0
08/11/2001 10:12,200107,Other UK Airports,ISLES OF SCILLY (TRESCO),0,0,0,0,0,0,0,0,3.6,0,0,0
08/11/2001 10:12,200107,Other UK Airports,KENT INTERNATIONAL,0,0,0,467.88,0,0,0,2521.03,0,0,0,0
08/11/2001 10:12,200107,Other UK Airports,KIRKWALL,0,0,0,0,0,0,0,0,7.563,0.032,0,0
08/11/2001 10:12,200107,Other UK Airports,LEEDS BRADFORD,4.469,0,0.036,151.159,0,0,0,200.302,8.521,0,0,0
08/11/2001 10:12,200107,Other UK Airports,LIVERPOOL,0,0,0,1179.664,0,0,0,0.792,8.579,0,0,707.067
08/11/2001 10:12,200107,Other UK Airports,LONDONDERRY,0,0,0,0,0,0,0,0,1,0,0,0
08/11/2001 10:12,200107,Other UK Airports,MANCHESTER,380.972,40,111.895,148.282,4877.012,2194.054,419.414,92,68.229,0,15.493,15
08/11/2001 10:12,200107,Other UK Airports,NEWCASTLE,6.746,0,0.184,25.553,2.765,0,2.706,0,3.167,0,0,0
08/11/2001 10:12,200107,Other UK Airports,NORWICH,1.586,0,0.003,0,0,0,4.316,1.033,0.132,0,0,0
08/11/2001 10:12,200107,Other UK Airports,PENZANCE HELIPORT,0,0,0,0,0,0,0,0,18,0,0,0
08/11/2001 10:12,200107,Other UK Airports,PLYMOUTH,0.5,0,0,0,0,0,0,0,6,0,0,0
08/11/2001 10:12,200107,Other UK Airports,PRESTWICK,19.343,936.808,0.293,0,0,1667.49,24.935,537.356,0,0,0,66.363
08/11/2001 10:12,200107,Other UK Airports,SCATSTA,0,0,0,0,0,0,13.041,0.126,0,0,36.087,0.874
08/11/2001 10:12,200107,Other UK Airports,SOUTHAMPTON,0,0,0,0,0,0,0,0,26.028,0,0,0
08/11/2001 10:12,200107,Other UK Airports,STORNOWAY,0,0,0,0,0,0,0,0,16.883,0.311,0,0
08/11/2001 10:12,200107,Other UK Airports,SUMBURGH,0,0,0,0,0,0,0.317,0,6.536,0,3.481,0.4
08/11/2001 10:12,200107,Other UK Airports,TEESSIDE,0,0,0,94.094,0,0,0.403,0,1.229,0,0,13.059
08/11/2001 10:12,200107,Other UK Airports,TIREE,0,0,0,0,0,0,0,0,2.155,0,0,0
08/11/2001 10:12,200107,Channel Islands Airports,ALDERNEY,0,0,0,0,0,0,0,0,31.886,5.345,0,0
08/11/2001 10:12,200107,Channel Islands Airports,GUERNSEY,2.589,0.018,0,0,1.006,0,0,0,144.326,4.528,0,228.676
08/11/2001 10:12,200107,Channel Islands Airports,JERSEY,0.334,0,0,0,2.477,0,0,0,160.428,0,0,325.392
