rundate,report_period,reporting_airport_group_name,reporting_airport_name,total_pax,pax_terminal_scheduled_uk,pax_transit_scheduled_uk,pax_terminal_scheduled_foreign_EU,pax_transit_scheduled_foreign_EU,pax_terminal_scheduled_foreign_non_EU,pax_transit_scheduled_foreign_non_EU,pax_terminal_charter_uk,pax_transit_charter_uk,pax_terminal_charter_foreign_EU,pax_transit_charter_foreign_EU,pax_terminal_charter_foreign_non_EU,pax_transit_charter_foreign_non_EU
08/11/2001 09:57,200107,London Area Airports,GATWICK,3529593,1505878,0,188117,27,451787,2146,1324647,1988,17791,233,36625,354
08/11/2001 09:57,200107,London Area Airports,HEATHROW,6098929,3198842,0,1112873,352,1740177,29849,14736,0,0,0,2100,0
08/11/2001 09:57,200107,London Area Airports,LONDON CITY,151313,53792,0,72509,0,24929,0,0,0,83,0,0,0
08/11/2001 09:57,200107,London Area Airports,LUTON,636467,379302,59,34239,0,44493,0,162175,1612,7195,780,6562,50
08/11/2001 09:57,200107,London Area Airports,SOUTHEND,479,0,0,0,0,0,0,479,0,0,0,0,0
08/11/2001 09:57,200107,London Area Airports,STANSTED,1484131,536737,0,747049,0,41043,0,143556,224,11358,300,3653,211
08/11/2001 09:57,200107,Miscellaneous,BATTERSEA HELIPORT,851,0,0,0,0,0,0,847,0,4,0,0,0
08/11/2001 09:57,200107,Other UK Airports,ABERDEEN,249685,164726,171,2970,0,10757,874,34143,69,10684,65,25226,0
08/11/2001 09:57,200107,Other UK Airports,BARRA,776,776,0,0,0,0,0,0,0,0,0,0,0
08/11/2001 09:57,200107,Other UK Airports,BELFAST CITY,96330,96330,0,0,0,0,0,0,0,0,0,0,0
08/11/2001 09:57,200107,Other UK Airports,BELFAST INTERNATIONAL,420390,255522,476,15267,0,7474,0,81368,1380,48015,3,10881,4
08/11/2001 09:57,200107,Other UK Airports,BENBECULA,3028,3004,24,0,0,0,0,0,0,0,0,0,0
08/11/2001 09:57,200107,Other UK Airports,BIGGIN HILL,281,185,0,0,0,0,0,0,0,96,0,0,0
08/11/2001 09:57,200107,Other UK Airports,BIRMINGHAM,854302,287971,9806,105814,115,60804,1371,367531,1162,13091,0,6637,0
08/11/2001 09:57,200107,Other UK Airports,BLACKPOOL,6181,2457,0,0,0,0,0,3324,0,400,0,0,0
08/11/2001 09:57,200107,Other UK Airports,BOURNEMOUTH,22714,0,0,9389,0,0,0,11310,0,715,0,1300,0
08/11/2001 09:57,200107,Other UK Airports,BRISTOL,309762,112222,1114,38783,164,673,349,133561,0,13479,0,9417,0
08/11/2001 09:57,200107,Other UK Airports,CAMBRIDGE,1598,1531,0,0,0,0,0,14,0,53,0,0,0
08/11/2001 09:57,200107,Other UK Airports,CAMPBELTOWN,815,815,0,0,0,0,0,0,0,0,0,0,0
08/11/2001 09:57,200107,Other UK Airports,CARDIFF WALES,188520,30366,0,17476,130,1622,0,131360,712,4232,0,2252,370
08/11/2001 09:57,200107,Other UK Airports,COVENTRY,43,0,0,0,0,0,0,41,0,0,0,2,0
08/11/2001 09:57,200107,Other UK Airports,DUNDEE,4435,4052,0,0,0,0,0,383,0,0,0,0,0
08/11/2001 09:57,200107,Other UK Airports,EAST MIDLANDS,294455,73426,220,0,0,0,0,199132,498,10173,0,11006,0
08/11/2001 09:57,200107,Other UK Airports,EDINBURGH,597332,455770,2134,61367,0,3597,0,46010,905,16821,0,10638,90
08/11/2001 09:57,200107,Other UK Airports,EXETER,33546,11638,717,0,0,1084,525,5318,215,12153,76,1820,0
08/11/2001 09:57,200107,Other UK Airports,GLASGOW,835367,403376,0,34856,0,70761,1297,262507,2684,29687,174,29700,325
08/11/2001 09:57,200107,Other UK Airports,HAWARDEN,224,0,0,0,0,0,0,224,0,0,0,0,0
08/11/2001 09:57,200107,Other UK Airports,HUMBERSIDE,45004,13538,0,0,0,0,0,16974,0,11481,0,3011,0
08/11/2001 09:57,200107,Other UK Airports,INVERNESS,36216,32727,1740,0,0,0,0,737,0,174,0,838,0
08/11/2001 09:57,200107,Other UK Airports,ISLAY,1768,1765,0,0,0,0,0,3,0,0,0,0,0
08/11/2001 09:57,200107,Other UK Airports,ISLE OF MAN,66986,63787,702,0,0,0,0,973,0,665,0,859,0
08/11/2001 09:57,200107,Other UK Airports,ISLES OF SCILLY (ST.MARYS),18105,17981,110,0,0,0,0,14,0,0,0,0,0
08/11/2001 09:57,200107,Other UK Airports,ISLES OF SCILLY (TRESCO),5127,4925,202,0,0,0,0,0,0,0,0,0,0
08/11/2001 09:57,200107,Other UK Airports,KENT INTERNATIONAL,1211,0,0,0,0,0,0,0,0,0,0,1211,0
08/11/2001 09:57,200107,Other UK Airports,KIRKWALL,7775,7141,579,0,0,0,0,0,13,0,0,42,0
08/11/2001 09:57,200107,Other UK Airports,LEEDS BRADFORD,151593,60930,497,16405,0,0,0,59686,24,12713,0,1338,0
08/11/2001 09:57,200107,Other UK Airports,LERWICK  (TINGWALL),182,182,0,0,0,0,0,0,0,0,0,0,0
08/11/2001 09:57,200107,Other UK Airports,LIVERPOOL,202998,156395,0,17061,0,8245,0,10901,39,9738,199,362,58
08/11/2001 09:57,200107,Other UK Airports,LONDONDERRY,20943,4124,0,14896,0,0,0,146,0,1777,0,0,0
08/11/2001 09:57,200107,Other UK Airports,MANCHESTER,2199759,513026,134,207551,1165,192500,13408,1179145,3999,31269,277,56837,448
08/11/2001 09:57,200107,Other UK Airports,NEWCASTLE,399953,150515,3981,13835,0,5488,0,186951,237,24349,190,13894,513
08/11/2001 09:57,200107,Other UK Airports,NORWICH,39863,16887,40,0,0,0,0,13842,0,6414,0,2680,0
08/11/2001 09:57,200107,Other UK Airports,PENZANCE HELIPORT,16905,16905,0,0,0,0,0,0,0,0,0,0,0
08/11/2001 09:57,200107,Other UK Airports,PLYMOUTH,17269,12698,4571,0,0,0,0,0,0,0,0,0,0
08/11/2001 09:57,200107,Other UK Airports,PRESTWICK,141750,0,0,109710,4,2,0,8939,0,21233,0,1595,267
08/11/2001 09:57,200107,Other UK Airports,SCATSTA,19564,0,0,0,0,0,0,19564,0,0,0,0,0
08/11/2001 09:57,200107,Other UK Airports,SHEFFIELD CITY,1529,746,0,602,0,0,0,181,0,0,0,0,0
08/11/2001 09:57,200107,Other UK Airports,SOUTHAMPTON,82921,70287,272,5311,0,0,0,2043,0,5008,0,0,0
08/11/2001 09:57,200107,Other UK Airports,STORNOWAY,7364,7364,0,0,0,0,0,0,0,0,0,0,0
08/11/2001 09:57,200107,Other UK Airports,SUMBURGH,15703,10963,0,0,0,0,0,3368,295,619,0,458,0
08/11/2001 09:57,200107,Other UK Airports,TEESSIDE,85727,23549,0,6571,0,7,0,34741,0,19489,0,1370,0
08/11/2001 09:57,200107,Other UK Airports,TIREE,533,532,0,0,0,0,0,1,0,0,0,0,0
08/11/2001 09:57,200107,Other UK Airports,WICK,2194,1532,592,0,0,0,0,32,15,23,0,0,0
08/11/2001 09:57,200107,Channel Islands Airports,ALDERNEY,8061,8061,0,0,0,0,0,0,0,0,0,0,0
08/11/2001 09:57,200107,Channel Islands Airports,GUERNSEY,89759,83186,2863,732,333,1093,620,466,0,360,106,0,0
08/11/2001 09:57,200107,Channel Islands Airports,JERSEY,175501,151923,3118,2865,86,1405,532,11253,0,2492,244,1583,0
