rundate,report_period,rpt_apt_grp_name,rpt_apt_name,total_atms,atms_shd_uk,atms_shd_fe,atms_shd_fn,atms_cht_uk,atms_cht_fe,atms_cht_fn
28/02/2007 11:55,2006,London Area Airports,GATWICK,254414,154213,26541,28089,41905,1701,1965
28/02/2007 11:55,2006,London Area Airports,HEATHROW,470891,267352,109217,92421,397,1357,147
28/02/2007 11:55,2006,London Area Airports,LONDON CITY,66129,13998,42821,9122,8,156,24
28/02/2007 11:55,2006,London Area Airports,LUTON,78840,49191,21523,805,5309,1539,473
28/02/2007 11:55,2006,London Area Airports,SOUTHEND,562,62,22,5,421,51,1
28/02/2007 11:55,2006,London Area Airports,STANSTED,189995,41883,125706,9323,7592,3815,1676
28/02/2007 11:55,2006,Other UK Airports,ABERDEEN,97863,43757,6041,6126,41447,388,104
28/02/2007 11:55,2006,Other UK Airports,BARRA,1118,1118,0,0,0,0,0
28/02/2007 11:55,2006,Other UK Airports,BELFAST CITY,36862,33780,2952,0,112,13,5
28/02/2007 11:55,2006,Other UK Airports,BELFAST INTERNATIONAL,48212,37554,645,1134,5731,2617,531
28/02/2007 11:55,2006,Other UK Airports,BENBECULA,2771,2771,0,0,0,0,0
28/02/2007 11:55,2006,Other UK Airports,BIGGIN HILL,6,0,0,0,0,6,0
28/02/2007 11:55,2006,Other UK Airports,BIRMINGHAM,108658,61802,26084,6862,11515,2132,263
28/02/2007 11:55,2006,Other UK Airports,BLACKPOOL,12622,3770,3351,0,5450,51,0
28/02/2007 11:55,2006,Other UK Airports,BOURNEMOUTH,11889,5276,2723,263,2248,1353,26
28/02/2007 11:55,2006,Other UK Airports,BRISTOL,65825,47421,9369,651,6734,1252,398
28/02/2007 11:55,2006,Other UK Airports,CAMBRIDGE,121,66,0,0,4,51,0
28/02/2007 11:55,2006,Other UK Airports,CAMPBELTOWN,962,961,0,0,0,1,0
28/02/2007 11:55,2006,Other UK Airports,CARDIFF WALES,21872,11153,4654,159,4893,763,250
28/02/2007 11:55,2006,Other UK Airports,CITY OF DERRY (EGLINTON),4748,2150,2459,0,10,129,0
28/02/2007 11:55,2006,Other UK Airports,COVENTRY,8177,6033,0,0,1667,450,27
28/02/2007 11:55,2006,Other UK Airports,DONCASTER SHEFFIELD,7310,4568,928,218,1466,36,94
28/02/2007 11:55,2006,Other UK Airports,DUNDEE,2339,2290,0,0,7,40,2
28/02/2007 11:55,2006,Other UK Airports,DURHAM TEES VALLEY,12372,7758,2853,0,950,603,208
28/02/2007 11:55,2006,Other UK Airports,EDINBURGH,115846,90506,15057,2492,5134,2457,200
28/02/2007 11:55,2006,Other UK Airports,EXETER,15252,12805,7,46,1193,974,227
28/02/2007 11:55,2006,Other UK Airports,GLASGOW,96754,75660,6566,3870,8132,2061,465
28/02/2007 11:55,2006,Other UK Airports,GLOUCESTERSHIRE,4,0,0,0,0,4,0
28/02/2007 11:55,2006,Other UK Airports,HUMBERSIDE,13157,1994,2554,0,7444,863,302
28/02/2007 11:55,2006,Other UK Airports,INVERNESS,16575,15927,468,0,42,37,101
28/02/2007 11:55,2006,Other UK Airports,ISLAY,1307,1307,0,0,0,0,0
28/02/2007 11:55,2006,Other UK Airports,ISLE OF MAN,32048,15875,15354,0,452,365,2
28/02/2007 11:55,2006,Other UK Airports,ISLES OF SCILLY (ST.MARYS),11104,11033,0,0,71,0,0
28/02/2007 11:55,2006,Other UK Airports,ISLES OF SCILLY (TRESCO),2588,2588,0,0,0,0,0
28/02/2007 11:55,2006,Other UK Airports,KENT INTERNATIONAL,461,0,1,3,36,111,310
28/02/2007 11:55,2006,Other UK Airports,KIRKWALL,9935,9803,0,0,132,0,0
28/02/2007 11:55,2006,Other UK Airports,LANDS END (ST JUST),4430,4430,0,0,0,0,0
28/02/2007 11:55,2006,Other UK Airports,LEEDS BRADFORD,37251,30166,4421,0,1780,676,208
28/02/2007 11:55,2006,Other UK Airports,LERWICK (TINGWALL),1462,1422,0,0,40,0,0
28/02/2007 11:55,2006,Other UK Airports,LIVERPOOL,47792,21213,22462,376,1722,1774,245
28/02/2007 11:55,2006,Other UK Airports,LYDD,329,323,4,2,0,0,0
28/02/2007 11:55,2006,Other UK Airports,MANCHESTER,213026,103333,50205,17696,38099,2718,975
28/02/2007 11:55,2006,Other UK Airports,NEWCASTLE,58053,36562,10640,634,8678,884,655
28/02/2007 11:55,2006,Other UK Airports,NEWQUAY,9983,9033,932,0,4,0,14
28/02/2007 11:55,2006,Other UK Airports,NORWICH,21350,10640,2694,0,7394,570,52
28/02/2007 11:55,2006,Other UK Airports,NOTTINGHAM EAST MIDLANDS INT'L,56305,21467,10513,441,10704,11349,1831
28/02/2007 11:55,2006,Other UK Airports,PENZANCE HELIPORT,6300,6298,0,0,2,0,0
28/02/2007 11:55,2006,Other UK Airports,PLYMOUTH,4661,4661,0,0,0,0,0
28/02/2007 11:55,2006,Other UK Airports,PRESTWICK,19405,278,17365,234,44,1051,433
28/02/2007 11:55,2006,Other UK Airports,SCATSTA,11409,6,0,0,11403,0,0
28/02/2007 11:55,2006,Other UK Airports,SHOREHAM,1405,850,0,0,555,0,0
28/02/2007 11:55,2006,Other UK Airports,SOUTHAMPTON,46314,43893,2165,0,154,54,48
28/02/2007 11:55,2006,Other UK Airports,STORNOWAY,7168,7141,0,0,27,0,0
28/02/2007 11:55,2006,Other UK Airports,SUMBURGH,6604,5606,0,134,856,2,6
28/02/2007 11:55,2006,Other UK Airports,TIREE,601,601,0,0,0,0,0
28/02/2007 11:55,2006,Other UK Airports,WICK,2661,2409,0,0,246,6,0
28/02/2007 11:55,2006,Channel Islands Airports,ALDERNEY,9292,9292,0,0,0,0,0
28/02/2007 11:55,2006,Channel Islands Airports,GUERNSEY,34517,32003,2,0,1332,1165,15
28/02/2007 11:55,2006,Channel Islands Airports,JERSEY,37947,33740,1310,0,1826,999,72
