rundate,report_period,rpt_apt_grp_name,rpt_apt_name,mail_shd_pax_acf_fe,mail_shd_cgo_acf_fe,mail_cht_pax_acf_fe,mail_cht_cgo_acf_fe,mail_shd_pax_acf_fn,mail_shd_cgo_acf_fn,mail_cht_pax_acf_fn,mail_cht_cgo_acf_fn,mail_shd_pax_acf_uk,mail_shd_cgo_acf_uk,mail_cht_pax_acf_uk,mail_cht_cgo_acf_uk
28/02/2007 12:43,2006,London Area Airports,GATWICK,2192.348,0,1.522,0,3311.698,0.481,1.189,51.915,33.425,0,0,2426.433
28/02/2007 12:43,2006,London Area Airports,HEATHROW,17577.943,1.62,0.953,0.673,61681.378,247.006,0,0.193,7.321,0,0,0
28/02/2007 12:43,2006,London Area Airports,STANSTED,16.629,0,0,164.135,1.399,364.508,0,115.832,0.067,0,0,16355.891
28/02/2007 12:43,2006,Other UK Airports,ABERDEEN,0.155,0,0,0,0.633,0,18.44,3.876,7.016,0,0.004,601.582
28/02/2007 12:43,2006,Other UK Airports,BELFAST CITY,0,0,0,0,0,0,0,0,18.184,0,0,0.225
28/02/2007 12:43,2006,Other UK Airports,BELFAST INTERNATIONAL,0,0,0,0,0,0,0,0,0.164,0,0,11981.86
28/02/2007 12:43,2006,Other UK Airports,BENBECULA,0,0,0,0,0,0,0,0,1.953,0,0,0
28/02/2007 12:43,2006,Other UK Airports,BIRMINGHAM,36,0,0.221,0,0.597,0,0,0,0.513,0,0,0
28/02/2007 12:43,2006,Other UK Airports,BOURNEMOUTH,0,0,0,0,0,0,0,0,0.85,0,0,5495.076
28/02/2007 12:43,2006,Other UK Airports,BRISTOL,0.001,0,0,0,0,0,0,153.397,0,0,0,2634.145
28/02/2007 12:43,2006,Other UK Airports,CAMBRIDGE,0,0,0,1.05,0,0,0,0,0,0,0,0
28/02/2007 12:43,2006,Other UK Airports,COVENTRY,0,0,0,11.898,0,0,0,0,0,0,0,1934.739
28/02/2007 12:43,2006,Other UK Airports,DURHAM TEES VALLEY,0,0,0,3.215,0,0,0,0,0,0,0,0
28/02/2007 12:43,2006,Other UK Airports,EDINBURGH,0.074,14.515,0,1.834,0,11.722,0,0,0.371,0,0,14521.248
28/02/2007 12:43,2006,Other UK Airports,EXETER,0,0,0,0,0,0,0,0,0.115,0,0,5546.104
28/02/2007 12:43,2006,Other UK Airports,GLASGOW,0.816,0,0,0,4.293,0,0,0,74.127,0,0,1.515
28/02/2007 12:43,2006,Other UK Airports,INVERNESS,0,0,0,0,0,0,0,0,6.242,7.851,0,62.309
28/02/2007 12:43,2006,Other UK Airports,ISLAY,0,0,0,0,0,0,0,0,52.731,0,0,0
28/02/2007 12:43,2006,Other UK Airports,ISLE OF MAN,0.128,0,0,0,0,0,0,0,0.071,0,0,2296.233
28/02/2007 12:43,2006,Other UK Airports,ISLES OF SCILLY (ST.MARYS),0,0,0,0,0,0,0,0,161.851,26.3,0,0
28/02/2007 12:43,2006,Other UK Airports,ISLES OF SCILLY (TRESCO),0,0,0,0,0,0,0,0,61.12,0,0,0
28/02/2007 12:43,2006,Other UK Airports,KIRKWALL,0,0,0,0,0,0,0,0,27.081,0,0,0
28/02/2007 12:43,2006,Other UK Airports,LANDS END (ST JUST),0,0,0,0,0,0,0,0,58.364,32.971,0,0
28/02/2007 12:43,2006,Other UK Airports,LEEDS BRADFORD,0.175,0,0,0,0,0,0,0,5.867,0,0,0
28/02/2007 12:43,2006,Other UK Airports,LIVERPOOL,0,0,0,0,0,0,0,0,0.21,0,0,4133.15
28/02/2007 12:43,2006,Other UK Airports,MANCHESTER,143.023,0,1.14,0,972.6,11.194,1.981,0,179.331,0,0,0
28/02/2007 12:43,2006,Other UK Airports,NEWCASTLE,0.102,0,0,0,0.045,0,0,274.029,0.073,0,0,7610.379
28/02/2007 12:43,2006,Other UK Airports,NOTTINGHAM EAST MIDLANDS INT'L,0,0,0,11.795,0,0,0,0,0,3.65,0,25964.204
28/02/2007 12:43,2006,Other UK Airports,PENZANCE HELIPORT,0,0,0,0,0,0,0,0,132,0,0,0
28/02/2007 12:43,2006,Other UK Airports,PRESTWICK,0,8.66,0,0,0,0,0,0,0,0,0,0
28/02/2007 12:43,2006,Other UK Airports,SCATSTA,0,0,0,0,0,0,0.248,0,0,0,0.979,0.051
28/02/2007 12:43,2006,Other UK Airports,STORNOWAY,0,0,0,0,0,0,0,0,2.211,0,0,0
28/02/2007 12:43,2006,Other UK Airports,SUMBURGH,0,0,0,0,0,0,0,0,3.1,0,0,0
28/02/2007 12:43,2006,Other UK Airports,TIREE,0,0,0,0,0,0,0,0,34.281,0,0,0
28/02/2007 12:43,2006,Channel Islands Airports,ALDERNEY,0,0,0,0,0,0,0,0,153.756,0,0,0
28/02/2007 12:43,2006,Channel Islands Airports,GUERNSEY,0.013,0,0,0,0,0,0,0,234.819,0,0,2482.684
28/02/2007 12:43,2006,Channel Islands Airports,JERSEY,0,0,0,0,0,0,0,0,110.604,4.103,0,1213.717
