rundate,report_period,rpt_apt_grp_name,rpt_apt_name,total_atms,atms_shd_uk,atms_shd_fe,atms_shd_fn,atms_cht_uk,atms_cht_fe,atms_cht_fn
14/03/06 12:33,2005,London Area Airports,GATWICK,251953,150361,26852,26583,43581,2147,2429
14/03/06 12:33,2005,London Area Airports,HEATHROW,472041,266746,112761,90796,404,1235,99
14/03/06 12:33,2005,London Area Airports,LONDON CITY,60693,12888,39599,8089,23,85,9
14/03/06 12:33,2005,London Area Airports,LUTON,75424,48682,19858,1105,4198,914,667
14/03/06 12:33,2005,London Area Airports,SOUTHEND,118,63,21,1,7,26,0
14/03/06 12:33,2005,London Area Airports,STANSTED,178012,44094,113650,8150,7482,3619,1017
14/03/06 12:33,2005,Other UK Airports,ABERDEEN,89480,40750,5581,5300,37479,302,68
14/03/06 12:33,2005,Other UK Airports,BARRA,1089,1089,0,0,0,0,0
14/03/06 12:33,2005,Other UK Airports,BELFAST CITY,37298,34455,2747,0,86,10,0
14/03/06 12:33,2005,Other UK Airports,BELFAST INTERNATIONAL,47695,37590,169,552,6472,2534,378
14/03/06 12:33,2005,Other UK Airports,BENBECULA,2694,2692,0,0,2,0,0
14/03/06 12:33,2005,Other UK Airports,BIGGIN HILL,27,8,16,0,1,2,0
14/03/06 12:33,2005,Other UK Airports,BIRMINGHAM,112963,64168,28042,6537,12237,1726,253
14/03/06 12:33,2005,Other UK Airports,BLACKPOOL,12652,2693,3130,202,6558,60,9
14/03/06 12:33,2005,Other UK Airports,BOURNEMOUTH,11598,5878,2208,32,2307,1165,8
14/03/06 12:33,2005,Other UK Airports,BRISTOL,61311,45125,7605,418,6787,947,429
14/03/06 12:33,2005,Other UK Airports,CAMBRIDGE,80,0,0,0,14,66,0
14/03/06 12:33,2005,Other UK Airports,CAMPBELTOWN,987,987,0,0,0,0,0
14/03/06 12:33,2005,Other UK Airports,CARDIFF WALES,20553,12369,3382,135,3398,992,277
14/03/06 12:33,2005,Other UK Airports,CITY OF DERRY (EGLINTON),4146,2415,1567,0,9,151,4
14/03/06 12:33,2005,Other UK Airports,COVENTRY,9729,7856,165,0,1632,62,14
14/03/06 12:33,2005,Other UK Airports,DONCASTER SHEFFIELD,5271,3835,492,26,825,10,83
14/03/06 12:33,2005,Other UK Airports,DUNDEE,2356,2301,0,0,3,49,3
14/03/06 12:33,2005,Other UK Airports,DURHAM TEES VALLEY,11635,6712,3327,0,866,635,95
14/03/06 12:33,2005,Other UK Airports,EDINBURGH,115959,91284,14805,976,5284,2610,1000
14/03/06 12:33,2005,Other UK Airports,EXETER,11732,9375,4,54,1149,925,225
14/03/06 12:33,2005,Other UK Airports,GLASGOW,96555,74048,7699,3757,8805,1619,627
14/03/06 12:33,2005,Other UK Airports,HAWARDEN,1512,0,0,0,1392,120,0
14/03/06 12:33,2005,Other UK Airports,HUMBERSIDE,11265,2008,2138,0,5994,817,308
14/03/06 12:33,2005,Other UK Airports,INVERNESS,16359,16293,0,0,16,28,22
14/03/06 12:33,2005,Other UK Airports,ISLAY,1122,1121,0,0,1,0,0
14/03/06 12:33,2005,Other UK Airports,ISLE OF MAN,32455,15538,15565,0,1317,31,4
14/03/06 12:33,2005,Other UK Airports,ISLES OF SCILLY (ST.MARYS),11359,11274,0,0,85,0,0
14/03/06 12:33,2005,Other UK Airports,ISLES OF SCILLY (TRESCO),2668,2668,0,0,0,0,0
14/03/06 12:33,2005,Other UK Airports,KENT INTERNATIONAL,4631,0,4377,0,23,24,207
14/03/06 12:33,2005,Other UK Airports,KIRKWALL,8966,8873,0,0,91,2,0
14/03/06 12:33,2005,Other UK Airports,LANDS END (ST JUST),4492,4492,0,0,0,0,0
14/03/06 12:33,2005,Other UK Airports,LEEDS BRADFORD,35949,29308,4115,0,1676,665,185
14/03/06 12:33,2005,Other UK Airports,LERWICK  (TINGWALL),1210,1210,0,0,0,0,0
14/03/06 12:33,2005,Other UK Airports,LIVERPOOL,49341,25320,18075,386,3563,1876,121
14/03/06 12:33,2005,Other UK Airports,LYDD,378,378,0,0,0,0,0
14/03/06 12:33,2005,Other UK Airports,MANCHESTER,217987,107267,50119,17128,38875,3469,1129
14/03/06 12:33,2005,Other UK Airports,NEWCASTLE,55494,34363,11290,647,7331,1323,540
14/03/06 12:33,2005,Other UK Airports,NEWQUAY,8390,7165,1219,0,2,4,0
14/03/06 12:33,2005,Other UK Airports,NORWICH,17255,8507,2734,0,5295,661,58
14/03/06 12:33,2005,Other UK Airports,NOTTINGHAM EAST MIDLANDS INT'L,53811,22979,6125,1179,10244,11234,2050
14/03/06 12:33,2005,Other UK Airports,PENZANCE HELIPORT,6521,6520,0,0,1,0,0
14/03/06 12:33,2005,Other UK Airports,PLYMOUTH,6152,6152,0,0,0,0,0
14/03/06 12:33,2005,Other UK Airports,PRESTWICK,20512,1230,17583,386,115,945,253
14/03/06 12:33,2005,Other UK Airports,SCATSTA,10408,0,0,0,10408,0,0
14/03/06 12:33,2005,Other UK Airports,SHOREHAM,2017,1237,0,0,780,0,0
14/03/06 12:33,2005,Other UK Airports,SOUTHAMPTON,43829,39426,3963,0,77,348,15
14/03/06 12:33,2005,Other UK Airports,STORNOWAY,6242,6235,0,0,5,2,0
14/03/06 12:33,2005,Other UK Airports,SUMBURGH,5706,4997,0,26,671,10,2
14/03/06 12:33,2005,Other UK Airports,TIREE,605,605,0,0,0,0,0
14/03/06 12:33,2005,Other UK Airports,WICK,2732,2475,0,0,248,4,5
14/03/06 12:33,2005,Channel Islands Airports,ALDERNEY,9425,9425,0,0,0,0,0
14/03/06 12:33,2005,Channel Islands Airports,GUERNSEY,33802,31746,0,0,888,1151,17
14/03/06 12:33,2005,Channel Islands Airports,JERSEY,38346,33821,2313,0,1409,754,49
