rundate,report_period,rpt_apt_grp_name,rpt_apt_name,mail_shd_pax_acf_fe,mail_shd_cgo_acf_fe,mail_cht_pax_acf_fe,mail_cht_cgo_acf_fe,mail_shd_pax_acf_fn,mail_shd_cgo_acf_fn,mail_cht_pax_acf_fn,mail_cht_cgo_acf_fn,mail_shd_pax_acf_uk,mail_shd_cgo_acf_uk,mail_cht_pax_acf_uk,mail_cht_cgo_acf_uk
14/03/06 12:58,2005,London Area Airports,GATWICK,2241.345,0,6.737,0.011,3218.274,0,7.342,0,163.995,87.697,1.413,3579.317
14/03/06 12:58,2005,London Area Airports,HEATHROW,22543.637,1.705,0,0,60155.287,293.266,0,4.587,613.579,0.382,0,0
14/03/06 12:58,2005,London Area Airports,STANSTED,123.785,57.563,0.647,31.734,0.717,117.576,0.03,47.312,0.003,175.58,0,17211.76
14/03/06 12:58,2005,Other UK Airports,ABERDEEN,0.001,0,0,0.586,0.101,0,0.057,4.896,6.858,55.839,0,777.856
14/03/06 12:58,2005,Other UK Airports,BARRA,0,0,0,0,0,0,0,0,31.152,0,0,0
14/03/06 12:58,2005,Other UK Airports,BELFAST CITY,0,0,0,0,0,0,0,0,3.858,0,0,0
14/03/06 12:58,2005,Other UK Airports,BELFAST INTERNATIONAL,0,0,0,0,0.001,0,0,0,0,0,0,13450.832
14/03/06 12:58,2005,Other UK Airports,BENBECULA,0,0,0,0,0,0,0,0,39.129,24.757,0,0
14/03/06 12:58,2005,Other UK Airports,BIRMINGHAM,225.891,0,0,0,0.003,0,0.005,0,30.29,0,0,0
14/03/06 12:58,2005,Other UK Airports,BOURNEMOUTH,2.841,0,0,0,0,0,0,0,600.868,59.119,0,4535.76
14/03/06 12:58,2005,Other UK Airports,BRISTOL,0,3.6,0,4.25,0,0,0,0,0,1047.471,0,3875.352
14/03/06 12:58,2005,Other UK Airports,COVENTRY,0,0,0,0,0,0,0,0,0,0,0,1692.997
14/03/06 12:58,2005,Other UK Airports,EDINBURGH,0.197,0,0,218.082,0,0,0,9.476,0.041,7.24,0,24463.837
14/03/06 12:58,2005,Other UK Airports,EXETER,0.009,0,0,0,0,0,0,0,0.401,0,0,5294.888
14/03/06 12:58,2005,Other UK Airports,GLASGOW,53.494,0,0,13.523,51.907,0,0,0,163.041,0.158,0,20.891
14/03/06 12:58,2005,Other UK Airports,INVERNESS,0,0,0,0,0,0,0,0,0.002,4.647,0,0
14/03/06 12:58,2005,Other UK Airports,ISLAY,0,0,0,0,0,0,0,0,49.283,0,0,0
14/03/06 12:58,2005,Other UK Airports,ISLE OF MAN,0,0,0,0,0,0,0,0,0.029,0,0,2498.703
14/03/06 12:58,2005,Other UK Airports,ISLES OF SCILLY (ST.MARYS),0,0,0,0,0,0,0,0,155.9,31.6,0,0
14/03/06 12:58,2005,Other UK Airports,ISLES OF SCILLY (TRESCO),0,0,0,0,0,0,0,0,10.43,0,0,0
14/03/06 12:58,2005,Other UK Airports,KIRKWALL,0,0,0,0,0,0,0,0,30.321,0.874,0,0
14/03/06 12:58,2005,Other UK Airports,LANDS END (ST JUST),0,0,0,0,0,0,0,0,235.4,31.8,0,0
14/03/06 12:58,2005,Other UK Airports,LEEDS BRADFORD,0.013,0,0,0,0,0,0,0,4.671,0,0,0
14/03/06 12:58,2005,Other UK Airports,LIVERPOOL,0,0,0,4.225,0,0,0,0,0,0,0,6267.98
14/03/06 12:58,2005,Other UK Airports,MANCHESTER,758.06,0,1.825,0,1490.9,11.192,2.707,0,218.527,0,0,0
14/03/06 12:58,2005,Other UK Airports,NEWCASTLE,0.004,0,4.43,15,0.017,0,0,0,0.168,1031.844,0,6768.152
14/03/06 12:58,2005,Other UK Airports,NOTTINGHAM EAST MIDLANDS INT'L,10.98,0,0,16.188,0,0,0,0,0.03,0,0,25552.433
14/03/06 12:58,2005,Other UK Airports,PENZANCE HELIPORT,0,0,0,0,0,0,0,0,121,0,0,0
14/03/06 12:58,2005,Other UK Airports,PRESTWICK,0,0,0,0,0,31.77,0,0,0,0,0,0
14/03/06 12:58,2005,Other UK Airports,SCATSTA,0,0,0,0,0,0,20.035,0,0,0,8.064,0
14/03/06 12:58,2005,Other UK Airports,STORNOWAY,0,0,0,0,0,0,0,0,33.207,3.91,0,0
14/03/06 12:58,2005,Other UK Airports,SUMBURGH,0,0,0,0,0,0,0,0,3.28,0,0,0
14/03/06 12:58,2005,Other UK Airports,TIREE,0,0,0,0,0,0,0,0,33.519,0.378,0,0
14/03/06 12:58,2005,Channel Islands Airports,ALDERNEY,0.04,0,0,0,0,0,0,0,161.902,0,0,0
14/03/06 12:58,2005,Channel Islands Airports,GUERNSEY,0,0,0,0,0,0,0,0,250.585,8.48,0,2347.327
14/03/06 12:58,2005,Channel Islands Airports,JERSEY,0,0,0,0,0,0,0,0,171.618,104.131,0,163.146
