rundate,this_period,last_period,reporting_airport_group_name,reporting_airport_name,total_mail_passenger_aircraft_this_period,total_mail_passenger_aircraft_last_period,total_mail_passenger_aircraft_percent_change,total_mail_cargo_aircraft_this_period,total_mail_cargo_aircraft_last_period,total_mail_cargo_aircraft_percent_change,total_mail_this_period,total_mail_last_period,total_mail_percent_change
15/01/2002 11:13,200110,200010,London Area Airports,GATWICK,524.766,891.294,-41,395.962,371.163,7,920.728,1262.457,-27
15/01/2002 11:13,200110,200010,London Area Airports,HEATHROW,6182.277,7504.767,-18,475.552,396.965,20,6657.829,7901.732,-16
15/01/2002 11:13,200110,200010,London Area Airports,STANSTED,0,0,,1283.82,1176.557,9,1283.82,1176.557,9
15/01/2002 11:13,200110,200010,Other UK Airports,ABERDEEN,2.779,3.262,0,55.588,61.163,-8,58.367,64.425,-9
15/01/2002 11:13,200110,200010,Other UK Airports,BARRA,4.058,3.542,0,0,0,,4.058,3.542,0
15/01/2002 11:13,200110,200010,Other UK Airports,BELFAST CITY,3.444,12.792,-77,0,0,,3.444,12.792,-77
15/01/2002 11:13,200110,200010,Other UK Airports,BELFAST INTERNATIONAL,21.652,53.35,-58,1157.946,1032.421,12,1179.598,1085.771,9
15/01/2002 11:13,200110,200010,Other UK Airports,BENBECULA,3.088,3.533,-25,0,0,,3.088,3.533,-25
15/01/2002 11:13,200110,200010,Other UK Airports,BIGGIN HILL,0,0,,20.394,19.181,5,20.394,19.181,5
15/01/2002 11:13,200110,200010,Other UK Airports,BIRMINGHAM,83.072,141.886,-42,3.01,0,,86.082,141.886,-39
15/01/2002 11:13,200110,200010,Other UK Airports,BOURNEMOUTH,4.081,0,,435.485,397.374,10,439.566,397.374,11
15/01/2002 11:13,200110,200010,Other UK Airports,BRISTOL,0,0.028,,444.169,431.314,3,444.169,431.342,3
15/01/2002 11:13,200110,200010,Other UK Airports,CARDIFF WALES,0,0,,0,113.587,,0,113.587,
15/01/2002 11:13,200110,200010,Other UK Airports,CARLISLE,0,0,,0,16,,0,16,
15/01/2002 11:13,200110,200010,Other UK Airports,COVENTRY,0,0,,794.645,658.263,21,794.645,658.263,21
15/01/2002 11:13,200110,200010,Other UK Airports,EAST MIDLANDS,1.086,0.872,0,832.497,743.18,12,833.583,744.052,12
15/01/2002 11:13,200110,200010,Other UK Airports,EDINBURGH,12.029,48.362,-75,3524.815,3046.646,16,3536.844,3095.008,14
15/01/2002 11:13,200110,200010,Other UK Airports,EXETER,0,0,,92.307,118.181,-22,92.307,118.181,-22
15/01/2002 11:13,200110,200010,Other UK Airports,GLASGOW,77.949,163.539,-52,0,0,,77.949,163.539,-52
15/01/2002 11:13,200110,200010,Other UK Airports,INVERNESS,7.268,6.957,0,0,0,,7.268,6.957,0
15/01/2002 11:13,200110,200010,Other UK Airports,ISLAY,4.207,3.898,0,0,0,,4.207,3.898,0
15/01/2002 11:13,200110,200010,Other UK Airports,ISLE OF MAN,0.003,0.223,,244.283,216.695,12,244.286,216.918,12
15/01/2002 11:13,200110,200010,Other UK Airports,ISLES OF SCILLY (ST.MARYS),10,12,-17,6,6,0,16,18,-11
15/01/2002 11:13,200110,200010,Other UK Airports,ISLES OF SCILLY (TRESCO),0.43,0.7,,0,0,,0.43,0.7,
15/01/2002 11:13,200110,200010,Other UK Airports,KIRKWALL,2.603,3.087,0,0.165,0,,2.768,3.087,0
15/01/2002 11:13,200110,200010,Other UK Airports,LIVERPOOL,0,0,,1211.828,1075.605,13,1211.828,1075.605,13
15/01/2002 11:13,200110,200010,Other UK Airports,MANCHESTER,324.369,299.792,8,0,0,,324.369,299.792,8
15/01/2002 11:13,200110,200010,Other UK Airports,NEWCASTLE,2.163,2.234,0,196.766,239.286,-18,198.929,241.52,-18
15/01/2002 11:13,200110,200010,Other UK Airports,NORWICH,0,4.5,,0,0,,0,4.5,
15/01/2002 11:13,200110,200010,Other UK Airports,PENZANCE HELIPORT,9,10,-10,0,0,,9,10,-10
15/01/2002 11:13,200110,200010,Other UK Airports,PLYMOUTH,0,0,,0,23,,0,23,
15/01/2002 11:13,200110,200010,Other UK Airports,STORNOWAY,3.307,3.445,0,0,0,,3.307,3.445,0
15/01/2002 11:13,200110,200010,Other UK Airports,SUMBURGH,0.196,0.595,,0,0,,0.196,0.595,
15/01/2002 11:13,200110,200010,Other UK Airports,TIREE,2.63,2.313,50,0.009,0,,2.639,2.313,50
15/01/2002 11:13,200110,200010,Channel Islands Airports,ALDERNEY,12.711,14.99,-13,1.262,0,,13.973,14.99,-7
15/01/2002 11:13,200110,200010,Channel Islands Airports,GUERNSEY,24.123,52.53,-55,195.201,182.648,7,219.324,235.178,-7
15/01/2002 11:13,200110,200010,Channel Islands Airports,JERSEY,39.308,44.781,-13,0,0,,39.308,44.781,-13
