rundate,report_period,reporting_reporting_grp_name,reporting_reporting_name,mail_scheduled_passenger_aircraft_foreign_EU,mail_scheduled_cargo_aircraft_foreign_EU,mail_charter_passenger_aircraft_foreign_EU,mail_charter_cargo_aircraft_foreign_EU,mail_scheduled_passenger_aircraft_foreign_non_EU,mail_scheduled_cargo_aircraft_foreign_non_EU,mail_charter_passenger_aircraft_foreign_non_EU,mail_charter_cargo_aircraft_foreign_non_EU,mail_scheduled_passenger_aircraft_uk,mail_scheduled_cargo_aircraft_uk,mail_charter_passenger_aircraft_uk,mail_charter_cargo_aircraft_uk
15/01/2002 11:12,200110,London Area Airports,GATWICK,113.586,0,0.331,0,363.635,0,0,0,47.214,0,0,395.962
15/01/2002 11:12,200110,London Area Airports,HEATHROW,1739.997,0,0,0,4388.04,31.228,0,0,54.24,444.324,0,0
15/01/2002 11:12,200110,London Area Airports,STANSTED,0,0,0,39.921,0,0,0,0,0,11.892,0,1232.007
15/01/2002 11:12,200110,Other UK Airports,ABERDEEN,0,0,0,0,0,0,0,1.9,2.779,0,0,53.688
15/01/2002 11:12,200110,Other UK Airports,BARRA,0,0,0,0,0,0,0,0,4.058,0,0,0
15/01/2002 11:12,200110,Other UK Airports,BELFAST CITY,0,0,0,0,0,0,0,0,3.444,0,0,0
15/01/2002 11:12,200110,Other UK Airports,BELFAST INTERNATIONAL,0,0,0,0,0,0,0,0,21.652,0,0,1157.946
15/01/2002 11:12,200110,Other UK Airports,BENBECULA,0,0,0,0,0,0,0,0,3.088,0,0,0
15/01/2002 11:12,200110,Other UK Airports,BIGGIN HILL,0,0,0,0,0,0,0,0,0,0,0,20.394
15/01/2002 11:12,200110,Other UK Airports,BIRMINGHAM,48.793,0,0.325,3.01,1.44,0,0,0,32.514,0,0,0
15/01/2002 11:12,200110,Other UK Airports,BOURNEMOUTH,0,0,0,0,0,0,0,0,4.081,0,0,435.485
15/01/2002 11:12,200110,Other UK Airports,BRISTOL,0,0,0,0,0,0,0,0,0,61.494,0,382.675
15/01/2002 11:12,200110,Other UK Airports,COVENTRY,0,0,0,8.685,0,0,0,0,0,0,0,785.96
15/01/2002 11:12,200110,Other UK Airports,EAST MIDLANDS,0,0,0,0,0,0,0,0,1.086,0,0,832.497
15/01/2002 11:12,200110,Other UK Airports,EDINBURGH,4.765,0,0,225.907,0,0,0,217.222,7.264,432.072,0,2649.614
15/01/2002 11:12,200110,Other UK Airports,EXETER,0,0,0,0,0,0,0,0,0,0,0,92.307
15/01/2002 11:12,200110,Other UK Airports,GLASGOW,38.681,0,0,0,2.376,0,0,0,36.892,0,0,0
15/01/2002 11:12,200110,Other UK Airports,INVERNESS,0,0,0,0,0,0,0,0,7.268,0,0,0
15/01/2002 11:12,200110,Other UK Airports,ISLAY,0,0,0,0,0,0,0,0,4.207,0,0,0
15/01/2002 11:12,200110,Other UK Airports,ISLE OF MAN,0,0,0,0,0,0,0,0,0.003,0,0,244.283
15/01/2002 11:12,200110,Other UK Airports,ISLES OF SCILLY (ST.MARYS),0,0,0,0,0,0,0,0,10,6,0,0
15/01/2002 11:12,200110,Other UK Airports,KIRKWALL,0,0,0,0,0,0,0,0,2.603,0.165,0,0
15/01/2002 11:12,200110,Other UK Airports,LIVERPOOL,0,0,0,0,0,0,0,0,0,0,0,1211.828
15/01/2002 11:12,200110,Other UK Airports,MANCHESTER,223.929,0,0.799,0,85.15,0,0.074,0,14.417,0,0,0
15/01/2002 11:12,200110,Other UK Airports,NEWCASTLE,0,0,0,0,0,0,0,0,2.163,0,0,196.766
15/01/2002 11:12,200110,Other UK Airports,PENZANCE HELIPORT,0,0,0,0,0,0,0,0,9,0,0,0
15/01/2002 11:12,200110,Other UK Airports,STORNOWAY,0,0,0,0,0,0,0,0,3.307,0,0,0
15/01/2002 11:12,200110,Other UK Airports,TIREE,0,0,0,0,0,0,0,0,2.63,0.009,0,0
15/01/2002 11:12,200110,Channel Islands Airports,ALDERNEY,0,0,0,0,0,0,0,0,12.711,1.262,0,0
15/01/2002 11:12,200110,Channel Islands Airports,GUERNSEY,0.007,0,0,0,0,0,0,0,24.116,2.311,0,192.89
15/01/2002 11:12,200110,Channel Islands Airports,JERSEY,0,0,0,0,0,0,0,0,39.308,0,0,0
