rundate,report_period,reporting_airport_group_name,reporting_airport_name,freight_scheduled_passenger_aircraft_foreign_eu,freight_scheduled_cargo_aircraft_foreign_eu,freight_charter_passenger_aircraft_foreign_eu,freight_charter_cargo_aircraft_foreign_eu,freight_scheduled_passenger_aircraft_foreign_non_eu,freight_scheduled_cargo_aircraft_foreign_non_eu,freight_charter_passenger_aircraft_foreign_non_eu,freight_charter_cargo_aircraft_foreign_non_eu,freight_scheduled_passenger_aircraft_uk,freight_scheduled_cargo_aircraft_uk,freight_charter_passenger_aircraft_uk,freight_charter_cargo_aircraft_uk
15/01/2002 11:08,200110,London Area Airports,GATWICK,549.191,0,209.642,9.159,17269.307,3.948,927.118,3336.875,164.571,0,0,21.729
15/01/2002 11:08,200110,London Area Airports,HEATHROW,9100.24,359.807,0,1128.511,78232.022,7667.049,0,672.698,489.634,0,0,0
15/01/2002 11:08,200110,London Area Airports,LUTON,12.88,142.514,10.357,1345.71,0.179,0,12.016,549.128,0.64,9.181,0,0.5
15/01/2002 11:08,200110,London Area Airports,SOUTHEND,0,0,0,26.467,0,0,0,0,0,0,0,8.018
15/01/2002 11:08,200110,London Area Airports,STANSTED,120.212,1482.16,0.185,3084.496,4.03,9396.327,0.755,275.217,34.386,0,0,356.009
15/01/2002 11:08,200110,Other UK Airports,ABERDEEN,9.824,0,1.316,0,81.769,0,48.412,12.443,40.038,0,48.176,98.769
15/01/2002 11:08,200110,Other UK Airports,BARRA,0,0,0,0,0,0,0,0,3.543,0,0,0
15/01/2002 11:08,200110,Other UK Airports,BELFAST CITY,0,0,0,0,0,0,0,0,35.047,0,0,0
15/01/2002 11:08,200110,Other UK Airports,BELFAST INTERNATIONAL,3.056,0,0.641,0,30.644,0,13.308,52.3,220.867,0,0,2598.116
15/01/2002 11:08,200110,Other UK Airports,BENBECULA,0,0,0,0,0,0,0,0,17.713,0.008,0,0
15/01/2002 11:08,200110,Other UK Airports,BIRMINGHAM,173.785,0,5.258,63.45,667.848,0,27.85,0,59.626,0,0.48,0
15/01/2002 11:08,200110,Other UK Airports,BLACKPOOL,0,0,0,0,0,0,5.992,0,0,0,0,0
15/01/2002 11:08,200110,Other UK Airports,BOURNEMOUTH,3.2,0,0,2,0,0,0,0,198.184,0,0,301.411
15/01/2002 11:08,200110,Other UK Airports,CAMBRIDGE,0,0,30.75,0,0,0,0,0,0,0,0,0
15/01/2002 11:08,200110,Other UK Airports,CARDIFF WALES,0.009,0,4.881,136.041,0,0,2.82,3,0.049,0,0,5.88
15/01/2002 11:08,200110,Other UK Airports,CARLISLE,0,0,0,0,0,0,0,0,0,0,0,10
15/01/2002 11:08,200110,Other UK Airports,COVENTRY,0,0,0,487.169,0,0,0,31.848,0,0,0,213.758
15/01/2002 11:08,200110,Other UK Airports,EAST MIDLANDS,0.882,2089.723,0.072,10082.032,0,3486.417,0,76.775,3.265,0,0,3104.411
15/01/2002 11:08,200110,Other UK Airports,EDINBURGH,10.291,0,0,373.156,0.046,0,0,345.14,92.564,0,0,638.823
15/01/2002 11:08,200110,Other UK Airports,GLASGOW,32.182,0,3.492,0,218.005,0,58.271,0,113.408,0,0,13.281
15/01/2002 11:08,200110,Other UK Airports,HUMBERSIDE,0.217,0,0,3.32,0,0,9.103,0.978,0,0,0,0
15/01/2002 11:08,200110,Other UK Airports,INVERNESS,0,0,0,0,0,0,0,0,46.763,14.6,0,0
15/01/2002 11:08,200110,Other UK Airports,ISLAY,0,0,0,0,0,0,0,0,15.909,0,0,0
15/01/2002 11:08,200110,Other UK Airports,ISLE OF MAN,0.321,0,0,0,0,0,0,0,30.098,0,0,137.245
15/01/2002 11:08,200110,Other UK Airports,ISLES OF SCILLY (ST.MARYS),0,0,0,0,0,0,0,0,12,12,0,0
15/01/2002 11:08,200110,Other UK Airports,ISLES OF SCILLY (TRESCO),0,0,0,0,0,0,0,0,2.5,0,0,0
15/01/2002 11:08,200110,Other UK Airports,KENT INTERNATIONAL,0,0,0,605.599,0,0,0,3023.268,0,0,0,39.814
15/01/2002 11:08,200110,Other UK Airports,KIRKWALL,0,0,0,0,0,0,0,0,8.146,1.39,0,1.2
15/01/2002 11:08,200110,Other UK Airports,LEEDS BRADFORD,0.788,0,0.3,7.2,0,0,0,0,9.226,0,0,0
15/01/2002 11:08,200110,Other UK Airports,LIVERPOOL,0,0,0,1124.629,0,0,0,0,5.469,0,0,682.911
15/01/2002 11:08,200110,Other UK Airports,MANCHESTER,480.85,87.186,72.925,0,4836.834,3981.815,590.773,0,58.966,0,0,0
15/01/2002 11:08,200110,Other UK Airports,NEWCASTLE,0.688,0,0.782,63.137,3.838,0,17.946,0,4.764,0,0,1.12
15/01/2002 11:08,200110,Other UK Airports,NORWICH,4.453,0,0,0,0,0,3.709,0.491,0.003,0,0,0
15/01/2002 11:08,200110,Other UK Airports,PENZANCE HELIPORT,0,0,0,0,0,0,0,0,14,0,0,0
15/01/2002 11:08,200110,Other UK Airports,PLYMOUTH,2.25,0,0,0,0,0,0,0,1.5,0,0,0
15/01/2002 11:08,200110,Other UK Airports,PRESTWICK,0,939.554,0,0,0,2779.962,0,32.4,0,0,0,0
15/01/2002 11:08,200110,Other UK Airports,SCATSTA,0,0,0,0,0,0,15.061,0.284,0,0,47.794,0.303
15/01/2002 11:08,200110,Other UK Airports,SOUTHAMPTON,0,0,0,0,0,0,0,0,30.499,0,0,0
15/01/2002 11:08,200110,Other UK Airports,STORNOWAY,0,0,0,0,0,0,0,0,52.903,11.55,0,0
15/01/2002 11:08,200110,Other UK Airports,SUMBURGH,0,0,0,0,0,0,0.034,0,5.096,0,1.016,9.2
15/01/2002 11:08,200110,Other UK Airports,TEESSIDE,0,0,0,98.837,0,0,0,19.148,0.47,0,0,6.982
15/01/2002 11:08,200110,Other UK Airports,TIREE,0,0,0,0,0,0,0,0,2.129,0,0,0
15/01/2002 11:08,200110,Channel Islands Airports,ALDERNEY,0,0,0,0,0,0,0,0,31.047,2.344,0,0
15/01/2002 11:08,200110,Channel Islands Airports,GUERNSEY,3.727,0.019,0,0,0.265,0,0,0,147.439,92.933,0,162.85
15/01/2002 11:08,200110,Channel Islands Airports,JERSEY,0.389,0,0,0,0.354,0,0,0,186.292,94.683,0,235.553
