"Size of UK Airports November 2000 - October 2001
Comparison with previous year",,,,,Table 1
,,,,,
,,,,,
,<--------- 2001 --------->,,,<--------- 2000 --------->,
,"Terminal
passengers
(000)","Percentage of
passengers at
all UK airports",,"Terminal
passengers
(000)","Percentage of
passengers at
all UK airports"
,,,,,
HEATHROW, 61 441,  33.8,, 63 845,  36.0
GATWICK, 30 490,  16.8,, 31 629,  17.8
MANCHESTER, 19 306,  10.6,, 18 061,  10.2
STANSTED, 13 536,  7.5,, 11 468,  6.5
BIRMINGHAM, 7 765,  4.3,, 7 405,  4.2
GLASGOW, 7 203,  4.0,, 6 824,  3.8
LUTON, 6 501,  3.6,, 6 030,  3.4
EDINBURGH, 5 967,  3.3,, 5 378,  3.0
BELFAST INTERNATIONAL, 3 578,  2.0,, 3 102,  1.7
NEWCASTLE, 3 448,  1.9,, 3 058,  1.7
BRISTOL, 2 570,  1.4,, 2 105,  1.2
ABERDEEN, 2 549,  1.4,, 2 348,  1.3
EAST MIDLANDS, 2 378,  1.3,, 2 217,  1.2
LIVERPOOL, 2 213,  1.2,, 1 922,  1.1
LONDON CITY, 1 650,  0.9,, 1 520,  0.9
LEEDS BRADFORD, 1 583,  0.9,, 1 535,  0.9
CARDIFF WALES, 1 538,  0.8,, 1 477,  0.8
PRESTWICK, 1 205,  0.7,,  857,  0.5
BELFAST CITY, 1 118,  0.6,, 1 282,  0.7
SOUTHAMPTON,  865,  0.5,,  826,  0.5
TEESSIDE,  750,  0.4,,  734,  0.4
ISLE OF MAN,  696,  0.4,,  687,  0.4
HUMBERSIDE,  438,  0.2,,  434,  0.2
NORWICH,  390,  0.2,,  350,  0.2
INVERNESS,  339,  0.2,,  333,  0.2
EXETER,  337,  0.2,,  306,  0.2
BOURNEMOUTH,  264,  0.1,,  273,  0.2
SCATSTA,  254,  0.1,,  208,  0.1
LONDONDERRY,  189,  0.1,,  160,  0.1
ISLES OF SCILLY (ST.MARYS),  131,  0.1,,  129,  0.1
SUMBURGH,  129,  0.1,,  125,  0.1
PENZANCE HELIPORT,  128,  0.1,,  127,  0.1
PLYMOUTH,  125,  0.1,,  112,  0.1
STORNOWAY,  88,-,,  86,-
KIRKWALL,  86,-,,  80,-
BLACKPOOL,  86,-,,  101,  0.1
DUNDEE,  51,-,,  48,-
ISLES OF SCILLY (TRESCO),  37,-,,  37,-
SHEFFIELD CITY,  35,-,,  59,-
BENBECULA,  35,-,,  33,-
ISLAY,  20,-,,  20,-
CAMBRIDGE,  19,-,,  19,-
WICK,  19,-,,  18,-
BARRA,  9,-,,  7,-
CAMPBELTOWN,  8,-,,  8,-
KENT INTERNATIONAL,  6,-,,  6,-
BATTERSEA HELIPORT,  5,-,,  6,-
TIREE,  5,-,,  5,-
BIGGIN HILL,  5,-,,  2,-
SOUTHEND,  4,-,,  3,-
HAWARDEN,  3,-,,  2,-
LERWICK  (TINGWALL),  2,-,,  3,-
COVENTRY,  2,-,,  2,-
SHOREHAM,  1,-,,  1,-
UNST,-,-,,  1,-
GLOUCESTERSHIRE,-,-,,  2,-
CARLISLE,-,-,,-,-
LYDD,-,-,,  2,-
BARROW-IN-FURNESS,-,-,,-,-
,,,,,
,,,,,
All UK Airports Total, 181 598,  100.0,, 177 421,  100.0
