rundate,this_period,last_period,group_name,airport_1_name,airport_2_name,total_pax_this_period,total_pax_scheduled_this_period,total_pax_charter_this_period,total_pax_last_period,total_pax_scheduled_last_period,total_pax_charter_last_period,total_pax_percent,charters_tm_only_small_acf,charters_lm_only_small_acf
12-Dec-2014 10:51,201410,201310,Other Reporting Airports      ,ABERDEEN                      ,BELFAST CITY (GEORGE BEST)    , 3282 , 3282 , 0 , 2745 , 2745 , 0 , 19.56284 ,N,N
12-Dec-2014 10:51,201410,201310,Other Reporting Airports      ,ABERDEEN                      ,BIRMINGHAM                    , 12605 , 12605 , 0 , 9510 , 9510 , 0 , 32.54469 ,N,N
12-Dec-2014 10:51,201410,201310,Other Reporting Airports      ,ABERDEEN                      ,BRISTOL                       , 3209 , 3209 , 0 , 3051 , 3051 , 0 , 5.17863 ,N,N
12-Dec-2014 10:51,201410,201310,Other Reporting Airports      ,ABERDEEN                      ,CARDIFF WALES                 , 1115 , 1115 , 0 , 1161 , 1161 , 0 ,-3.962102 ,N,N
12-Dec-2014 10:51,201410,201310,Other Reporting Airports      ,ABERDEEN                      ,DURHAM TEES VALLEY            , 3165 , 3165 , 0 , 2994 , 2994 , 0 , 5.711423 ,N,N
12-Dec-2014 10:51,201410,201310,Other Reporting Airports      ,ABERDEEN                      ,EAST MIDLANDS INTERNATIONAL   , 1530 , 1530 , 0 , 1604 , 1604 , 0 ,-4.613466 ,N,N
12-Dec-2014 10:51,201410,201310,Other Reporting Airports      ,ABERDEEN                      ,GATWICK                       , 14560 , 14560 , 0 , 15120 , 15120 , 0 ,-3.703704 ,N,N
12-Dec-2014 10:51,201410,201310,Other Reporting Airports      ,ABERDEEN                      ,HEATHROW                      , 75271 , 75271 , 0 , 68625 , 68625 , 0 , 9.684517 ,N,N
12-Dec-2014 10:51,201410,201310,Other Reporting Airports      ,ABERDEEN                      ,HUMBERSIDE                    , 3479 , 3479 , 0 , 3156 , 3156 , 0 , 10.23447 ,N,N
12-Dec-2014 10:51,201410,201310,Other Reporting Airports      ,ABERDEEN                      ,INVERNESS                     , 0 , 0 , 0 , 108 , 0 , 108 ,-100 ,N,N
12-Dec-2014 10:51,201410,201310,Other Reporting Airports      ,ABERDEEN                      ,JERSEY                        , 1018 , 1018 , 0 , 0 , 0 , 0 ,Null,N,N
12-Dec-2014 10:51,201410,201310,Other Reporting Airports      ,ABERDEEN                      ,KIRKWALL                      , 4290 , 4290 , 0 , 4425 , 4425 , 0 ,-3.050848 ,N,N
12-Dec-2014 10:51,201410,201310,Other Reporting Airports      ,ABERDEEN                      ,LEEDS BRADFORD                , 662 , 662 , 0 , 1422 , 1422 , 0 ,-53.44585 ,N,N
12-Dec-2014 10:51,201410,201310,Other Reporting Airports      ,ABERDEEN                      ,LONDON CITY                   , 6408 , 6408 , 0 , 6340 , 6340 , 0 , 1.072555 ,N,N
12-Dec-2014 10:51,201410,201310,Other Reporting Airports      ,ABERDEEN                      ,LUTON                         , 6490 , 6490 , 0 , 7588 , 7588 , 0 ,-14.47022 ,N,N
12-Dec-2014 10:51,201410,201310,Other Reporting Airports      ,ABERDEEN                      ,MANCHESTER                    , 22371 , 22171 , 200 , 18655 , 18471 , 184 , 19.91959 ,N,N
12-Dec-2014 10:51,201410,201310,Other Reporting Airports      ,ABERDEEN                      ,NEWCASTLE                     , 2791 , 2791 , 0 , 3209 , 3209 , 0 ,-13.02586 ,N,N
12-Dec-2014 10:51,201410,201310,Other Reporting Airports      ,ABERDEEN                      ,NORWICH                       , 5481 , 5481 , 0 , 5810 , 5810 , 0 ,-5.662651 ,N,N
12-Dec-2014 10:51,201410,201310,Other Reporting Airports      ,ABERDEEN                      ,SCATSTA                       , 15870 , 0 , 15870 , 14205 , 0 , 14205 , 11.72122 ,N,N
12-Dec-2014 10:51,201410,201310,Other Reporting Airports      ,ABERDEEN                      ,SOUTHAMPTON                   , 1521 , 1521 , 0 , 600 , 600 , 0 , 153.5 ,N,N
12-Dec-2014 10:51,201410,201310,Other Reporting Airports      ,ABERDEEN                      ,STORNOWAY                     , 545 , 545 , 0 , 497 , 497 , 0 , 9.657948 ,N,N
12-Dec-2014 10:51,201410,201310,Other Reporting Airports      ,ABERDEEN                      ,SUMBURGH                      , 14793 , 9044 , 5749 , 13313 , 7658 , 5655 , 11.11695 ,N,N
12-Dec-2014 10:51,201410,201310,Other Reporting Airports      ,ABERDEEN                      ,WICK JOHN O GROATS            , 1407 , 1178 , 229 , 1137 , 1049 , 88 , 23.7467 ,N,N
12-Dec-2014 10:51,201410,201310,Other Reporting Airports      ,ALDERNEY                      ,GUERNSEY                      , 3187 , 3187 , 0 , 3124 , 3124 , 0 , 2.016645 ,N,N
12-Dec-2014 10:51,201410,201310,Other Reporting Airports      ,ALDERNEY                      ,JERSEY                        , 0 , 0 , 0 , 55 , 55 , 0 ,-100 ,N,N
12-Dec-2014 10:51,201410,201310,Other Reporting Airports      ,ALDERNEY                      ,SOUTHAMPTON                   , 1836 , 1836 , 0 , 1916 , 1916 , 0 ,-4.175365 ,N,N
12-Dec-2014 10:51,201410,201310,Other Reporting Airports      ,BARRA                         ,GLASGOW                       , 656 , 656 , 0 , 611 , 611 , 0 , 7.364975 ,N,N
12-Dec-2014 10:51,201410,201310,Other Reporting Airports      ,BELFAST CITY (GEORGE BEST)    ,ABERDEEN                      , 3243 , 3243 , 0 , 2706 , 2706 , 0 , 19.84479 ,N,N
12-Dec-2014 10:51,201410,201310,Other Reporting Airports      ,BELFAST CITY (GEORGE BEST)    ,BIRMINGHAM                    , 22988 , 22988 , 0 , 24583 , 24583 , 0 ,-6.488224 ,N,N
12-Dec-2014 10:51,201410,201310,Other Reporting Airports      ,BELFAST CITY (GEORGE BEST)    ,CARDIFF WALES                 , 3667 , 3667 , 0 , 3259 , 3259 , 0 , 12.51918 ,N,N
12-Dec-2014 10:51,201410,201310,Other Reporting Airports      ,BELFAST CITY (GEORGE BEST)    ,DONCASTER SHEFFIELD           , 478 , 478 , 0 , 0 , 0 , 0 ,Null,N,N
12-Dec-2014 10:51,201410,201310,Other Reporting Airports      ,BELFAST CITY (GEORGE BEST)    ,EAST MIDLANDS INTERNATIONAL   , 13229 , 13229 , 0 , 10216 , 10216 , 0 , 29.49295 ,N,N
12-Dec-2014 10:51,201410,201310,Other Reporting Airports      ,BELFAST CITY (GEORGE BEST)    ,EDINBURGH                     , 13194 , 13194 , 0 , 12242 , 12242 , 0 , 7.776507 ,N,N
12-Dec-2014 10:51,201410,201310,Other Reporting Airports      ,BELFAST CITY (GEORGE BEST)    ,EXETER                        , 3090 , 3090 , 0 , 820 , 820 , 0 , 276.8293 ,N,N
12-Dec-2014 10:51,201410,201310,Other Reporting Airports      ,BELFAST CITY (GEORGE BEST)    ,GATWICK                       , 21745 , 21745 , 0 , 35559 , 35559 , 0 ,-38.84811 ,N,N
12-Dec-2014 10:51,201410,201310,Other Reporting Airports      ,BELFAST CITY (GEORGE BEST)    ,GLASGOW                       , 13509 , 13509 , 0 , 11837 , 11837 , 0 , 14.1252 ,N,N
12-Dec-2014 10:51,201410,201310,Other Reporting Airports      ,BELFAST CITY (GEORGE BEST)    ,HEATHROW                      , 58871 , 58871 , 0 , 56972 , 56972 , 0 , 3.333216 ,N,N
12-Dec-2014 10:51,201410,201310,Other Reporting Airports      ,BELFAST CITY (GEORGE BEST)    ,INVERNESS                     , 2790 , 2790 , 0 , 2184 , 2184 , 0 , 27.74725 ,N,N
12-Dec-2014 10:51,201410,201310,Other Reporting Airports      ,BELFAST CITY (GEORGE BEST)    ,ISLE OF MAN                   , 2217 , 2217 , 0 , 2431 , 2431 , 0 ,-8.802961 ,N,N
12-Dec-2014 10:51,201410,201310,Other Reporting Airports      ,BELFAST CITY (GEORGE BEST)    ,LEEDS BRADFORD                , 14421 , 14421 , 0 , 13072 , 13072 , 0 , 10.31977 ,N,N
12-Dec-2014 10:51,201410,201310,Other Reporting Airports      ,BELFAST CITY (GEORGE BEST)    ,LONDON CITY                   , 3348 , 3348 , 0 , 0 , 0 , 0 ,Null,N,N
12-Dec-2014 10:51,201410,201310,Other Reporting Airports      ,BELFAST CITY (GEORGE BEST)    ,MANCHESTER                    , 26172 , 26172 , 0 , 25707 , 25707 , 0 , 1.808846 ,N,N
12-Dec-2014 10:51,201410,201310,Other Reporting Airports      ,BELFAST CITY (GEORGE BEST)    ,NEWCASTLE                     , 2492 , 2492 , 0 , 3861 , 3861 , 0 ,-35.45713 ,N,N
12-Dec-2014 10:51,201410,201310,Other Reporting Airports      ,BELFAST CITY (GEORGE BEST)    ,SOUTHAMPTON                   , 9938 , 9938 , 0 , 7610 , 7610 , 0 , 30.59133 ,N,N
12-Dec-2014 10:51,201410,201310,Other Reporting Airports      ,BELFAST INTERNATIONAL         ,BIRMINGHAM                    , 16188 , 16089 , 99 , 14248 , 14163 , 85 , 13.61595 ,N,N
12-Dec-2014 10:51,201410,201310,Other Reporting Airports      ,BELFAST INTERNATIONAL         ,BLACKPOOL                     , 0 , 0 , 0 , 1336 , 1336 , 0 ,-100 ,N,N
12-Dec-2014 10:51,201410,201310,Other Reporting Airports      ,BELFAST INTERNATIONAL         ,BRISTOL                       , 19637 , 19637 , 0 , 19204 , 19204 , 0 , 2.254739 ,N,N
12-Dec-2014 10:51,201410,201310,Other Reporting Airports      ,BELFAST INTERNATIONAL         ,EDINBURGH                     , 20625 , 20625 , 0 , 21083 , 21083 , 0 ,-2.172366 ,N,N
12-Dec-2014 10:51,201410,201310,Other Reporting Airports      ,BELFAST INTERNATIONAL         ,GATWICK                       , 38658 , 38658 , 0 , 34610 , 34610 , 0 , 11.69604 ,N,N
12-Dec-2014 10:51,201410,201310,Other Reporting Airports      ,BELFAST INTERNATIONAL         ,GLASGOW                       , 20995 , 20995 , 0 , 22000 , 22000 , 0 ,-4.568182 ,N,N
12-Dec-2014 10:51,201410,201310,Other Reporting Airports      ,BELFAST INTERNATIONAL         ,LIVERPOOL (JOHN LENNON)       , 35213 , 35213 , 0 , 35059 , 35059 , 0 , 0.4392595 ,N,N
12-Dec-2014 10:51,201410,201310,Other Reporting Airports      ,BELFAST INTERNATIONAL         ,LUTON                         , 20092 , 20092 , 0 , 20913 , 20717 , 196 ,-3.925788 ,N,N
12-Dec-2014 10:51,201410,201310,Other Reporting Airports      ,BELFAST INTERNATIONAL         ,MANCHESTER                    , 17257 , 17257 , 0 , 16955 , 16955 , 0 , 1.781186 ,N,N
12-Dec-2014 10:51,201410,201310,Other Reporting Airports      ,BELFAST INTERNATIONAL         ,NEWCASTLE                     , 16420 , 16420 , 0 , 16425 , 16425 , 0 ,-0.0304414 ,N,N
12-Dec-2014 10:51,201410,201310,Other Reporting Airports      ,BELFAST INTERNATIONAL         ,SOUTHEND                      , 0 , 0 , 0 , 6013 , 6013 , 0 ,-100 ,N,N
12-Dec-2014 10:51,201410,201310,Other Reporting Airports      ,BELFAST INTERNATIONAL         ,STANSTED                      , 26275 , 26275 , 0 , 25619 , 25619 , 0 , 2.5606 ,N,N
12-Dec-2014 10:51,201410,201310,Other Reporting Airports      ,BENBECULA                     ,GLASGOW                       , 2187 , 2187 , 0 , 2030 , 2030 , 0 , 7.73399 ,N,N
12-Dec-2014 10:51,201410,201310,Other Reporting Airports      ,BENBECULA                     ,STORNOWAY                     , 806 , 806 , 0 , 827 , 827 , 0 ,-2.539299 ,N,N
12-Dec-2014 10:51,201410,201310,Other Reporting Airports      ,BIGGIN HILL                   ,BLACKPOOL                     , 0 , 0 , 0 , 72 , 0 , 72 ,-100 ,N,N
12-Dec-2014 10:51,201410,201310,Other Reporting Airports      ,BIRMINGHAM                    ,ABERDEEN                      , 12446 , 12446 , 0 , 9436 , 9436 , 0 , 31.89911 ,N,N
12-Dec-2014 10:51,201410,201310,Other Reporting Airports      ,BIRMINGHAM                    ,BELFAST CITY (GEORGE BEST)    , 22991 , 22991 , 0 , 24536 , 24536 , 0 ,-6.29687 ,N,N
12-Dec-2014 10:51,201410,201310,Other Reporting Airports      ,BIRMINGHAM                    ,BELFAST INTERNATIONAL         , 16026 , 15925 , 101 , 14059 , 14059 , 0 , 13.99104 ,N,N
12-Dec-2014 10:51,201410,201310,Other Reporting Airports      ,BIRMINGHAM                    ,BOURNEMOUTH                   , 62 , 0 , 62 , 0 , 0 , 0 ,Null,N,N
12-Dec-2014 10:51,201410,201310,Other Reporting Airports      ,BIRMINGHAM                    ,CITY OF DERRY (EGLINTON)      , 3896 , 3896 , 0 , 4345 , 4345 , 0 ,-10.33372 ,N,N
12-Dec-2014 10:51,201410,201310,Other Reporting Airports      ,BIRMINGHAM                    ,EDINBURGH                     , 26013 , 26013 , 0 , 27113 , 27113 , 0 ,-4.057095 ,N,N
12-Dec-2014 10:51,201410,201310,Other Reporting Airports      ,BIRMINGHAM                    ,GLASGOW                       , 21863 , 21863 , 0 , 19459 , 19459 , 0 , 12.35418 ,N,N
12-Dec-2014 10:51,201410,201310,Other Reporting Airports      ,BIRMINGHAM                    ,GUERNSEY                      , 1784 , 1784 , 0 , 3012 , 3012 , 0 ,-40.77025 ,N,N
12-Dec-2014 10:51,201410,201310,Other Reporting Airports      ,BIRMINGHAM                    ,INVERNESS                     , 3974 , 3974 , 0 , 3065 , 3065 , 0 , 29.65742 ,N,N
12-Dec-2014 10:51,201410,201310,Other Reporting Airports      ,BIRMINGHAM                    ,ISLE OF MAN                   , 3714 , 3714 , 0 , 3646 , 3646 , 0 , 1.865058 ,N,N
12-Dec-2014 10:51,201410,201310,Other Reporting Airports      ,BIRMINGHAM                    ,JERSEY                        , 5365 , 5365 , 0 , 3265 , 3265 , 0 , 64.31853 ,N,N
12-Dec-2014 10:51,201410,201310,Other Reporting Airports      ,BIRMINGHAM                    ,NEWCASTLE                     , 769 , 769 , 0 , 739 , 739 , 0 , 4.05954 ,N,N
12-Dec-2014 10:51,201410,201310,Other Reporting Airports      ,BIRMINGHAM                    ,NEWQUAY                       , 1394 , 1394 , 0 , 0 , 0 , 0 ,Null,N,N
12-Dec-2014 10:51,201410,201310,Other Reporting Airports      ,BLACKPOOL                     ,BELFAST INTERNATIONAL         , 0 , 0 , 0 , 1205 , 1205 , 0 ,-100 ,N,N
12-Dec-2014 10:51,201410,201310,Other Reporting Airports      ,BLACKPOOL                     ,BIGGIN HILL                   , 0 , 0 , 0 , 72 , 0 , 72 ,-100 ,N,N
12-Dec-2014 10:51,201410,201310,Other Reporting Airports      ,BLACKPOOL                     ,CARDIFF WALES                 , 4 , 0 , 4 , 0 , 0 , 0 ,Null,N,N
12-Dec-2014 10:51,201410,201310,Other Reporting Airports      ,BLACKPOOL                     ,ISLE OF MAN                   , 595 , 595 , 0 , 1640 , 1640 , 0 ,-63.71951 ,N,N
12-Dec-2014 10:51,201410,201310,Other Reporting Airports      ,BOURNEMOUTH                   ,BIRMINGHAM                    , 62 , 0 , 62 , 0 , 0 , 0 ,Null,N,N
12-Dec-2014 10:51,201410,201310,Other Reporting Airports      ,BOURNEMOUTH                   ,EDINBURGH                     , 0 , 0 , 0 , 50 , 0 , 50 ,-100 ,N,N
12-Dec-2014 10:51,201410,201310,Other Reporting Airports      ,BOURNEMOUTH                   ,GLASGOW                       , 102 , 0 , 102 , 0 , 0 , 0 ,Null,N,N
12-Dec-2014 10:51,201410,201310,Other Reporting Airports      ,BOURNEMOUTH                   ,GUERNSEY                      , 112 , 0 , 112 , 0 , 0 , 0 ,Null,N,N
12-Dec-2014 10:51,201410,201310,Other Reporting Airports      ,BRISTOL                       ,ABERDEEN                      , 3205 , 3205 , 0 , 3050 , 3050 , 0 , 5.081967 ,N,N
12-Dec-2014 10:51,201410,201310,Other Reporting Airports      ,BRISTOL                       ,BELFAST INTERNATIONAL         , 19626 , 19626 , 0 , 19203 , 19203 , 0 , 2.202781 ,N,N
12-Dec-2014 10:51,201410,201310,Other Reporting Airports      ,BRISTOL                       ,EDINBURGH                     , 27616 , 27616 , 0 , 26693 , 26693 , 0 , 3.457835 ,N,N
12-Dec-2014 10:51,201410,201310,Other Reporting Airports      ,BRISTOL                       ,GLASGOW                       , 21823 , 21823 , 0 , 22376 , 22376 , 0 ,-2.471398 ,N,N
12-Dec-2014 10:51,201410,201310,Other Reporting Airports      ,BRISTOL                       ,GUERNSEY                      , 2201 , 2201 , 0 , 2183 , 2183 , 0 , 0.8245534 ,N,N
12-Dec-2014 10:51,201410,201310,Other Reporting Airports      ,BRISTOL                       ,HAWARDEN                      , 448 , 0 , 448 , 1196 , 0 , 1196 ,-62.54181 ,N,N
12-Dec-2014 10:51,201410,201310,Other Reporting Airports      ,BRISTOL                       ,INVERNESS                     , 7152 , 7152 , 0 , 8010 , 8010 , 0 ,-10.71161 ,N,N
12-Dec-2014 10:51,201410,201310,Other Reporting Airports      ,BRISTOL                       ,ISLE OF MAN                   , 0 , 0 , 0 , 532 , 532 , 0 ,-100 ,N,N
12-Dec-2014 10:51,201410,201310,Other Reporting Airports      ,BRISTOL                       ,JERSEY                        , 3198 , 3198 , 0 , 3663 , 3663 , 0 ,-12.69451 ,N,N
12-Dec-2014 10:51,201410,201310,Other Reporting Airports      ,BRISTOL                       ,NEWCASTLE                     , 13594 , 13594 , 0 , 15218 , 15218 , 0 ,-10.67157 ,N,N
12-Dec-2014 10:51,201410,201310,Other Reporting Airports      ,CAMPBELTOWN                   ,GLASGOW                       , 883 , 883 , 0 , 1009 , 1009 , 0 ,-12.48761 ,N,N
12-Dec-2014 10:51,201410,201310,Other Reporting Airports      ,CARDIFF WALES                 ,ABERDEEN                      , 116 , 116 , 0 , 113 , 113 , 0 , 2.654867 ,N,N
12-Dec-2014 10:51,201410,201310,Other Reporting Airports      ,CARDIFF WALES                 ,ANGLESEY (VALLEY)             , 871 , 871 , 0 , 874 , 874 , 0 ,-0.3432494 ,N,N
12-Dec-2014 10:51,201410,201310,Other Reporting Airports      ,CARDIFF WALES                 ,BELFAST CITY (GEORGE BEST)    , 3691 , 3691 , 0 , 3281 , 3281 , 0 , 12.49619 ,N,N
12-Dec-2014 10:51,201410,201310,Other Reporting Airports      ,CARDIFF WALES                 ,BLACKPOOL                     , 34 , 0 , 34 , 0 , 0 , 0 ,Null,N,N
12-Dec-2014 10:51,201410,201310,Other Reporting Airports      ,CARDIFF WALES                 ,EDINBURGH                     , 5085 , 5085 , 0 , 7225 , 7225 , 0 ,-29.61938 ,N,N
12-Dec-2014 10:51,201410,201310,Other Reporting Airports      ,CARDIFF WALES                 ,GLASGOW                       , 2791 , 2791 , 0 , 4180 , 4180 , 0 ,-33.22966 ,N,N
12-Dec-2014 10:51,201410,201310,Other Reporting Airports      ,CARDIFF WALES                 ,JERSEY                        , 447 , 447 , 0 , 1082 , 1082 , 0 ,-58.68761 ,N,N
12-Dec-2014 10:51,201410,201310,Other Reporting Airports      ,CARDIFF WALES                 ,LIVERPOOL (JOHN LENNON)       , 131 , 0 , 131 , 0 , 0 , 0 ,Null,N,N
12-Dec-2014 10:51,201410,201310,Other Reporting Airports      ,CARDIFF WALES                 ,NEWCASTLE                     , 1475 , 1397 , 78 , 1302 , 1066 , 236 , 13.28725 ,N,N
12-Dec-2014 10:51,201410,201310,Other Reporting Airports      ,CARDIFF WALES                 ,NORWICH                       , 0 , 0 , 0 , 78 , 0 , 78 ,-100 ,N,N
12-Dec-2014 10:51,201410,201310,Other Reporting Airports      ,CARDIFF WALES                 ,STANSTED                      , 0 , 0 , 0 , 63 , 0 , 63 ,-100 ,N,N
12-Dec-2014 10:51,201410,201310,Other Reporting Airports      ,CITY OF DERRY (EGLINTON)      ,BIRMINGHAM                    , 3937 , 3937 , 0 , 4404 , 4404 , 0 ,-10.604 ,N,N
12-Dec-2014 10:51,201410,201310,Other Reporting Airports      ,CITY OF DERRY (EGLINTON)      ,GLASGOW                       , 1647 , 1647 , 0 , 0 , 0 , 0 ,Null,N,N
12-Dec-2014 10:51,201410,201310,Other Reporting Airports      ,CITY OF DERRY (EGLINTON)      ,LIVERPOOL (JOHN LENNON)       , 7347 , 7347 , 0 , 7941 , 7941 , 0 ,-7.480166 ,N,N
12-Dec-2014 10:51,201410,201310,Other Reporting Airports      ,CITY OF DERRY (EGLINTON)      ,PRESTWICK                     , 4667 , 4667 , 0 , 6506 , 6506 , 0 ,-28.26622 ,N,N
12-Dec-2014 10:51,201410,201310,Other Reporting Airports      ,CITY OF DERRY (EGLINTON)      ,STANSTED                      , 12202 , 12202 , 0 , 11608 , 11608 , 0 , 5.117161 ,N,N
12-Dec-2014 10:51,201410,201310,Other Reporting Airports      ,DONCASTER SHEFFIELD           ,BELFAST CITY (GEORGE BEST)    , 478 , 478 , 0 , 0 , 0 , 0 ,Null,N,N
12-Dec-2014 10:51,201410,201310,Other Reporting Airports      ,DONCASTER SHEFFIELD           ,GATWICK                       , 35 , 0 , 35 , 0 , 0 , 0 ,Null,N,N
12-Dec-2014 10:51,201410,201310,Other Reporting Airports      ,DONCASTER SHEFFIELD           ,JERSEY                        , 0 , 0 , 0 , 387 , 387 , 0 ,-100 ,N,N
12-Dec-2014 10:51,201410,201310,Other Reporting Airports      ,DONCASTER SHEFFIELD           ,LUTON                         , 60 , 0 , 60 , 0 , 0 , 0 ,Null,N,N
12-Dec-2014 10:51,201410,201310,Other Reporting Airports      ,DONCASTER SHEFFIELD           ,SOUTHAMPTON                   , 11 , 11 , 0 , 0 , 0 , 0 ,Null,N,N
12-Dec-2014 10:51,201410,201310,Other Reporting Airports      ,DUNDEE                        ,FARNBOROUGH                   , 3 , 0 , 3 , 0 , 0 , 0 ,Null,Y,N
12-Dec-2014 10:51,201410,201310,Other Reporting Airports      ,DUNDEE                        ,LONDON CITY                   , 0 , 0 , 0 , 2128 , 2128 , 0 ,-100 ,N,N
12-Dec-2014 10:51,201410,201310,Other Reporting Airports      ,DUNDEE                        ,STANSTED                      , 1926 , 1926 , 0 , 0 , 0 , 0 ,Null,N,N
12-Dec-2014 10:51,201410,201310,Other Reporting Airports      ,DURHAM TEES VALLEY            ,ABERDEEN                      , 3175 , 3175 , 0 , 3138 , 3138 , 0 , 1.179095 ,N,N
12-Dec-2014 10:51,201410,201310,Other Reporting Airports      ,DURHAM TEES VALLEY            ,FARNBOROUGH                   , 33 , 0 , 33 , 0 , 0 , 0 ,Null,N,N
12-Dec-2014 10:51,201410,201310,Other Reporting Airports      ,DURHAM TEES VALLEY            ,GATWICK                       , 35 , 0 , 35 , 0 , 0 , 0 ,Null,N,N
12-Dec-2014 10:51,201410,201310,Other Reporting Airports      ,DURHAM TEES VALLEY            ,LUTON                         , 32 , 0 , 32 , 0 , 0 , 0 ,Null,N,N
12-Dec-2014 10:51,201410,201310,Other Reporting Airports      ,EAST MIDLANDS INTERNATIONAL   ,ABERDEEN                      , 1496 , 1496 , 0 , 1576 , 1576 , 0 ,-5.076142 ,N,N
12-Dec-2014 10:51,201410,201310,Other Reporting Airports      ,EAST MIDLANDS INTERNATIONAL   ,BELFAST CITY (GEORGE BEST)    , 13207 , 13207 , 0 , 10255 , 10255 , 0 , 28.78596 ,N,N
12-Dec-2014 10:51,201410,201310,Other Reporting Airports      ,EAST MIDLANDS INTERNATIONAL   ,EDINBURGH                     , 8346 , 8346 , 0 , 8062 , 8062 , 0 , 3.522699 ,N,N
12-Dec-2014 10:51,201410,201310,Other Reporting Airports      ,EAST MIDLANDS INTERNATIONAL   ,GLASGOW                       , 8719 , 8719 , 0 , 8697 , 8697 , 0 , 0.2529608 ,N,N
12-Dec-2014 10:51,201410,201310,Other Reporting Airports      ,EAST MIDLANDS INTERNATIONAL   ,GUERNSEY                      , 2377 , 2377 , 0 , 2718 , 2718 , 0 ,-12.54599 ,N,N
12-Dec-2014 10:51,201410,201310,Other Reporting Airports      ,EAST MIDLANDS INTERNATIONAL   ,JERSEY                        , 3294 , 3294 , 0 , 2727 , 2727 , 0 , 20.79208 ,N,N
12-Dec-2014 10:51,201410,201310,Other Reporting Airports      ,EAST MIDLANDS INTERNATIONAL   ,NEWCASTLE                     , 57 , 0 , 57 , 0 , 0 , 0 ,Null,N,N
12-Dec-2014 10:51,201410,201310,Other Reporting Airports      ,EDINBURGH                     ,BELFAST CITY (GEORGE BEST)    , 13303 , 13303 , 0 , 12327 , 12327 , 0 , 7.917579 ,N,N
12-Dec-2014 10:51,201410,201310,Other Reporting Airports      ,EDINBURGH                     ,BELFAST INTERNATIONAL         , 20615 , 20615 , 0 , 21081 , 21081 , 0 ,-2.210521 ,N,N
12-Dec-2014 10:51,201410,201310,Other Reporting Airports      ,EDINBURGH                     ,BIRMINGHAM                    , 26232 , 26232 , 0 , 27228 , 27228 , 0 ,-3.657999 ,N,N
12-Dec-2014 10:51,201410,201310,Other Reporting Airports      ,EDINBURGH                     ,BOURNEMOUTH                   , 0 , 0 , 0 , 50 , 0 , 50 ,-100 ,N,N
12-Dec-2014 10:51,201410,201310,Other Reporting Airports      ,EDINBURGH                     ,BRISTOL                       , 27597 , 27597 , 0 , 26667 , 26667 , 0 , 3.487456 ,N,N
12-Dec-2014 10:51,201410,201310,Other Reporting Airports      ,EDINBURGH                     ,CARDIFF WALES                 , 5143 , 5143 , 0 , 7269 , 7269 , 0 ,-29.24749 ,N,N
12-Dec-2014 10:51,201410,201310,Other Reporting Airports      ,EDINBURGH                     ,EAST MIDLANDS INTERNATIONAL   , 8425 , 8425 , 0 , 8061 , 8061 , 0 , 4.515569 ,N,N
12-Dec-2014 10:51,201410,201310,Other Reporting Airports      ,EDINBURGH                     ,EXETER                        , 3086 , 3086 , 0 , 3430 , 3430 , 0 ,-10.02915 ,N,N
12-Dec-2014 10:51,201410,201310,Other Reporting Airports      ,EDINBURGH                     ,GATWICK                       , 62112 , 62112 , 0 , 61921 , 61921 , 0 , 0.3084576 ,N,N
12-Dec-2014 10:51,201410,201310,Other Reporting Airports      ,EDINBURGH                     ,HEATHROW                      , 133777 , 133777 , 0 , 128306 , 128306 , 0 , 4.264025 ,N,N
12-Dec-2014 10:51,201410,201310,Other Reporting Airports      ,EDINBURGH                     ,JERSEY                        , 411 , 411 , 0 , 904 , 904 , 0 ,-54.5354 ,N,N
12-Dec-2014 10:51,201410,201310,Other Reporting Airports      ,EDINBURGH                     ,KIRKWALL                      , 4275 , 4275 , 0 , 3854 , 3854 , 0 , 10.92372 ,N,N
12-Dec-2014 10:51,201410,201310,Other Reporting Airports      ,EDINBURGH                     ,LONDON CITY                   , 39483 , 39483 , 0 , 30849 , 30849 , 0 , 27.98794 ,N,N
12-Dec-2014 10:51,201410,201310,Other Reporting Airports      ,EDINBURGH                     ,LUTON                         , 24248 , 24248 , 0 , 24269 , 24269 , 0 ,-8.653014E-02 ,N,N
12-Dec-2014 10:51,201410,201310,Other Reporting Airports      ,EDINBURGH                     ,MANCHESTER                    , 8982 , 8982 , 0 , 11110 , 11110 , 0 ,-19.15392 ,N,N
12-Dec-2014 10:51,201410,201310,Other Reporting Airports      ,EDINBURGH                     ,NORWICH                       , 2849 , 2849 , 0 , 2275 , 2275 , 0 , 25.23077 ,N,N
12-Dec-2014 10:51,201410,201310,Other Reporting Airports      ,EDINBURGH                     ,SOUTHAMPTON                   , 19461 , 19461 , 0 , 18721 , 18721 , 0 , 3.95278 ,N,N
12-Dec-2014 10:51,201410,201310,Other Reporting Airports      ,EDINBURGH                     ,SOUTHEND                      , 0 , 0 , 0 , 4947 , 4947 , 0 ,-100 ,N,N
12-Dec-2014 10:51,201410,201310,Other Reporting Airports      ,EDINBURGH                     ,STANSTED                      , 30898 , 30898 , 0 , 28080 , 28080 , 0 , 10.03561 ,N,N
12-Dec-2014 10:51,201410,201310,Other Reporting Airports      ,EDINBURGH                     ,STORNOWAY                     , 1842 , 1842 , 0 , 1820 , 1820 , 0 , 1.208791 ,N,N
12-Dec-2014 10:51,201410,201310,Other Reporting Airports      ,EDINBURGH                     ,SUMBURGH                      , 4556 , 4556 , 0 , 3817 , 3817 , 0 , 19.36075 ,N,N
12-Dec-2014 10:51,201410,201310,Other Reporting Airports      ,EDINBURGH                     ,WICK JOHN O GROATS            , 1085 , 1085 , 0 , 980 , 980 , 0 , 10.71429 ,N,N
12-Dec-2014 10:51,201410,201310,Other Reporting Airports      ,EXETER                        ,BELFAST CITY (GEORGE BEST)    , 3125 , 3125 , 0 , 2188 , 2188 , 0 , 42.8245 ,N,N
12-Dec-2014 10:51,201410,201310,Other Reporting Airports      ,EXETER                        ,EDINBURGH                     , 3086 , 3086 , 0 , 3427 , 3427 , 0 ,-9.950394 ,N,N
12-Dec-2014 10:51,201410,201310,Other Reporting Airports      ,EXETER                        ,GLASGOW                       , 2150 , 2150 , 0 , 2447 , 2447 , 0 ,-12.13731 ,N,N
12-Dec-2014 10:51,201410,201310,Other Reporting Airports      ,EXETER                        ,GUERNSEY                      , 1923 , 1923 , 0 , 1869 , 1869 , 0 , 2.889246 ,N,N
12-Dec-2014 10:51,201410,201310,Other Reporting Airports      ,EXETER                        ,ISLES OF SCILLY (ST.MARYS)    , 1075 , 1075 , 0 , 955 , 955 , 0 , 12.56544 ,N,N
12-Dec-2014 10:51,201410,201310,Other Reporting Airports      ,EXETER                        ,JERSEY                        , 3275 , 3275 , 0 , 2904 , 2904 , 0 , 12.77548 ,N,N
12-Dec-2014 10:51,201410,201310,Other Reporting Airports      ,EXETER                        ,LONDON CITY                   , 873 , 873 , 0 , 0 , 0 , 0 ,Null,N,N
12-Dec-2014 10:51,201410,201310,Other Reporting Airports      ,EXETER                        ,MANCHESTER                    , 9992 , 9812 , 180 , 7879 , 7879 , 0 , 26.81812 ,N,N
12-Dec-2014 10:51,201410,201310,Other Reporting Airports      ,EXETER                        ,NEWCASTLE                     , 833 , 833 , 0 , 2649 , 2649 , 0 ,-68.55417 ,N,N
12-Dec-2014 10:51,201410,201310,London Area Airports          ,GATWICK                       ,ABERDEEN                      , 14301 , 14301 , 0 , 14938 , 14938 , 0 ,-4.264292 ,N,N
12-Dec-2014 10:51,201410,201310,London Area Airports          ,GATWICK                       ,BELFAST CITY (GEORGE BEST)    , 21770 , 21770 , 0 , 35581 , 35581 , 0 ,-38.81566 ,N,N
12-Dec-2014 10:51,201410,201310,London Area Airports          ,GATWICK                       ,BELFAST INTERNATIONAL         , 38372 , 38372 , 0 , 34346 , 34346 , 0 , 11.72189 ,N,N
12-Dec-2014 10:51,201410,201310,London Area Airports          ,GATWICK                       ,DONCASTER SHEFFIELD           , 31 , 0 , 31 , 0 , 0 , 0 ,Null,N,N
12-Dec-2014 10:51,201410,201310,London Area Airports          ,GATWICK                       ,DURHAM TEES VALLEY            , 37 , 0 , 37 , 0 , 0 , 0 ,Null,N,N
12-Dec-2014 10:51,201410,201310,London Area Airports          ,GATWICK                       ,EDINBURGH                     , 62016 , 62016 , 0 , 61715 , 61715 , 0 , 0.4877258 ,N,N
12-Dec-2014 10:51,201410,201310,London Area Airports          ,GATWICK                       ,GLASGOW                       , 53058 , 53058 , 0 , 56209 , 56209 , 0 ,-5.605864 ,N,N
12-Dec-2014 10:51,201410,201310,London Area Airports          ,GATWICK                       ,GUERNSEY                      , 26946 , 26946 , 0 , 30454 , 30454 , 0 ,-11.51901 ,N,N
12-Dec-2014 10:51,201410,201310,London Area Airports          ,GATWICK                       ,INVERNESS                     , 17413 , 17413 , 0 , 20271 , 20271 , 0 ,-14.09896 ,N,N
12-Dec-2014 10:51,201410,201310,London Area Airports          ,GATWICK                       ,ISLE OF MAN                   , 12157 , 12157 , 0 , 17639 , 17639 , 0 ,-31.07886 ,N,N
12-Dec-2014 10:51,201410,201310,London Area Airports          ,GATWICK                       ,JERSEY                        , 54686 , 54686 , 0 , 48698 , 48698 , 0 , 12.29619 ,N,N
12-Dec-2014 10:51,201410,201310,London Area Airports          ,GATWICK                       ,LEEDS BRADFORD                , 67 , 0 , 67 , 0 , 0 , 0 ,Null,N,N
12-Dec-2014 10:51,201410,201310,London Area Airports          ,GATWICK                       ,MANCHESTER                    , 42 , 0 , 42 , 0 , 0 , 0 ,Null,N,N
12-Dec-2014 10:51,201410,201310,London Area Airports          ,GATWICK                       ,NEWCASTLE                     , 11042 , 11042 , 0 , 7513 , 7513 , 0 , 46.97192 ,N,N
12-Dec-2014 10:51,201410,201310,London Area Airports          ,GATWICK                       ,NEWQUAY                       , 8905 , 8905 , 0 , 8231 , 8231 , 0 , 8.188556 ,N,N
12-Dec-2014 10:51,201410,201310,Other Reporting Airports      ,GLASGOW                       ,BARRA                         , 676 , 676 , 0 , 642 , 642 , 0 , 5.29595 ,N,N
12-Dec-2014 10:51,201410,201310,Other Reporting Airports      ,GLASGOW                       ,BELFAST CITY (GEORGE BEST)    , 13591 , 13591 , 0 , 11957 , 11957 , 0 , 13.66564 ,N,N
12-Dec-2014 10:51,201410,201310,Other Reporting Airports      ,GLASGOW                       ,BELFAST INTERNATIONAL         , 20963 , 20963 , 0 , 22015 , 22015 , 0 ,-4.77856 ,N,N
12-Dec-2014 10:51,201410,201310,Other Reporting Airports      ,GLASGOW                       ,BENBECULA                     , 2184 , 2184 , 0 , 2039 , 2039 , 0 , 7.111329 ,N,N
12-Dec-2014 10:51,201410,201310,Other Reporting Airports      ,GLASGOW                       ,BIGGIN HILL                   , 0 , 0 , 0 , 1 , 0 , 1 ,-100 ,N,Y
12-Dec-2014 10:51,201410,201310,Other Reporting Airports      ,GLASGOW                       ,BIRMINGHAM                    , 21994 , 21994 , 0 , 19508 , 19508 , 0 , 12.74349 ,N,N
12-Dec-2014 10:51,201410,201310,Other Reporting Airports      ,GLASGOW                       ,BOURNEMOUTH                   , 102 , 0 , 102 , 0 , 0 , 0 ,Null,N,N
12-Dec-2014 10:51,201410,201310,Other Reporting Airports      ,GLASGOW                       ,BRISTOL                       , 21798 , 21798 , 0 , 22382 , 22382 , 0 ,-2.60924 ,N,N
12-Dec-2014 10:51,201410,201310,Other Reporting Airports      ,GLASGOW                       ,CAMPBELTOWN                   , 880 , 880 , 0 , 1020 , 1020 , 0 ,-13.72549 ,N,N
12-Dec-2014 10:51,201410,201310,Other Reporting Airports      ,GLASGOW                       ,CARDIFF WALES                 , 2779 , 2779 , 0 , 1377 , 1377 , 0 , 101.8155 ,N,N
12-Dec-2014 10:51,201410,201310,Other Reporting Airports      ,GLASGOW                       ,CITY OF DERRY (EGLINTON)      , 1641 , 1641 , 0 , 0 , 0 , 0 ,Null,N,N
12-Dec-2014 10:51,201410,201310,Other Reporting Airports      ,GLASGOW                       ,EAST MIDLANDS INTERNATIONAL   , 8754 , 8754 , 0 , 8710 , 8710 , 0 , 0.5051665 ,N,N
12-Dec-2014 10:51,201410,201310,Other Reporting Airports      ,GLASGOW                       ,EXETER                        , 2143 , 2143 , 0 , 2447 , 2447 , 0 ,-12.42338 ,N,N
12-Dec-2014 10:51,201410,201310,Other Reporting Airports      ,GLASGOW                       ,FARNBOROUGH                   , 8 , 0 , 8 , 2 , 0 , 2 , 300 ,Y,Y
12-Dec-2014 10:51,201410,201310,Other Reporting Airports      ,GLASGOW                       ,GATWICK                       , 53388 , 53388 , 0 , 56491 , 56490 , 1 ,-5.49291 ,N,N
12-Dec-2014 10:51,201410,201310,Other Reporting Airports      ,GLASGOW                       ,HEATHROW                      , 76484 , 76484 , 0 , 76663 , 76663 , 0 ,-0.2334894 ,N,N
12-Dec-2014 10:51,201410,201310,Other Reporting Airports      ,GLASGOW                       ,ISLAY                         , 2514 , 2514 , 0 , 2435 , 2435 , 0 , 3.244353 ,N,N
12-Dec-2014 10:51,201410,201310,Other Reporting Airports      ,GLASGOW                       ,ISLE OF MAN                   , 849 , 849 , 0 , 0 , 0 , 0 ,Null,N,N
12-Dec-2014 10:51,201410,201310,Other Reporting Airports      ,GLASGOW                       ,JERSEY                        , 3391 , 3391 , 0 , 2798 , 2798 , 0 , 21.19371 ,N,N
12-Dec-2014 10:51,201410,201310,Other Reporting Airports      ,GLASGOW                       ,KIRKWALL                      , 1608 , 1608 , 0 , 1693 , 1693 , 0 ,-5.020673 ,N,N
12-Dec-2014 10:51,201410,201310,Other Reporting Airports      ,GLASGOW                       ,LEEDS BRADFORD                , 896 , 896 , 0 , 910 , 910 , 0 ,-1.538462 ,N,N
12-Dec-2014 10:51,201410,201310,Other Reporting Airports      ,GLASGOW                       ,LONDON CITY                   , 19917 , 19917 , 0 , 17565 , 17565 , 0 , 13.39026 ,N,N
12-Dec-2014 10:51,201410,201310,Other Reporting Airports      ,GLASGOW                       ,LUTON                         , 23481 , 23481 , 0 , 24261 , 24251 , 10 ,-3.215036 ,N,N
12-Dec-2014 10:51,201410,201310,Other Reporting Airports      ,GLASGOW                       ,MANCHESTER                    , 7344 , 7344 , 0 , 5440 , 5430 , 10 , 35 ,N,N
12-Dec-2014 10:51,201410,201310,Other Reporting Airports      ,GLASGOW                       ,SOUTHAMPTON                   , 17947 , 17947 , 0 , 16806 , 16806 , 0 , 6.789242 ,N,N
12-Dec-2014 10:51,201410,201310,Other Reporting Airports      ,GLASGOW                       ,STANSTED                      , 28732 , 28725 , 7 , 28306 , 28306 , 0 , 1.504981 ,N,N
12-Dec-2014 10:51,201410,201310,Other Reporting Airports      ,GLASGOW                       ,STORNOWAY                     , 5843 , 5843 , 0 , 5565 , 5565 , 0 , 4.995508 ,N,N
12-Dec-2014 10:51,201410,201310,Other Reporting Airports      ,GLASGOW                       ,SUMBURGH                      , 2522 , 2522 , 0 , 2115 , 2115 , 0 , 19.2435 ,N,N
12-Dec-2014 10:51,201410,201310,Other Reporting Airports      ,GLASGOW                       ,TIREE                         , 609 , 609 , 0 , 599 , 599 , 0 , 1.669449 ,N,N
12-Dec-2014 10:51,201410,201310,Other Reporting Airports      ,GLOUCESTERSHIRE               ,ISLE OF MAN                   , 1224 , 1224 , 0 , 1112 , 1112 , 0 , 10.07194 ,N,N
12-Dec-2014 10:51,201410,201310,Other Reporting Airports      ,GUERNSEY                      ,ALDERNEY                      , 3201 , 3201 , 0 , 3126 , 3126 , 0 , 2.399232 ,N,N
12-Dec-2014 10:51,201410,201310,Other Reporting Airports      ,GUERNSEY                      ,BIGGIN HILL                   , 0 , 0 , 0 , 4 , 0 , 4 ,-100 ,N,Y
12-Dec-2014 10:51,201410,201310,Other Reporting Airports      ,GUERNSEY                      ,BIRMINGHAM                    , 2160 , 2160 , 0 , 1540 , 1540 , 0 , 40.25974 ,N,N
12-Dec-2014 10:51,201410,201310,Other Reporting Airports      ,GUERNSEY                      ,BRISTOL                       , 2198 , 2198 , 0 , 2527 , 2527 , 0 ,-13.01939 ,N,N
12-Dec-2014 10:51,201410,201310,Other Reporting Airports      ,GUERNSEY                      ,EAST MIDLANDS INTERNATIONAL   , 2366 , 2366 , 0 , 2751 , 2751 , 0 ,-13.99491 ,N,N
12-Dec-2014 10:51,201410,201310,Other Reporting Airports      ,GUERNSEY                      ,EXETER                        , 1878 , 1878 , 0 , 1825 , 1825 , 0 , 2.904109 ,N,N
12-Dec-2014 10:51,201410,201310,Other Reporting Airports      ,GUERNSEY                      ,FARNBOROUGH                   , 3 , 0 , 3 , 0 , 0 , 0 ,Null,Y,N
12-Dec-2014 10:51,201410,201310,Other Reporting Airports      ,GUERNSEY                      ,GATWICK                       , 27085 , 27085 , 0 , 30602 , 30602 , 0 ,-11.49271 ,N,N
12-Dec-2014 10:51,201410,201310,Other Reporting Airports      ,GUERNSEY                      ,JERSEY                        , 12266 , 12266 , 0 , 13292 , 13292 , 0 ,-7.718929 ,N,N
12-Dec-2014 10:51,201410,201310,Other Reporting Airports      ,GUERNSEY                      ,LONDON CITY                   , 1348 , 1348 , 0 , 0 , 0 , 0 ,Null,N,N
12-Dec-2014 10:51,201410,201310,Other Reporting Airports      ,GUERNSEY                      ,MANCHESTER                    , 5626 , 5626 , 0 , 5830 , 5830 , 0 ,-3.499142 ,N,N
12-Dec-2014 10:51,201410,201310,Other Reporting Airports      ,GUERNSEY                      ,SOUTHAMPTON                   , 15027 , 15027 , 0 , 11938 , 11938 , 0 , 25.87536 ,N,N
12-Dec-2014 10:51,201410,201310,Other Reporting Airports      ,GUERNSEY                      ,STANSTED                      , 2022 , 2022 , 0 , 1724 , 1724 , 0 , 17.28538 ,N,N
12-Dec-2014 10:51,201410,201310,London Area Airports          ,HEATHROW                      ,ABERDEEN                      , 75229 , 75229 , 0 , 68673 , 68673 , 0 , 9.546692 ,N,N
12-Dec-2014 10:51,201410,201310,London Area Airports          ,HEATHROW                      ,BELFAST CITY (GEORGE BEST)    , 59223 , 59223 , 0 , 57416 , 57416 , 0 , 3.147206 ,N,N
12-Dec-2014 10:51,201410,201310,London Area Airports          ,HEATHROW                      ,EDINBURGH                     , 133734 , 133734 , 0 , 128217 , 128217 , 0 , 4.302862 ,N,N
12-Dec-2014 10:51,201410,201310,London Area Airports          ,HEATHROW                      ,GLASGOW                       , 76477 , 76477 , 0 , 76553 , 76553 , 0 ,-9.927762E-02 ,N,N
12-Dec-2014 10:51,201410,201310,London Area Airports          ,HEATHROW                      ,LEEDS BRADFORD                , 11617 , 11617 , 0 , 11381 , 11381 , 0 , 2.073632 ,N,N
12-Dec-2014 10:51,201410,201310,London Area Airports          ,HEATHROW                      ,MANCHESTER                    , 75567 , 75567 , 0 , 75345 , 75345 , 0 , 0.2946446 ,N,N
12-Dec-2014 10:51,201410,201310,London Area Airports          ,HEATHROW                      ,NEWCASTLE                     , 41268 , 41268 , 0 , 43469 , 43432 , 37 ,-5.063378 ,N,N
12-Dec-2014 10:51,201410,201310,Other Reporting Airports      ,HUMBERSIDE                    ,ABERDEEN                      , 3488 , 3488 , 0 , 3257 , 3257 , 0 , 7.092416 ,N,N
12-Dec-2014 10:51,201410,201310,Other Reporting Airports      ,HUMBERSIDE                    ,STANSTED                      , 0 , 0 , 0 , 32 , 0 , 32 ,-100 ,N,N
12-Dec-2014 10:51,201410,201310,Other Reporting Airports      ,INVERNESS                     ,BELFAST CITY (GEORGE BEST)    , 2799 , 2799 , 0 , 2223 , 2223 , 0 , 25.91093 ,N,N
12-Dec-2014 10:51,201410,201310,Other Reporting Airports      ,INVERNESS                     ,BENBECULA                     , 688 , 688 , 0 , 618 , 618 , 0 , 11.32686 ,N,N
12-Dec-2014 10:51,201410,201310,Other Reporting Airports      ,INVERNESS                     ,BIRMINGHAM                    , 3983 , 3983 , 0 , 3071 , 3071 , 0 , 29.69717 ,N,N
12-Dec-2014 10:51,201410,201310,Other Reporting Airports      ,INVERNESS                     ,BRISTOL                       , 7103 , 7103 , 0 , 8006 , 8006 , 0 ,-11.27904 ,N,N
12-Dec-2014 10:51,201410,201310,Other Reporting Airports      ,INVERNESS                     ,GATWICK                       , 17436 , 17436 , 0 , 20435 , 20435 , 0 ,-14.6758 ,N,N
12-Dec-2014 10:51,201410,201310,Other Reporting Airports      ,INVERNESS                     ,KIRKWALL                      , 1872 , 1872 , 0 , 2009 , 2009 , 0 ,-6.819313 ,N,N
12-Dec-2014 10:51,201410,201310,Other Reporting Airports      ,INVERNESS                     ,LONDON CITY                   , 765 , 765 , 0 , 42 , 0 , 42 , 1721.429 ,N,N
12-Dec-2014 10:51,201410,201310,Other Reporting Airports      ,INVERNESS                     ,LUTON                         , 8531 , 8531 , 0 , 8370 , 8370 , 0 , 1.923536 ,N,N
12-Dec-2014 10:51,201410,201310,Other Reporting Airports      ,INVERNESS                     ,MANCHESTER                    , 7165 , 7165 , 0 , 5451 , 5305 , 146 , 31.44377 ,N,N
12-Dec-2014 10:51,201410,201310,Other Reporting Airports      ,INVERNESS                     ,NEWCASTLE                     , 0 , 0 , 0 , 15 , 0 , 15 ,-100 ,N,N
12-Dec-2014 10:51,201410,201310,Other Reporting Airports      ,INVERNESS                     ,STORNOWAY                     , 2691 , 2691 , 0 , 2335 , 2335 , 0 , 15.24625 ,N,N
12-Dec-2014 10:51,201410,201310,Other Reporting Airports      ,INVERNESS                     ,SUMBURGH                      , 349 , 349 , 0 , 351 , 351 , 0 ,-0.5698006 ,N,N
12-Dec-2014 10:51,201410,201310,Other Reporting Airports      ,ISLAY                         ,GLASGOW                       , 2501 , 2501 , 0 , 2439 , 2439 , 0 , 2.542025 ,N,N
12-Dec-2014 10:51,201410,201310,Other Reporting Airports      ,ISLE OF MAN                   ,BELFAST CITY (GEORGE BEST)    , 2192 , 2192 , 0 , 2308 , 2308 , 0 ,-5.025997 ,N,N
12-Dec-2014 10:51,201410,201310,Other Reporting Airports      ,ISLE OF MAN                   ,BIRMINGHAM                    , 3745 , 3745 , 0 , 3674 , 3674 , 0 , 1.932499 ,N,N
12-Dec-2014 10:51,201410,201310,Other Reporting Airports      ,ISLE OF MAN                   ,BLACKPOOL                     , 592 , 592 , 0 , 1579 , 1579 , 0 ,-62.50792 ,N,N
12-Dec-2014 10:51,201410,201310,Other Reporting Airports      ,ISLE OF MAN                   ,BRISTOL                       , 0 , 0 , 0 , 527 , 527 , 0 ,-100 ,N,N
12-Dec-2014 10:51,201410,201310,Other Reporting Airports      ,ISLE OF MAN                   ,GATWICK                       , 12239 , 12239 , 0 , 17765 , 17765 , 0 ,-31.10611 ,N,N
12-Dec-2014 10:51,201410,201310,Other Reporting Airports      ,ISLE OF MAN                   ,GLASGOW                       , 853 , 853 , 0 , 0 , 0 , 0 ,Null,N,N
12-Dec-2014 10:51,201410,201310,Other Reporting Airports      ,ISLE OF MAN                   ,GLOUCESTERSHIRE               , 1209 , 1209 , 0 , 1120 , 1120 , 0 , 7.946429 ,N,N
12-Dec-2014 10:51,201410,201310,Other Reporting Airports      ,ISLE OF MAN                   ,LIVERPOOL (JOHN LENNON)       , 16842 , 16842 , 0 , 17924 , 17924 , 0 ,-6.036599 ,N,N
12-Dec-2014 10:51,201410,201310,Other Reporting Airports      ,ISLE OF MAN                   ,LONDON CITY                   , 6257 , 6257 , 0 , 1870 , 1870 , 0 , 234.5989 ,N,N
12-Dec-2014 10:51,201410,201310,Other Reporting Airports      ,ISLE OF MAN                   ,LUTON                         , 0 , 0 , 0 , 922 , 922 , 0 ,-100 ,N,N
12-Dec-2014 10:51,201410,201310,Other Reporting Airports      ,ISLE OF MAN                   ,MANCHESTER                    , 15498 , 15498 , 0 , 12860 , 12800 , 60 , 20.51322 ,N,N
12-Dec-2014 10:51,201410,201310,Other Reporting Airports      ,ISLE OF MAN                   ,NEWCASTLE                     , 348 , 348 , 0 , 341 , 341 , 0 , 2.052786 ,N,N
12-Dec-2014 10:51,201410,201310,Other Reporting Airports      ,ISLES OF SCILLY (ST.MARYS)    ,EXETER                        , 15 , 15 , 0 , 0 , 0 , 0 ,Null,N,N
12-Dec-2014 10:51,201410,201310,Other Reporting Airports      ,JERSEY                        ,ABERDEEN                      , 1996 , 1996 , 0 , 0 , 0 , 0 ,Null,N,N
12-Dec-2014 10:51,201410,201310,Other Reporting Airports      ,JERSEY                        ,ALDERNEY                      , 0 , 0 , 0 , 200 , 200 , 0 ,-100 ,N,N
12-Dec-2014 10:51,201410,201310,Other Reporting Airports      ,JERSEY                        ,BIRMINGHAM                    , 5420 , 5420 , 0 , 5021 , 5021 , 0 , 7.946624 ,N,N
12-Dec-2014 10:51,201410,201310,Other Reporting Airports      ,JERSEY                        ,BRISTOL                       , 3133 , 3133 , 0 , 3636 , 3636 , 0 ,-13.83388 ,N,N
12-Dec-2014 10:51,201410,201310,Other Reporting Airports      ,JERSEY                        ,CARDIFF WALES                 , 445 , 445 , 0 , 1079 , 1079 , 0 ,-58.75811 ,N,N
12-Dec-2014 10:51,201410,201310,Other Reporting Airports      ,JERSEY                        ,DONCASTER SHEFFIELD           , 0 , 0 , 0 , 387 , 387 , 0 ,-100 ,N,N
12-Dec-2014 10:51,201410,201310,Other Reporting Airports      ,JERSEY                        ,EAST MIDLANDS INTERNATIONAL   , 3294 , 3294 , 0 , 2723 , 2723 , 0 , 20.96952 ,N,N
12-Dec-2014 10:51,201410,201310,Other Reporting Airports      ,JERSEY                        ,EDINBURGH                     , 407 , 407 , 0 , 901 , 901 , 0 ,-54.82797 ,N,N
12-Dec-2014 10:51,201410,201310,Other Reporting Airports      ,JERSEY                        ,EXETER                        , 3577 , 3577 , 0 , 3125 , 3125 , 0 , 14.464 ,N,N
12-Dec-2014 10:51,201410,201310,Other Reporting Airports      ,JERSEY                        ,FARNBOROUGH                   , 20 , 0 , 20 , 0 , 0 , 0 ,Null,Y,N
12-Dec-2014 10:51,201410,201310,Other Reporting Airports      ,JERSEY                        ,GATWICK                       , 54459 , 54459 , 0 , 48386 , 48386 , 0 , 12.55115 ,N,N
12-Dec-2014 10:51,201410,201310,Other Reporting Airports      ,JERSEY                        ,GLASGOW                       , 3333 , 3333 , 0 , 2763 , 2763 , 0 , 20.62975 ,N,N
12-Dec-2014 10:51,201410,201310,Other Reporting Airports      ,JERSEY                        ,GUERNSEY                      , 11733 , 11733 , 0 , 13318 , 13318 , 0 ,-11.90119 ,N,N
12-Dec-2014 10:51,201410,201310,Other Reporting Airports      ,JERSEY                        ,ISLE OF MAN                   , 1 , 0 , 1 , 0 , 0 , 0 ,Null,Y,N
12-Dec-2014 10:51,201410,201310,Other Reporting Airports      ,JERSEY                        ,LEEDS BRADFORD                , 1602 , 1602 , 0 , 1836 , 1836 , 0 ,-12.7451 ,N,N
12-Dec-2014 10:51,201410,201310,Other Reporting Airports      ,JERSEY                        ,LIVERPOOL (JOHN LENNON)       , 8405 , 8405 , 0 , 8250 , 8250 , 0 , 1.878788 ,N,N
12-Dec-2014 10:51,201410,201310,Other Reporting Airports      ,JERSEY                        ,LONDON CITY                   , 3460 , 3460 , 0 , 3281 , 3281 , 0 , 5.455654 ,N,N
12-Dec-2014 10:51,201410,201310,Other Reporting Airports      ,JERSEY                        ,LUTON                         , 0 , 0 , 0 , 804 , 804 , 0 ,-100 ,N,N
12-Dec-2014 10:51,201410,201310,Other Reporting Airports      ,JERSEY                        ,MANCHESTER                    , 4033 , 4033 , 0 , 3236 , 3236 , 0 , 24.62917 ,N,N
12-Dec-2014 10:51,201410,201310,Other Reporting Airports      ,JERSEY                        ,NEWCASTLE                     , 977 , 977 , 0 , 2216 , 2216 , 0 ,-55.91155 ,N,N
12-Dec-2014 10:51,201410,201310,Other Reporting Airports      ,JERSEY                        ,NORWICH                       , 0 , 0 , 0 , 284 , 284 , 0 ,-100 ,N,N
12-Dec-2014 10:51,201410,201310,Other Reporting Airports      ,JERSEY                        ,SOUTHAMPTON                   , 14515 , 14515 , 0 , 14417 , 14417 , 0 , 0.6797531 ,N,N
12-Dec-2014 10:51,201410,201310,Other Reporting Airports      ,JERSEY                        ,SOUTHEND                      , 1876 , 1876 , 0 , 3100 , 3100 , 0 ,-39.48387 ,N,N
12-Dec-2014 10:51,201410,201310,Other Reporting Airports      ,JERSEY                        ,STANSTED                      , 182 , 182 , 0 , 700 , 700 , 0 ,-74 ,N,N
12-Dec-2014 10:51,201410,201310,Other Reporting Airports      ,KIRKWALL                      ,ABERDEEN                      , 4287 , 4287 , 0 , 4357 , 4357 , 0 ,-1.60661 ,N,N
12-Dec-2014 10:51,201410,201310,Other Reporting Airports      ,KIRKWALL                      ,EDAY                          , 30 , 30 , 0 , 51 , 51 , 0 ,-41.17647 ,N,N
12-Dec-2014 10:51,201410,201310,Other Reporting Airports      ,KIRKWALL                      ,EDINBURGH                     , 4245 , 4245 , 0 , 3874 , 3874 , 0 , 9.576665 ,N,N
12-Dec-2014 10:51,201410,201310,Other Reporting Airports      ,KIRKWALL                      ,GLASGOW                       , 1606 , 1606 , 0 , 1714 , 1714 , 0 ,-6.30105 ,N,N
12-Dec-2014 10:51,201410,201310,Other Reporting Airports      ,KIRKWALL                      ,INVERNESS                     , 883 , 883 , 0 , 904 , 904 , 0 ,-2.323009 ,N,N
12-Dec-2014 10:51,201410,201310,Other Reporting Airports      ,KIRKWALL                      ,NORTH RONALDSAY               , 514 , 514 , 0 , 610 , 610 , 0 ,-15.73771 ,N,N
12-Dec-2014 10:51,201410,201310,Other Reporting Airports      ,KIRKWALL                      ,PAPA WESTRAY                  , 439 , 439 , 0 , 346 , 346 , 0 , 26.87861 ,N,N
12-Dec-2014 10:51,201410,201310,Other Reporting Airports      ,KIRKWALL                      ,SANDAY                        , 278 , 278 , 0 , 276 , 276 , 0 , 0.7246377 ,N,N
12-Dec-2014 10:51,201410,201310,Other Reporting Airports      ,KIRKWALL                      ,STRONSAY                      , 279 , 279 , 0 , 256 , 256 , 0 , 8.984375 ,N,N
12-Dec-2014 10:51,201410,201310,Other Reporting Airports      ,KIRKWALL                      ,SUMBURGH                      , 692 , 692 , 0 , 565 , 565 , 0 , 22.47788 ,N,N
12-Dec-2014 10:51,201410,201310,Other Reporting Airports      ,KIRKWALL                      ,WESTRAY                       , 287 , 287 , 0 , 280 , 280 , 0 , 2.5 ,N,N
12-Dec-2014 10:51,201410,201310,Other Reporting Airports      ,LEEDS BRADFORD                ,ABERDEEN                      , 2298 , 2298 , 0 , 1423 , 1423 , 0 , 61.48981 ,N,N
12-Dec-2014 10:51,201410,201310,Other Reporting Airports      ,LEEDS BRADFORD                ,BELFAST CITY (GEORGE BEST)    , 14413 , 14413 , 0 , 13056 , 13056 , 0 , 10.39369 ,N,N
12-Dec-2014 10:51,201410,201310,Other Reporting Airports      ,LEEDS BRADFORD                ,GATWICK                       , 70 , 0 , 70 , 0 , 0 , 0 ,Null,N,N
12-Dec-2014 10:51,201410,201310,Other Reporting Airports      ,LEEDS BRADFORD                ,GLASGOW                       , 897 , 897 , 0 , 901 , 901 , 0 ,-0.4439512 ,N,N
12-Dec-2014 10:51,201410,201310,Other Reporting Airports      ,LEEDS BRADFORD                ,HEATHROW                      , 11570 , 11570 , 0 , 11237 , 11237 , 0 , 2.963424 ,N,N
12-Dec-2014 10:51,201410,201310,Other Reporting Airports      ,LEEDS BRADFORD                ,JERSEY                        , 1602 , 1602 , 0 , 1834 , 1834 , 0 ,-12.64995 ,N,N
12-Dec-2014 10:51,201410,201310,Other Reporting Airports      ,LEEDS BRADFORD                ,LUTON                         , 0 , 0 , 0 , 62 , 0 , 62 ,-100 ,N,N
12-Dec-2014 10:51,201410,201310,Other Reporting Airports      ,LEEDS BRADFORD                ,SOUTHAMPTON                   , 3194 , 3194 , 0 , 5599 , 5599 , 0 ,-42.9541 ,N,N
12-Dec-2014 10:51,201410,201310,Other Reporting Airports      ,LERWICK (TINGWALL)            ,FAIR ISLE                     , 303 , 303 , 0 , 231 , 231 , 0 , 31.16883 ,N,N
12-Dec-2014 10:51,201410,201310,Other Reporting Airports      ,LERWICK (TINGWALL)            ,FOULA                         , 114 , 114 , 0 , 108 , 108 , 0 , 5.555555 ,N,N
12-Dec-2014 10:51,201410,201310,Other Reporting Airports      ,LERWICK (TINGWALL)            ,OUT SKERRIES                  , 14 , 14 , 0 , 10 , 10 , 0 , 40 ,N,N
12-Dec-2014 10:51,201410,201310,Other Reporting Airports      ,LIVERPOOL (JOHN LENNON)       ,BELFAST INTERNATIONAL         , 34900 , 34900 , 0 , 34895 , 34895 , 0 , 0.0143287 ,N,N
12-Dec-2014 10:51,201410,201310,Other Reporting Airports      ,LIVERPOOL (JOHN LENNON)       ,CARDIFF WALES                 , 131 , 0 , 131 , 0 , 0 , 0 ,Null,N,N
12-Dec-2014 10:51,201410,201310,Other Reporting Airports      ,LIVERPOOL (JOHN LENNON)       ,CITY OF DERRY (EGLINTON)      , 7278 , 7278 , 0 , 7942 , 7942 , 0 ,-8.360615 ,N,N
12-Dec-2014 10:51,201410,201310,Other Reporting Airports      ,LIVERPOOL (JOHN LENNON)       ,HEATHROW                      , 30 , 0 , 30 , 0 , 0 , 0 ,Null,N,N
12-Dec-2014 10:51,201410,201310,Other Reporting Airports      ,LIVERPOOL (JOHN LENNON)       ,ISLE OF MAN                   , 16660 , 16660 , 0 , 17770 , 17770 , 0 ,-6.246483 ,N,N
12-Dec-2014 10:51,201410,201310,Other Reporting Airports      ,LIVERPOOL (JOHN LENNON)       ,JERSEY                        , 8416 , 8416 , 0 , 8260 , 8260 , 0 , 1.88862 ,N,N
12-Dec-2014 10:51,201410,201310,Other Reporting Airports      ,LIVERPOOL (JOHN LENNON)       ,NEWCASTLE                     , 36 , 0 , 36 , 37 , 0 , 37 ,-2.702703 ,N,N
12-Dec-2014 10:51,201410,201310,London Area Airports          ,LONDON CITY                   ,ABERDEEN                      , 6355 , 6355 , 0 , 6304 , 6304 , 0 , 0.8090101 ,N,N
12-Dec-2014 10:51,201410,201310,London Area Airports          ,LONDON CITY                   ,BELFAST CITY (GEORGE BEST)    , 3340 , 3340 , 0 , 0 , 0 , 0 ,Null,N,N
12-Dec-2014 10:51,201410,201310,London Area Airports          ,LONDON CITY                   ,DUNDEE                        , 0 , 0 , 0 , 2212 , 2212 , 0 ,-100 ,N,N
12-Dec-2014 10:51,201410,201310,London Area Airports          ,LONDON CITY                   ,EDINBURGH                     , 39265 , 39265 , 0 , 30810 , 30810 , 0 , 27.44239 ,N,N
12-Dec-2014 10:51,201410,201310,London Area Airports          ,LONDON CITY                   ,EXETER                        , 878 , 878 , 0 , 0 , 0 , 0 ,Null,N,N
12-Dec-2014 10:51,201410,201310,London Area Airports          ,LONDON CITY                   ,GLASGOW                       , 19874 , 19874 , 0 , 17457 , 17457 , 0 , 13.84545 ,N,N
12-Dec-2014 10:51,201410,201310,London Area Airports          ,LONDON CITY                   ,GUERNSEY                      , 1350 , 1350 , 0 , 0 , 0 , 0 ,Null,N,N
12-Dec-2014 10:51,201410,201310,London Area Airports          ,LONDON CITY                   ,INVERNESS                     , 768 , 768 , 0 , 0 , 0 , 0 ,Null,N,N
12-Dec-2014 10:51,201410,201310,London Area Airports          ,LONDON CITY                   ,ISLE OF MAN                   , 6212 , 6212 , 0 , 1859 , 1859 , 0 , 234.1581 ,N,N
12-Dec-2014 10:51,201410,201310,London Area Airports          ,LONDON CITY                   ,JERSEY                        , 3444 , 3444 , 0 , 3268 , 3268 , 0 , 5.385557 ,N,N
12-Dec-2014 10:51,201410,201310,London Area Airports          ,LUTON                         ,ABERDEEN                      , 6464 , 6459 , 5 , 7507 , 7507 , 0 ,-13.8937 ,N,N
12-Dec-2014 10:51,201410,201310,London Area Airports          ,LUTON                         ,BELFAST INTERNATIONAL         , 19966 , 19966 , 0 , 20763 , 20567 , 196 ,-3.838559 ,N,N
12-Dec-2014 10:51,201410,201310,London Area Airports          ,LUTON                         ,BIGGIN HILL                   , 4 , 0 , 4 , 0 , 0 , 0 ,Null,Y,N
12-Dec-2014 10:51,201410,201310,London Area Airports          ,LUTON                         ,BIRMINGHAM                    , 5 , 0 , 5 , 0 , 0 , 0 ,Null,Y,N
12-Dec-2014 10:51,201410,201310,London Area Airports          ,LUTON                         ,DONCASTER SHEFFIELD           , 62 , 0 , 62 , 0 , 0 , 0 ,Null,N,N
12-Dec-2014 10:51,201410,201310,London Area Airports          ,LUTON                         ,DURHAM TEES VALLEY            , 104 , 0 , 104 , 0 , 0 , 0 ,Null,N,N
12-Dec-2014 10:51,201410,201310,London Area Airports          ,LUTON                         ,EDINBURGH                     , 24110 , 24110 , 0 , 24135 , 24132 , 3 ,-0.103584 ,N,N
12-Dec-2014 10:51,201410,201310,London Area Airports          ,LUTON                         ,EXETER                        , 60 , 0 , 60 , 0 , 0 , 0 ,Null,N,N
12-Dec-2014 10:51,201410,201310,London Area Airports          ,LUTON                         ,GLASGOW                       , 23372 , 23372 , 0 , 24153 , 24143 , 10 ,-3.233553 ,N,N
12-Dec-2014 10:51,201410,201310,London Area Airports          ,LUTON                         ,INVERNESS                     , 8479 , 8479 , 0 , 8255 , 8250 , 5 , 2.713507 ,N,N
12-Dec-2014 10:51,201410,201310,London Area Airports          ,LUTON                         ,ISLE OF MAN                   , 0 , 0 , 0 , 874 , 874 , 0 ,-100 ,N,N
12-Dec-2014 10:51,201410,201310,London Area Airports          ,LUTON                         ,JERSEY                        , 0 , 0 , 0 , 764 , 764 , 0 ,-100 ,N,N
12-Dec-2014 10:51,201410,201310,London Area Airports          ,LUTON                         ,LEEDS BRADFORD                , 0 , 0 , 0 , 61 , 0 , 61 ,-100 ,N,N
12-Dec-2014 10:51,201410,201310,London Area Airports          ,LUTON                         ,LIVERPOOL (JOHN LENNON)       , 38 , 0 , 38 , 0 , 0 , 0 ,Null,N,N
12-Dec-2014 10:51,201410,201310,London Area Airports          ,LUTON                         ,MANCHESTER                    , 30 , 0 , 30 , 71 , 0 , 71 ,-57.74648 ,N,N
12-Dec-2014 10:51,201410,201310,London Area Airports          ,LUTON                         ,NEWCASTLE                     , 40 , 0 , 40 , 0 , 0 , 0 ,Null,N,N
12-Dec-2014 10:51,201410,201310,London Area Airports          ,LUTON                         ,OXFORD (KIDLINGTON)           , 0 , 0 , 0 , 23 , 0 , 23 ,-100 ,N,N
12-Dec-2014 10:51,201410,201310,Other Reporting Airports      ,MANCHESTER                    ,ABERDEEN                      , 22130 , 21930 , 200 , 18433 , 18252 , 181 , 20.05642 ,N,N
12-Dec-2014 10:51,201410,201310,Other Reporting Airports      ,MANCHESTER                    ,BELFAST CITY (GEORGE BEST)    , 25997 , 25997 , 0 , 25580 , 25580 , 0 , 1.63018 ,N,N
12-Dec-2014 10:51,201410,201310,Other Reporting Airports      ,MANCHESTER                    ,BELFAST INTERNATIONAL         , 17177 , 17177 , 0 , 16847 , 16847 , 0 , 1.958806 ,N,N
12-Dec-2014 10:51,201410,201310,Other Reporting Airports      ,MANCHESTER                    ,EDINBURGH                     , 8954 , 8954 , 0 , 11031 , 11031 , 0 ,-18.82875 ,N,N
12-Dec-2014 10:51,201410,201310,Other Reporting Airports      ,MANCHESTER                    ,EXETER                        , 9751 , 9751 , 0 , 7849 , 7849 , 0 , 24.23239 ,N,N
12-Dec-2014 10:51,201410,201310,Other Reporting Airports      ,MANCHESTER                    ,FARNBOROUGH                   , 38 , 0 , 38 , 0 , 0 , 0 ,Null,N,N
12-Dec-2014 10:51,201410,201310,Other Reporting Airports      ,MANCHESTER                    ,GATWICK                       , 41 , 0 , 41 , 0 , 0 , 0 ,Null,N,N
12-Dec-2014 10:51,201410,201310,Other Reporting Airports      ,MANCHESTER                    ,GLASGOW                       , 7277 , 7277 , 0 , 5340 , 5340 , 0 , 36.27341 ,N,N
12-Dec-2014 10:51,201410,201310,Other Reporting Airports      ,MANCHESTER                    ,GUERNSEY                      , 5640 , 5640 , 0 , 5783 , 5783 , 0 ,-2.472765 ,N,N
12-Dec-2014 10:51,201410,201310,Other Reporting Airports      ,MANCHESTER                    ,HEATHROW                      , 75307 , 75307 , 0 , 75072 , 75038 , 34 , 0.3130328 ,N,N
12-Dec-2014 10:51,201410,201310,Other Reporting Airports      ,MANCHESTER                    ,INVERNESS                     , 7127 , 7127 , 0 , 5279 , 5279 , 0 , 35.00663 ,N,N
12-Dec-2014 10:51,201410,201310,Other Reporting Airports      ,MANCHESTER                    ,ISLE OF MAN                   , 15475 , 15475 , 0 , 12759 , 12683 , 76 , 21.28693 ,N,N
12-Dec-2014 10:51,201410,201310,Other Reporting Airports      ,MANCHESTER                    ,JERSEY                        , 3993 , 3993 , 0 , 3172 , 3172 , 0 , 25.88272 ,N,N
12-Dec-2014 10:51,201410,201310,Other Reporting Airports      ,MANCHESTER                    ,LUTON                         , 0 , 0 , 0 , 68 , 0 , 68 ,-100 ,N,N
12-Dec-2014 10:51,201410,201310,Other Reporting Airports      ,MANCHESTER                    ,NEWCASTLE                     , 145 , 0 , 145 , 137 , 0 , 137 , 5.839416 ,N,N
12-Dec-2014 10:51,201410,201310,Other Reporting Airports      ,MANCHESTER                    ,NEWQUAY                       , 4116 , 4116 , 0 , 2885 , 2885 , 0 , 42.66898 ,N,N
12-Dec-2014 10:51,201410,201310,Other Reporting Airports      ,MANCHESTER                    ,NORWICH                       , 2838 , 2838 , 0 , 2844 , 2766 , 78 ,-0.2109705 ,N,N
12-Dec-2014 10:51,201410,201310,Other Reporting Airports      ,MANCHESTER                    ,SOUTHAMPTON                   , 15362 , 15302 , 60 , 11390 , 11310 , 80 , 34.8727 ,N,N
12-Dec-2014 10:51,201410,201310,Other Reporting Airports      ,MANCHESTER                    ,STANSTED                      , 129 , 0 , 129 , 105 , 0 , 105 , 22.85714 ,N,N
12-Dec-2014 10:51,201410,201310,Other Reporting Airports      ,NEWCASTLE                     ,ABERDEEN                      , 3714 , 3714 , 0 , 4183 , 4183 , 0 ,-11.21205 ,N,N
12-Dec-2014 10:51,201410,201310,Other Reporting Airports      ,NEWCASTLE                     ,BELFAST CITY (GEORGE BEST)    , 2525 , 2525 , 0 , 3885 , 3885 , 0 ,-35.00644 ,N,N
12-Dec-2014 10:51,201410,201310,Other Reporting Airports      ,NEWCASTLE                     ,BELFAST INTERNATIONAL         , 16354 , 16354 , 0 , 16319 , 16319 , 0 , 0.2144739 ,N,N
12-Dec-2014 10:51,201410,201310,Other Reporting Airports      ,NEWCASTLE                     ,BIGGIN HILL                   , 0 , 0 , 0 , 7 , 0 , 7 ,-100 ,N,Y
12-Dec-2014 10:51,201410,201310,Other Reporting Airports      ,NEWCASTLE                     ,BIRMINGHAM                    , 773 , 773 , 0 , 740 , 740 , 0 , 4.459459 ,N,N
12-Dec-2014 10:51,201410,201310,Other Reporting Airports      ,NEWCASTLE                     ,BRISTOL                       , 13461 , 13461 , 0 , 15142 , 15142 , 0 ,-11.10157 ,N,N
12-Dec-2014 10:51,201410,201310,Other Reporting Airports      ,NEWCASTLE                     ,CARDIFF WALES                 , 1416 , 1339 , 77 , 1302 , 1048 , 254 , 8.75576 ,N,N
12-Dec-2014 10:51,201410,201310,Other Reporting Airports      ,NEWCASTLE                     ,EAST MIDLANDS INTERNATIONAL   , 57 , 0 , 57 , 0 , 0 , 0 ,Null,N,N
12-Dec-2014 10:51,201410,201310,Other Reporting Airports      ,NEWCASTLE                     ,EXETER                        , 824 , 824 , 0 , 2608 , 2608 , 0 ,-68.40491 ,N,N
12-Dec-2014 10:51,201410,201310,Other Reporting Airports      ,NEWCASTLE                     ,FARNBOROUGH                   , 0 , 0 , 0 , 12 , 0 , 12 ,-100 ,N,Y
12-Dec-2014 10:51,201410,201310,Other Reporting Airports      ,NEWCASTLE                     ,GATWICK                       , 11061 , 11061 , 0 , 7504 , 7504 , 0 , 47.40139 ,N,N
12-Dec-2014 10:51,201410,201310,Other Reporting Airports      ,NEWCASTLE                     ,HEATHROW                      , 41083 , 41083 , 0 , 43346 , 43314 , 32 ,-5.220782 ,N,N
12-Dec-2014 10:51,201410,201310,Other Reporting Airports      ,NEWCASTLE                     ,INVERNESS                     , 0 , 0 , 0 , 15 , 0 , 15 ,-100 ,N,N
12-Dec-2014 10:51,201410,201310,Other Reporting Airports      ,NEWCASTLE                     ,ISLE OF MAN                   , 348 , 348 , 0 , 340 , 340 , 0 , 2.352941 ,N,N
12-Dec-2014 10:51,201410,201310,Other Reporting Airports      ,NEWCASTLE                     ,JERSEY                        , 979 , 979 , 0 , 2219 , 2219 , 0 ,-55.88103 ,N,N
12-Dec-2014 10:51,201410,201310,Other Reporting Airports      ,NEWCASTLE                     ,LEEDS BRADFORD                , 19 , 19 , 0 , 0 , 0 , 0 ,Null,N,N
12-Dec-2014 10:51,201410,201310,Other Reporting Airports      ,NEWCASTLE                     ,LIVERPOOL (JOHN LENNON)       , 40 , 0 , 40 , 35 , 0 , 35 , 14.28571 ,N,N
12-Dec-2014 10:51,201410,201310,Other Reporting Airports      ,NEWCASTLE                     ,LUTON                         , 32 , 0 , 32 , 0 , 0 , 0 ,Null,N,N
12-Dec-2014 10:51,201410,201310,Other Reporting Airports      ,NEWCASTLE                     ,MANCHESTER                    , 158 , 0 , 158 , 157 , 0 , 157 , 0.6369427 ,N,N
12-Dec-2014 10:51,201410,201310,Other Reporting Airports      ,NEWCASTLE                     ,SOUTHAMPTON                   , 9353 , 9283 , 70 , 8343 , 8343 , 0 , 12.10596 ,N,N
12-Dec-2014 10:51,201410,201310,Other Reporting Airports      ,NEWCASTLE                     ,STANSTED                      , 75 , 0 , 75 , 0 , 0 , 0 ,Null,N,N
12-Dec-2014 10:51,201410,201310,Other Reporting Airports      ,NEWQUAY                       ,BIRMINGHAM                    , 1389 , 1389 , 0 , 0 , 0 , 0 ,Null,N,N
12-Dec-2014 10:51,201410,201310,Other Reporting Airports      ,NEWQUAY                       ,GATWICK                       , 8902 , 8902 , 0 , 7851 , 7851 , 0 , 13.38683 ,N,N
12-Dec-2014 10:51,201410,201310,Other Reporting Airports      ,NEWQUAY                       ,ISLES OF SCILLY (ST.MARYS)    , 1449 , 1449 , 0 , 1421 , 1421 , 0 , 1.970443 ,N,N
12-Dec-2014 10:51,201410,201310,Other Reporting Airports      ,NEWQUAY                       ,MANCHESTER                    , 4116 , 4116 , 0 , 2916 , 2916 , 0 , 41.15226 ,N,N
12-Dec-2014 10:51,201410,201310,Other Reporting Airports      ,NORWICH                       ,ABERDEEN                      , 5562 , 5562 , 0 , 5599 , 5599 , 0 ,-0.6608323 ,N,N
12-Dec-2014 10:51,201410,201310,Other Reporting Airports      ,NORWICH                       ,CARDIFF WALES                 , 0 , 0 , 0 , 78 , 0 , 78 ,-100 ,N,N
12-Dec-2014 10:51,201410,201310,Other Reporting Airports      ,NORWICH                       ,EDINBURGH                     , 2831 , 2831 , 0 , 2265 , 2265 , 0 , 24.98896 ,N,N
12-Dec-2014 10:51,201410,201310,Other Reporting Airports      ,NORWICH                       ,FARNBOROUGH                   , 0 , 0 , 0 , 71 , 0 , 71 ,-100 ,N,N
12-Dec-2014 10:51,201410,201310,Other Reporting Airports      ,NORWICH                       ,JERSEY                        , 0 , 0 , 0 , 285 , 285 , 0 ,-100 ,N,N
12-Dec-2014 10:51,201410,201310,Other Reporting Airports      ,NORWICH                       ,MANCHESTER                    , 2835 , 2835 , 0 , 2826 , 2791 , 35 , 0.3184713 ,N,N
12-Dec-2014 10:51,201410,201310,Other Reporting Airports      ,OXFORD (KIDLINGTON)           ,LUTON                         , 0 , 0 , 0 , 23 , 0 , 23 ,-100 ,N,N
12-Dec-2014 10:51,201410,201310,Other Reporting Airports      ,PRESTWICK                     ,CITY OF DERRY (EGLINTON)      , 4670 , 4670 , 0 , 6500 , 6500 , 0 ,-28.15385 ,N,N
12-Dec-2014 10:51,201410,201310,Other Reporting Airports      ,SCATSTA                       ,ABERDEEN                      , 15022 , 0 , 15022 , 13343 , 0 , 13343 , 12.58338 ,N,N
12-Dec-2014 10:51,201410,201310,Other Reporting Airports      ,SOUTHAMPTON                   ,ABERDEEN                      , 2349 , 2349 , 0 , 499 , 499 , 0 , 370.7415 ,N,N
12-Dec-2014 10:51,201410,201310,Other Reporting Airports      ,SOUTHAMPTON                   ,ALDERNEY                      , 1815 , 1815 , 0 , 1881 , 1881 , 0 ,-3.508772 ,N,N
12-Dec-2014 10:51,201410,201310,Other Reporting Airports      ,SOUTHAMPTON                   ,BELFAST CITY (GEORGE BEST)    , 10018 , 10018 , 0 , 7682 , 7682 , 0 , 30.40875 ,N,N
12-Dec-2014 10:51,201410,201310,Other Reporting Airports      ,SOUTHAMPTON                   ,EDINBURGH                     , 19466 , 19466 , 0 , 18759 , 18759 , 0 , 3.768858 ,N,N
12-Dec-2014 10:51,201410,201310,Other Reporting Airports      ,SOUTHAMPTON                   ,GLASGOW                       , 17979 , 17979 , 0 , 16816 , 16816 , 0 , 6.916032 ,N,N
12-Dec-2014 10:51,201410,201310,Other Reporting Airports      ,SOUTHAMPTON                   ,GUERNSEY                      , 14938 , 14938 , 0 , 11951 , 11951 , 0 , 24.99372 ,N,N
12-Dec-2014 10:51,201410,201310,Other Reporting Airports      ,SOUTHAMPTON                   ,JERSEY                        , 16616 , 16616 , 0 , 14535 , 14535 , 0 , 14.31717 ,N,N
12-Dec-2014 10:51,201410,201310,Other Reporting Airports      ,SOUTHAMPTON                   ,LEEDS BRADFORD                , 1794 , 1794 , 0 , 5635 , 5635 , 0 ,-68.16327 ,N,N
12-Dec-2014 10:51,201410,201310,Other Reporting Airports      ,SOUTHAMPTON                   ,MANCHESTER                    , 15490 , 15430 , 60 , 11434 , 11354 , 80 , 35.47315 ,N,N
12-Dec-2014 10:51,201410,201310,Other Reporting Airports      ,SOUTHAMPTON                   ,NEWCASTLE                     , 9445 , 9378 , 67 , 8400 , 8400 , 0 , 12.44048 ,N,N
12-Dec-2014 10:51,201410,201310,London Area Airports          ,SOUTHEND                      ,BELFAST INTERNATIONAL         , 0 , 0 , 0 , 5946 , 5946 , 0 ,-100 ,N,N
12-Dec-2014 10:51,201410,201310,London Area Airports          ,SOUTHEND                      ,EDINBURGH                     , 0 , 0 , 0 , 5025 , 5025 , 0 ,-100 ,N,N
12-Dec-2014 10:51,201410,201310,London Area Airports          ,SOUTHEND                      ,JERSEY                        , 1925 , 1925 , 0 , 3101 , 3101 , 0 ,-37.92325 ,N,N
12-Dec-2014 10:51,201410,201310,London Area Airports          ,STANSTED                      ,BELFAST INTERNATIONAL         , 26322 , 26322 , 0 , 25616 , 25616 , 0 , 2.75609 ,N,N
12-Dec-2014 10:51,201410,201310,London Area Airports          ,STANSTED                      ,CARDIFF WALES                 , 0 , 0 , 0 , 63 , 0 , 63 ,-100 ,N,N
12-Dec-2014 10:51,201410,201310,London Area Airports          ,STANSTED                      ,CITY OF DERRY (EGLINTON)      , 12205 , 12205 , 0 , 11600 , 11600 , 0 , 5.215517 ,N,N
12-Dec-2014 10:51,201410,201310,London Area Airports          ,STANSTED                      ,DUNDEE                        , 1940 , 1940 , 0 , 0 , 0 , 0 ,Null,N,N
12-Dec-2014 10:51,201410,201310,London Area Airports          ,STANSTED                      ,EDINBURGH                     , 30902 , 30902 , 0 , 27857 , 27857 , 0 , 10.93083 ,N,N
12-Dec-2014 10:51,201410,201310,London Area Airports          ,STANSTED                      ,GLASGOW                       , 28708 , 28708 , 0 , 28298 , 28298 , 0 , 1.448866 ,N,N
12-Dec-2014 10:51,201410,201310,London Area Airports          ,STANSTED                      ,GUERNSEY                      , 2139 , 2139 , 0 , 2464 , 2464 , 0 ,-13.18993 ,N,N
12-Dec-2014 10:51,201410,201310,London Area Airports          ,STANSTED                      ,HUMBERSIDE                    , 0 , 0 , 0 , 70 , 0 , 70 ,-100 ,N,N
12-Dec-2014 10:51,201410,201310,London Area Airports          ,STANSTED                      ,JERSEY                        , 54 , 54 , 0 , 0 , 0 , 0 ,Null,N,N
12-Dec-2014 10:51,201410,201310,London Area Airports          ,STANSTED                      ,MANCHESTER                    , 0 , 0 , 0 , 111 , 0 , 111 ,-100 ,N,N
12-Dec-2014 10:51,201410,201310,London Area Airports          ,STANSTED                      ,NORWICH                       , 0 , 0 , 0 , 68 , 0 , 68 ,-100 ,N,N
12-Dec-2014 10:51,201410,201310,Other Reporting Airports      ,STORNOWAY                     ,ABERDEEN                      , 545 , 545 , 0 , 496 , 496 , 0 , 9.879032 ,N,N
12-Dec-2014 10:51,201410,201310,Other Reporting Airports      ,STORNOWAY                     ,BENBECULA                     , 563 , 563 , 0 , 623 , 623 , 0 ,-9.630818 ,N,N
12-Dec-2014 10:51,201410,201310,Other Reporting Airports      ,STORNOWAY                     ,EDINBURGH                     , 1712 , 1712 , 0 , 1658 , 1658 , 0 , 3.256936 ,N,N
12-Dec-2014 10:51,201410,201310,Other Reporting Airports      ,STORNOWAY                     ,GLASGOW                       , 5838 , 5838 , 0 , 5519 , 5519 , 0 , 5.780033 ,N,N
12-Dec-2014 10:51,201410,201310,Other Reporting Airports      ,STORNOWAY                     ,INVERNESS                     , 3297 , 3297 , 0 , 2840 , 2840 , 0 , 16.09155 ,N,N
12-Dec-2014 10:51,201410,201310,Other Reporting Airports      ,SUMBURGH                      ,ABERDEEN                      , 14658 , 8955 , 5703 , 13699 , 7648 , 6051 , 7.000511 ,N,N
12-Dec-2014 10:51,201410,201310,Other Reporting Airports      ,SUMBURGH                      ,EDINBURGH                     , 4517 , 4517 , 0 , 3815 , 3815 , 0 , 18.40105 ,N,N
12-Dec-2014 10:51,201410,201310,Other Reporting Airports      ,SUMBURGH                      ,FAIR ISLE                     , 0 , 0 , 0 , 10 , 10 , 0 ,-100 ,N,N
12-Dec-2014 10:51,201410,201310,Other Reporting Airports      ,SUMBURGH                      ,GLASGOW                       , 2488 , 2488 , 0 , 2085 , 2085 , 0 , 19.32854 ,N,N
12-Dec-2014 10:51,201410,201310,Other Reporting Airports      ,SUMBURGH                      ,INVERNESS                     , 350 , 350 , 0 , 379 , 379 , 0 ,-7.651715 ,N,N
12-Dec-2014 10:51,201410,201310,Other Reporting Airports      ,SUMBURGH                      ,KIRKWALL                      , 1686 , 1686 , 0 , 1584 , 1584 , 0 , 6.439394 ,N,N
12-Dec-2014 10:51,201410,201310,Other Reporting Airports      ,SUMBURGH                      ,LUTON                         , 4 , 0 , 4 , 0 , 0 , 0 ,Null,Y,N
12-Dec-2014 10:51,201410,201310,Other Reporting Airports      ,TIREE                         ,GLASGOW                       , 586 , 586 , 0 , 595 , 595 , 0 ,-1.512605 ,N,N
12-Dec-2014 10:51,201410,201310,Other Reporting Airports      ,WICK JOHN O GROATS            ,ABERDEEN                      , 1343 , 1098 , 245 , 1063 , 974 , 89 , 26.34055 ,N,N
12-Dec-2014 10:51,201410,201310,Other Reporting Airports      ,WICK JOHN O GROATS            ,EDINBURGH                     , 1086 , 1086 , 0 , 979 , 979 , 0 , 10.92952 ,N,N
