rundate,this_period,last_period,group_name,airport_1_name,airport_2_name,total_pax_this_period,total_pax_scheduled_this_period,total_pax_charter_this_period,total_pax_last_period,total_pax_scheduled_last_period,total_pax_charter_last_period,total_pax_percent,charters_tm_only_small_acf,charters_lm_only_small_acf
28-May-2009 11:04,200903,200803,Other Reporting Airports      ,ABERDEEN                      ,BELFAST CITY (GEORGE BEST)    , 2047 , 2047 , 0 , 1926 , 1926 , 0 , 6.282451 ,N,N
28-May-2009 11:04,200903,200803,Other Reporting Airports      ,ABERDEEN                      ,BIRMINGHAM                    , 9378 , 9378 , 0 , 12635 , 12635 , 0 ,-25.7776 ,N,N
28-May-2009 11:04,200903,200803,Other Reporting Airports      ,ABERDEEN                      ,BRISTOL                       , 2220 , 2220 , 0 , 2273 , 2273 , 0 ,-2.33172 ,N,N
28-May-2009 11:04,200903,200803,Other Reporting Airports      ,ABERDEEN                      ,DURHAM TEES VALLEY            , 2715 , 2715 , 0 , 2769 , 2769 , 0 ,-1.950163 ,N,N
28-May-2009 11:04,200903,200803,Other Reporting Airports      ,ABERDEEN                      ,EAST MIDLANDS INTERNATIONAL   , 1850 , 1850 , 0 , 1576 , 1576 , 0 , 17.38579 ,N,N
28-May-2009 11:04,200903,200803,Other Reporting Airports      ,ABERDEEN                      ,EXETER                        , 2231 , 2231 , 0 , 1522 , 1522 , 0 , 46.58344 ,N,N
28-May-2009 11:04,200903,200803,Other Reporting Airports      ,ABERDEEN                      ,HUMBERSIDE                    , 3033 , 3033 , 0 , 2707 , 2707 , 0 , 12.04285 ,N,N
28-May-2009 11:04,200903,200803,Other Reporting Airports      ,ABERDEEN                      ,KIRKWALL                      , 2954 , 2954 , 0 , 3893 , 3893 , 0 ,-24.12022 ,N,N
28-May-2009 11:04,200903,200803,Other Reporting Airports      ,ABERDEEN                      ,LEEDS BRADFORD                , 1538 , 1538 , 0 , 1784 , 1784 , 0 ,-13.78924 ,N,N
28-May-2009 11:04,200903,200803,Other Reporting Airports      ,ABERDEEN                      ,MANCHESTER                    , 9523 , 9129 , 394 , 11266 , 11026 , 240 ,-15.47133 ,N,N
28-May-2009 11:04,200903,200803,Other Reporting Airports      ,ABERDEEN                      ,NEWCASTLE                     , 1599 , 1599 , 0 , 1441 , 1441 , 0 , 10.96461 ,N,N
28-May-2009 11:04,200903,200803,Other Reporting Airports      ,ABERDEEN                      ,NORTHOLT                      , 3 , 0 , 3 , 0 , 0 , 0 ,Null,Y,N
28-May-2009 11:04,200903,200803,Other Reporting Airports      ,ABERDEEN                      ,NORWICH                       , 5647 , 5647 , 0 , 5019 , 5019 , 0 , 12.51245 ,N,N
28-May-2009 11:04,200903,200803,Other Reporting Airports      ,ABERDEEN                      ,SCATSTA                       , 11803 , 0 , 11803 , 9978 , 0 , 9978 , 18.29024 ,N,N
28-May-2009 11:04,200903,200803,Other Reporting Airports      ,ABERDEEN                      ,SOUTHAMPTON                   , 3660 , 3660 , 0 , 3765 , 3765 , 0 ,-2.788845 ,N,N
28-May-2009 11:04,200903,200803,Other Reporting Airports      ,ABERDEEN                      ,STORNOWAY                     , 562 , 562 , 0 , 587 , 587 , 0 ,-4.258944 ,N,N
28-May-2009 11:04,200903,200803,Other Reporting Airports      ,ABERDEEN                      ,SUMBURGH                      , 5362 , 5167 , 195 , 6266 , 5633 , 633 ,-14.42707 ,N,N
28-May-2009 11:04,200903,200803,Other Reporting Airports      ,ABERDEEN                      ,WICK                          , 1323 , 1323 , 0 , 1512 , 1512 , 0 ,-12.5 ,N,N
28-May-2009 11:04,200903,200803,Other Reporting Airports      ,ALDERNEY                      ,BOURNEMOUTH                   , 206 , 206 , 0 , 220 , 220 , 0 ,-6.363636 ,N,N
28-May-2009 11:04,200903,200803,Other Reporting Airports      ,ALDERNEY                      ,GUERNSEY                      , 3100 , 3100 , 0 , 3058 , 3058 , 0 , 1.373447 ,N,N
28-May-2009 11:04,200903,200803,Other Reporting Airports      ,ALDERNEY                      ,JERSEY                        , 16 , 16 , 0 , 62 , 62 , 0 ,-74.19355 ,N,N
28-May-2009 11:04,200903,200803,Other Reporting Airports      ,ALDERNEY                      ,SHOREHAM                      , 0 , 0 , 0 , 20 , 20 , 0 ,-100 ,N,N
28-May-2009 11:04,200903,200803,Other Reporting Airports      ,ALDERNEY                      ,SOUTHAMPTON                   , 1575 , 1575 , 0 , 2067 , 2067 , 0 ,-23.80261 ,N,N
28-May-2009 11:04,200903,200803,Other Reporting Airports      ,ANGLESEY (VALLEY)             ,CARDIFF WALES                 , 1155 , 1155 , 0 , 979 , 979 , 0 , 17.97753 ,N,N
28-May-2009 11:04,200903,200803,Other Reporting Airports      ,BARRA                         ,BENBECULA                     , 42 , 42 , 0 , 127 , 127 , 0 ,-66.92913 ,N,N
28-May-2009 11:04,200903,200803,Other Reporting Airports      ,BARRA                         ,GLASGOW                       , 408 , 408 , 0 , 692 , 692 , 0 ,-41.04046 ,N,N
28-May-2009 11:04,200903,200803,Other Reporting Airports      ,BELFAST CITY (GEORGE BEST)    ,BIRMINGHAM                    , 17083 , 17083 , 0 , 17236 , 17236 , 0 ,-0.887677 ,N,N
28-May-2009 11:04,200903,200803,Other Reporting Airports      ,BELFAST CITY (GEORGE BEST)    ,BLACKPOOL                     , 219 , 219 , 0 , 0 , 0 , 0 ,Null,N,N
28-May-2009 11:04,200903,200803,Other Reporting Airports      ,BELFAST CITY (GEORGE BEST)    ,BOSCOMBE DOWN                 , 10 , 0 , 10 , 0 , 0 , 0 ,Null,Y,N
28-May-2009 11:04,200903,200803,Other Reporting Airports      ,BELFAST CITY (GEORGE BEST)    ,BRISTOL                       , 126 , 126 , 0 , 0 , 0 , 0 ,Null,N,N
28-May-2009 11:04,200903,200803,Other Reporting Airports      ,BELFAST CITY (GEORGE BEST)    ,CARDIFF WALES                 , 2683 , 2683 , 0 , 2976 , 2976 , 0 ,-9.84543 ,N,N
28-May-2009 11:04,200903,200803,Other Reporting Airports      ,BELFAST CITY (GEORGE BEST)    ,DONCASTER SHEFFIELD           , 1486 , 1486 , 0 , 3626 , 3626 , 0 ,-59.0182 ,N,N
28-May-2009 11:04,200903,200803,Other Reporting Airports      ,BELFAST CITY (GEORGE BEST)    ,DUNDEE                        , 991 , 991 , 0 , 0 , 0 , 0 ,Null,N,N
28-May-2009 11:04,200903,200803,Other Reporting Airports      ,BELFAST CITY (GEORGE BEST)    ,EAST MIDLANDS INTERNATIONAL   , 12811 , 12811 , 0 , 9050 , 9050 , 0 , 41.55801 ,N,N
28-May-2009 11:04,200903,200803,Other Reporting Airports      ,BELFAST CITY (GEORGE BEST)    ,EDINBURGH                     , 10227 , 10227 , 0 , 10828 , 10828 , 0 ,-5.550425 ,N,N
28-May-2009 11:04,200903,200803,Other Reporting Airports      ,BELFAST CITY (GEORGE BEST)    ,EXETER                        , 1630 , 1630 , 0 , 2489 , 2489 , 0 ,-34.51185 ,N,N
28-May-2009 11:04,200903,200803,Other Reporting Airports      ,BELFAST CITY (GEORGE BEST)    ,FARNBOROUGH                   , 10 , 0 , 10 , 0 , 0 , 0 ,Null,Y,N
28-May-2009 11:04,200903,200803,Other Reporting Airports      ,BELFAST CITY (GEORGE BEST)    ,GLASGOW                       , 8137 , 8137 , 0 , 9678 , 9678 , 0 ,-15.92271 ,N,N
28-May-2009 11:04,200903,200803,Other Reporting Airports      ,BELFAST CITY (GEORGE BEST)    ,INVERNESS                     , 1479 , 1479 , 0 , 2088 , 2088 , 0 ,-29.16667 ,N,N
28-May-2009 11:04,200903,200803,Other Reporting Airports      ,BELFAST CITY (GEORGE BEST)    ,ISLE OF MAN                   , 1312 , 1312 , 0 , 2809 , 2809 , 0 ,-53.29299 ,N,N
28-May-2009 11:04,200903,200803,Other Reporting Airports      ,BELFAST CITY (GEORGE BEST)    ,KENT INTERNATIONAL            , 962 , 0 , 962 , 0 , 0 , 0 ,Null,N,N
28-May-2009 11:04,200903,200803,Other Reporting Airports      ,BELFAST CITY (GEORGE BEST)    ,LEEDS BRADFORD                , 6549 , 6549 , 0 , 6675 , 6675 , 0 ,-1.88764 ,N,N
28-May-2009 11:04,200903,200803,Other Reporting Airports      ,BELFAST CITY (GEORGE BEST)    ,LIVERPOOL                     , 13378 , 13378 , 0 , 13399 , 13399 , 0 ,-0.1567281 ,N,N
28-May-2009 11:04,200903,200803,Other Reporting Airports      ,BELFAST CITY (GEORGE BEST)    ,MANCHESTER                    , 19391 , 19391 , 0 , 21671 , 21671 , 0 ,-10.52097 ,N,N
28-May-2009 11:04,200903,200803,Other Reporting Airports      ,BELFAST CITY (GEORGE BEST)    ,NEWCASTLE                     , 3101 , 3101 , 0 , 3603 , 3603 , 0 ,-13.93283 ,N,N
28-May-2009 11:04,200903,200803,Other Reporting Airports      ,BELFAST CITY (GEORGE BEST)    ,PRESTWICK                     , 11363 , 11363 , 0 , 5771 , 5771 , 0 , 96.89828 ,N,N
28-May-2009 11:04,200903,200803,Other Reporting Airports      ,BELFAST CITY (GEORGE BEST)    ,SOUTHAMPTON                   , 6043 , 6043 , 0 , 6310 , 6310 , 0 ,-4.231379 ,N,N
28-May-2009 11:04,200903,200803,Other Reporting Airports      ,BELFAST INTERNATIONAL         ,BIRMINGHAM                    , 11150 , 11150 , 0 , 16637 , 16637 , 0 ,-32.98071 ,N,N
28-May-2009 11:04,200903,200803,Other Reporting Airports      ,BELFAST INTERNATIONAL         ,BLACKPOOL                     , 98 , 98 , 0 , 4282 , 4282 , 0 ,-97.71135 ,N,N
28-May-2009 11:04,200903,200803,Other Reporting Airports      ,BELFAST INTERNATIONAL         ,BRISTOL                       , 15772 , 15772 , 0 , 18453 , 18453 , 0 ,-14.5288 ,N,N
28-May-2009 11:04,200903,200803,Other Reporting Airports      ,BELFAST INTERNATIONAL         ,CARDIFF WALES                 , 4969 , 4969 , 0 , 5833 , 5833 , 0 ,-14.81227 ,N,N
28-May-2009 11:04,200903,200803,Other Reporting Airports      ,BELFAST INTERNATIONAL         ,EAST MIDLANDS INTERNATIONAL   , 8780 , 8780 , 0 , 11728 , 11728 , 0 ,-25.13643 ,N,N
28-May-2009 11:04,200903,200803,Other Reporting Airports      ,BELFAST INTERNATIONAL         ,EDINBURGH                     , 20653 , 20653 , 0 , 21261 , 21261 , 0 ,-2.859696 ,N,N
28-May-2009 11:04,200903,200803,Other Reporting Airports      ,BELFAST INTERNATIONAL         ,GLASGOW                       , 19192 , 19192 , 0 , 20068 , 20068 , 0 ,-4.365159 ,N,N
28-May-2009 11:04,200903,200803,Other Reporting Airports      ,BELFAST INTERNATIONAL         ,ISLE OF MAN                   , 1011 , 1011 , 0 , 824 , 824 , 0 , 22.69417 ,N,N
28-May-2009 11:04,200903,200803,Other Reporting Airports      ,BELFAST INTERNATIONAL         ,LEEDS BRADFORD                , 7769 , 7769 , 0 , 9368 , 9368 , 0 ,-17.06874 ,N,N
28-May-2009 11:04,200903,200803,Other Reporting Airports      ,BELFAST INTERNATIONAL         ,LIVERPOOL                     , 37280 , 37280 , 0 , 35863 , 35863 , 0 , 3.951147 ,N,N
28-May-2009 11:04,200903,200803,Other Reporting Airports      ,BELFAST INTERNATIONAL         ,MANCHESTER                    , 10951 , 10951 , 0 , 15990 , 15990 , 0 ,-31.51345 ,N,N
28-May-2009 11:04,200903,200803,Other Reporting Airports      ,BELFAST INTERNATIONAL         ,NEWCASTLE                     , 16791 , 16791 , 0 , 19367 , 19367 , 0 ,-13.30098 ,N,N
28-May-2009 11:04,200903,200803,Other Reporting Airports      ,BENBECULA                     ,GLASGOW                       , 2149 , 2149 , 0 , 2255 , 2255 , 0 ,-4.700665 ,N,N
28-May-2009 11:04,200903,200803,Other Reporting Airports      ,BENBECULA                     ,INVERNESS                     , 0 , 0 , 0 , 3 , 3 , 0 ,-100 ,N,N
28-May-2009 11:04,200903,200803,Other Reporting Airports      ,BENBECULA                     ,STORNOWAY                     , 771 , 771 , 0 , 693 , 693 , 0 , 11.25541 ,N,N
28-May-2009 11:04,200903,200803,Other Reporting Airports      ,BIRMINGHAM                    ,CITY OF DERRY (EGLINTON)      , 5170 , 5170 , 0 , 0 , 0 , 0 ,Null,N,N
28-May-2009 11:04,200903,200803,Other Reporting Airports      ,BIRMINGHAM                    ,DUNDEE                        , 1454 , 1454 , 0 , 0 , 0 , 0 ,Null,N,N
28-May-2009 11:04,200903,200803,Other Reporting Airports      ,BIRMINGHAM                    ,EDINBURGH                     , 30267 , 30267 , 0 , 35572 , 35572 , 0 ,-14.91341 ,N,N
28-May-2009 11:04,200903,200803,Other Reporting Airports      ,BIRMINGHAM                    ,GLASGOW                       , 24773 , 24773 , 0 , 30568 , 30568 , 0 ,-18.95773 ,N,N
28-May-2009 11:04,200903,200803,Other Reporting Airports      ,BIRMINGHAM                    ,GUERNSEY                      , 2858 , 2816 , 42 , 2567 , 2567 , 0 , 11.33619 ,N,N
28-May-2009 11:04,200903,200803,Other Reporting Airports      ,BIRMINGHAM                    ,INVERNESS                     , 2260 , 2260 , 0 , 1092 , 1092 , 0 , 106.9597 ,N,N
28-May-2009 11:04,200903,200803,Other Reporting Airports      ,BIRMINGHAM                    ,ISLE OF MAN                   , 3996 , 3996 , 0 , 4148 , 4148 , 0 ,-3.664417 ,N,N
28-May-2009 11:04,200903,200803,Other Reporting Airports      ,BIRMINGHAM                    ,JERSEY                        , 3361 , 3361 , 0 , 5095 , 5095 , 0 ,-34.03337 ,N,N
28-May-2009 11:04,200903,200803,Other Reporting Airports      ,BIRMINGHAM                    ,NEWCASTLE                     , 1629 , 1629 , 0 , 1938 , 1938 , 0 ,-15.94427 ,N,N
28-May-2009 11:04,200903,200803,Other Reporting Airports      ,BLACKPOOL                     ,ISLE OF MAN                   , 2148 , 2148 , 0 , 2082 , 2082 , 0 , 3.170029 ,N,N
28-May-2009 11:04,200903,200803,Other Reporting Airports      ,BLACKPOOL                     ,NORWICH                       , 0 , 0 , 0 , 30 , 0 , 30 ,-100 ,N,N
28-May-2009 11:04,200903,200803,Other Reporting Airports      ,BLACKPOOL                     ,SOUTH MARSTON                 , 0 , 0 , 0 , 40 , 0 , 40 ,-100 ,N,N
28-May-2009 11:04,200903,200803,Other Reporting Airports      ,BOURNEMOUTH                   ,EDINBURGH                     , 9481 , 9481 , 0 , 0 , 0 , 0 ,Null,N,N
28-May-2009 11:04,200903,200803,Other Reporting Airports      ,BOURNEMOUTH                   ,GUERNSEY                      , 0 , 0 , 0 , 206 , 206 , 0 ,-100 ,N,N
28-May-2009 11:04,200903,200803,Other Reporting Airports      ,BOURNEMOUTH                   ,JERSEY                        , 190 , 190 , 0 , 690 , 414 , 276 ,-72.46377 ,N,N
28-May-2009 11:04,200903,200803,Other Reporting Airports      ,BOURNEMOUTH                   ,PRESTWICK                     , 5336 , 5336 , 0 , 7472 , 7472 , 0 ,-28.58672 ,N,N
28-May-2009 11:04,200903,200803,Other Reporting Airports      ,BRISTOL                       ,CITY OF DERRY (EGLINTON)      , 0 , 0 , 0 , 4842 , 4842 , 0 ,-100 ,N,N
28-May-2009 11:04,200903,200803,Other Reporting Airports      ,BRISTOL                       ,EDINBURGH                     , 20117 , 20117 , 0 , 19762 , 19762 , 0 , 1.796377 ,N,N
28-May-2009 11:04,200903,200803,Other Reporting Airports      ,BRISTOL                       ,GLASGOW                       , 18092 , 18092 , 0 , 18609 , 18609 , 0 ,-2.778226 ,N,N
28-May-2009 11:04,200903,200803,Other Reporting Airports      ,BRISTOL                       ,GUERNSEY                      , 1921 , 1921 , 0 , 2265 , 2265 , 0 ,-15.18764 ,N,N
28-May-2009 11:04,200903,200803,Other Reporting Airports      ,BRISTOL                       ,INVERNESS                     , 4678 , 4678 , 0 , 4826 , 4826 , 0 ,-3.066722 ,N,N
28-May-2009 11:04,200903,200803,Other Reporting Airports      ,BRISTOL                       ,ISLES OF SCILLY (ST.MARYS)    , 72 , 72 , 0 , 161 , 161 , 0 ,-55.2795 ,N,N
28-May-2009 11:04,200903,200803,Other Reporting Airports      ,BRISTOL                       ,JERSEY                        , 2233 , 2187 , 46 , 2435 , 2435 , 0 ,-8.295688 ,N,N
28-May-2009 11:04,200903,200803,Other Reporting Airports      ,BRISTOL                       ,KENT INTERNATIONAL            , 48 , 0 , 48 , 0 , 0 , 0 ,Null,N,N
28-May-2009 11:04,200903,200803,Other Reporting Airports      ,BRISTOL                       ,LEEDS BRADFORD                , 2501 , 2501 , 0 , 2622 , 2622 , 0 ,-4.614798 ,N,N
28-May-2009 11:04,200903,200803,Other Reporting Airports      ,BRISTOL                       ,MANCHESTER                    , 2068 , 2068 , 0 , 2827 , 2827 , 0 ,-26.84825 ,N,N
28-May-2009 11:04,200903,200803,Other Reporting Airports      ,BRISTOL                       ,NEWCASTLE                     , 17559 , 17559 , 0 , 17703 , 17703 , 0 ,-0.8134214 ,N,N
28-May-2009 11:04,200903,200803,Other Reporting Airports      ,BRISTOL                       ,NEWQUAY                       , 1447 , 1447 , 0 , 1733 , 1733 , 0 ,-16.50317 ,N,N
28-May-2009 11:04,200903,200803,Other Reporting Airports      ,BRISTOL                       ,PLYMOUTH                      , 931 , 931 , 0 , 713 , 713 , 0 , 30.57504 ,N,N
28-May-2009 11:04,200903,200803,Other Reporting Airports      ,CAMPBELTOWN                   ,GLASGOW                       , 776 , 776 , 0 , 719 , 719 , 0 , 7.927677 ,N,N
28-May-2009 11:04,200903,200803,Other Reporting Airports      ,CAMPBELTOWN                   ,ISLAY                         , 26 , 26 , 0 , 0 , 0 , 0 ,Null,N,N
28-May-2009 11:04,200903,200803,Other Reporting Airports      ,CARDIFF WALES                 ,DURHAM TEES VALLEY            , 0 , 0 , 0 , 99 , 0 , 99 ,-100 ,N,N
28-May-2009 11:04,200903,200803,Other Reporting Airports      ,CARDIFF WALES                 ,EDINBURGH                     , 13180 , 13180 , 0 , 13716 , 13682 , 34 ,-3.907845 ,N,N
28-May-2009 11:04,200903,200803,Other Reporting Airports      ,CARDIFF WALES                 ,GLASGOW                       , 5802 , 5802 , 0 , 6441 , 6441 , 0 ,-9.920819 ,N,N
28-May-2009 11:04,200903,200803,Other Reporting Airports      ,CARDIFF WALES                 ,ISLE OF MAN                   , 0 , 0 , 0 , 35 , 0 , 35 ,-100 ,N,N
28-May-2009 11:04,200903,200803,Other Reporting Airports      ,CARDIFF WALES                 ,JERSEY                        , 1293 , 1293 , 0 , 1465 , 1465 , 0 ,-11.74061 ,N,N
28-May-2009 11:04,200903,200803,Other Reporting Airports      ,CARDIFF WALES                 ,NEWCASTLE                     , 2561 , 2561 , 0 , 1408 , 1408 , 0 , 81.88921 ,N,N
28-May-2009 11:04,200903,200803,Other Reporting Airports      ,CARDIFF WALES                 ,NEWQUAY                       , 0 , 0 , 0 , 99 , 99 , 0 ,-100 ,N,N
28-May-2009 11:04,200903,200803,Other Reporting Airports      ,CARDIFF WALES                 ,NORWICH                       , 91 , 0 , 91 , 0 , 0 , 0 ,Null,N,N
28-May-2009 11:04,200903,200803,Other Reporting Airports      ,CARDIFF WALES                 ,PLYMOUTH                      , 1 , 0 , 1 , 0 , 0 , 0 ,Null,N,N
28-May-2009 11:04,200903,200803,Other Reporting Airports      ,CITY OF DERRY (EGLINTON)      ,EAST MIDLANDS INTERNATIONAL   , 0 , 0 , 0 , 5685 , 5685 , 0 ,-100 ,N,N
28-May-2009 11:04,200903,200803,Other Reporting Airports      ,CITY OF DERRY (EGLINTON)      ,GLASGOW                       , 0 , 0 , 0 , 1193 , 1193 , 0 ,-100 ,N,N
28-May-2009 11:04,200903,200803,Other Reporting Airports      ,CITY OF DERRY (EGLINTON)      ,LIVERPOOL                     , 4733 , 4733 , 0 , 7038 , 7038 , 0 ,-32.75078 ,N,N
28-May-2009 11:04,200903,200803,Other Reporting Airports      ,CITY OF DERRY (EGLINTON)      ,PRESTWICK                     , 4036 , 4036 , 0 , 5612 , 5612 , 0 ,-28.08268 ,N,N
28-May-2009 11:04,200903,200803,Other Reporting Airports      ,COVENTRY                      ,DURHAM TEES VALLEY            , 0 , 0 , 0 , 62 , 0 , 62 ,-100 ,N,N
28-May-2009 11:04,200903,200803,Other Reporting Airports      ,COVENTRY                      ,JERSEY                        , 0 , 0 , 0 , 3682 , 3682 , 0 ,-100 ,N,N
28-May-2009 11:04,200903,200803,Other Reporting Airports      ,DONCASTER SHEFFIELD           ,JERSEY                        , 0 , 0 , 0 , 4097 , 4097 , 0 ,-100 ,N,N
28-May-2009 11:04,200903,200803,Other Reporting Airports      ,DONCASTER SHEFFIELD           ,OXFORD (KIDLINGTON)           , 3 , 0 , 3 , 0 , 0 , 0 ,Null,Y,N
28-May-2009 11:04,200903,200803,Other Reporting Airports      ,DONCASTER SHEFFIELD           ,PLYMOUTH                      , 0 , 0 , 0 , 59 , 0 , 59 ,-100 ,N,N
28-May-2009 11:04,200903,200803,Other Reporting Airports      ,DURHAM TEES VALLEY            ,NORWICH                       , 0 , 0 , 0 , 2 , 0 , 2 ,-100 ,N,Y
28-May-2009 11:04,200903,200803,Other Reporting Airports      ,DURHAM TEES VALLEY            ,SOUTHAMPTON                   , 85 , 0 , 85 , 0 , 0 , 0 ,Null,N,N
28-May-2009 11:04,200903,200803,Other Reporting Airports      ,EAST MIDLANDS INTERNATIONAL   ,EDINBURGH                     , 12731 , 12731 , 0 , 14545 , 14545 , 0 ,-12.47164 ,N,N
28-May-2009 11:04,200903,200803,Other Reporting Airports      ,EAST MIDLANDS INTERNATIONAL   ,GLASGOW                       , 11489 , 11489 , 0 , 13576 , 13576 , 0 ,-15.37272 ,N,N
28-May-2009 11:04,200903,200803,Other Reporting Airports      ,EAST MIDLANDS INTERNATIONAL   ,INVERNESS                     , 2909 , 2909 , 0 , 3431 , 3431 , 0 ,-15.21422 ,N,N
28-May-2009 11:04,200903,200803,Other Reporting Airports      ,EAST MIDLANDS INTERNATIONAL   ,ISLE OF MAN                   , 476 , 476 , 0 , 531 , 531 , 0 ,-10.35782 ,N,N
28-May-2009 11:04,200903,200803,Other Reporting Airports      ,EAST MIDLANDS INTERNATIONAL   ,JERSEY                        , 3113 , 3113 , 0 , 3257 , 3257 , 0 ,-4.421247 ,N,N
28-May-2009 11:04,200903,200803,Other Reporting Airports      ,EAST MIDLANDS INTERNATIONAL   ,NORWICH                       , 50 , 0 , 50 , 0 , 0 , 0 ,Null,N,N
28-May-2009 11:04,200903,200803,Other Reporting Airports      ,EDAY                          ,KIRKWALL                      , 57 , 57 , 0 , 98 , 98 , 0 ,-41.83673 ,N,N
28-May-2009 11:04,200903,200803,Other Reporting Airports      ,EDINBURGH                     ,EXETER                        , 4692 , 4692 , 0 , 5254 , 5254 , 0 ,-10.69661 ,N,N
28-May-2009 11:04,200903,200803,Other Reporting Airports      ,EDINBURGH                     ,FARNBOROUGH                   , 6 , 0 , 6 , 5 , 0 , 5 , 20 ,Y,Y
28-May-2009 11:04,200903,200803,Other Reporting Airports      ,EDINBURGH                     ,INVERNESS                     , 309 , 309 , 0 , 752 , 752 , 0 ,-58.90957 ,N,N
28-May-2009 11:04,200903,200803,Other Reporting Airports      ,EDINBURGH                     ,ISLE OF MAN                   , 916 , 916 , 0 , 1033 , 1033 , 0 ,-11.32623 ,N,N
28-May-2009 11:04,200903,200803,Other Reporting Airports      ,EDINBURGH                     ,JERSEY                        , 933 , 933 , 0 , 1506 , 1506 , 0 ,-38.04781 ,N,N
28-May-2009 11:04,200903,200803,Other Reporting Airports      ,EDINBURGH                     ,KIRKWALL                      , 2854 , 2854 , 0 , 2627 , 2627 , 0 , 8.641035 ,N,N
28-May-2009 11:04,200903,200803,Other Reporting Airports      ,EDINBURGH                     ,LEEDS BRADFORD                , 1995 , 1995 , 0 , 3488 , 3488 , 0 ,-42.8039 ,N,N
28-May-2009 11:04,200903,200803,Other Reporting Airports      ,EDINBURGH                     ,MANCHESTER                    , 14973 , 14973 , 0 , 20330 , 20330 , 0 ,-26.35022 ,N,N
28-May-2009 11:04,200903,200803,Other Reporting Airports      ,EDINBURGH                     ,NEWQUAY                       , 0 , 0 , 0 , 1300 , 1300 , 0 ,-100 ,N,N
28-May-2009 11:04,200903,200803,Other Reporting Airports      ,EDINBURGH                     ,NORWICH                       , 4379 , 4379 , 0 , 4493 , 4493 , 0 ,-2.53728 ,N,N
28-May-2009 11:04,200903,200803,Other Reporting Airports      ,EDINBURGH                     ,SOUTHAMPTON                   , 15215 , 15215 , 0 , 17483 , 17483 , 0 ,-12.9726 ,N,N
28-May-2009 11:04,200903,200803,Other Reporting Airports      ,EDINBURGH                     ,STORNOWAY                     , 2527 , 2527 , 0 , 1966 , 1966 , 0 , 28.5351 ,N,N
28-May-2009 11:04,200903,200803,Other Reporting Airports      ,EDINBURGH                     ,SUMBURGH                      , 2513 , 2513 , 0 , 2549 , 2549 , 0 ,-1.412319 ,N,N
28-May-2009 11:04,200903,200803,Other Reporting Airports      ,EDINBURGH                     ,WICK                          , 735 , 735 , 0 , 551 , 551 , 0 , 33.39383 ,N,N
28-May-2009 11:04,200903,200803,Other Reporting Airports      ,EXETER                        ,GLASGOW                       , 2389 , 2389 , 0 , 3070 , 3070 , 0 ,-22.18241 ,N,N
28-May-2009 11:04,200903,200803,Other Reporting Airports      ,EXETER                        ,GUERNSEY                      , 1935 , 1935 , 0 , 2195 , 2195 , 0 ,-11.8451 ,N,N
28-May-2009 11:04,200903,200803,Other Reporting Airports      ,EXETER                        ,ISLES OF SCILLY (ST.MARYS)    , 125 , 125 , 0 , 247 , 247 , 0 ,-49.39271 ,N,N
28-May-2009 11:04,200903,200803,Other Reporting Airports      ,EXETER                        ,JERSEY                        , 2569 , 2569 , 0 , 2721 , 2721 , 0 ,-5.586182 ,N,N
28-May-2009 11:04,200903,200803,Other Reporting Airports      ,EXETER                        ,LEEDS BRADFORD                , 1403 , 1403 , 0 , 1956 , 1956 , 0 ,-28.27198 ,N,N
28-May-2009 11:04,200903,200803,Other Reporting Airports      ,EXETER                        ,MANCHESTER                    , 4152 , 4152 , 0 , 4354 , 4354 , 0 ,-4.639412 ,N,N
28-May-2009 11:04,200903,200803,Other Reporting Airports      ,EXETER                        ,NEWCASTLE                     , 2753 , 2753 , 0 , 4342 , 4342 , 0 ,-36.59604 ,N,N
28-May-2009 11:04,200903,200803,Other Reporting Airports      ,EXETER                        ,NORWICH                       , 71 , 71 , 0 , 1528 , 1528 , 0 ,-95.3534 ,N,N
28-May-2009 11:04,200903,200803,Other Reporting Airports      ,FAIR ISLE                     ,LERWICK (TINGWALL)            , 176 , 176 , 0 , 182 , 182 , 0 ,-3.296703 ,N,N
28-May-2009 11:04,200903,200803,Other Reporting Airports      ,FARNBOROUGH                   ,MANCHESTER                    , 32 , 0 , 32 , 0 , 0 , 0 ,Null,N,N
28-May-2009 11:04,200903,200803,Other Reporting Airports      ,FARNBOROUGH                   ,NEWCASTLE                     , 0 , 0 , 0 , 62 , 0 , 62 ,-100 ,N,N
28-May-2009 11:04,200903,200803,Other Reporting Airports      ,FILTON                        ,LIVERPOOL                     , 0 , 0 , 0 , 28 , 0 , 28 ,-100 ,N,N
28-May-2009 11:04,200903,200803,Other Reporting Airports      ,FOULA                         ,LERWICK (TINGWALL)            , 99 , 99 , 0 , 64 , 64 , 0 , 54.6875 ,N,N
28-May-2009 11:04,200903,200803,London Area Airports          ,GATWICK                       ,ABERDEEN                      , 10656 , 10656 , 0 , 18769 , 18769 , 0 ,-43.22553 ,N,N
28-May-2009 11:04,200903,200803,London Area Airports          ,GATWICK                       ,BELFAST CITY (GEORGE BEST)    , 16618 , 16618 , 0 , 16889 , 16889 , 0 ,-1.604595 ,N,N
28-May-2009 11:04,200903,200803,London Area Airports          ,GATWICK                       ,BELFAST INTERNATIONAL         , 28056 , 28056 , 0 , 30905 , 30905 , 0 ,-9.218573 ,N,N
28-May-2009 11:04,200903,200803,London Area Airports          ,GATWICK                       ,BLACKPOOL                     , 0 , 0 , 0 , 33 , 0 , 33 ,-100 ,N,N
28-May-2009 11:04,200903,200803,London Area Airports          ,GATWICK                       ,DONCASTER SHEFFIELD           , 0 , 0 , 0 , 49 , 0 , 49 ,-100 ,N,N
28-May-2009 11:04,200903,200803,London Area Airports          ,GATWICK                       ,EDINBURGH                     , 54796 , 54796 , 0 , 60613 , 60613 , 0 ,-9.596951 ,N,N
28-May-2009 11:04,200903,200803,London Area Airports          ,GATWICK                       ,GLASGOW                       , 38612 , 38612 , 0 , 45294 , 45294 , 0 ,-14.75251 ,N,N
28-May-2009 11:04,200903,200803,London Area Airports          ,GATWICK                       ,GUERNSEY                      , 26528 , 26528 , 0 , 27619 , 27619 , 0 ,-3.950179 ,N,N
28-May-2009 11:04,200903,200803,London Area Airports          ,GATWICK                       ,INVERNESS                     , 18376 , 18296 , 80 , 20414 , 20414 , 0 ,-9.983345 ,N,N
28-May-2009 11:04,200903,200803,London Area Airports          ,GATWICK                       ,ISLE OF MAN                   , 10471 , 10471 , 0 , 11657 , 11572 , 85 ,-10.17414 ,N,N
28-May-2009 11:04,200903,200803,London Area Airports          ,GATWICK                       ,JERSEY                        , 41956 , 41956 , 0 , 43382 , 43382 , 0 ,-3.287078 ,N,N
28-May-2009 11:04,200903,200803,London Area Airports          ,GATWICK                       ,LIVERPOOL                     , 0 , 0 , 0 , 47 , 0 , 47 ,-100 ,N,N
28-May-2009 11:04,200903,200803,London Area Airports          ,GATWICK                       ,MANCHESTER                    , 26771 , 26761 , 10 , 33899 , 33899 , 0 ,-21.02717 ,N,N
28-May-2009 11:04,200903,200803,London Area Airports          ,GATWICK                       ,NEWCASTLE                     , 9561 , 9561 , 0 , 8387 , 8314 , 73 , 13.99785 ,N,N
28-May-2009 11:04,200903,200803,London Area Airports          ,GATWICK                       ,NEWQUAY                       , 8132 , 8132 , 0 , 5366 , 5366 , 0 , 51.54678 ,N,N
28-May-2009 11:04,200903,200803,London Area Airports          ,GATWICK                       ,PLYMOUTH                      , 4446 , 4446 , 0 , 5002 , 5002 , 0 ,-11.11555 ,N,N
28-May-2009 11:04,200903,200803,Other Reporting Airports      ,GLASGOW                       ,ISLAY                         , 1903 , 1903 , 0 , 2481 , 2481 , 0 ,-23.29706 ,N,N
28-May-2009 11:04,200903,200803,Other Reporting Airports      ,GLASGOW                       ,ISLE OF MAN                   , 1139 , 1139 , 0 , 1453 , 1453 , 0 ,-21.61046 ,N,N
28-May-2009 11:04,200903,200803,Other Reporting Airports      ,GLASGOW                       ,KIRKWALL                      , 1106 , 1106 , 0 , 1294 , 1294 , 0 ,-14.52859 ,N,N
28-May-2009 11:04,200903,200803,Other Reporting Airports      ,GLASGOW                       ,LEEDS BRADFORD                , 2007 , 2007 , 0 , 2464 , 2464 , 0 ,-18.54708 ,N,N
28-May-2009 11:04,200903,200803,Other Reporting Airports      ,GLASGOW                       ,MANCHESTER                    , 10452 , 10452 , 0 , 12968 , 12968 , 0 ,-19.4016 ,N,N
28-May-2009 11:04,200903,200803,Other Reporting Airports      ,GLASGOW                       ,NEWQUAY                       , 675 , 675 , 0 , 0 , 0 , 0 ,Null,N,N
28-May-2009 11:04,200903,200803,Other Reporting Airports      ,GLASGOW                       ,NORWICH                       , 0 , 0 , 0 , 1577 , 1577 , 0 ,-100 ,N,N
28-May-2009 11:04,200903,200803,Other Reporting Airports      ,GLASGOW                       ,PLYMOUTH                      , 1687 , 1687 , 0 , 0 , 0 , 0 ,Null,N,N
28-May-2009 11:04,200903,200803,Other Reporting Airports      ,GLASGOW                       ,SOUTHAMPTON                   , 12836 , 12836 , 0 , 12891 , 12891 , 0 ,-0.4266542 ,N,N
28-May-2009 11:04,200903,200803,Other Reporting Airports      ,GLASGOW                       ,STORNOWAY                     , 4097 , 4097 , 0 , 5228 , 5228 , 0 ,-21.63351 ,N,N
28-May-2009 11:04,200903,200803,Other Reporting Airports      ,GLASGOW                       ,SUMBURGH                      , 1401 , 1401 , 0 , 1477 , 1477 , 0 ,-5.145566 ,N,N
28-May-2009 11:04,200903,200803,Other Reporting Airports      ,GLASGOW                       ,TIREE                         , 487 , 487 , 0 , 642 , 642 , 0 ,-24.1433 ,N,N
28-May-2009 11:04,200903,200803,Other Reporting Airports      ,GLOUCESTERSHIRE               ,ISLE OF MAN                   , 1242 , 1242 , 0 , 1370 , 1370 , 0 ,-9.343065 ,N,N
28-May-2009 11:04,200903,200803,Other Reporting Airports      ,GLOUCESTERSHIRE               ,JERSEY                        , 245 , 245 , 0 , 161 , 161 , 0 , 52.17391 ,N,N
28-May-2009 11:04,200903,200803,Other Reporting Airports      ,GUERNSEY                      ,ISLE OF MAN                   , 449 , 449 , 0 , 329 , 329 , 0 , 36.47416 ,N,N
28-May-2009 11:04,200903,200803,Other Reporting Airports      ,GUERNSEY                      ,JERSEY                        , 12882 , 12882 , 0 , 13578 , 13578 , 0 ,-5.125939 ,N,N
28-May-2009 11:04,200903,200803,Other Reporting Airports      ,GUERNSEY                      ,MANCHESTER                    , 4895 , 4895 , 0 , 5427 , 5427 , 0 ,-9.802837 ,N,N
28-May-2009 11:04,200903,200803,Other Reporting Airports      ,GUERNSEY                      ,NORWICH                       , 0 , 0 , 0 , 280 , 280 , 0 ,-100 ,N,N
28-May-2009 11:04,200903,200803,Other Reporting Airports      ,GUERNSEY                      ,SOUTHAMPTON                   , 11159 , 11027 , 132 , 11569 , 11569 , 0 ,-3.543954 ,N,N
28-May-2009 11:04,200903,200803,London Area Airports          ,HEATHROW                      ,ABERDEEN                      , 52767 , 52767 , 0 , 52286 , 52286 , 0 , 0.9199404 ,N,N
28-May-2009 11:04,200903,200803,London Area Airports          ,HEATHROW                      ,BELFAST CITY (GEORGE BEST)    , 43969 , 43969 , 0 , 49393 , 49393 , 0 ,-10.98131 ,N,N
28-May-2009 11:04,200903,200803,London Area Airports          ,HEATHROW                      ,BELFAST INTERNATIONAL         , 19559 , 19559 , 0 , 18774 , 18774 , 0 , 4.181314 ,N,N
28-May-2009 11:04,200903,200803,London Area Airports          ,HEATHROW                      ,DURHAM TEES VALLEY            , 4862 , 4862 , 0 , 5981 , 5981 , 0 ,-18.70925 ,N,N
28-May-2009 11:04,200903,200803,London Area Airports          ,HEATHROW                      ,EDINBURGH                     , 110655 , 110414 , 241 , 111224 , 111224 , 0 ,-0.5115802 ,N,N
28-May-2009 11:04,200903,200803,London Area Airports          ,HEATHROW                      ,GLASGOW                       , 92840 , 92840 , 0 , 94423 , 94423 , 0 ,-1.676498 ,N,N
28-May-2009 11:04,200903,200803,London Area Airports          ,HEATHROW                      ,INVERNESS                     , 0 , 0 , 0 , 1333 , 1333 , 0 ,-100 ,N,N
28-May-2009 11:04,200903,200803,London Area Airports          ,HEATHROW                      ,JERSEY                        , 6186 , 6186 , 0 , 7402 , 7402 , 0 ,-16.42799 ,N,N
28-May-2009 11:04,200903,200803,London Area Airports          ,HEATHROW                      ,LEEDS BRADFORD                , 7190 , 7190 , 0 , 11886 , 11886 , 0 ,-39.50867 ,N,N
28-May-2009 11:04,200903,200803,London Area Airports          ,HEATHROW                      ,LIVERPOOL                     , 0 , 0 , 0 , 27 , 0 , 27 ,-100 ,N,N
28-May-2009 11:04,200903,200803,London Area Airports          ,HEATHROW                      ,MANCHESTER                    , 75616 , 75616 , 0 , 83822 , 83822 , 0 ,-9.789793 ,N,N
28-May-2009 11:04,200903,200803,London Area Airports          ,HEATHROW                      ,NEWCASTLE                     , 40202 , 40202 , 0 , 38202 , 38202 , 0 , 5.235328 ,N,N
28-May-2009 11:04,200903,200803,Other Reporting Airports      ,HUMBERSIDE                    ,PLYMOUTH                      , 0 , 0 , 0 , 83 , 0 , 83 ,-100 ,N,N
28-May-2009 11:04,200903,200803,Other Reporting Airports      ,INVERNESS                     ,KIRKWALL                      , 2318 , 2318 , 0 , 2143 , 2143 , 0 , 8.166122 ,N,N
28-May-2009 11:04,200903,200803,Other Reporting Airports      ,INVERNESS                     ,LEEDS BRADFORD                , 0 , 0 , 0 , 35 , 35 , 0 ,-100 ,N,N
28-May-2009 11:04,200903,200803,Other Reporting Airports      ,INVERNESS                     ,MANCHESTER                    , 4132 , 4132 , 0 , 1674 , 1624 , 50 , 146.8339 ,N,N
28-May-2009 11:04,200903,200803,Other Reporting Airports      ,INVERNESS                     ,SOUTHAMPTON                   , 514 , 514 , 0 , 271 , 271 , 0 , 89.6679 ,N,N
28-May-2009 11:04,200903,200803,Other Reporting Airports      ,INVERNESS                     ,STORNOWAY                     , 3244 , 3244 , 0 , 3060 , 3060 , 0 , 6.013072 ,N,N
28-May-2009 11:04,200903,200803,Other Reporting Airports      ,INVERNESS                     ,SUMBURGH                      , 8 , 8 , 0 , 6 , 6 , 0 , 33.33333 ,N,N
28-May-2009 11:04,200903,200803,Other Reporting Airports      ,ISLE OF MAN                   ,JERSEY                        , 409 , 409 , 0 , 752 , 752 , 0 ,-45.6117 ,N,N
28-May-2009 11:04,200903,200803,Other Reporting Airports      ,ISLE OF MAN                   ,LEEDS BRADFORD                , 978 , 978 , 0 , 1153 , 1153 , 0 ,-15.1778 ,N,N
28-May-2009 11:04,200903,200803,Other Reporting Airports      ,ISLE OF MAN                   ,LIVERPOOL                     , 9969 , 9969 , 0 , 12112 , 12112 , 0 ,-17.6932 ,N,N
28-May-2009 11:04,200903,200803,Other Reporting Airports      ,ISLE OF MAN                   ,MANCHESTER                    , 12036 , 11968 , 68 , 14261 , 14261 , 0 ,-15.60199 ,N,N
28-May-2009 11:04,200903,200803,Other Reporting Airports      ,ISLE OF MAN                   ,NEWCASTLE                     , 501 , 501 , 0 , 581 , 581 , 0 ,-13.76936 ,N,N
28-May-2009 11:04,200903,200803,Other Reporting Airports      ,ISLE OF MAN                   ,SOUTHAMPTON                   , 0 , 0 , 0 , 810 , 810 , 0 ,-100 ,N,N
28-May-2009 11:04,200903,200803,Other Reporting Airports      ,ISLES OF SCILLY (ST.MARYS)    ,NEWQUAY                       , 816 , 816 , 0 , 1052 , 1052 , 0 ,-22.43346 ,N,N
28-May-2009 11:04,200903,200803,Other Reporting Airports      ,ISLES OF SCILLY (ST.MARYS)    ,SOUTHAMPTON                   , 83 , 83 , 0 , 144 , 144 , 0 ,-42.36111 ,N,N
28-May-2009 11:04,200903,200803,Other Reporting Airports      ,JERSEY                        ,LIVERPOOL                     , 4233 , 4233 , 0 , 157 , 157 , 0 , 2596.178 ,N,N
28-May-2009 11:04,200903,200803,Other Reporting Airports      ,JERSEY                        ,MANCHESTER                    , 5836 , 5836 , 0 , 8841 , 8841 , 0 ,-33.98937 ,N,N
28-May-2009 11:04,200903,200803,Other Reporting Airports      ,JERSEY                        ,NEWCASTLE                     , 0 , 0 , 0 , 49 , 49 , 0 ,-100 ,N,N
28-May-2009 11:04,200903,200803,Other Reporting Airports      ,JERSEY                        ,NORWICH                       , 0 , 0 , 0 , 592 , 592 , 0 ,-100 ,N,N
28-May-2009 11:04,200903,200803,Other Reporting Airports      ,JERSEY                        ,PLYMOUTH                      , 720 , 720 , 0 , 940 , 940 , 0 ,-23.40425 ,N,N
28-May-2009 11:04,200903,200803,Other Reporting Airports      ,JERSEY                        ,SOUTHAMPTON                   , 11166 , 11166 , 0 , 11480 , 11480 , 0 ,-2.735192 ,N,N
28-May-2009 11:04,200903,200803,Other Reporting Airports      ,KIRKWALL                      ,NORTH RONALDSAY               , 474 , 474 , 0 , 461 , 461 , 0 , 2.819957 ,N,N
28-May-2009 11:04,200903,200803,Other Reporting Airports      ,KIRKWALL                      ,PAPA WESTRAY                  , 306 , 306 , 0 , 331 , 331 , 0 ,-7.55287 ,N,N
28-May-2009 11:04,200903,200803,Other Reporting Airports      ,KIRKWALL                      ,SANDAY                        , 304 , 304 , 0 , 351 , 351 , 0 ,-13.39031 ,N,N
28-May-2009 11:04,200903,200803,Other Reporting Airports      ,KIRKWALL                      ,STRONSAY                      , 309 , 309 , 0 , 285 , 285 , 0 , 8.421053 ,N,N
28-May-2009 11:04,200903,200803,Other Reporting Airports      ,KIRKWALL                      ,SUMBURGH                      , 725 , 725 , 0 , 734 , 734 , 0 ,-1.226158 ,N,N
28-May-2009 11:04,200903,200803,Other Reporting Airports      ,KIRKWALL                      ,WESTRAY                       , 307 , 307 , 0 , 288 , 288 , 0 , 6.597222 ,N,N
28-May-2009 11:04,200903,200803,Other Reporting Airports      ,LEEDS BRADFORD                ,MANCHESTER                    , 102 , 102 , 0 , 0 , 0 , 0 ,Null,N,N
28-May-2009 11:04,200903,200803,Other Reporting Airports      ,LEEDS BRADFORD                ,NEWQUAY                       , 2207 , 2207 , 0 , 1067 , 1067 , 0 , 106.8416 ,N,N
28-May-2009 11:04,200903,200803,Other Reporting Airports      ,LEEDS BRADFORD                ,SOUTHAMPTON                   , 6362 , 6362 , 0 , 7337 , 7337 , 0 ,-13.28881 ,N,N
28-May-2009 11:04,200903,200803,Other Reporting Airports      ,LERWICK (TINGWALL)            ,OUT SKERRIES                  , 74 , 74 , 0 , 51 , 51 , 0 , 45.09804 ,N,N
28-May-2009 11:04,200903,200803,Other Reporting Airports      ,LERWICK (TINGWALL)            ,PAPA STOUR                    , 11 , 11 , 0 , 14 , 14 , 0 ,-21.42857 ,N,N
28-May-2009 11:04,200903,200803,Other Reporting Airports      ,LIVERPOOL                     ,NEWCASTLE                     , 0 , 0 , 0 , 51 , 0 , 51 ,-100 ,N,N
28-May-2009 11:04,200903,200803,Other Reporting Airports      ,LIVERPOOL                     ,SOUTHAMPTON                   , 62 , 0 , 62 , 60 , 0 , 60 , 3.333333 ,N,N
28-May-2009 11:04,200903,200803,London Area Airports          ,LONDON CITY                   ,BELFAST CITY (GEORGE BEST)    , 0 , 0 , 0 , 1731 , 1731 , 0 ,-100 ,N,N
28-May-2009 11:04,200903,200803,London Area Airports          ,LONDON CITY                   ,DUNDEE                        , 3328 , 3328 , 0 , 3439 , 3439 , 0 ,-3.227682 ,N,N
28-May-2009 11:04,200903,200803,London Area Airports          ,LONDON CITY                   ,EDINBURGH                     , 28616 , 28616 , 0 , 30179 , 30179 , 0 ,-5.179098 ,N,N
28-May-2009 11:04,200903,200803,London Area Airports          ,LONDON CITY                   ,GLASGOW                       , 10323 , 10323 , 0 , 9278 , 9278 , 0 , 11.2632 ,N,N
28-May-2009 11:04,200903,200803,London Area Airports          ,LONDON CITY                   ,ISLE OF MAN                   , 5192 , 5192 , 0 , 5204 , 5204 , 0 ,-0.2305918 ,N,N
28-May-2009 11:04,200903,200803,London Area Airports          ,LONDON CITY                   ,JERSEY                        , 652 , 652 , 0 , 1014 , 1014 , 0 ,-35.7002 ,N,N
28-May-2009 11:04,200903,200803,London Area Airports          ,LONDON CITY                   ,MANCHESTER                    , 5751 , 5751 , 0 , 7891 , 7891 , 0 ,-27.1195 ,N,N
28-May-2009 11:04,200903,200803,London Area Airports          ,LUTON                         ,ABERDEEN                      , 8270 , 8170 , 100 , 11792 , 11792 , 0 ,-29.86771 ,N,N
28-May-2009 11:04,200903,200803,London Area Airports          ,LUTON                         ,BELFAST INTERNATIONAL         , 19476 , 19476 , 0 , 22453 , 22453 , 0 ,-13.25881 ,N,N
28-May-2009 11:04,200903,200803,London Area Airports          ,LUTON                         ,CITY OF DERRY (EGLINTON)      , 2305 , 2305 , 0 , 0 , 0 , 0 ,Null,N,N
28-May-2009 11:04,200903,200803,London Area Airports          ,LUTON                         ,DONCASTER SHEFFIELD           , 4 , 0 , 4 , 0 , 0 , 0 ,Null,Y,N
28-May-2009 11:04,200903,200803,London Area Airports          ,LUTON                         ,DURHAM TEES VALLEY            , 29 , 0 , 29 , 0 , 0 , 0 ,Null,N,N
28-May-2009 11:04,200903,200803,London Area Airports          ,LUTON                         ,EDINBURGH                     , 25935 , 25935 , 0 , 31438 , 31438 , 0 ,-17.50429 ,N,N
28-May-2009 11:04,200903,200803,London Area Airports          ,LUTON                         ,GLASGOW                       , 27649 , 27645 , 4 , 31141 , 31141 , 0 ,-11.21351 ,N,N
28-May-2009 11:04,200903,200803,London Area Airports          ,LUTON                         ,INVERNESS                     , 4552 , 4536 , 16 , 7605 , 7605 , 0 ,-40.14464 ,N,N
28-May-2009 11:04,200903,200803,London Area Airports          ,LUTON                         ,ISLE OF MAN                   , 1910 , 1910 , 0 , 1699 , 1699 , 0 , 12.41907 ,N,N
28-May-2009 11:04,200903,200803,London Area Airports          ,LUTON                         ,JERSEY                        , 134 , 134 , 0 , 2129 , 2129 , 0 ,-93.70596 ,N,N
28-May-2009 11:04,200903,200803,London Area Airports          ,LUTON                         ,MANCHESTER                    , 0 , 0 , 0 , 117 , 0 , 117 ,-100 ,N,N
28-May-2009 11:04,200903,200803,London Area Airports          ,LUTON                         ,NEWCASTLE                     , 35 , 0 , 35 , 0 , 0 , 0 ,Null,N,N
28-May-2009 11:04,200903,200803,London Area Airports          ,LUTON                         ,NEWQUAY                       , 100 , 0 , 100 , 0 , 0 , 0 ,Null,N,N
28-May-2009 11:04,200903,200803,Other Reporting Airports      ,MANCHESTER                    ,NEWCASTLE                     , 31 , 0 , 31 , 0 , 0 , 0 ,Null,N,N
28-May-2009 11:04,200903,200803,Other Reporting Airports      ,MANCHESTER                    ,NEWQUAY                       , 1279 , 1279 , 0 , 1142 , 1142 , 0 , 11.9965 ,N,N
28-May-2009 11:04,200903,200803,Other Reporting Airports      ,MANCHESTER                    ,NORWICH                       , 2935 , 2935 , 0 , 3679 , 3679 , 0 ,-20.22289 ,N,N
28-May-2009 11:04,200903,200803,Other Reporting Airports      ,MANCHESTER                    ,PLYMOUTH                      , 2138 , 2138 , 0 , 3147 , 3147 , 0 ,-32.06228 ,N,N
28-May-2009 11:04,200903,200803,Other Reporting Airports      ,MANCHESTER                    ,SOUTHAMPTON                   , 11841 , 11841 , 0 , 13713 , 13636 , 77 ,-13.65128 ,N,N
28-May-2009 11:04,200903,200803,Other Reporting Airports      ,NEWCASTLE                     ,NEWQUAY                       , 455 , 455 , 0 , 0 , 0 , 0 ,Null,N,N
28-May-2009 11:04,200903,200803,Other Reporting Airports      ,NEWCASTLE                     ,PLYMOUTH                      , 1059 , 1059 , 0 , 0 , 0 , 0 ,Null,N,N
28-May-2009 11:04,200903,200803,Other Reporting Airports      ,NEWCASTLE                     ,SOUTHAMPTON                   , 8858 , 8858 , 0 , 10175 , 10175 , 0 ,-12.94349 ,N,N
28-May-2009 11:04,200903,200803,Other Reporting Airports      ,NEWQUAY                       ,PLYMOUTH                      , 22 , 22 , 0 , 12 , 12 , 0 , 83.33334 ,N,N
28-May-2009 11:04,200903,200803,Other Reporting Airports      ,NEWQUAY                       ,SOUTHAMPTON                   , 23 , 0 , 23 , 0 , 0 , 0 ,Null,N,N
28-May-2009 11:04,200903,200803,Other Reporting Airports      ,NORWICH                       ,PLYMOUTH                      , 95 , 0 , 95 , 0 , 0 , 0 ,Null,N,N
28-May-2009 11:04,200903,200803,Other Reporting Airports      ,OBAN (NORTH CONNEL)           ,TIREE                         , 99 , 99 , 0 , 0 , 0 , 0 ,Null,N,N
28-May-2009 11:04,200903,200803,London Area Airports          ,SOUTHEND                      ,CARDIFF WALES                 , 0 , 0 , 0 , 66 , 0 , 66 ,-100 ,N,N
28-May-2009 11:04,200903,200803,London Area Airports          ,STANSTED                      ,BELFAST CITY (GEORGE BEST)    , 23466 , 23466 , 0 , 28919 , 28919 , 0 ,-18.85612 ,N,N
28-May-2009 11:04,200903,200803,London Area Airports          ,STANSTED                      ,BELFAST INTERNATIONAL         , 23675 , 23675 , 0 , 27756 , 27756 , 0 ,-14.70313 ,N,N
28-May-2009 11:04,200903,200803,London Area Airports          ,STANSTED                      ,CITY OF DERRY (EGLINTON)      , 7457 , 7457 , 0 , 13733 , 13733 , 0 ,-45.70014 ,N,N
28-May-2009 11:04,200903,200803,London Area Airports          ,STANSTED                      ,EDINBURGH                     , 30757 , 30757 , 0 , 33290 , 33290 , 0 ,-7.608891 ,N,N
28-May-2009 11:04,200903,200803,London Area Airports          ,STANSTED                      ,GLASGOW                       , 27851 , 27851 , 0 , 29740 , 29740 , 0 ,-6.351715 ,N,N
28-May-2009 11:04,200903,200803,London Area Airports          ,STANSTED                      ,GUERNSEY                      , 1740 , 1740 , 0 , 2397 , 2397 , 0 ,-27.40926 ,N,N
28-May-2009 11:04,200903,200803,London Area Airports          ,STANSTED                      ,LIVERPOOL                     , 0 , 0 , 0 , 282 , 0 , 282 ,-100 ,N,N
28-May-2009 11:04,200903,200803,London Area Airports          ,STANSTED                      ,MANCHESTER                    , 182 , 0 , 182 , 1284 , 1284 , 0 ,-85.82555 ,N,N
28-May-2009 11:04,200903,200803,London Area Airports          ,STANSTED                      ,NEWCASTLE                     , 13315 , 13315 , 0 , 18201 , 18201 , 0 ,-26.84468 ,N,N
28-May-2009 11:04,200903,200803,London Area Airports          ,STANSTED                      ,NEWQUAY                       , 3993 , 3993 , 0 , 9244 , 9244 , 0 ,-56.80441 ,N,N
28-May-2009 11:04,200903,200803,London Area Airports          ,STANSTED                      ,PRESTWICK                     , 22521 , 22521 , 0 , 31906 , 31906 , 0 ,-29.41453 ,N,N
