rundate,report_period,apt_group,intended_apt,actual_apt,total_flights
28/02/2012 15:43,2011,A,ABERDEEN,BLACKPOOL,1
28/02/2012 15:43,2011,A,ABERDEEN,DUNDEE,6
28/02/2012 15:43,2011,A,ABERDEEN,EDINBURGH,3
28/02/2012 15:43,2011,A,ABERDEEN,GLASGOW,1
28/02/2012 15:43,2011,A,ABERDEEN,HUMBERSIDE,1
28/02/2012 15:43,2011,A,ABERDEEN,INVERNESS,3
28/02/2012 15:43,2011,A,ABERDEEN,NEWCASTLE,5
28/02/2012 15:43,2011,A,ALDERNEY,GUERNSEY,1
28/02/2012 15:43,2011,A,BARRA,BENBECULA,1
28/02/2012 15:43,2011,A,BELFAST CITY (GEORGE BEST),ABERDEEN,1
28/02/2012 15:43,2011,A,BELFAST CITY (GEORGE BEST),BELFAST INTERNATIONAL,27
28/02/2012 15:43,2011,A,BELFAST CITY (GEORGE BEST),BIRMINGHAM,1
28/02/2012 15:43,2011,A,BELFAST CITY (GEORGE BEST),EAST MIDLANDS INTERNATIONAL,2
28/02/2012 15:43,2011,A,BELFAST CITY (GEORGE BEST),GLASGOW,1
28/02/2012 15:43,2011,A,BELFAST CITY (GEORGE BEST),LIVERPOOL (JOHN LENNON),1
28/02/2012 15:43,2011,A,BELFAST CITY (GEORGE BEST),MANCHESTER,1
28/02/2012 15:43,2011,A,BELFAST INTERNATIONAL,BELFAST CITY (GEORGE BEST),8
28/02/2012 15:43,2011,A,BELFAST INTERNATIONAL,GATWICK,1
28/02/2012 15:43,2011,A,BENBECULA,STORNOWAY,1
28/02/2012 15:43,2011,A,BIGGIN HILL,GATWICK,1
28/02/2012 15:43,2011,A,BIGGIN HILL,HEATHROW,1
28/02/2012 15:43,2011,A,BIRMINGHAM,BRISTOL,1
28/02/2012 15:43,2011,A,BIRMINGHAM,EAST MIDLANDS INTERNATIONAL,7
28/02/2012 15:43,2011,A,BIRMINGHAM,GATWICK,1
28/02/2012 15:43,2011,A,BIRMINGHAM,GLASGOW,1
28/02/2012 15:43,2011,A,BIRMINGHAM,LUTON,1
28/02/2012 15:43,2011,A,BIRMINGHAM,MANCHESTER,8
28/02/2012 15:43,2011,A,BLACKPOOL,MANCHESTER,4
28/02/2012 15:43,2011,A,BOURNEMOUTH,BELFAST CITY (GEORGE BEST),1
28/02/2012 15:43,2011,A,BOURNEMOUTH,EAST MIDLANDS INTERNATIONAL,1
28/02/2012 15:43,2011,A,BRISTOL,BIRMINGHAM,7
28/02/2012 15:43,2011,A,BRISTOL,CARDIFF WALES,7
28/02/2012 15:43,2011,A,BRISTOL,EDINBURGH,1
28/02/2012 15:43,2011,A,BRISTOL,EXETER,5
28/02/2012 15:43,2011,A,BRISTOL,GATWICK,1
28/02/2012 15:43,2011,A,BRISTOL,LUTON,1
28/02/2012 15:43,2011,A,BRISTOL,MANCHESTER,1
28/02/2012 15:43,2011,A,BRISTOL,NEWQUAY,1
28/02/2012 15:43,2011,A,CARDIFF WALES,BIRMINGHAM,5
28/02/2012 15:43,2011,A,CARDIFF WALES,BRISTOL,2
28/02/2012 15:43,2011,A,CARDIFF WALES,EXETER,3
28/02/2012 15:43,2011,A,CARDIFF WALES,MANCHESTER,1
28/02/2012 15:43,2011,A,CARLISLE,BLACKPOOL,1
28/02/2012 15:43,2011,A,CITY OF DERRY (EGLINTON),BELFAST CITY (GEORGE BEST),2
28/02/2012 15:43,2011,A,CITY OF DERRY (EGLINTON),BELFAST INTERNATIONAL,3
28/02/2012 15:43,2011,A,DURHAM TEES VALLEY,NEWCASTLE,1
28/02/2012 15:43,2011,A,EAST MIDLANDS INTERNATIONAL,BIRMINGHAM,2
28/02/2012 15:43,2011,A,EAST MIDLANDS INTERNATIONAL,BOURNEMOUTH,1
28/02/2012 15:43,2011,A,EAST MIDLANDS INTERNATIONAL,LEEDS BRADFORD,1
28/02/2012 15:43,2011,A,EAST MIDLANDS INTERNATIONAL,NEWCASTLE,1
28/02/2012 15:43,2011,A,EDINBURGH,ABERDEEN,1
28/02/2012 15:43,2011,A,EDINBURGH,BIRMINGHAM,2
28/02/2012 15:43,2011,A,EDINBURGH,GLASGOW,12
28/02/2012 15:43,2011,A,EDINBURGH,LIVERPOOL (JOHN LENNON),1
28/02/2012 15:43,2011,A,EDINBURGH,LUTON,1
28/02/2012 15:43,2011,A,EDINBURGH,MANCHESTER,3
28/02/2012 15:43,2011,A,EDINBURGH,NEWCASTLE,8
28/02/2012 15:43,2011,A,EDINBURGH,PRESTWICK,2
28/02/2012 15:43,2011,A,EDINBURGH,SOUTHAMPTON,1
28/02/2012 15:43,2011,A,EXETER,BRISTOL,1
28/02/2012 15:43,2011,A,EXETER,CARDIFF WALES,1
28/02/2012 15:43,2011,A,EXETER,EAST MIDLANDS INTERNATIONAL,1
28/02/2012 15:43,2011,A,EXETER,GATWICK,1
28/02/2012 15:43,2011,A,EXETER,JERSEY,1
28/02/2012 15:43,2011,A,FARNBOROUGH,HEATHROW,1
28/02/2012 15:43,2011,A,GATWICK,ABERDEEN,1
28/02/2012 15:43,2011,A,GATWICK,BOURNEMOUTH,2
28/02/2012 15:43,2011,A,GATWICK,CARDIFF WALES,1
28/02/2012 15:43,2011,A,GATWICK,HEATHROW,3
28/02/2012 15:43,2011,A,GATWICK,LEEDS BRADFORD,1
28/02/2012 15:43,2011,A,GATWICK,LUTON,1
28/02/2012 15:43,2011,A,GATWICK,STANSTED,1
28/02/2012 15:43,2011,A,GLASGOW,BENBECULA,1
28/02/2012 15:43,2011,A,GLASGOW,BIRMINGHAM,1
28/02/2012 15:43,2011,A,GLASGOW,BRISTOL,1
28/02/2012 15:43,2011,A,GLASGOW,EDINBURGH,4
28/02/2012 15:43,2011,A,GLASGOW,MANCHESTER,10
28/02/2012 15:43,2011,A,GLASGOW,NEWCASTLE,1
28/02/2012 15:43,2011,A,GLASGOW,PRESTWICK,2
28/02/2012 15:43,2011,A,GLOUCESTERSHIRE,BIRMINGHAM,1
28/02/2012 15:43,2011,A,GUERNSEY,BOURNEMOUTH,1
28/02/2012 15:43,2011,A,GUERNSEY,EXETER,2
28/02/2012 15:43,2011,A,GUERNSEY,JERSEY,12
28/02/2012 15:43,2011,A,GUERNSEY,MANCHESTER,1
28/02/2012 15:43,2011,A,GUERNSEY,SOUTHAMPTON,1
28/02/2012 15:43,2011,A,HAWARDEN,MANCHESTER,2
28/02/2012 15:43,2011,A,HEATHROW,BIRMINGHAM,1
28/02/2012 15:43,2011,A,HEATHROW,EAST MIDLANDS INTERNATIONAL,2
28/02/2012 15:43,2011,A,HEATHROW,EDINBURGH,2
28/02/2012 15:43,2011,A,HEATHROW,GATWICK,9
28/02/2012 15:43,2011,A,HEATHROW,LUTON,2
28/02/2012 15:43,2011,A,HEATHROW,MANCHESTER,5
28/02/2012 15:43,2011,A,HEATHROW,STANSTED,3
28/02/2012 15:43,2011,A,INVERNESS,ABERDEEN,2
28/02/2012 15:43,2011,A,INVERNESS,GLASGOW,1
28/02/2012 15:43,2011,A,ISLE OF MAN,BLACKPOOL,4
28/02/2012 15:43,2011,A,ISLE OF MAN,LIVERPOOL (JOHN LENNON),1
28/02/2012 15:43,2011,A,ISLE OF MAN,MANCHESTER,2
28/02/2012 15:43,2011,A,JERSEY,BOURNEMOUTH,2
28/02/2012 15:43,2011,A,JERSEY,GATWICK,1
28/02/2012 15:43,2011,A,JERSEY,GUERNSEY,1
28/02/2012 15:43,2011,A,JERSEY,MANCHESTER,1
28/02/2012 15:43,2011,A,JERSEY,SOUTHAMPTON,4
28/02/2012 15:43,2011,A,KEMBLE,BIRMINGHAM,1
28/02/2012 15:43,2011,A,KIRKWALL,SUMBURGH,1
28/02/2012 15:43,2011,A,LEEDS BRADFORD,BLACKPOOL,5
28/02/2012 15:43,2011,A,LEEDS BRADFORD,DONCASTER SHEFFIELD,13
28/02/2012 15:43,2011,A,LEEDS BRADFORD,DURHAM TEES VALLEY,7
28/02/2012 15:43,2011,A,LEEDS BRADFORD,EAST MIDLANDS INTERNATIONAL,1
28/02/2012 15:43,2011,A,LEEDS BRADFORD,EDINBURGH,1
28/02/2012 15:43,2011,A,LEEDS BRADFORD,HUMBERSIDE,2
28/02/2012 15:43,2011,A,LEEDS BRADFORD,LIVERPOOL (JOHN LENNON),5
28/02/2012 15:43,2011,A,LEEDS BRADFORD,MANCHESTER,67
28/02/2012 15:43,2011,A,LEEDS BRADFORD,SOUTHAMPTON,1
28/02/2012 15:43,2011,A,LIVERPOOL (JOHN LENNON),BIRMINGHAM,4
28/02/2012 15:43,2011,A,LIVERPOOL (JOHN LENNON),DONCASTER SHEFFIELD,1
28/02/2012 15:43,2011,A,LIVERPOOL (JOHN LENNON),EAST MIDLANDS INTERNATIONAL,13
28/02/2012 15:43,2011,A,LIVERPOOL (JOHN LENNON),LEEDS BRADFORD,1
28/02/2012 15:43,2011,A,LIVERPOOL (JOHN LENNON),MANCHESTER,23
28/02/2012 15:43,2011,A,LIVERPOOL (JOHN LENNON),NEWCASTLE,3
28/02/2012 15:43,2011,A,LONDON CITY,BIRMINGHAM,2
28/02/2012 15:43,2011,A,LONDON CITY,EDINBURGH,1
28/02/2012 15:43,2011,A,LONDON CITY,GATWICK,19
28/02/2012 15:43,2011,A,LONDON CITY,LUTON,5
28/02/2012 15:43,2011,A,LONDON CITY,MANCHESTER,1
28/02/2012 15:43,2011,A,LONDON CITY,SOUTHEND,6
28/02/2012 15:43,2011,A,LONDON CITY,STANSTED,146
28/02/2012 15:43,2011,A,LUTON,BIRMINGHAM,1
28/02/2012 15:43,2011,A,LUTON,JERSEY,1
28/02/2012 15:43,2011,A,LUTON,STANSTED,3
28/02/2012 15:43,2011,A,MANCHESTER,BIRMINGHAM,3
28/02/2012 15:43,2011,A,MANCHESTER,BLACKPOOL,1
28/02/2012 15:43,2011,A,MANCHESTER,CARDIFF WALES,1
28/02/2012 15:43,2011,A,MANCHESTER,EAST MIDLANDS INTERNATIONAL,2
28/02/2012 15:43,2011,A,MANCHESTER,EDINBURGH,1
28/02/2012 15:43,2011,A,MANCHESTER,GATWICK,2
28/02/2012 15:43,2011,A,MANCHESTER,LEEDS BRADFORD,1
28/02/2012 15:43,2011,A,MANCHESTER,LIVERPOOL (JOHN LENNON),2
28/02/2012 15:43,2011,A,MANCHESTER,NEWCASTLE,2
28/02/2012 15:43,2011,A,MANCHESTER,STANSTED,1
28/02/2012 15:43,2011,A,MANSTON (KENT INT),GATWICK,1
28/02/2012 15:43,2011,A,NEWCASTLE,BIRMINGHAM,3
28/02/2012 15:43,2011,A,NEWCASTLE,DONCASTER SHEFFIELD,3
28/02/2012 15:43,2011,A,NEWCASTLE,DURHAM TEES VALLEY,2
28/02/2012 15:43,2011,A,NEWCASTLE,GATWICK,1
28/02/2012 15:43,2011,A,NEWCASTLE,HUMBERSIDE,2
28/02/2012 15:43,2011,A,NEWCASTLE,INVERNESS,1
28/02/2012 15:43,2011,A,NEWCASTLE,LEEDS BRADFORD,2
28/02/2012 15:43,2011,A,NEWCASTLE,MANCHESTER,5
28/02/2012 15:43,2011,A,NEWCASTLE,STANSTED,2
28/02/2012 15:43,2011,A,NEWQUAY,EXETER,1
28/02/2012 15:43,2011,A,NEWQUAY,MANCHESTER,1
28/02/2012 15:43,2011,A,NORWICH,BELFAST INTERNATIONAL,1
28/02/2012 15:43,2011,A,NORWICH,INVERNESS,1
28/02/2012 15:43,2011,A,NORWICH,MANCHESTER,1
28/02/2012 15:43,2011,A,NORWICH,STANSTED,2
28/02/2012 15:43,2011,A,PLYMOUTH,NEWQUAY,2
28/02/2012 15:43,2011,A,PRESTWICK,EDINBURGH,1
28/02/2012 15:43,2011,A,PRESTWICK,GLASGOW,1
28/02/2012 15:43,2011,A,PRESTWICK,NEWCASTLE,2
28/02/2012 15:43,2011,A,SOUTHAMPTON,BIRMINGHAM,7
28/02/2012 15:43,2011,A,SOUTHAMPTON,BLACKPOOL,1
28/02/2012 15:43,2011,A,SOUTHAMPTON,BOURNEMOUTH,17
28/02/2012 15:43,2011,A,SOUTHAMPTON,EXETER,2
28/02/2012 15:43,2011,A,SOUTHAMPTON,GATWICK,7
28/02/2012 15:43,2011,A,SOUTHAMPTON,GLASGOW,1
28/02/2012 15:43,2011,A,SOUTHAMPTON,LEEDS BRADFORD,1
28/02/2012 15:43,2011,A,SOUTHAMPTON,MANCHESTER,4
28/02/2012 15:43,2011,A,SOUTHAMPTON,SCATSTA,1
28/02/2012 15:43,2011,A,SOUTHEND,BIRMINGHAM,3
28/02/2012 15:43,2011,A,SOUTHEND,LUTON,4
28/02/2012 15:43,2011,A,STANSTED,BIRMINGHAM,2
28/02/2012 15:43,2011,A,STANSTED,BOURNEMOUTH,1
28/02/2012 15:43,2011,A,STANSTED,EAST MIDLANDS INTERNATIONAL,1
28/02/2012 15:43,2011,A,STANSTED,GATWICK,3
28/02/2012 15:43,2011,A,STANSTED,LUTON,1
28/02/2012 15:43,2011,A,SUMBURGH,ABERDEEN,2
28/02/2012 15:43,2011,A,SUMBURGH,GLASGOW,2
28/02/2012 15:43,2011,A,SUMBURGH,KIRKWALL,2
28/02/2012 15:43,2011,A,SUMBURGH,WICK,1
28/02/2012 15:43,2011,A,WICK,INVERNESS,2
28/02/2012 15:43,2011,B,Overseas Airports,BELFAST INTERNATIONAL,13
28/02/2012 15:43,2011,B,Overseas Airports,BIRMINGHAM,3
28/02/2012 15:43,2011,B,Overseas Airports,BLACKPOOL,3
28/02/2012 15:43,2011,B,Overseas Airports,BRISTOL,2
28/02/2012 15:43,2011,B,Overseas Airports,CITY OF DERRY (EGLINTON),1
28/02/2012 15:43,2011,B,Overseas Airports,EAST MIDLANDS INTERNATIONAL,17
28/02/2012 15:43,2011,B,Overseas Airports,EDINBURGH,2
28/02/2012 15:43,2011,B,Overseas Airports,EXETER,2
28/02/2012 15:43,2011,B,Overseas Airports,GATWICK,18
28/02/2012 15:43,2011,B,Overseas Airports,GLASGOW,1
28/02/2012 15:43,2011,B,Overseas Airports,HEATHROW,14
28/02/2012 15:43,2011,B,Overseas Airports,LEEDS BRADFORD,1
28/02/2012 15:43,2011,B,Overseas Airports,LUTON,3
28/02/2012 15:43,2011,B,Overseas Airports,MANCHESTER,7
28/02/2012 15:43,2011,B,Overseas Airports,MANSTON (KENT INT),2
28/02/2012 15:43,2011,B,Overseas Airports,PRESTWICK,3
28/02/2012 15:43,2011,B,Overseas Airports,STANSTED,10
28/02/2012 15:43,2011,C,All Airports,ABERDEEN,7
28/02/2012 15:43,2011,C,All Airports,BELFAST CITY (GEORGE BEST),11
28/02/2012 15:43,2011,C,All Airports,BELFAST INTERNATIONAL,44
28/02/2012 15:43,2011,C,All Airports,BENBECULA,2
28/02/2012 15:43,2011,C,All Airports,BIRMINGHAM,49
28/02/2012 15:43,2011,C,All Airports,BLACKPOOL,16
28/02/2012 15:43,2011,C,All Airports,BOURNEMOUTH,24
28/02/2012 15:43,2011,C,All Airports,BRISTOL,7
28/02/2012 15:43,2011,C,All Airports,CARDIFF WALES,10
28/02/2012 15:43,2011,C,All Airports,CITY OF DERRY (EGLINTON),1
28/02/2012 15:43,2011,C,All Airports,DONCASTER SHEFFIELD,17
28/02/2012 15:43,2011,C,All Airports,DUNDEE,6
28/02/2012 15:43,2011,C,All Airports,DURHAM TEES VALLEY,9
28/02/2012 15:43,2011,C,All Airports,EAST MIDLANDS INTERNATIONAL,47
28/02/2012 15:43,2011,C,All Airports,EDINBURGH,16
28/02/2012 15:43,2011,C,All Airports,EXETER,15
28/02/2012 15:43,2011,C,All Airports,GATWICK,66
28/02/2012 15:43,2011,C,All Airports,GLASGOW,21
28/02/2012 15:43,2011,C,All Airports,GUERNSEY,2
28/02/2012 15:43,2011,C,All Airports,HEATHROW,19
28/02/2012 15:43,2011,C,All Airports,HUMBERSIDE,5
28/02/2012 15:43,2011,C,All Airports,INVERNESS,7
28/02/2012 15:43,2011,C,All Airports,JERSEY,14
28/02/2012 15:43,2011,C,All Airports,KIRKWALL,2
28/02/2012 15:43,2011,C,All Airports,LEEDS BRADFORD,8
28/02/2012 15:43,2011,C,All Airports,LIVERPOOL (JOHN LENNON),10
28/02/2012 15:43,2011,C,All Airports,LUTON,19
28/02/2012 15:43,2011,C,All Airports,MANCHESTER,148
28/02/2012 15:43,2011,C,All Airports,MANSTON (KENT INT),2
28/02/2012 15:43,2011,C,All Airports,NEWCASTLE,23
28/02/2012 15:43,2011,C,All Airports,NEWQUAY,3
28/02/2012 15:43,2011,C,All Airports,PRESTWICK,7
28/02/2012 15:43,2011,C,All Airports,SCATSTA,1
28/02/2012 15:43,2011,C,All Airports,SOUTHAMPTON,7
28/02/2012 15:43,2011,C,All Airports,SOUTHEND,6
28/02/2012 15:43,2011,C,All Airports,STANSTED,168
28/02/2012 15:43,2011,C,All Airports,STORNOWAY,1
28/02/2012 15:43,2011,C,All Airports,SUMBURGH,1
28/02/2012 15:43,2011,C,All Airports,WICK,1
