rundate,report_period,airport_cluster,rpt_apt_grp_cd,rpt_apt_grp_name,rpt_apt_name,mail_shd_pax_acf_fe,mail_shd_cgo_acf_fe,mail_cht_pax_acf_fe,mail_cht_cgo_acf_fe,mail_shd_pax_acf_fn,mail_shd_cgo_acf_fn,mail_cht_pax_acf_fn,mail_cht_cgo_acf_fn,mail_shd_pax_acf_uk,mail_shd_cgo_acf_uk,mail_cht_pax_acf_uk,mail_cht_cgo_acf_uk
28/02/2012 15:45,2011,1,1,London Area Airports,GATWICK,2058.319,0,13.539,44.921,2015.527,0,9.076,0,5.018,0,0,0.09
28/02/2012 15:45,2011,1,1,London Area Airports,HEATHROW,20579.168,1.655,0,0,64255.87,104.305,0,0.332,11.941,0,0,0
28/02/2012 15:45,2011,1,1,London Area Airports,STANSTED,0.01,56.224,0,142.823,21.774,267.631,0,56.04,0,0,0,27117.76
28/02/2012 15:45,2011,1,3,Other UK Airports,ABERDEEN,0.926,0.582,0,11.59,0.343,0,0.101,21.697,0.714,13.591,0.157,286.43
28/02/2012 15:45,2011,1,3,Other UK Airports,BELFAST CITY (GEORGE BEST),0.023,0,0,0,0,0,0,0,1.856,0,0,0
28/02/2012 15:45,2011,1,3,Other UK Airports,BELFAST INTERNATIONAL,0,0,6.335,4.96,0,0,0,8.14,0,0,0,15408.665
28/02/2012 15:45,2011,1,3,Other UK Airports,BIRMINGHAM,1.917,0,0.001,13.891,0.07,0,0,0,0.227,0,0,0
28/02/2012 15:45,2011,1,3,Other UK Airports,BOURNEMOUTH,0,0,0,0,0,0,0,0,0,0,0,10827.528
28/02/2012 15:45,2011,1,3,Other UK Airports,BRISTOL,0,0,0,0,0,0,0,0,0,0,0,255.579
28/02/2012 15:45,2011,1,3,Other UK Airports,CARDIFF WALES,0,0,0,5.476,0,0,0,0,0,0,0,1014.491
28/02/2012 15:45,2011,1,3,Other UK Airports,COVENTRY,0,0,0,4.154,0,0,0,0,0,0,0,0
28/02/2012 15:45,2011,1,3,Other UK Airports,EAST MIDLANDS INTERNATIONAL,0,0,0,0,0,0,0,1.028,0,3891.162,0,30264.752
28/02/2012 15:45,2011,1,3,Other UK Airports,EDINBURGH,0.465,0,0.18,19.763,0.359,0,0,0,0.659,0,0,24954.702
28/02/2012 15:45,2011,1,3,Other UK Airports,EXETER,0,0,0,0,0,0,0,0,0.01,0,0,5550.009
28/02/2012 15:45,2011,1,3,Other UK Airports,GLASGOW,0.112,0,0,0,1.465,0,0,0,43.926,0,0,0
28/02/2012 15:45,2011,1,3,Other UK Airports,INVERNESS,0,0,0,0,0,0,0,0,0.024,0,0,199.271
28/02/2012 15:45,2011,1,3,Other UK Airports,ISLAY,0,0,0,0,0,0,0,0,73.783,0,0,0
28/02/2012 15:45,2011,1,3,Other UK Airports,ISLES OF SCILLY (ST.MARYS),0,0,0,0,0,0,0,0,148.26,40.1,0,0
28/02/2012 15:45,2011,1,3,Other UK Airports,ISLES OF SCILLY (TRESCO),0,0,0,0,0,0,0,0,4.53,0,0,0
28/02/2012 15:45,2011,1,3,Other UK Airports,KIRKWALL,0,0,0,0,0,0,0,0,26.213,0.092,0,0
28/02/2012 15:45,2011,1,3,Other UK Airports,LANDS END (ST JUST),0,0,0,0,0,0,0,0,36.6,37.5,0,0
28/02/2012 15:45,2011,1,3,Other UK Airports,MANCHESTER,32.796,0,0.537,0,794.925,283.28,11.634,0,2.093,0,0,0
28/02/2012 15:45,2011,1,3,Other UK Airports,MANSTON (KENT INT),0,0,0,4.89,0,0,0,0,0,0,0,0
28/02/2012 15:45,2011,1,3,Other UK Airports,NEWCASTLE,10.199,0,0,0,0,0,6.817,0,0,654.368,0,7860.948
28/02/2012 15:45,2011,1,3,Other UK Airports,PENZANCE HELIPORT,0,0,0,0,0,0,0,0,122,0,0,0
28/02/2012 15:45,2011,1,3,Other UK Airports,SCATSTA,0,0,0,0,0,0,0.691,0,0,0,0.157,0.065
28/02/2012 15:45,2011,1,3,Other UK Airports,SUMBURGH,0,0,0,0,0,0,0,0,1.4,0,0,0
28/02/2012 15:45,2011,1,3,Other UK Airports,TIREE,0,0,0,0,0,0,0,0,30.778,0,0,0
28/02/2012 15:45,2011,2,4,Non UK Reporting Airports,ALDERNEY,0,0,0,0,0,0,0,0,327.028,0,0,0
28/02/2012 15:45,2011,2,4,Non UK Reporting Airports,GUERNSEY,0.014,0,0,0,0,0,0,0,344.303,13.56,0,3102.155
28/02/2012 15:45,2011,2,4,Non UK Reporting Airports,ISLE OF MAN,0.036,0,0,0,0,0,0,0,0.173,0,0,2711.006
28/02/2012 15:45,2011,2,4,Non UK Reporting Airports,JERSEY,0,0,0.038,0,0,0,0,0,34.986,0,0,2299.928
