rundate,report_period,apt_group,intended_apt,actual_apt,total_flights
10/9/2008 12:23,1993,A,ABERDEEN,BIRMINGHAM,1
10/9/2008 12:23,1993,A,ABERDEEN,DURHAM TEES VALLEY,3
10/9/2008 12:23,1993,A,ABERDEEN,EDINBURGH,23
10/9/2008 12:23,1993,A,ABERDEEN,GLASGOW,9
10/9/2008 12:23,1993,A,ABERDEEN,HUMBERSIDE,2
10/9/2008 12:23,1993,A,ABERDEEN,INVERNESS,23
10/9/2008 12:23,1993,A,ABERDEEN,KIRKWALL,6
10/9/2008 12:23,1993,A,ABERDEEN,MANCHESTER,3
10/9/2008 12:23,1993,A,ABERDEEN,NEWCASTLE,7
10/9/2008 12:23,1993,A,ABERDEEN,NORWICH,1
10/9/2008 12:23,1993,A,ABERDEEN,SUMBURGH,3
10/9/2008 12:23,1993,A,ALDERNEY,GUERNSEY,4
10/9/2008 12:23,1993,A,ALDERNEY,JERSEY,4
10/9/2008 12:23,1993,A,ALDERNEY,SOUTHAMPTON,2
10/9/2008 12:23,1993,A,BARRA,BENBECULA,9
10/9/2008 12:23,1993,A,BARRA,TIREE,1
10/9/2008 12:23,1993,A,BELFAST CITY (GEORGE BEST),BELFAST INTERNATIONAL,3
10/9/2008 12:23,1993,A,BELFAST CITY (GEORGE BEST),BIRMINGHAM,1
10/9/2008 12:23,1993,A,BELFAST CITY (GEORGE BEST),BLACKPOOL,2
10/9/2008 12:23,1993,A,BELFAST CITY (GEORGE BEST),BRISTOL,2
10/9/2008 12:23,1993,A,BELFAST CITY (GEORGE BEST),EDINBURGH,3
10/9/2008 12:23,1993,A,BELFAST CITY (GEORGE BEST),EXETER,2
10/9/2008 12:23,1993,A,BELFAST CITY (GEORGE BEST),GLASGOW,3
10/9/2008 12:23,1993,A,BELFAST CITY (GEORGE BEST),GUERNSEY,1
10/9/2008 12:23,1993,A,BELFAST CITY (GEORGE BEST),ISLE OF MAN,3
10/9/2008 12:23,1993,A,BELFAST CITY (GEORGE BEST),JERSEY,1
10/9/2008 12:23,1993,A,BELFAST CITY (GEORGE BEST),LIVERPOOL,3
10/9/2008 12:23,1993,A,BELFAST CITY (GEORGE BEST),SOUTHAMPTON,1
10/9/2008 12:23,1993,A,BELFAST INTERNATIONAL,CARDIFF WALES,1
10/9/2008 12:23,1993,A,BELFAST INTERNATIONAL,EAST MIDLANDS INTERNATIONAL,7
10/9/2008 12:23,1993,A,BELFAST INTERNATIONAL,ISLE OF MAN,1
10/9/2008 12:23,1993,A,BELFAST INTERNATIONAL,LIVERPOOL,1
10/9/2008 12:23,1993,A,BELFAST INTERNATIONAL,MANCHESTER,3
10/9/2008 12:23,1993,A,BELFAST INTERNATIONAL,STANSTED,2
10/9/2008 12:23,1993,A,BIGGIN HILL,GATWICK,3
10/9/2008 12:23,1993,A,BIRMINGHAM,BOURNEMOUTH,1
10/9/2008 12:23,1993,A,BIRMINGHAM,CARDIFF WALES,1
10/9/2008 12:23,1993,A,BIRMINGHAM,COVENTRY,6
10/9/2008 12:23,1993,A,BIRMINGHAM,EAST MIDLANDS INTERNATIONAL,9
10/9/2008 12:23,1993,A,BIRMINGHAM,EXETER,1
10/9/2008 12:23,1993,A,BIRMINGHAM,LIVERPOOL,1
10/9/2008 12:23,1993,A,BIRMINGHAM,LUTON,4
10/9/2008 12:23,1993,A,BIRMINGHAM,MANCHESTER,34
10/9/2008 12:23,1993,A,BIRMINGHAM,SOUTHAMPTON,1
10/9/2008 12:23,1993,A,BIRMINGHAM,STANSTED,7
10/9/2008 12:23,1993,A,BOURNEMOUTH,BRISTOL,3
10/9/2008 12:23,1993,A,BRISTOL,BIRMINGHAM,21
10/9/2008 12:23,1993,A,BRISTOL,BOURNEMOUTH,2
10/9/2008 12:23,1993,A,BRISTOL,CARDIFF WALES,37
10/9/2008 12:23,1993,A,BRISTOL,EDINBURGH,2
10/9/2008 12:23,1993,A,BRISTOL,EXETER,66
10/9/2008 12:23,1993,A,BRISTOL,GATWICK,2
10/9/2008 12:23,1993,A,BRISTOL,GLASGOW,3
10/9/2008 12:23,1993,A,BRISTOL,HEATHROW,2
10/9/2008 12:23,1993,A,BRISTOL,LIVERPOOL,4
10/9/2008 12:23,1993,A,BRISTOL,LUTON,1
10/9/2008 12:23,1993,A,BRISTOL,MANCHESTER,2
10/9/2008 12:23,1993,A,BRISTOL,NEWCASTLE,1
10/9/2008 12:23,1993,A,CAMBRIDGE,NORWICH,4
10/9/2008 12:23,1993,A,CAMBRIDGE,STANSTED,2
10/9/2008 12:23,1993,A,CARDIFF WALES,BIRMINGHAM,21
10/9/2008 12:23,1993,A,CARDIFF WALES,BRISTOL,9
10/9/2008 12:23,1993,A,CARDIFF WALES,EXETER,4
10/9/2008 12:23,1993,A,CARDIFF WALES,GATWICK,4
10/9/2008 12:23,1993,A,CARDIFF WALES,HEATHROW,1
10/9/2008 12:23,1993,A,CARDIFF WALES,ISLE OF MAN,1
10/9/2008 12:23,1993,A,CARDIFF WALES,LUTON,2
10/9/2008 12:23,1993,A,CARLISLE,NEWCASTLE,2
10/9/2008 12:23,1993,A,CITY OF DERRY (EGLINTON),ISLAY,1
10/9/2008 12:23,1993,A,COVENTRY,BIRMINGHAM,16
10/9/2008 12:23,1993,A,COVENTRY,EAST MIDLANDS INTERNATIONAL,22
10/9/2008 12:23,1993,A,COVENTRY,GUERNSEY,1
10/9/2008 12:23,1993,A,COVENTRY,LIVERPOOL,3
10/9/2008 12:23,1993,A,COVENTRY,LUTON,1
10/9/2008 12:23,1993,A,COVENTRY,MANCHESTER,1
10/9/2008 12:23,1993,A,CRANFIELD,LUTON,1
10/9/2008 12:23,1993,A,DURHAM TEES VALLEY,ISLE OF MAN,1
10/9/2008 12:23,1993,A,DURHAM TEES VALLEY,LEEDS BRADFORD,3
10/9/2008 12:23,1993,A,DURHAM TEES VALLEY,NEWCASTLE,10
10/9/2008 12:23,1993,A,DURHAM TEES VALLEY,NORWICH,1
10/9/2008 12:23,1993,A,EAST MIDLANDS INTERNATIONAL,BIRMINGHAM,17
10/9/2008 12:23,1993,A,EAST MIDLANDS INTERNATIONAL,JERSEY,1
10/9/2008 12:23,1993,A,EAST MIDLANDS INTERNATIONAL,LEEDS BRADFORD,2
10/9/2008 12:23,1993,A,EAST MIDLANDS INTERNATIONAL,LIVERPOOL,20
10/9/2008 12:23,1993,A,EAST MIDLANDS INTERNATIONAL,LUTON,6
10/9/2008 12:23,1993,A,EAST MIDLANDS INTERNATIONAL,MANCHESTER,10
10/9/2008 12:23,1993,A,EDINBURGH,BOURNEMOUTH,1
10/9/2008 12:23,1993,A,EDINBURGH,CARDIFF WALES,1
10/9/2008 12:23,1993,A,EDINBURGH,EAST MIDLANDS INTERNATIONAL,1
10/9/2008 12:23,1993,A,EDINBURGH,GATWICK,1
10/9/2008 12:23,1993,A,EDINBURGH,GLASGOW,12
10/9/2008 12:23,1993,A,EDINBURGH,JERSEY,1
10/9/2008 12:23,1993,A,EDINBURGH,KIRKWALL,2
10/9/2008 12:23,1993,A,EDINBURGH,LEEDS BRADFORD,5
10/9/2008 12:23,1993,A,EDINBURGH,LUTON,1
10/9/2008 12:23,1993,A,EDINBURGH,MANCHESTER,5
10/9/2008 12:23,1993,A,EDINBURGH,NEWCASTLE,4
10/9/2008 12:23,1993,A,EDINBURGH,PRESTWICK,5
10/9/2008 12:23,1993,A,EDINBURGH,STANSTED,1
10/9/2008 12:23,1993,A,EXETER,BRISTOL,7
10/9/2008 12:23,1993,A,EXETER,CARDIFF WALES,1
10/9/2008 12:23,1993,A,EXETER,GUERNSEY,2
10/9/2008 12:23,1993,A,FARNBOROUGH,GATWICK,1
10/9/2008 12:23,1993,A,GATWICK,BIRMINGHAM,10
10/9/2008 12:23,1993,A,GATWICK,BOURNEMOUTH,19
10/9/2008 12:23,1993,A,GATWICK,BRISTOL,2
10/9/2008 12:23,1993,A,GATWICK,CARDIFF WALES,10
10/9/2008 12:23,1993,A,GATWICK,DURHAM TEES VALLEY,1
10/9/2008 12:23,1993,A,GATWICK,EAST MIDLANDS INTERNATIONAL,1
10/9/2008 12:23,1993,A,GATWICK,EDINBURGH,1
10/9/2008 12:23,1993,A,GATWICK,GLASGOW,1
10/9/2008 12:23,1993,A,GATWICK,HEATHROW,40
10/9/2008 12:23,1993,A,GATWICK,JERSEY,1
10/9/2008 12:23,1993,A,GATWICK,LUTON,20
10/9/2008 12:23,1993,A,GATWICK,MANCHESTER,47
10/9/2008 12:23,1993,A,GATWICK,PRESTWICK,1
10/9/2008 12:23,1993,A,GATWICK,SOUTHAMPTON,7
10/9/2008 12:23,1993,A,GATWICK,SOUTHEND,2
10/9/2008 12:23,1993,A,GATWICK,STANSTED,38
10/9/2008 12:23,1993,A,GLASGOW,BELFAST INTERNATIONAL,2
10/9/2008 12:23,1993,A,GLASGOW,BENBECULA,7
10/9/2008 12:23,1993,A,GLASGOW,BIRMINGHAM,3
10/9/2008 12:23,1993,A,GLASGOW,CARDIFF WALES,2
10/9/2008 12:23,1993,A,GLASGOW,DURHAM TEES VALLEY,1
10/9/2008 12:23,1993,A,GLASGOW,EAST MIDLANDS INTERNATIONAL,8
10/9/2008 12:23,1993,A,GLASGOW,EDINBURGH,36
10/9/2008 12:23,1993,A,GLASGOW,GATWICK,2
10/9/2008 12:23,1993,A,GLASGOW,HEATHROW,2
10/9/2008 12:23,1993,A,GLASGOW,HUMBERSIDE,1
10/9/2008 12:23,1993,A,GLASGOW,INVERNESS,1
10/9/2008 12:23,1993,A,GLASGOW,ISLAY,13
10/9/2008 12:23,1993,A,GLASGOW,LUTON,12
10/9/2008 12:23,1993,A,GLASGOW,MANCHESTER,10
10/9/2008 12:23,1993,A,GLASGOW,NEWCASTLE,4
10/9/2008 12:23,1993,A,GLASGOW,PRESTWICK,28
10/9/2008 12:23,1993,A,GLASGOW,STANSTED,4
10/9/2008 12:23,1993,A,GLOUCESTERSHIRE,COVENTRY,2
10/9/2008 12:23,1993,A,GOODWOOD,SOUTHAMPTON,2
10/9/2008 12:23,1993,A,GREAT YARMOUTH,NORWICH,1
10/9/2008 12:23,1993,A,GUERNSEY,BIRMINGHAM,2
10/9/2008 12:23,1993,A,GUERNSEY,EXETER,1
10/9/2008 12:23,1993,A,GUERNSEY,JERSEY,26
10/9/2008 12:23,1993,A,GUERNSEY,MANCHESTER,1
10/9/2008 12:23,1993,A,GUERNSEY,SOUTHAMPTON,17
10/9/2008 12:23,1993,A,GUERNSEY,STANSTED,1
10/9/2008 12:23,1993,A,HATFIELD,LUTON,3
10/9/2008 12:23,1993,A,HATFIELD,SOUTHAMPTON,1
10/9/2008 12:23,1993,A,HEATHROW,BIRMINGHAM,31
10/9/2008 12:23,1993,A,HEATHROW,BOURNEMOUTH,9
10/9/2008 12:23,1993,A,HEATHROW,CARDIFF WALES,9
10/9/2008 12:23,1993,A,HEATHROW,DURHAM TEES VALLEY,1
10/9/2008 12:23,1993,A,HEATHROW,EAST MIDLANDS INTERNATIONAL,2
10/9/2008 12:23,1993,A,HEATHROW,EDINBURGH,2
10/9/2008 12:23,1993,A,HEATHROW,EXETER,7
10/9/2008 12:23,1993,A,HEATHROW,GATWICK,54
10/9/2008 12:23,1993,A,HEATHROW,GLASGOW,13
10/9/2008 12:23,1993,A,HEATHROW,INVERNESS,1
10/9/2008 12:23,1993,A,HEATHROW,LEEDS BRADFORD,6
10/9/2008 12:23,1993,A,HEATHROW,LIVERPOOL,1
10/9/2008 12:23,1993,A,HEATHROW,LUTON,4
10/9/2008 12:23,1993,A,HEATHROW,MANCHESTER,55
10/9/2008 12:23,1993,A,HEATHROW,NEWCASTLE,2
10/9/2008 12:23,1993,A,HEATHROW,PRESTWICK,1
10/9/2008 12:23,1993,A,HEATHROW,SOUTHAMPTON,10
10/9/2008 12:23,1993,A,HEATHROW,STANSTED,25
10/9/2008 12:23,1993,A,HUMBERSIDE,BIRMINGHAM,1
10/9/2008 12:23,1993,A,HUMBERSIDE,DURHAM TEES VALLEY,5
10/9/2008 12:23,1993,A,HUMBERSIDE,LEEDS BRADFORD,12
10/9/2008 12:23,1993,A,HUMBERSIDE,NEWCASTLE,1
10/9/2008 12:23,1993,A,HUMBERSIDE,SOUTHAMPTON,1
10/9/2008 12:23,1993,A,INVERNESS,ABERDEEN,2
10/9/2008 12:23,1993,A,INVERNESS,EDINBURGH,2
10/9/2008 12:23,1993,A,INVERNESS,PRESTWICK,1
10/9/2008 12:23,1993,A,INVERNESS,STORNOWAY,1
10/9/2008 12:23,1993,A,ISLAY,TIREE,1
10/9/2008 12:23,1993,A,ISLE OF MAN,BELFAST CITY (GEORGE BEST),1
10/9/2008 12:23,1993,A,ISLE OF MAN,BIRMINGHAM,1
10/9/2008 12:23,1993,A,ISLE OF MAN,LIVERPOOL,18
10/9/2008 12:23,1993,A,ISLE OF MAN,MANCHESTER,1
10/9/2008 12:23,1993,A,JERSEY,ALDERNEY,1
10/9/2008 12:23,1993,A,JERSEY,BELFAST CITY (GEORGE BEST),1
10/9/2008 12:23,1993,A,JERSEY,BIRMINGHAM,8
10/9/2008 12:23,1993,A,JERSEY,BOURNEMOUTH,7
10/9/2008 12:23,1993,A,JERSEY,BRISTOL,1
10/9/2008 12:23,1993,A,JERSEY,CARDIFF WALES,1
10/9/2008 12:23,1993,A,JERSEY,EXETER,6
10/9/2008 12:23,1993,A,JERSEY,GATWICK,1
10/9/2008 12:23,1993,A,JERSEY,GLASGOW,1
10/9/2008 12:23,1993,A,JERSEY,GLOUCESTERSHIRE,1
10/9/2008 12:23,1993,A,JERSEY,GUERNSEY,30
10/9/2008 12:23,1993,A,JERSEY,MANCHESTER,1
10/9/2008 12:23,1993,A,JERSEY,SOUTHAMPTON,16
10/9/2008 12:23,1993,A,JERSEY,STANSTED,1
10/9/2008 12:23,1993,A,KENT INTERNATIONAL,GATWICK,1
10/9/2008 12:23,1993,A,KIRKWALL,BIRMINGHAM,2
10/9/2008 12:23,1993,A,KIRKWALL,GLASGOW,1
10/9/2008 12:23,1993,A,KIRKWALL,INVERNESS,5
10/9/2008 12:23,1993,A,KIRKWALL,SUMBURGH,1
10/9/2008 12:23,1993,A,KIRKWALL,WICK,1
10/9/2008 12:23,1993,A,LEEDS BRADFORD,BIRMINGHAM,3
10/9/2008 12:23,1993,A,LEEDS BRADFORD,BLACKPOOL,5
10/9/2008 12:23,1993,A,LEEDS BRADFORD,CARDIFF WALES,1
10/9/2008 12:23,1993,A,LEEDS BRADFORD,DURHAM TEES VALLEY,102
10/9/2008 12:23,1993,A,LEEDS BRADFORD,EAST MIDLANDS INTERNATIONAL,21
10/9/2008 12:23,1993,A,LEEDS BRADFORD,EDINBURGH,1
10/9/2008 12:23,1993,A,LEEDS BRADFORD,GATWICK,1
10/9/2008 12:23,1993,A,LEEDS BRADFORD,HUMBERSIDE,10
10/9/2008 12:23,1993,A,LEEDS BRADFORD,ISLE OF MAN,1
10/9/2008 12:23,1993,A,LEEDS BRADFORD,LIVERPOOL,1
10/9/2008 12:23,1993,A,LEEDS BRADFORD,LUTON,1
10/9/2008 12:23,1993,A,LEEDS BRADFORD,MANCHESTER,32
10/9/2008 12:23,1993,A,LEEDS BRADFORD,NORWICH,1
10/9/2008 12:23,1993,A,LERWICK (TINGWALL),SUMBURGH,1
10/9/2008 12:23,1993,A,LIVERPOOL,BIRMINGHAM,1
10/9/2008 12:23,1993,A,LIVERPOOL,CARDIFF WALES,1
10/9/2008 12:23,1993,A,LIVERPOOL,EAST MIDLANDS INTERNATIONAL,5
10/9/2008 12:23,1993,A,LIVERPOOL,EDINBURGH,1
10/9/2008 12:23,1993,A,LIVERPOOL,GUERNSEY,6
10/9/2008 12:23,1993,A,LIVERPOOL,ISLE OF MAN,4
10/9/2008 12:23,1993,A,LIVERPOOL,JERSEY,1
10/9/2008 12:23,1993,A,LIVERPOOL,LUTON,2
10/9/2008 12:23,1993,A,LIVERPOOL,MANCHESTER,12
10/9/2008 12:23,1993,A,LONDON CITY,GATWICK,2
10/9/2008 12:23,1993,A,LONDON CITY,HEATHROW,8
10/9/2008 12:23,1993,A,LONDON CITY,LUTON,3
10/9/2008 12:23,1993,A,LONDON CITY,SOUTHEND,2
10/9/2008 12:23,1993,A,LONDON CITY,STANSTED,13
10/9/2008 12:23,1993,A,LUTON,BELFAST INTERNATIONAL,1
10/9/2008 12:23,1993,A,LUTON,BIRMINGHAM,16
10/9/2008 12:23,1993,A,LUTON,BLACKPOOL,1
10/9/2008 12:23,1993,A,LUTON,COVENTRY,1
10/9/2008 12:23,1993,A,LUTON,EAST MIDLANDS INTERNATIONAL,10
10/9/2008 12:23,1993,A,LUTON,GATWICK,6
10/9/2008 12:23,1993,A,LUTON,HEATHROW,2
10/9/2008 12:23,1993,A,LUTON,LIVERPOOL,6
10/9/2008 12:23,1993,A,LUTON,MANCHESTER,3
10/9/2008 12:23,1993,A,LUTON,NEWCASTLE,1
10/9/2008 12:23,1993,A,LUTON,STANSTED,11
10/9/2008 12:23,1993,A,MANCHESTER,BELFAST CITY (GEORGE BEST),1
10/9/2008 12:23,1993,A,MANCHESTER,BIRMINGHAM,12
10/9/2008 12:23,1993,A,MANCHESTER,BLACKPOOL,5
10/9/2008 12:23,1993,A,MANCHESTER,CARDIFF WALES,8
10/9/2008 12:23,1993,A,MANCHESTER,EAST MIDLANDS INTERNATIONAL,9
10/9/2008 12:23,1993,A,MANCHESTER,EDINBURGH,4
10/9/2008 12:23,1993,A,MANCHESTER,EXETER,2
10/9/2008 12:23,1993,A,MANCHESTER,GATWICK,12
10/9/2008 12:23,1993,A,MANCHESTER,GLASGOW,7
10/9/2008 12:23,1993,A,MANCHESTER,GUERNSEY,11
10/9/2008 12:23,1993,A,MANCHESTER,HEATHROW,6
10/9/2008 12:23,1993,A,MANCHESTER,JERSEY,1
10/9/2008 12:23,1993,A,MANCHESTER,KIRKWALL,2
10/9/2008 12:23,1993,A,MANCHESTER,LEEDS BRADFORD,9
10/9/2008 12:23,1993,A,MANCHESTER,LIVERPOOL,12
10/9/2008 12:23,1993,A,MANCHESTER,LUTON,2
10/9/2008 12:23,1993,A,MANCHESTER,NEWCASTLE,3
10/9/2008 12:23,1993,A,MANCHESTER,PRESTWICK,1
10/9/2008 12:23,1993,A,MANCHESTER,STANSTED,1
10/9/2008 12:23,1993,A,MARHAM(KINGS LYNN),STORNOWAY,1
10/9/2008 12:23,1993,A,MILDENHALL,BIRMINGHAM,1
10/9/2008 12:23,1993,A,MILDENHALL,GLASGOW,1
10/9/2008 12:23,1993,A,NEWCASTLE,BIRMINGHAM,1
10/9/2008 12:23,1993,A,NEWCASTLE,BRISTOL,1
10/9/2008 12:23,1993,A,NEWCASTLE,CARDIFF WALES,6
10/9/2008 12:23,1993,A,NEWCASTLE,DURHAM TEES VALLEY,16
10/9/2008 12:23,1993,A,NEWCASTLE,EDINBURGH,1
10/9/2008 12:23,1993,A,NEWCASTLE,EXETER,1
10/9/2008 12:23,1993,A,NEWCASTLE,GATWICK,2
10/9/2008 12:23,1993,A,NEWCASTLE,HEATHROW,1
10/9/2008 12:23,1993,A,NEWCASTLE,LEEDS BRADFORD,4
10/9/2008 12:23,1993,A,NEWCASTLE,LUTON,20
10/9/2008 12:23,1993,A,NEWCASTLE,MANCHESTER,13
10/9/2008 12:23,1993,A,NEWCASTLE,STANSTED,2
10/9/2008 12:23,1993,A,NEWCASTLE,WICK,1
10/9/2008 12:23,1993,A,NORWICH,DURHAM TEES VALLEY,2
10/9/2008 12:23,1993,A,NORWICH,EAST MIDLANDS INTERNATIONAL,1
10/9/2008 12:23,1993,A,NORWICH,GLASGOW,1
10/9/2008 12:23,1993,A,NORWICH,GUERNSEY,1
10/9/2008 12:23,1993,A,NORWICH,HEATHROW,1
10/9/2008 12:23,1993,A,NORWICH,HUMBERSIDE,3
10/9/2008 12:23,1993,A,NORWICH,LEEDS BRADFORD,2
10/9/2008 12:23,1993,A,NORWICH,LUTON,1
10/9/2008 12:23,1993,A,NORWICH,NEWCASTLE,1
10/9/2008 12:23,1993,A,NORWICH,STANSTED,10
10/9/2008 12:23,1993,A,OXFORD (KIDLINGTON),LUTON,1
10/9/2008 12:23,1993,A,PLYMOUTH,BRISTOL,1
10/9/2008 12:23,1993,A,PLYMOUTH,EXETER,23
10/9/2008 12:23,1993,A,PRESTWICK,CARDIFF WALES,1
10/9/2008 12:23,1993,A,PRESTWICK,HEATHROW,1
10/9/2008 12:23,1993,A,PRESTWICK,MANCHESTER,1
10/9/2008 12:23,1993,A,PRESTWICK,STANSTED,1
10/9/2008 12:23,1993,A,SCATSTA,SUMBURGH,2
10/9/2008 12:23,1993,A,SOUTHAMPTON,BOURNEMOUTH,20
10/9/2008 12:23,1993,A,SOUTHAMPTON,BRISTOL,1
10/9/2008 12:23,1993,A,SOUTHAMPTON,EDINBURGH,2
10/9/2008 12:23,1993,A,SOUTHAMPTON,EXETER,2
10/9/2008 12:23,1993,A,SOUTHAMPTON,GATWICK,2
10/9/2008 12:23,1993,A,SOUTHAMPTON,GLASGOW,2
10/9/2008 12:23,1993,A,SOUTHAMPTON,GUERNSEY,3
10/9/2008 12:23,1993,A,SOUTHAMPTON,HEATHROW,1
10/9/2008 12:23,1993,A,SOUTHAMPTON,JERSEY,2
10/9/2008 12:23,1993,A,SOUTHAMPTON,LEEDS BRADFORD,1
10/9/2008 12:23,1993,A,SOUTHEND,BIRMINGHAM,5
10/9/2008 12:23,1993,A,SOUTHEND,EAST MIDLANDS INTERNATIONAL,2
10/9/2008 12:23,1993,A,SOUTHEND,GATWICK,1
10/9/2008 12:23,1993,A,SOUTHEND,LUTON,3
10/9/2008 12:23,1993,A,STANSTED,BIRMINGHAM,35
10/9/2008 12:23,1993,A,STANSTED,CAMBRIDGE,1
10/9/2008 12:23,1993,A,STANSTED,DURHAM TEES VALLEY,1
10/9/2008 12:23,1993,A,STANSTED,EAST MIDLANDS INTERNATIONAL,1
10/9/2008 12:23,1993,A,STANSTED,EDINBURGH,1
10/9/2008 12:23,1993,A,STANSTED,GATWICK,28
10/9/2008 12:23,1993,A,STANSTED,GLASGOW,1
10/9/2008 12:23,1993,A,STANSTED,GUERNSEY,1
10/9/2008 12:23,1993,A,STANSTED,HEATHROW,11
10/9/2008 12:23,1993,A,STANSTED,LEEDS BRADFORD,1
10/9/2008 12:23,1993,A,STANSTED,LIVERPOOL,5
10/9/2008 12:23,1993,A,STANSTED,LUTON,32
10/9/2008 12:23,1993,A,STANSTED,MANCHESTER,4
10/9/2008 12:23,1993,A,STANSTED,NEWCASTLE,5
10/9/2008 12:23,1993,A,STANSTED,NORWICH,13
10/9/2008 12:23,1993,A,STANSTED,SOUTHAMPTON,3
10/9/2008 12:23,1993,A,STANSTED,SOUTHEND,3
10/9/2008 12:23,1993,A,STORNOWAY,ABERDEEN,1
10/9/2008 12:23,1993,A,SUMBURGH,ABERDEEN,2
10/9/2008 12:23,1993,A,SUMBURGH,EDINBURGH,5
10/9/2008 12:23,1993,A,SUMBURGH,GLASGOW,1
10/9/2008 12:23,1993,A,SUMBURGH,INVERNESS,1
10/9/2008 12:23,1993,A,SUMBURGH,KIRKWALL,37
10/9/2008 12:23,1993,A,SUMBURGH,WICK,1
10/9/2008 12:23,1993,A,SWANSEA,CARDIFF WALES,7
10/9/2008 12:23,1993,A,UNST,KIRKWALL,1
10/9/2008 12:23,1993,A,UNST,SUMBURGH,21
10/9/2008 12:23,1993,A,WICK,ABERDEEN,1
10/9/2008 12:23,1993,A,WICK,INVERNESS,4
10/9/2008 12:23,1993,B,Overseas Airports,ABERDEEN,2
10/9/2008 12:23,1993,B,Overseas Airports,BELFAST INTERNATIONAL,2
10/9/2008 12:23,1993,B,Overseas Airports,BIRMINGHAM,8
10/9/2008 12:23,1993,B,Overseas Airports,BOURNEMOUTH,2
10/9/2008 12:23,1993,B,Overseas Airports,BRISTOL,2
10/9/2008 12:23,1993,B,Overseas Airports,CAMBRIDGE,1
10/9/2008 12:23,1993,B,Overseas Airports,CARDIFF WALES,7
10/9/2008 12:23,1993,B,Overseas Airports,DURHAM TEES VALLEY,4
10/9/2008 12:23,1993,B,Overseas Airports,EDINBURGH,6
10/9/2008 12:23,1993,B,Overseas Airports,GATWICK,63
10/9/2008 12:23,1993,B,Overseas Airports,GLASGOW,17
10/9/2008 12:23,1993,B,Overseas Airports,HEATHROW,58
10/9/2008 12:23,1993,B,Overseas Airports,HUMBERSIDE,5
10/9/2008 12:23,1993,B,Overseas Airports,KIRKWALL,12
10/9/2008 12:23,1993,B,Overseas Airports,LEEDS BRADFORD,3
10/9/2008 12:23,1993,B,Overseas Airports,LIVERPOOL,2
10/9/2008 12:23,1993,B,Overseas Airports,LUTON,31
10/9/2008 12:23,1993,B,Overseas Airports,MANCHESTER,36
10/9/2008 12:23,1993,B,Overseas Airports,NEWCASTLE,2
10/9/2008 12:23,1993,B,Overseas Airports,NORWICH,10
10/9/2008 12:23,1993,B,Overseas Airports,PRESTWICK,3
10/9/2008 12:23,1993,B,Overseas Airports,SOUTHEND,1
10/9/2008 12:23,1993,B,Overseas Airports,STANSTED,20
10/9/2008 12:23,1993,B,Overseas Airports,SUMBURGH,3
10/9/2008 12:23,1993,B,Overseas Airports,WICK,2
10/9/2008 12:23,1993,C,All Airports,ABERDEEN,8
10/9/2008 12:23,1993,C,All Airports,ALDERNEY,1
10/9/2008 12:23,1993,C,All Airports,BELFAST CITY (GEORGE BEST),3
10/9/2008 12:23,1993,C,All Airports,BELFAST INTERNATIONAL,8
10/9/2008 12:23,1993,C,All Airports,BENBECULA,16
10/9/2008 12:23,1993,C,All Airports,BIRMINGHAM,217
10/9/2008 12:23,1993,C,All Airports,BLACKPOOL,13
10/9/2008 12:23,1993,C,All Airports,BOURNEMOUTH,61
10/9/2008 12:23,1993,C,All Airports,BRISTOL,29
10/9/2008 12:23,1993,C,All Airports,CAMBRIDGE,2
10/9/2008 12:23,1993,C,All Airports,CARDIFF WALES,94
10/9/2008 12:23,1993,C,All Airports,COVENTRY,9
10/9/2008 12:23,1993,C,All Airports,DURHAM TEES VALLEY,136
10/9/2008 12:23,1993,C,All Airports,EAST MIDLANDS INTERNATIONAL,99
10/9/2008 12:23,1993,C,All Airports,EDINBURGH,90
10/9/2008 12:23,1993,C,All Airports,EXETER,115
10/9/2008 12:23,1993,C,All Airports,GATWICK,186
10/9/2008 12:23,1993,C,All Airports,GLASGOW,73
10/9/2008 12:23,1993,C,All Airports,GLOUCESTERSHIRE,1
10/9/2008 12:23,1993,C,All Airports,GUERNSEY,60
10/9/2008 12:23,1993,C,All Airports,HEATHROW,134
10/9/2008 12:23,1993,C,All Airports,HUMBERSIDE,21
10/9/2008 12:23,1993,C,All Airports,INVERNESS,35
10/9/2008 12:23,1993,C,All Airports,ISLAY,14
10/9/2008 12:23,1993,C,All Airports,ISLE OF MAN,11
10/9/2008 12:23,1993,C,All Airports,JERSEY,38
10/9/2008 12:23,1993,C,All Airports,KIRKWALL,60
10/9/2008 12:23,1993,C,All Airports,LEEDS BRADFORD,48
10/9/2008 12:23,1993,C,All Airports,LIVERPOOL,77
10/9/2008 12:23,1993,C,All Airports,LUTON,151
10/9/2008 12:23,1993,C,All Airports,MANCHESTER,274
10/9/2008 12:23,1993,C,All Airports,NEWCASTLE,43
10/9/2008 12:23,1993,C,All Airports,NORWICH,31
10/9/2008 12:23,1993,C,All Airports,PRESTWICK,40
10/9/2008 12:23,1993,C,All Airports,SOUTHAMPTON,61
10/9/2008 12:23,1993,C,All Airports,SOUTHEND,8
10/9/2008 12:23,1993,C,All Airports,STANSTED,139
10/9/2008 12:23,1993,C,All Airports,STORNOWAY,2
10/9/2008 12:23,1993,C,All Airports,SUMBURGH,31
10/9/2008 12:23,1993,C,All Airports,TIREE,2
10/9/2008 12:23,1993,C,All Airports,WICK,5
