rundate,reporting_period,reporting_airport_group_name,reporting_airport_name,mail_scheduled_passenger_aircraft_foreign_EU,mail_scheduled_cargo_aircraft_foreign_EU,mail_charter_passenger_aircraft_foreign_EU,mail_charter_cargo_aircraft_foreign_EU,mail_scheduled_passenger_aircraft_foreign_non_EU,mail_scheduled_cargo_aircraft_foreign_non_EU,mail_charter_passenger_aircraft_foreign_non_EU,mail_charter_cargo_aircraft_foreign_non_EU,mail_scheduled_passenger_aircraft_UK,mail_scheduled_cargo_aircraft_UK,mail_charter_passenger_aircraft_UK,mail_charter_cargo_aircraft_UK
23-Sep-2009 10:58,200907,Non UK Reporting Airports     ,ALDERNEY                      , 0 , 0 , 0 , 0 , 0 , 0 , 0 , 0 , 24.542 , 0 , 0 , 0 
23-Sep-2009 10:58,200907,Other UK Airports             ,BELFAST INTERNATIONAL         , 0 , 0 , 0 , 0 , 0 , 0 , 0 , 0 , 0 , 0 , 0 , 1086.424 
23-Sep-2009 10:58,200907,Other UK Airports             ,BIRMINGHAM                    , 4.986 , 0 , 0 , 0 , 0 , 0 , 0 , 0 , 0 , 0 , 0 , 0 
23-Sep-2009 10:58,200907,Other UK Airports             ,BOURNEMOUTH                   , 0.143 , 0 , 0 , 0 , 0 , 0 , 0 , 0 , 0 , 491.638 , 0 , 319.656 
23-Sep-2009 10:58,200907,Other UK Airports             ,BRISTOL                       , 0 , 0 , 0 , 0 , 0 , 0 , 0 , 0 , 0 , 0 , 0 , 337.587 
23-Sep-2009 10:58,200907,Other UK Airports             ,EAST MIDLANDS INTERNATIONAL   , 0 , 0 , 0 , 0 , 0 , 0 , 0 , 0 , 0 , 0 , 0 , 2652.185 
23-Sep-2009 10:58,200907,Other UK Airports             ,EDINBURGH                     , 0.336 , 0 , 0 , 0 , 0 , 0 , 0 , 0 , 0.003 , 0 , 0 , 2574.851 
23-Sep-2009 10:58,200907,Other UK Airports             ,EXETER                        , 0 , 0 , 0 , 0 , 0 , 0 , 0 , 0 , 0.035 , 0 , 0 , 342.373 
23-Sep-2009 10:58,200907,London Area Airports          ,GATWICK                       , 118.54 , 0 , 0 , 0 , 227.556 , 0 , 0 , 0 , 0.004 , 0 , 0 , 0 
23-Sep-2009 10:58,200907,Non UK Reporting Airports     ,GUERNSEY                      , 0 , 0 , 0 , 0 , 0 , 0 , 0 , 0 , 29.651 , 0 , 0 , 212.466 
23-Sep-2009 10:58,200907,London Area Airports          ,HEATHROW                      , 1195.611 , 0 , 0 , 0 , 4102.069 , 8.429 , 0 , 0 , 0.017 , 0 , 0 , 0 
23-Sep-2009 10:58,200907,Other UK Airports             ,ISLAY                         , 0 , 0 , 0 , 0 , 0 , 0 , 0 , 0 , 6.921 , 0 , 0 , 0 
23-Sep-2009 10:58,200907,Non UK Reporting Airports     ,ISLE OF MAN                   , 0 , 0 , 0 , 0 , 0 , 0 , 0 , 0 , 0 , 0 , 0 , 180.993 
23-Sep-2009 10:58,200907,Other UK Airports             ,ISLES OF SCILLY (ST.MARYS)    , 0 , 0 , 0 , 0 , 0 , 0 , 0 , 0 , 17 , 1 , 0 , 0 
23-Sep-2009 10:58,200907,Other UK Airports             ,ISLES OF SCILLY (TRESCO)      , 0 , 0 , 0 , 0 , 0 , 0 , 0 , 0 , 0.9 , 0 , 0 , 0 
23-Sep-2009 10:58,200907,Non UK Reporting Airports     ,JERSEY                        , 0 , 0 , 0 , 0 , 0 , 0 , 0 , 0 , 5.229 , 135.568 , 0 , 0 
23-Sep-2009 10:58,200907,Other UK Airports             ,KIRKWALL                      , 0 , 0 , 0 , 0 , 0 , 0 , 0 , 0 , 1.807 , 0 , 0 , 0 
23-Sep-2009 10:58,200907,Other UK Airports             ,LANDS END (ST JUST)           , 0 , 0 , 0 , 0 , 0 , 0 , 0 , 0 , 5.3 , 0.9 , 0 , 0 
23-Sep-2009 10:58,200907,Other UK Airports             ,MANCHESTER                    , 0.108 , 0 , 0.018 , 0 , 0.003 , 12.299 , 0.602 , 0 , 0.243 , 0 , 0 , 0 
23-Sep-2009 10:58,200907,Other UK Airports             ,NEWCASTLE                     , 0.038 , 0 , 0 , 0 , 0 , 0 , 0 , 0 , 0 , 0 , 0 , 914.093 
23-Sep-2009 10:58,200907,Other UK Airports             ,PENZANCE HELIPORT             , 0 , 0 , 0 , 0 , 0 , 0 , 0 , 0 , 13 , 0 , 0 , 0 
23-Sep-2009 10:58,200907,London Area Airports          ,STANSTED                      , 70.304 , 0 , 0 , 29.322 , 0 , 0 , 0 , 15.298 , 0 , 0 , 0 , 2550.822 
23-Sep-2009 10:58,200907,Other UK Airports             ,TIREE                         , 0 , 0 , 0 , 0 , 0 , 0 , 0 , 0 , 2.635 , 0 , 0 , 0 
