rundate,this_period,last_period,group_name,airport_1_name,airport_2_name,total_pax_this_period,total_pax_scheduled_this_period,total_pax_charter_this_period,total_pax_last_period,total_pax_scheduled_last_period,total_pax_charter_last_period,total_pax_percent,charters_tm_only_small_acf,charters_lm_only_small_acf
26-May-2015 12:30,201408,201308,Other Reporting Airports      ,ABERDEEN                      ,BELFAST CITY (GEORGE BEST)    , 3956 , 3956 , 0 , 3345 , 3345 , 0 , 18.26607 ,N,N
26-May-2015 12:30,201408,201308,Other Reporting Airports      ,ABERDEEN                      ,BIGGIN HILL                   , 5 , 0 , 5 , 2 , 0 , 2 , 150 ,Y,Y
26-May-2015 12:30,201408,201308,Other Reporting Airports      ,ABERDEEN                      ,BIRMINGHAM                    , 12119 , 12119 , 0 , 7847 , 7847 , 0 , 54.44119 ,N,N
26-May-2015 12:30,201408,201308,Other Reporting Airports      ,ABERDEEN                      ,BRISTOL                       , 2688 , 2688 , 0 , 2907 , 2907 , 0 ,-7.53354 ,N,N
26-May-2015 12:30,201408,201308,Other Reporting Airports      ,ABERDEEN                      ,CARDIFF WALES                 , 877 , 877 , 0 , 1165 , 1165 , 0 ,-24.72103 ,N,N
26-May-2015 12:30,201408,201308,Other Reporting Airports      ,ABERDEEN                      ,DURHAM TEES VALLEY            , 2680 , 2680 , 0 , 2771 , 2771 , 0 ,-3.284013 ,N,N
26-May-2015 12:30,201408,201308,Other Reporting Airports      ,ABERDEEN                      ,EAST MIDLANDS INTERNATIONAL   , 1089 , 1089 , 0 , 1257 , 1257 , 0 ,-13.36516 ,N,N
26-May-2015 12:30,201408,201308,Other Reporting Airports      ,ABERDEEN                      ,FARNBOROUGH                   , 1 , 0 , 1 , 0 , 0 , 0 ,Null,Y,N
26-May-2015 12:30,201408,201308,Other Reporting Airports      ,ABERDEEN                      ,GLASGOW                       , 0 , 0 , 0 , 10 , 0 , 10 ,-100 ,N,N
26-May-2015 12:30,201408,201308,Other Reporting Airports      ,ABERDEEN                      ,HUMBERSIDE                    , 3015 , 3015 , 0 , 2815 , 2815 , 0 , 7.104796 ,N,N
26-May-2015 12:30,201408,201308,Other Reporting Airports      ,ABERDEEN                      ,JERSEY                        , 681 , 681 , 0 , 595 , 595 , 0 , 14.45378 ,N,N
26-May-2015 12:30,201408,201308,Other Reporting Airports      ,ABERDEEN                      ,KIRKWALL                      , 4611 , 4611 , 0 , 4738 , 4738 , 0 ,-2.680456 ,N,N
26-May-2015 12:30,201408,201308,Other Reporting Airports      ,ABERDEEN                      ,LEEDS BRADFORD                , 647 , 647 , 0 , 1085 , 1085 , 0 ,-40.36866 ,N,N
26-May-2015 12:30,201408,201308,Other Reporting Airports      ,ABERDEEN                      ,MANCHESTER                    , 19582 , 19482 , 100 , 17076 , 16976 , 100 , 14.67557 ,N,N
26-May-2015 12:30,201408,201308,Other Reporting Airports      ,ABERDEEN                      ,NEWCASTLE                     , 2333 , 2294 , 39 , 2136 , 2136 , 0 , 9.222846 ,N,N
26-May-2015 12:30,201408,201308,Other Reporting Airports      ,ABERDEEN                      ,NORWICH                       , 5065 , 5065 , 0 , 5323 , 5323 , 0 ,-4.846891 ,N,N
26-May-2015 12:30,201408,201308,Other Reporting Airports      ,ABERDEEN                      ,PRESTWICK                     , 6 , 0 , 6 , 0 , 0 , 0 ,Null,Y,N
26-May-2015 12:30,201408,201308,Other Reporting Airports      ,ABERDEEN                      ,SCATSTA                       , 14317 , 0 , 14317 , 15433 , 0 , 15433 ,-7.231258 ,N,N
26-May-2015 12:30,201408,201308,Other Reporting Airports      ,ABERDEEN                      ,SOUTHAMPTON                   , 656 , 656 , 0 , 589 , 589 , 0 , 11.37521 ,N,N
26-May-2015 12:30,201408,201308,Other Reporting Airports      ,ABERDEEN                      ,STORNOWAY                     , 557 , 557 , 0 , 470 , 470 , 0 , 18.51064 ,N,N
26-May-2015 12:30,201408,201308,Other Reporting Airports      ,ABERDEEN                      ,SUMBURGH                      , 14353 , 8891 , 5462 , 10463 , 6792 , 3671 , 37.17863 ,N,N
26-May-2015 12:30,201408,201308,Other Reporting Airports      ,ABERDEEN                      ,WICK JOHN O GROATS            , 1290 , 1081 , 209 , 903 , 903 , 0 , 42.85714 ,N,N
26-May-2015 12:30,201408,201308,Other Reporting Airports      ,ALDERNEY                      ,GUERNSEY                      , 4556 , 4556 , 0 , 4933 , 4933 , 0 ,-7.642408 ,N,N
26-May-2015 12:30,201408,201308,Other Reporting Airports      ,ALDERNEY                      ,JERSEY                        , 0 , 0 , 0 , 16 , 16 , 0 ,-100 ,N,N
26-May-2015 12:30,201408,201308,Other Reporting Airports      ,ALDERNEY                      ,SOUTHAMPTON                   , 3982 , 3982 , 0 , 4366 , 4366 , 0 ,-8.795236 ,N,N
26-May-2015 12:30,201408,201308,Other Reporting Airports      ,ANGLESEY (VALLEY)             ,CARDIFF WALES                 , 689 , 689 , 0 , 667 , 667 , 0 , 3.298351 ,N,N
26-May-2015 12:30,201408,201308,Other Reporting Airports      ,BARRA                         ,BENBECULA                     , 0 , 0 , 0 , 5 , 5 , 0 ,-100 ,N,N
26-May-2015 12:30,201408,201308,Other Reporting Airports      ,BARRA                         ,GLASGOW                       , 1486 , 1486 , 0 , 1253 , 1253 , 0 , 18.59537 ,N,N
26-May-2015 12:30,201408,201308,Other Reporting Airports      ,BELFAST CITY (GEORGE BEST)    ,BIRMINGHAM                    , 24909 , 24909 , 0 , 23671 , 23671 , 0 , 5.230028 ,N,N
26-May-2015 12:30,201408,201308,Other Reporting Airports      ,BELFAST CITY (GEORGE BEST)    ,CARDIFF WALES                 , 4442 , 4442 , 0 , 3967 , 3967 , 0 , 11.97378 ,N,N
26-May-2015 12:30,201408,201308,Other Reporting Airports      ,BELFAST CITY (GEORGE BEST)    ,DONCASTER SHEFFIELD           , 933 , 933 , 0 , 0 , 0 , 0 ,Null,N,N
26-May-2015 12:30,201408,201308,Other Reporting Airports      ,BELFAST CITY (GEORGE BEST)    ,EAST MIDLANDS INTERNATIONAL   , 14622 , 14622 , 0 , 11794 , 11794 , 0 , 23.97829 ,N,N
26-May-2015 12:30,201408,201308,Other Reporting Airports      ,BELFAST CITY (GEORGE BEST)    ,EDINBURGH                     , 14221 , 14221 , 0 , 13222 , 13222 , 0 , 7.555589 ,N,N
26-May-2015 12:30,201408,201308,Other Reporting Airports      ,BELFAST CITY (GEORGE BEST)    ,EXETER                        , 4275 , 4275 , 0 , 1466 , 1466 , 0 , 191.6098 ,N,N
26-May-2015 12:30,201408,201308,Other Reporting Airports      ,BELFAST CITY (GEORGE BEST)    ,GLASGOW                       , 14507 , 14507 , 0 , 12227 , 12227 , 0 , 18.64726 ,N,N
26-May-2015 12:30,201408,201308,Other Reporting Airports      ,BELFAST CITY (GEORGE BEST)    ,INVERNESS                     , 3121 , 3121 , 0 , 2592 , 2592 , 0 , 20.40895 ,N,N
26-May-2015 12:30,201408,201308,Other Reporting Airports      ,BELFAST CITY (GEORGE BEST)    ,ISLE OF MAN                   , 2464 , 2464 , 0 , 2484 , 2432 , 52 ,-0.805153 ,N,N
26-May-2015 12:30,201408,201308,Other Reporting Airports      ,BELFAST CITY (GEORGE BEST)    ,JERSEY                        , 0 , 0 , 0 , 444 , 444 , 0 ,-100 ,N,N
26-May-2015 12:30,201408,201308,Other Reporting Airports      ,BELFAST CITY (GEORGE BEST)    ,LEEDS BRADFORD                , 14704 , 14704 , 0 , 13606 , 13606 , 0 , 8.069969 ,N,N
26-May-2015 12:30,201408,201308,Other Reporting Airports      ,BELFAST CITY (GEORGE BEST)    ,MANCHESTER                    , 28033 , 28033 , 0 , 23964 , 23964 , 0 , 16.97964 ,N,N
26-May-2015 12:30,201408,201308,Other Reporting Airports      ,BELFAST CITY (GEORGE BEST)    ,NEWCASTLE                     , 3076 , 3076 , 0 , 4446 , 4446 , 0 ,-30.81421 ,N,N
26-May-2015 12:30,201408,201308,Other Reporting Airports      ,BELFAST CITY (GEORGE BEST)    ,NEWQUAY                       , 661 , 661 , 0 , 685 , 685 , 0 ,-3.50365 ,N,N
26-May-2015 12:30,201408,201308,Other Reporting Airports      ,BELFAST CITY (GEORGE BEST)    ,SOUTHAMPTON                   , 11281 , 11281 , 0 , 9315 , 9315 , 0 , 21.10574 ,N,N
26-May-2015 12:30,201408,201308,Other Reporting Airports      ,BELFAST INTERNATIONAL         ,BIRMINGHAM                    , 12717 , 12717 , 0 , 15860 , 15860 , 0 ,-19.81715 ,N,N
26-May-2015 12:30,201408,201308,Other Reporting Airports      ,BELFAST INTERNATIONAL         ,BLACKPOOL                     , 0 , 0 , 0 , 2803 , 2803 , 0 ,-100 ,N,N
26-May-2015 12:30,201408,201308,Other Reporting Airports      ,BELFAST INTERNATIONAL         ,BRISTOL                       , 21382 , 21382 , 0 , 21458 , 21458 , 0 ,-0.3541802 ,N,N
26-May-2015 12:30,201408,201308,Other Reporting Airports      ,BELFAST INTERNATIONAL         ,EAST MIDLANDS INTERNATIONAL   , 0 , 0 , 0 , 78 , 0 , 78 ,-100 ,N,N
26-May-2015 12:30,201408,201308,Other Reporting Airports      ,BELFAST INTERNATIONAL         ,EDINBURGH                     , 20447 , 20447 , 0 , 21970 , 21962 , 8 ,-6.93218 ,N,N
26-May-2015 12:30,201408,201308,Other Reporting Airports      ,BELFAST INTERNATIONAL         ,GLASGOW                       , 21027 , 21027 , 0 , 22901 , 22901 , 0 ,-8.183049 ,N,N
26-May-2015 12:30,201408,201308,Other Reporting Airports      ,BELFAST INTERNATIONAL         ,JERSEY                        , 2534 , 2534 , 0 , 2490 , 2490 , 0 , 1.767068 ,N,N
26-May-2015 12:30,201408,201308,Other Reporting Airports      ,BELFAST INTERNATIONAL         ,LIVERPOOL (JOHN LENNON)       , 36751 , 36751 , 0 , 39186 , 39186 , 0 ,-6.213954 ,N,N
26-May-2015 12:30,201408,201308,Other Reporting Airports      ,BELFAST INTERNATIONAL         ,MANCHESTER                    , 16365 , 16365 , 0 , 15792 , 15792 , 0 , 3.628419 ,N,N
26-May-2015 12:30,201408,201308,Other Reporting Airports      ,BELFAST INTERNATIONAL         ,NEWCASTLE                     , 16186 , 16186 , 0 , 15929 , 15929 , 0 , 1.61341 ,N,N
26-May-2015 12:30,201408,201308,Other Reporting Airports      ,BENBECULA                     ,GLASGOW                       , 2303 , 2303 , 0 , 2253 , 2253 , 0 , 2.219263 ,N,N
26-May-2015 12:30,201408,201308,Other Reporting Airports      ,BENBECULA                     ,INVERNESS                     , 582 , 582 , 0 , 0 , 0 , 0 ,Null,N,N
26-May-2015 12:30,201408,201308,Other Reporting Airports      ,BENBECULA                     ,STORNOWAY                     , 640 , 640 , 0 , 602 , 602 , 0 , 6.312293 ,N,N
26-May-2015 12:30,201408,201308,Other Reporting Airports      ,BIRMINGHAM                    ,CITY OF DERRY (EGLINTON)      , 5893 , 5893 , 0 , 7012 , 7012 , 0 ,-15.95836 ,N,N
26-May-2015 12:30,201408,201308,Other Reporting Airports      ,BIRMINGHAM                    ,EDINBURGH                     , 26419 , 26419 , 0 , 23279 , 23279 , 0 , 13.48855 ,N,N
26-May-2015 12:30,201408,201308,Other Reporting Airports      ,BIRMINGHAM                    ,GLASGOW                       , 19585 , 19585 , 0 , 14971 , 14971 , 0 , 30.81958 ,N,N
26-May-2015 12:30,201408,201308,Other Reporting Airports      ,BIRMINGHAM                    ,GUERNSEY                      , 2108 , 2108 , 0 , 3736 , 3736 , 0 ,-43.57602 ,N,N
26-May-2015 12:30,201408,201308,Other Reporting Airports      ,BIRMINGHAM                    ,INVERNESS                     , 5474 , 5474 , 0 , 4043 , 4043 , 0 , 35.39451 ,N,N
26-May-2015 12:30,201408,201308,Other Reporting Airports      ,BIRMINGHAM                    ,ISLE OF MAN                   , 4832 , 4832 , 0 , 3935 , 3935 , 0 , 22.79543 ,N,N
26-May-2015 12:30,201408,201308,Other Reporting Airports      ,BIRMINGHAM                    ,JERSEY                        , 8122 , 8122 , 0 , 5431 , 5431 , 0 , 49.54889 ,N,N
26-May-2015 12:30,201408,201308,Other Reporting Airports      ,BIRMINGHAM                    ,NEWCASTLE                     , 516 , 369 , 147 , 336 , 336 , 0 , 53.57143 ,N,N
26-May-2015 12:30,201408,201308,Other Reporting Airports      ,BIRMINGHAM                    ,NEWQUAY                       , 4078 , 4078 , 0 , 0 , 0 , 0 ,Null,N,N
26-May-2015 12:30,201408,201308,Other Reporting Airports      ,BLACKPOOL                     ,ISLE OF MAN                   , 1792 , 1792 , 0 , 2047 , 2047 , 0 ,-12.45725 ,N,N
26-May-2015 12:30,201408,201308,Other Reporting Airports      ,BLACKPOOL                     ,SOUTH MARSTON                 , 0 , 0 , 0 , 29 , 0 , 29 ,-100 ,N,N
26-May-2015 12:30,201408,201308,Other Reporting Airports      ,BRISTOL                       ,EDINBURGH                     , 28453 , 28453 , 0 , 27454 , 27454 , 0 , 3.638814 ,N,N
26-May-2015 12:30,201408,201308,Other Reporting Airports      ,BRISTOL                       ,GLASGOW                       , 19361 , 19361 , 0 , 22814 , 22814 , 0 ,-15.13544 ,N,N
26-May-2015 12:30,201408,201308,Other Reporting Airports      ,BRISTOL                       ,GUERNSEY                      , 3201 , 3201 , 0 , 3315 , 3315 , 0 ,-3.438914 ,N,N
26-May-2015 12:30,201408,201308,Other Reporting Airports      ,BRISTOL                       ,HAWARDEN                      , 302 , 0 , 302 , 406 , 0 , 406 ,-25.61576 ,N,N
26-May-2015 12:30,201408,201308,Other Reporting Airports      ,BRISTOL                       ,INVERNESS                     , 8733 , 8733 , 0 , 8893 , 8893 , 0 ,-1.799168 ,N,N
26-May-2015 12:30,201408,201308,Other Reporting Airports      ,BRISTOL                       ,ISLE OF MAN                   , 0 , 0 , 0 , 1106 , 1106 , 0 ,-100 ,N,N
26-May-2015 12:30,201408,201308,Other Reporting Airports      ,BRISTOL                       ,JERSEY                        , 3849 , 3849 , 0 , 4285 , 4285 , 0 ,-10.17503 ,N,N
26-May-2015 12:30,201408,201308,Other Reporting Airports      ,BRISTOL                       ,NEWCASTLE                     , 14963 , 14963 , 0 , 13603 , 13603 , 0 , 9.997794 ,N,N
26-May-2015 12:30,201408,201308,Other Reporting Airports      ,CAMBRIDGE                     ,JERSEY                        , 404 , 0 , 404 , 423 , 0 , 423 ,-4.491726 ,N,N
26-May-2015 12:30,201408,201308,Other Reporting Airports      ,CAMPBELTOWN                   ,GLASGOW                       , 1061 , 1061 , 0 , 1015 , 1015 , 0 , 4.53202 ,N,N
26-May-2015 12:30,201408,201308,Other Reporting Airports      ,CAMPBELTOWN                   ,PRESTWICK                     , 0 , 0 , 0 , 31 , 0 , 31 ,-100 ,N,N
26-May-2015 12:30,201408,201308,Other Reporting Airports      ,CARDIFF WALES                 ,EDINBURGH                     , 4214 , 4214 , 0 , 6987 , 6987 , 0 ,-39.68799 ,N,N
26-May-2015 12:30,201408,201308,Other Reporting Airports      ,CARDIFF WALES                 ,GLASGOW                       , 2819 , 2819 , 0 , 4511 , 4511 , 0 ,-37.50831 ,N,N
26-May-2015 12:30,201408,201308,Other Reporting Airports      ,CARDIFF WALES                 ,JERSEY                        , 1918 , 1918 , 0 , 2336 , 2336 , 0 ,-17.89384 ,N,N
26-May-2015 12:30,201408,201308,Other Reporting Airports      ,CARDIFF WALES                 ,LIVERPOOL (JOHN LENNON)       , 0 , 0 , 0 , 68 , 0 , 68 ,-100 ,N,N
26-May-2015 12:30,201408,201308,Other Reporting Airports      ,CARDIFF WALES                 ,MANCHESTER                    , 189 , 0 , 189 , 195 , 0 , 195 ,-3.076923 ,N,N
26-May-2015 12:30,201408,201308,Other Reporting Airports      ,CARDIFF WALES                 ,NEWCASTLE                     , 734 , 734 , 0 , 872 , 872 , 0 ,-15.82569 ,N,N
26-May-2015 12:30,201408,201308,Other Reporting Airports      ,CITY OF DERRY (EGLINTON)      ,LIVERPOOL (JOHN LENNON)       , 8761 , 8761 , 0 , 9665 , 9665 , 0 ,-9.353336 ,N,N
26-May-2015 12:30,201408,201308,Other Reporting Airports      ,CITY OF DERRY (EGLINTON)      ,PRESTWICK                     , 6397 , 6397 , 0 , 6754 , 6754 , 0 ,-5.285757 ,N,N
26-May-2015 12:30,201408,201308,Other Reporting Airports      ,DONCASTER SHEFFIELD           ,ISLE OF MAN                   , 235 , 235 , 0 , 0 , 0 , 0 ,Null,N,N
26-May-2015 12:30,201408,201308,Other Reporting Airports      ,DONCASTER SHEFFIELD           ,JERSEY                        , 808 , 808 , 0 , 728 , 728 , 0 , 10.98901 ,N,N
26-May-2015 12:30,201408,201308,Other Reporting Airports      ,DUNDEE                        ,JERSEY                        , 454 , 0 , 454 , 428 , 0 , 428 , 6.074766 ,N,N
26-May-2015 12:30,201408,201308,Other Reporting Airports      ,DUNKESWELL                    ,JERSEY                        , 10 , 0 , 10 , 8 , 0 , 8 , 25 ,Y,Y
26-May-2015 12:30,201408,201308,Other Reporting Airports      ,DURHAM TEES VALLEY            ,FARNBOROUGH                   , 29 , 0 , 29 , 0 , 0 , 0 ,Null,N,N
26-May-2015 12:30,201408,201308,Other Reporting Airports      ,DURHAM TEES VALLEY            ,JERSEY                        , 725 , 725 , 0 , 636 , 636 , 0 , 13.99371 ,N,N
26-May-2015 12:30,201408,201308,Other Reporting Airports      ,DURHAM TEES VALLEY            ,NEWCASTLE                     , 0 , 0 , 0 , 48 , 0 , 48 ,-100 ,N,N
26-May-2015 12:30,201408,201308,Other Reporting Airports      ,EAST MIDLANDS INTERNATIONAL   ,EDINBURGH                     , 8168 , 8168 , 0 , 8176 , 8176 , 0 ,-9.784736E-02 ,N,N
26-May-2015 12:30,201408,201308,Other Reporting Airports      ,EAST MIDLANDS INTERNATIONAL   ,FARNBOROUGH                   , 0 , 0 , 0 , 36 , 0 , 36 ,-100 ,N,N
26-May-2015 12:30,201408,201308,Other Reporting Airports      ,EAST MIDLANDS INTERNATIONAL   ,GLASGOW                       , 7841 , 7841 , 0 , 7931 , 7931 , 0 ,-1.134788 ,N,N
26-May-2015 12:30,201408,201308,Other Reporting Airports      ,EAST MIDLANDS INTERNATIONAL   ,GUERNSEY                      , 3927 , 3927 , 0 , 3828 , 3828 , 0 , 2.586207 ,N,N
26-May-2015 12:30,201408,201308,Other Reporting Airports      ,EAST MIDLANDS INTERNATIONAL   ,JERSEY                        , 5198 , 5198 , 0 , 3920 , 3920 , 0 , 32.60204 ,N,N
26-May-2015 12:30,201408,201308,Other Reporting Airports      ,EDAY                          ,KIRKWALL                      , 36 , 36 , 0 , 39 , 39 , 0 ,-7.692307 ,N,N
26-May-2015 12:30,201408,201308,Other Reporting Airports      ,EDINBURGH                     ,EXETER                        , 4337 , 4337 , 0 , 4176 , 4176 , 0 , 3.855364 ,N,N
26-May-2015 12:30,201408,201308,Other Reporting Airports      ,EDINBURGH                     ,INVERNESS                     , 24 , 24 , 0 , 0 , 0 , 0 ,Null,N,N
26-May-2015 12:30,201408,201308,Other Reporting Airports      ,EDINBURGH                     ,JERSEY                        , 669 , 669 , 0 , 1853 , 1853 , 0 ,-63.89639 ,N,N
26-May-2015 12:30,201408,201308,Other Reporting Airports      ,EDINBURGH                     ,KIRKWALL                      , 4642 , 4642 , 0 , 4481 , 4481 , 0 , 3.592948 ,N,N
26-May-2015 12:30,201408,201308,Other Reporting Airports      ,EDINBURGH                     ,MANCHESTER                    , 9152 , 9152 , 0 , 9336 , 9336 , 0 ,-1.970865 ,N,N
26-May-2015 12:30,201408,201308,Other Reporting Airports      ,EDINBURGH                     ,NEWQUAY                       , 712 , 712 , 0 , 1159 , 1159 , 0 ,-38.56773 ,N,N
26-May-2015 12:30,201408,201308,Other Reporting Airports      ,EDINBURGH                     ,NORWICH                       , 3087 , 3087 , 0 , 2496 , 2496 , 0 , 23.67789 ,N,N
26-May-2015 12:30,201408,201308,Other Reporting Airports      ,EDINBURGH                     ,OXFORD (KIDLINGTON)           , 0 , 0 , 0 , 116 , 116 , 0 ,-100 ,N,N
26-May-2015 12:30,201408,201308,Other Reporting Airports      ,EDINBURGH                     ,SOUTHAMPTON                   , 19315 , 19315 , 0 , 20575 , 20575 , 0 ,-6.123937 ,N,N
26-May-2015 12:30,201408,201308,Other Reporting Airports      ,EDINBURGH                     ,STORNOWAY                     , 1896 , 1896 , 0 , 1771 , 1771 , 0 , 7.058159 ,N,N
26-May-2015 12:30,201408,201308,Other Reporting Airports      ,EDINBURGH                     ,SUMBURGH                      , 4780 , 4780 , 0 , 4149 , 4149 , 0 , 15.20848 ,N,N
26-May-2015 12:30,201408,201308,Other Reporting Airports      ,EDINBURGH                     ,WICK JOHN O GROATS            , 1057 , 1057 , 0 , 1042 , 1042 , 0 , 1.439539 ,N,N
26-May-2015 12:30,201408,201308,Other Reporting Airports      ,EXETER                        ,GLASGOW                       , 3397 , 3397 , 0 , 2616 , 2616 , 0 , 29.85474 ,N,N
26-May-2015 12:30,201408,201308,Other Reporting Airports      ,EXETER                        ,GUERNSEY                      , 2319 , 2319 , 0 , 2169 , 2169 , 0 , 6.915629 ,N,N
26-May-2015 12:30,201408,201308,Other Reporting Airports      ,EXETER                        ,ISLES OF SCILLY (ST.MARYS)    , 2946 , 2946 , 0 , 3259 , 3259 , 0 ,-9.604173 ,N,N
26-May-2015 12:30,201408,201308,Other Reporting Airports      ,EXETER                        ,JERSEY                        , 3722 , 3722 , 0 , 3491 , 3491 , 0 , 6.617015 ,N,N
26-May-2015 12:30,201408,201308,Other Reporting Airports      ,EXETER                        ,MANCHESTER                    , 9360 , 9357 , 3 , 7526 , 7526 , 0 , 24.36885 ,N,N
26-May-2015 12:30,201408,201308,Other Reporting Airports      ,EXETER                        ,NEWCASTLE                     , 0 , 0 , 0 , 3016 , 3016 , 0 ,-100 ,N,N
26-May-2015 12:30,201408,201308,Other Reporting Airports      ,EXETER                        ,NEWQUAY                       , 12 , 12 , 0 , 10 , 10 , 0 , 20 ,N,N
26-May-2015 12:30,201408,201308,Other Reporting Airports      ,FAIR ISLE                     ,LERWICK (TINGWALL)            , 407 , 407 , 0 , 331 , 331 , 0 , 22.96073 ,N,N
26-May-2015 12:30,201408,201308,Other Reporting Airports      ,FAIR ISLE                     ,SUMBURGH                      , 14 , 14 , 0 , 28 , 28 , 0 ,-50 ,N,N
26-May-2015 12:30,201408,201308,Other Reporting Airports      ,FARNBOROUGH                   ,INVERNESS                     , 0 , 0 , 0 , 119 , 0 , 119 ,-100 ,N,N
26-May-2015 12:30,201408,201308,Other Reporting Airports      ,FARNBOROUGH                   ,JERSEY                        , 18 , 0 , 18 , 1 , 0 , 1 , 1700 ,Y,Y
26-May-2015 12:30,201408,201308,Other Reporting Airports      ,FARNBOROUGH                   ,LIVERPOOL (JOHN LENNON)       , 38 , 0 , 38 , 0 , 0 , 0 ,Null,N,N
26-May-2015 12:30,201408,201308,Other Reporting Airports      ,FARNBOROUGH                   ,MANCHESTER                    , 37 , 0 , 37 , 0 , 0 , 0 ,Null,N,N
26-May-2015 12:30,201408,201308,Other Reporting Airports      ,FARNBOROUGH                   ,MANSTON (KENT INT)            , 0 , 0 , 0 , 1 , 0 , 1 ,-100 ,N,Y
26-May-2015 12:30,201408,201308,Other Reporting Airports      ,FARNBOROUGH                   ,NEWCASTLE                     , 0 , 0 , 0 , 85 , 0 , 85 ,-100 ,N,N
26-May-2015 12:30,201408,201308,Other Reporting Airports      ,FOULA                         ,LERWICK (TINGWALL)            , 92 , 92 , 0 , 165 , 165 , 0 ,-44.24242 ,N,N
26-May-2015 12:30,201408,201308,London Area Airports          ,GATWICK                       ,ABERDEEN                      , 13304 , 13304 , 0 , 13636 , 13636 , 0 ,-2.434731 ,N,N
26-May-2015 12:30,201408,201308,London Area Airports          ,GATWICK                       ,BELFAST CITY (GEORGE BEST)    , 25252 , 25252 , 0 , 42376 , 42376 , 0 ,-40.40966 ,N,N
26-May-2015 12:30,201408,201308,London Area Airports          ,GATWICK                       ,BELFAST INTERNATIONAL         , 39658 , 39658 , 0 , 37904 , 37904 , 0 , 4.62748 ,N,N
26-May-2015 12:30,201408,201308,London Area Airports          ,GATWICK                       ,DURHAM TEES VALLEY            , 0 , 0 , 0 , 36 , 0 , 36 ,-100 ,N,N
26-May-2015 12:30,201408,201308,London Area Airports          ,GATWICK                       ,EDINBURGH                     , 60445 , 60445 , 0 , 59908 , 59908 , 0 , 0.8963745 ,N,N
26-May-2015 12:30,201408,201308,London Area Airports          ,GATWICK                       ,GLASGOW                       , 51475 , 51475 , 0 , 47542 , 47542 , 0 , 8.272685 ,N,N
26-May-2015 12:30,201408,201308,London Area Airports          ,GATWICK                       ,GUERNSEY                      , 29986 , 29986 , 0 , 34495 , 34495 , 0 ,-13.07146 ,N,N
26-May-2015 12:30,201408,201308,London Area Airports          ,GATWICK                       ,INVERNESS                     , 17906 , 17906 , 0 , 24148 , 24148 , 0 ,-25.84893 ,N,N
26-May-2015 12:30,201408,201308,London Area Airports          ,GATWICK                       ,ISLE OF MAN                   , 11505 , 11505 , 0 , 17021 , 17021 , 0 ,-32.40703 ,N,N
26-May-2015 12:30,201408,201308,London Area Airports          ,GATWICK                       ,JERSEY                        , 64020 , 64020 , 0 , 53060 , 53060 , 0 , 20.65586 ,N,N
26-May-2015 12:30,201408,201308,London Area Airports          ,GATWICK                       ,LIVERPOOL (JOHN LENNON)       , 197 , 157 , 40 , 0 , 0 , 0 ,Null,N,N
26-May-2015 12:30,201408,201308,London Area Airports          ,GATWICK                       ,MANCHESTER                    , 41 , 0 , 41 , 43 , 0 , 43 ,-4.651163 ,N,N
26-May-2015 12:30,201408,201308,London Area Airports          ,GATWICK                       ,NEWCASTLE                     , 8436 , 8436 , 0 , 6982 , 6875 , 107 , 20.82498 ,N,N
26-May-2015 12:30,201408,201308,London Area Airports          ,GATWICK                       ,NEWQUAY                       , 7282 , 7282 , 0 , 9442 , 9442 , 0 ,-22.87651 ,N,N
26-May-2015 12:30,201408,201308,Other Reporting Airports      ,GLASGOW                       ,GUERNSEY                      , 52 , 0 , 52 , 361 , 0 , 361 ,-85.59557 ,N,N
26-May-2015 12:30,201408,201308,Other Reporting Airports      ,GLASGOW                       ,INVERNESS                     , 1 , 0 , 1 , 0 , 0 , 0 ,Null,Y,N
26-May-2015 12:30,201408,201308,Other Reporting Airports      ,GLASGOW                       ,ISLAY                         , 2729 , 2729 , 0 , 2776 , 2776 , 0 ,-1.693084 ,N,N
26-May-2015 12:30,201408,201308,Other Reporting Airports      ,GLASGOW                       ,ISLE OF MAN                   , 1022 , 1022 , 0 , 0 , 0 , 0 ,Null,N,N
26-May-2015 12:30,201408,201308,Other Reporting Airports      ,GLASGOW                       ,JERSEY                        , 4432 , 4432 , 0 , 4472 , 4472 , 0 ,-0.8944544 ,N,N
26-May-2015 12:30,201408,201308,Other Reporting Airports      ,GLASGOW                       ,KIRKWALL                      , 1601 , 1601 , 0 , 1661 , 1661 , 0 ,-3.612282 ,N,N
26-May-2015 12:30,201408,201308,Other Reporting Airports      ,GLASGOW                       ,LEEDS BRADFORD                , 647 , 647 , 0 , 650 , 650 , 0 ,-0.4615385 ,N,N
26-May-2015 12:30,201408,201308,Other Reporting Airports      ,GLASGOW                       ,MANCHESTER                    , 5970 , 5970 , 0 , 4107 , 4107 , 0 , 45.36158 ,N,N
26-May-2015 12:30,201408,201308,Other Reporting Airports      ,GLASGOW                       ,NEWQUAY                       , 0 , 0 , 0 , 515 , 515 , 0 ,-100 ,N,N
26-May-2015 12:30,201408,201308,Other Reporting Airports      ,GLASGOW                       ,SOUTHAMPTON                   , 14916 , 14916 , 0 , 16749 , 16749 , 0 ,-10.94394 ,N,N
26-May-2015 12:30,201408,201308,Other Reporting Airports      ,GLASGOW                       ,STORNOWAY                     , 6135 , 6135 , 0 , 5359 , 5359 , 0 , 14.48031 ,N,N
26-May-2015 12:30,201408,201308,Other Reporting Airports      ,GLASGOW                       ,SUMBURGH                      , 2217 , 2217 , 0 , 1775 , 1775 , 0 , 24.90141 ,N,N
26-May-2015 12:30,201408,201308,Other Reporting Airports      ,GLASGOW                       ,TIREE                         , 1019 , 1019 , 0 , 902 , 902 , 0 , 12.97118 ,N,N
26-May-2015 12:30,201408,201308,Other Reporting Airports      ,GLOUCESTERSHIRE               ,ISLE OF MAN                   , 1306 , 1306 , 0 , 1134 , 1134 , 0 , 15.16755 ,N,N
26-May-2015 12:30,201408,201308,Other Reporting Airports      ,GLOUCESTERSHIRE               ,JERSEY                        , 74 , 74 , 0 , 155 , 155 , 0 ,-52.25806 ,N,N
26-May-2015 12:30,201408,201308,Other Reporting Airports      ,GUERNSEY                      ,JERSEY                        , 9913 , 9913 , 0 , 11051 , 11051 , 0 ,-10.29771 ,N,N
26-May-2015 12:30,201408,201308,Other Reporting Airports      ,GUERNSEY                      ,MANCHESTER                    , 7419 , 7419 , 0 , 8308 , 8308 , 0 ,-10.70053 ,N,N
26-May-2015 12:30,201408,201308,Other Reporting Airports      ,GUERNSEY                      ,NORWICH                       , 208 , 208 , 0 , 223 , 223 , 0 ,-6.726458 ,N,N
26-May-2015 12:30,201408,201308,Other Reporting Airports      ,GUERNSEY                      ,SOUTHAMPTON                   , 21595 , 21595 , 0 , 14084 , 14084 , 0 , 53.33002 ,N,N
26-May-2015 12:30,201408,201308,London Area Airports          ,HEATHROW                      ,ABERDEEN                      , 66127 , 66127 , 0 , 66710 , 66710 , 0 ,-0.8739319 ,N,N
26-May-2015 12:30,201408,201308,London Area Airports          ,HEATHROW                      ,BELFAST CITY (GEORGE BEST)    , 63076 , 63076 , 0 , 64459 , 64459 , 0 ,-2.14555 ,N,N
26-May-2015 12:30,201408,201308,London Area Airports          ,HEATHROW                      ,EDINBURGH                     , 140237 , 140237 , 0 , 141114 , 141114 , 0 ,-0.6214833 ,N,N
26-May-2015 12:30,201408,201308,London Area Airports          ,HEATHROW                      ,GLASGOW                       , 71130 , 71130 , 0 , 76442 , 76442 , 0 ,-6.949059 ,N,N
26-May-2015 12:30,201408,201308,London Area Airports          ,HEATHROW                      ,LEEDS BRADFORD                , 11905 , 11905 , 0 , 10058 , 10058 , 0 , 18.36349 ,N,N
26-May-2015 12:30,201408,201308,London Area Airports          ,HEATHROW                      ,MANCHESTER                    , 74059 , 74059 , 0 , 73310 , 73310 , 0 , 1.021689 ,N,N
26-May-2015 12:30,201408,201308,London Area Airports          ,HEATHROW                      ,NEWCASTLE                     , 40617 , 40617 , 0 , 42698 , 42698 , 0 ,-4.873765 ,N,N
26-May-2015 12:30,201408,201308,Other Reporting Airports      ,HUMBERSIDE                    ,JERSEY                        , 707 , 707 , 0 , 566 , 566 , 0 , 24.91166 ,N,N
26-May-2015 12:30,201408,201308,Other Reporting Airports      ,HUMBERSIDE                    ,NORWICH                       , 43 , 43 , 0 , 80 , 0 , 80 ,-46.25 ,N,N
26-May-2015 12:30,201408,201308,Other Reporting Airports      ,INVERNESS                     ,JERSEY                        , 519 , 519 , 0 , 481 , 481 , 0 , 7.900208 ,N,N
26-May-2015 12:30,201408,201308,Other Reporting Airports      ,INVERNESS                     ,KIRKWALL                      , 1671 , 1671 , 0 , 1759 , 1759 , 0 ,-5.002842 ,N,N
26-May-2015 12:30,201408,201308,Other Reporting Airports      ,INVERNESS                     ,MANCHESTER                    , 6039 , 6016 , 23 , 5261 , 5261 , 0 , 14.78806 ,N,N
26-May-2015 12:30,201408,201308,Other Reporting Airports      ,INVERNESS                     ,STORNOWAY                     , 2526 , 2400 , 126 , 3081 , 2927 , 154 ,-18.01363 ,N,N
26-May-2015 12:30,201408,201308,Other Reporting Airports      ,INVERNESS                     ,SUMBURGH                      , 303 , 303 , 0 , 355 , 355 , 0 ,-14.64789 ,N,N
26-May-2015 12:30,201408,201308,Other Reporting Airports      ,ISLE OF MAN                   ,LIVERPOOL (JOHN LENNON)       , 16594 , 16594 , 0 , 19351 , 19351 , 0 ,-14.24733 ,N,N
26-May-2015 12:30,201408,201308,Other Reporting Airports      ,ISLE OF MAN                   ,MANCHESTER                    , 15087 , 15087 , 0 , 12929 , 12929 , 0 , 16.69116 ,N,N
26-May-2015 12:30,201408,201308,Other Reporting Airports      ,ISLE OF MAN                   ,NEWCASTLE                     , 480 , 480 , 0 , 496 , 496 , 0 ,-3.225806 ,N,N
26-May-2015 12:30,201408,201308,Other Reporting Airports      ,ISLE OF MAN                   ,NORWICH                       , 0 , 0 , 0 , 228 , 228 , 0 ,-100 ,N,N
26-May-2015 12:30,201408,201308,Other Reporting Airports      ,ISLES OF SCILLY (ST.MARYS)    ,NEWQUAY                       , 3329 , 3329 , 0 , 3393 , 3393 , 0 ,-1.886236 ,N,N
26-May-2015 12:30,201408,201308,Other Reporting Airports      ,JERSEY                        ,LEEDS BRADFORD                , 3470 , 3470 , 0 , 3700 , 3700 , 0 ,-6.216216 ,N,N
26-May-2015 12:30,201408,201308,Other Reporting Airports      ,JERSEY                        ,LIVERPOOL (JOHN LENNON)       , 10901 , 10901 , 0 , 10585 , 10585 , 0 , 2.985357 ,N,N
26-May-2015 12:30,201408,201308,Other Reporting Airports      ,JERSEY                        ,MANCHESTER                    , 8802 , 8802 , 0 , 5265 , 5265 , 0 , 67.17949 ,N,N
26-May-2015 12:30,201408,201308,Other Reporting Airports      ,JERSEY                        ,NEWCASTLE                     , 2526 , 2526 , 0 , 2908 , 2908 , 0 ,-13.13618 ,N,N
26-May-2015 12:30,201408,201308,Other Reporting Airports      ,JERSEY                        ,NORWICH                       , 616 , 616 , 0 , 594 , 594 , 0 , 3.703704 ,N,N
26-May-2015 12:30,201408,201308,Other Reporting Airports      ,JERSEY                        ,OXFORD (KIDLINGTON)           , 352 , 352 , 0 , 0 , 0 , 0 ,Null,N,N
26-May-2015 12:30,201408,201308,Other Reporting Airports      ,JERSEY                        ,SOUTHAMPTON                   , 18024 , 18024 , 0 , 18057 , 18057 , 0 ,-0.1827546 ,N,N
26-May-2015 12:30,201408,201308,Other Reporting Airports      ,KIRKWALL                      ,NORTH RONALDSAY               , 725 , 725 , 0 , 771 , 771 , 0 ,-5.966278 ,N,N
26-May-2015 12:30,201408,201308,Other Reporting Airports      ,KIRKWALL                      ,PAPA WESTRAY                  , 460 , 460 , 0 , 324 , 324 , 0 , 41.97531 ,N,N
26-May-2015 12:30,201408,201308,Other Reporting Airports      ,KIRKWALL                      ,SANDAY                        , 260 , 260 , 0 , 229 , 229 , 0 , 13.53712 ,N,N
26-May-2015 12:30,201408,201308,Other Reporting Airports      ,KIRKWALL                      ,STRONSAY                      , 236 , 236 , 0 , 241 , 241 , 0 ,-2.074689 ,N,N
26-May-2015 12:30,201408,201308,Other Reporting Airports      ,KIRKWALL                      ,SUMBURGH                      , 1011 , 1011 , 0 , 963 , 963 , 0 , 4.984424 ,N,N
26-May-2015 12:30,201408,201308,Other Reporting Airports      ,KIRKWALL                      ,WESTRAY                       , 359 , 359 , 0 , 286 , 286 , 0 , 25.52448 ,N,N
26-May-2015 12:30,201408,201308,Other Reporting Airports      ,LEEDS BRADFORD                ,NEWQUAY                       , 1 , 0 , 1 , 0 , 0 , 0 ,Null,Y,N
26-May-2015 12:30,201408,201308,Other Reporting Airports      ,LEEDS BRADFORD                ,SOUTHAMPTON                   , 1234 , 1234 , 0 , 5299 , 5299 , 0 ,-76.71259 ,N,N
26-May-2015 12:30,201408,201308,Other Reporting Airports      ,LERWICK (TINGWALL)            ,OUT SKERRIES                  , 17 , 17 , 0 , 30 , 30 , 0 ,-43.33333 ,N,N
26-May-2015 12:30,201408,201308,Other Reporting Airports      ,LERWICK (TINGWALL)            ,PAPA STOUR                    , 11 , 11 , 0 , 5 , 5 , 0 , 120 ,N,N
26-May-2015 12:30,201408,201308,Other Reporting Airports      ,LIVERPOOL (JOHN LENNON)       ,NEWQUAY                       , 2580 , 2580 , 0 , 3090 , 3090 , 0 ,-16.50485 ,N,N
26-May-2015 12:30,201408,201308,Other Reporting Airports      ,LIVERPOOL (JOHN LENNON)       ,NORWICH                       , 0 , 0 , 0 , 68 , 0 , 68 ,-100 ,N,N
26-May-2015 12:30,201408,201308,Other Reporting Airports      ,LIVERPOOL (JOHN LENNON)       ,SOUTHAMPTON                   , 81 , 0 , 81 , 0 , 0 , 0 ,Null,N,N
26-May-2015 12:30,201408,201308,London Area Airports          ,LONDON CITY                   ,ABERDEEN                      , 6434 , 6434 , 0 , 5776 , 5776 , 0 , 11.39197 ,N,N
26-May-2015 12:30,201408,201308,London Area Airports          ,LONDON CITY                   ,DUNDEE                        , 0 , 0 , 0 , 2235 , 2235 , 0 ,-100 ,N,N
26-May-2015 12:30,201408,201308,London Area Airports          ,LONDON CITY                   ,EDINBURGH                     , 23736 , 23736 , 0 , 24256 , 24256 , 0 ,-2.1438 ,N,N
26-May-2015 12:30,201408,201308,London Area Airports          ,LONDON CITY                   ,GLASGOW                       , 14102 , 14102 , 0 , 12111 , 12111 , 0 , 16.4396 ,N,N
26-May-2015 12:30,201408,201308,London Area Airports          ,LONDON CITY                   ,ISLE OF MAN                   , 6600 , 6600 , 0 , 4751 , 4751 , 0 , 38.91812 ,N,N
26-May-2015 12:30,201408,201308,London Area Airports          ,LONDON CITY                   ,JERSEY                        , 3216 , 3216 , 0 , 3212 , 3212 , 0 , 0.124533 ,N,N
26-May-2015 12:30,201408,201308,London Area Airports          ,LUTON                         ,ABERDEEN                      , 8323 , 8320 , 3 , 8375 , 8375 , 0 ,-0.6208955 ,N,N
26-May-2015 12:30,201408,201308,London Area Airports          ,LUTON                         ,ALCONBURY                     , 2 , 0 , 2 , 0 , 0 , 0 ,Null,Y,N
26-May-2015 12:30,201408,201308,London Area Airports          ,LUTON                         ,BELFAST INTERNATIONAL         , 22995 , 22995 , 0 , 24997 , 24952 , 45 ,-8.008961 ,N,N
26-May-2015 12:30,201408,201308,London Area Airports          ,LUTON                         ,BIGGIN HILL                   , 2 , 0 , 2 , 0 , 0 , 0 ,Null,Y,N
26-May-2015 12:30,201408,201308,London Area Airports          ,LUTON                         ,DONCASTER SHEFFIELD           , 66 , 0 , 66 , 0 , 0 , 0 ,Null,N,N
26-May-2015 12:30,201408,201308,London Area Airports          ,LUTON                         ,EDINBURGH                     , 23824 , 23824 , 0 , 24419 , 24419 , 0 ,-2.436627 ,N,N
26-May-2015 12:30,201408,201308,London Area Airports          ,LUTON                         ,FARNBOROUGH                   , 0 , 0 , 0 , 1 , 0 , 1 ,-100 ,N,N
26-May-2015 12:30,201408,201308,London Area Airports          ,LUTON                         ,GLASGOW                       , 24143 , 24143 , 0 , 25013 , 24969 , 44 ,-3.478191 ,N,N
26-May-2015 12:30,201408,201308,London Area Airports          ,LUTON                         ,INVERNESS                     , 8885 , 8861 , 24 , 8692 , 8692 , 0 , 2.220433 ,N,N
26-May-2015 12:30,201408,201308,London Area Airports          ,LUTON                         ,ISLE OF MAN                   , 0 , 0 , 0 , 1648 , 1648 , 0 ,-100 ,N,N
26-May-2015 12:30,201408,201308,London Area Airports          ,LUTON                         ,JERSEY                        , 19 , 0 , 19 , 1567 , 1567 , 0 ,-98.78749 ,Y,N
26-May-2015 12:30,201408,201308,London Area Airports          ,LUTON                         ,LIVERPOOL (JOHN LENNON)       , 38 , 0 , 38 , 0 , 0 , 0 ,Null,N,N
26-May-2015 12:30,201408,201308,London Area Airports          ,LUTON                         ,MANCHESTER                    , 117 , 0 , 117 , 4 , 0 , 4 , 2825 ,N,Y
26-May-2015 12:30,201408,201308,London Area Airports          ,LUTON                         ,NEWCASTLE                     , 77 , 0 , 77 , 0 , 0 , 0 ,Null,N,N
26-May-2015 12:30,201408,201308,Other Reporting Airports      ,MANCHESTER                    ,NEWCASTLE                     , 74 , 0 , 74 , 72 , 0 , 72 , 2.777778 ,N,N
26-May-2015 12:30,201408,201308,Other Reporting Airports      ,MANCHESTER                    ,NEWQUAY                       , 5061 , 5061 , 0 , 4013 , 4013 , 0 , 26.11513 ,N,N
26-May-2015 12:30,201408,201308,Other Reporting Airports      ,MANCHESTER                    ,NORWICH                       , 2111 , 2111 , 0 , 2118 , 2118 , 0 ,-0.3305005 ,N,N
26-May-2015 12:30,201408,201308,Other Reporting Airports      ,MANCHESTER                    ,SOUTHAMPTON                   , 14868 , 14868 , 0 , 10519 , 10519 , 0 , 41.34423 ,N,N
26-May-2015 12:30,201408,201308,Other Reporting Airports      ,MANSTON (KENT INT)            ,NEWCASTLE                     , 0 , 0 , 0 , 3 , 0 , 3 ,-100 ,N,Y
26-May-2015 12:30,201408,201308,Other Reporting Airports      ,NEWCASTLE                     ,NEWQUAY                       , 759 , 759 , 0 , 753 , 753 , 0 , 0.7968128 ,N,N
26-May-2015 12:30,201408,201308,Other Reporting Airports      ,NEWCASTLE                     ,SOUTHAMPTON                   , 8490 , 8490 , 0 , 7901 , 7808 , 93 , 7.454752 ,N,N
26-May-2015 12:30,201408,201308,Other Reporting Airports      ,NEWQUAY                       ,NORWICH                       , 0 , 0 , 0 , 605 , 605 , 0 ,-100 ,N,N
26-May-2015 12:30,201408,201308,Other Reporting Airports      ,NORWICH                       ,SOUTHAMPTON                   , 0 , 0 , 0 , 70 , 0 , 70 ,-100 ,N,N
26-May-2015 12:30,201408,201308,London Area Airports          ,SOUTHEND                      ,BELFAST INTERNATIONAL         , 0 , 0 , 0 , 8342 , 8342 , 0 ,-100 ,N,N
26-May-2015 12:30,201408,201308,London Area Airports          ,SOUTHEND                      ,EDINBURGH                     , 0 , 0 , 0 , 6301 , 6301 , 0 ,-100 ,N,N
26-May-2015 12:30,201408,201308,London Area Airports          ,SOUTHEND                      ,JERSEY                        , 2415 , 2415 , 0 , 7337 , 7337 , 0 ,-67.08464 ,N,N
26-May-2015 12:30,201408,201308,London Area Airports          ,SOUTHEND                      ,NEWQUAY                       , 1819 , 1819 , 0 , 3152 , 3152 , 0 ,-42.29061 ,N,N
26-May-2015 12:30,201408,201308,London Area Airports          ,STANSTED                      ,BELFAST INTERNATIONAL         , 26146 , 26130 , 16 , 27193 , 27193 , 0 ,-3.850255 ,N,N
26-May-2015 12:30,201408,201308,London Area Airports          ,STANSTED                      ,CITY OF DERRY (EGLINTON)      , 11039 , 11039 , 0 , 10448 , 10448 , 0 , 5.656585 ,N,N
26-May-2015 12:30,201408,201308,London Area Airports          ,STANSTED                      ,DUNDEE                        , 1857 , 1857 , 0 , 0 , 0 , 0 ,Null,N,N
26-May-2015 12:30,201408,201308,London Area Airports          ,STANSTED                      ,EDINBURGH                     , 26752 , 26752 , 0 , 26711 , 26711 , 0 , 0.1534948 ,N,N
26-May-2015 12:30,201408,201308,London Area Airports          ,STANSTED                      ,GLASGOW                       , 20577 , 20577 , 0 , 26906 , 26906 , 0 ,-23.52263 ,N,N
26-May-2015 12:30,201408,201308,London Area Airports          ,STANSTED                      ,GUERNSEY                      , 3416 , 3416 , 0 , 3100 , 3100 , 0 , 10.19355 ,N,N
26-May-2015 12:30,201408,201308,London Area Airports          ,STANSTED                      ,JERSEY                        , 3219 , 3219 , 0 , 1066 , 1066 , 0 , 201.97 ,N,N
26-May-2015 12:30,201408,201308,London Area Airports          ,STANSTED                      ,NEWCASTLE                     , 0 , 0 , 0 , 67 , 0 , 67 ,-100 ,N,N
