rundate,this_period,last_period,group_name,airport_1_name,airport_2_name,total_pax_this_period,total_pax_scheduled_this_period,total_pax_charter_this_period,total_pax_last_period,total_pax_scheduled_last_period,total_pax_charter_last_period,total_pax_percent,charters_tm_only_small_acf,charters_lm_only_small_acf
13-Apr-2011 13:03,201102,201002,Other Reporting Airports      ,ABERDEEN                      ,BELFAST CITY (GEORGE BEST)    , 979 , 979 , 0 , 1255 , 1255 , 0 ,-21.99203 ,N,N
13-Apr-2011 13:03,201102,201002,Other Reporting Airports      ,ABERDEEN                      ,BIRMINGHAM                    , 5447 , 5447 , 0 , 6749 , 6749 , 0 ,-19.29175 ,N,N
13-Apr-2011 13:03,201102,201002,Other Reporting Airports      ,ABERDEEN                      ,BRISTOL                       , 2708 , 2708 , 0 , 1658 , 1658 , 0 , 63.32931 ,N,N
13-Apr-2011 13:03,201102,201002,Other Reporting Airports      ,ABERDEEN                      ,CARDIFF WALES                 , 164 , 164 , 0 , 152 , 152 , 0 , 7.894737 ,N,N
13-Apr-2011 13:03,201102,201002,Other Reporting Airports      ,ABERDEEN                      ,DURHAM TEES VALLEY            , 2588 , 2588 , 0 , 2505 , 2505 , 0 , 3.313373 ,N,N
13-Apr-2011 13:03,201102,201002,Other Reporting Airports      ,ABERDEEN                      ,EAST MIDLANDS INTERNATIONAL   , 1687 , 1687 , 0 , 1599 , 1599 , 0 , 5.503439 ,N,N
13-Apr-2011 13:03,201102,201002,Other Reporting Airports      ,ABERDEEN                      ,EXETER                        , 1364 , 1364 , 0 , 2099 , 2099 , 0 ,-35.01667 ,N,N
13-Apr-2011 13:03,201102,201002,Other Reporting Airports      ,ABERDEEN                      ,HUMBERSIDE                    , 2418 , 2418 , 0 , 2237 , 2237 , 0 , 8.091193 ,N,N
13-Apr-2011 13:03,201102,201002,Other Reporting Airports      ,ABERDEEN                      ,KIRKWALL                      , 2543 , 2543 , 0 , 2646 , 2646 , 0 ,-3.892668 ,N,N
13-Apr-2011 13:03,201102,201002,Other Reporting Airports      ,ABERDEEN                      ,LEEDS BRADFORD                , 72 , 72 , 0 , 917 , 917 , 0 ,-92.14831 ,N,N
13-Apr-2011 13:03,201102,201002,Other Reporting Airports      ,ABERDEEN                      ,LIVERPOOL (JOHN LENNON)       , 693 , 693 , 0 , 877 , 877 , 0 ,-20.98062 ,N,N
13-Apr-2011 13:03,201102,201002,Other Reporting Airports      ,ABERDEEN                      ,MANCHESTER                    , 10104 , 9711 , 393 , 7187 , 7005 , 182 , 40.58717 ,N,N
13-Apr-2011 13:03,201102,201002,Other Reporting Airports      ,ABERDEEN                      ,NEWCASTLE                     , 2565 , 2565 , 0 , 2051 , 2051 , 0 , 25.06095 ,N,N
13-Apr-2011 13:03,201102,201002,Other Reporting Airports      ,ABERDEEN                      ,NORWICH                       , 4581 , 4581 , 0 , 4535 , 4535 , 0 , 1.014333 ,N,N
13-Apr-2011 13:03,201102,201002,Other Reporting Airports      ,ABERDEEN                      ,OXFORD (KIDLINGTON)           , 25 , 0 , 25 , 0 , 0 , 0 ,Null,N,N
13-Apr-2011 13:03,201102,201002,Other Reporting Airports      ,ABERDEEN                      ,SCATSTA                       , 11120 , 0 , 11120 , 10828 , 0 , 10828 , 2.696712 ,N,N
13-Apr-2011 13:03,201102,201002,Other Reporting Airports      ,ABERDEEN                      ,SOUTHAMPTON                   , 2170 , 2170 , 0 , 2378 , 2378 , 0 ,-8.746846 ,N,N
13-Apr-2011 13:03,201102,201002,Other Reporting Airports      ,ABERDEEN                      ,STORNOWAY                     , 477 , 477 , 0 , 494 , 494 , 0 ,-3.441296 ,N,N
13-Apr-2011 13:03,201102,201002,Other Reporting Airports      ,ABERDEEN                      ,SUMBURGH                      , 4553 , 4307 , 246 , 4010 , 3944 , 66 , 13.54115 ,N,N
13-Apr-2011 13:03,201102,201002,Other Reporting Airports      ,ABERDEEN                      ,WICK                          , 1418 , 1418 , 0 , 1218 , 1218 , 0 , 16.42036 ,N,N
13-Apr-2011 13:03,201102,201002,Other Reporting Airports      ,ALDERNEY                      ,GUERNSEY                      , 2675 , 2675 , 0 , 2504 , 2504 , 0 , 6.829073 ,N,N
13-Apr-2011 13:03,201102,201002,Other Reporting Airports      ,ALDERNEY                      ,JERSEY                        , 14 , 14 , 0 , 0 , 0 , 0 ,Null,N,N
13-Apr-2011 13:03,201102,201002,Other Reporting Airports      ,ALDERNEY                      ,SOUTHAMPTON                   , 1444 , 1444 , 0 , 1386 , 1386 , 0 , 4.184704 ,N,N
13-Apr-2011 13:03,201102,201002,Other Reporting Airports      ,ANGLESEY (VALLEY)             ,CARDIFF WALES                 , 769 , 769 , 0 , 888 , 888 , 0 ,-13.4009 ,N,N
13-Apr-2011 13:03,201102,201002,Other Reporting Airports      ,BARRA                         ,BENBECULA                     , 118 , 118 , 0 , 99 , 99 , 0 , 19.19192 ,N,N
13-Apr-2011 13:03,201102,201002,Other Reporting Airports      ,BARRA                         ,GLASGOW                       , 433 , 433 , 0 , 465 , 465 , 0 ,-6.881721 ,N,N
13-Apr-2011 13:03,201102,201002,Other Reporting Airports      ,BELFAST CITY (GEORGE BEST)    ,BIRMINGHAM                    , 23210 , 23210 , 0 , 14720 , 14720 , 0 , 57.67663 ,N,N
13-Apr-2011 13:03,201102,201002,Other Reporting Airports      ,BELFAST CITY (GEORGE BEST)    ,BLACKPOOL                     , 588 , 588 , 0 , 1324 , 1324 , 0 ,-55.58912 ,N,N
13-Apr-2011 13:03,201102,201002,Other Reporting Airports      ,BELFAST CITY (GEORGE BEST)    ,BRISTOL                       , 2360 , 2360 , 0 , 9376 , 9376 , 0 ,-74.82935 ,N,N
13-Apr-2011 13:03,201102,201002,Other Reporting Airports      ,BELFAST CITY (GEORGE BEST)    ,CARDIFF WALES                 , 4084 , 4084 , 0 , 2150 , 2150 , 0 , 89.95349 ,N,N
13-Apr-2011 13:03,201102,201002,Other Reporting Airports      ,BELFAST CITY (GEORGE BEST)    ,DONCASTER SHEFFIELD           , 1262 , 1262 , 0 , 1331 , 1331 , 0 ,-5.184072 ,N,N
13-Apr-2011 13:03,201102,201002,Other Reporting Airports      ,BELFAST CITY (GEORGE BEST)    ,DUNDEE                        , 799 , 799 , 0 , 588 , 588 , 0 , 35.88435 ,N,N
13-Apr-2011 13:03,201102,201002,Other Reporting Airports      ,BELFAST CITY (GEORGE BEST)    ,EAST MIDLANDS INTERNATIONAL   , 13887 , 13887 , 0 , 15777 , 15777 , 0 ,-11.97946 ,N,N
13-Apr-2011 13:03,201102,201002,Other Reporting Airports      ,BELFAST CITY (GEORGE BEST)    ,EDINBURGH                     , 7905 , 7905 , 0 , 7650 , 7650 , 0 , 3.333333 ,N,N
13-Apr-2011 13:03,201102,201002,Other Reporting Airports      ,BELFAST CITY (GEORGE BEST)    ,EXETER                        , 722 , 722 , 0 , 0 , 0 , 0 ,Null,N,N
13-Apr-2011 13:03,201102,201002,Other Reporting Airports      ,BELFAST CITY (GEORGE BEST)    ,GLASGOW                       , 8072 , 8072 , 0 , 7184 , 7184 , 0 , 12.3608 ,N,N
13-Apr-2011 13:03,201102,201002,Other Reporting Airports      ,BELFAST CITY (GEORGE BEST)    ,INVERNESS                     , 1174 , 1174 , 0 , 1100 , 1100 , 0 , 6.727273 ,N,N
13-Apr-2011 13:03,201102,201002,Other Reporting Airports      ,BELFAST CITY (GEORGE BEST)    ,ISLE OF MAN                   , 1424 , 1424 , 0 , 404 , 404 , 0 , 252.4753 ,N,N
13-Apr-2011 13:03,201102,201002,Other Reporting Airports      ,BELFAST CITY (GEORGE BEST)    ,LEEDS BRADFORD                , 4812 , 4812 , 0 , 5128 , 5128 , 0 ,-6.162247 ,N,N
13-Apr-2011 13:03,201102,201002,Other Reporting Airports      ,BELFAST CITY (GEORGE BEST)    ,LIVERPOOL (JOHN LENNON)       , 5098 , 5098 , 0 , 18047 , 18047 , 0 ,-71.75154 ,N,N
13-Apr-2011 13:03,201102,201002,Other Reporting Airports      ,BELFAST CITY (GEORGE BEST)    ,MANCHESTER                    , 24330 , 24330 , 0 , 16376 , 16376 , 0 , 48.57108 ,N,N
13-Apr-2011 13:03,201102,201002,Other Reporting Airports      ,BELFAST CITY (GEORGE BEST)    ,NEWCASTLE                     , 2722 , 2722 , 0 , 3309 , 3309 , 0 ,-17.7395 ,N,N
13-Apr-2011 13:03,201102,201002,Other Reporting Airports      ,BELFAST CITY (GEORGE BEST)    ,PRESTWICK                     , 0 , 0 , 0 , 6247 , 6247 , 0 ,-100 ,N,N
13-Apr-2011 13:03,201102,201002,Other Reporting Airports      ,BELFAST CITY (GEORGE BEST)    ,SOUTHAMPTON                   , 5178 , 5178 , 0 , 5371 , 5371 , 0 ,-3.593372 ,N,N
13-Apr-2011 13:03,201102,201002,Other Reporting Airports      ,BELFAST INTERNATIONAL         ,BIRMINGHAM                    , 0 , 0 , 0 , 8877 , 8877 , 0 ,-100 ,N,N
13-Apr-2011 13:03,201102,201002,Other Reporting Airports      ,BELFAST INTERNATIONAL         ,BRISTOL                       , 14716 , 14716 , 0 , 13163 , 13163 , 0 , 11.79822 ,N,N
13-Apr-2011 13:03,201102,201002,Other Reporting Airports      ,BELFAST INTERNATIONAL         ,CARDIFF WALES                 , 150 , 0 , 150 , 545 , 545 , 0 ,-72.47707 ,N,N
13-Apr-2011 13:03,201102,201002,Other Reporting Airports      ,BELFAST INTERNATIONAL         ,EAST MIDLANDS INTERNATIONAL   , 0 , 0 , 0 , 5586 , 5586 , 0 ,-100 ,N,N
13-Apr-2011 13:03,201102,201002,Other Reporting Airports      ,BELFAST INTERNATIONAL         ,EDINBURGH                     , 19338 , 19338 , 0 , 19404 , 19404 , 0 ,-0.3401361 ,N,N
13-Apr-2011 13:03,201102,201002,Other Reporting Airports      ,BELFAST INTERNATIONAL         ,GLASGOW                       , 20592 , 20592 , 0 , 17318 , 17318 , 0 , 18.90519 ,N,N
13-Apr-2011 13:03,201102,201002,Other Reporting Airports      ,BELFAST INTERNATIONAL         ,ISLE OF MAN                   , 0 , 0 , 0 , 506 , 506 , 0 ,-100 ,N,N
13-Apr-2011 13:03,201102,201002,Other Reporting Airports      ,BELFAST INTERNATIONAL         ,LEEDS BRADFORD                , 7786 , 7786 , 0 , 6938 , 6938 , 0 , 12.22254 ,N,N
13-Apr-2011 13:03,201102,201002,Other Reporting Airports      ,BELFAST INTERNATIONAL         ,LIVERPOOL (JOHN LENNON)       , 35635 , 35635 , 0 , 28190 , 28190 , 0 , 26.41007 ,N,N
13-Apr-2011 13:03,201102,201002,Other Reporting Airports      ,BELFAST INTERNATIONAL         ,MANCHESTER                    , 0 , 0 , 0 , 8414 , 8414 , 0 ,-100 ,N,N
13-Apr-2011 13:03,201102,201002,Other Reporting Airports      ,BELFAST INTERNATIONAL         ,NEWCASTLE                     , 15609 , 15609 , 0 , 15578 , 15578 , 0 , 0.1989986 ,N,N
13-Apr-2011 13:03,201102,201002,Other Reporting Airports      ,BENBECULA                     ,GLASGOW                       , 1552 , 1552 , 0 , 1384 , 1384 , 0 , 12.13873 ,N,N
13-Apr-2011 13:03,201102,201002,Other Reporting Airports      ,BENBECULA                     ,STORNOWAY                     , 909 , 909 , 0 , 639 , 639 , 0 , 42.25352 ,N,N
13-Apr-2011 13:03,201102,201002,Other Reporting Airports      ,BIRMINGHAM                    ,CITY OF DERRY (EGLINTON)      , 4204 , 4204 , 0 , 3885 , 3885 , 0 , 8.211068 ,N,N
13-Apr-2011 13:03,201102,201002,Other Reporting Airports      ,BIRMINGHAM                    ,DUNDEE                        , 1615 , 1615 , 0 , 1405 , 1405 , 0 , 14.94662 ,N,N
13-Apr-2011 13:03,201102,201002,Other Reporting Airports      ,BIRMINGHAM                    ,EDINBURGH                     , 21465 , 21465 , 0 , 24639 , 24639 , 0 ,-12.88202 ,N,N
13-Apr-2011 13:03,201102,201002,Other Reporting Airports      ,BIRMINGHAM                    ,GLASGOW                       , 16505 , 16505 , 0 , 17318 , 17318 , 0 ,-4.694538 ,N,N
13-Apr-2011 13:03,201102,201002,Other Reporting Airports      ,BIRMINGHAM                    ,GUERNSEY                      , 1969 , 1969 , 0 , 2185 , 2185 , 0 ,-9.885584 ,N,N
13-Apr-2011 13:03,201102,201002,Other Reporting Airports      ,BIRMINGHAM                    ,INVERNESS                     , 1832 , 1832 , 0 , 1982 , 1982 , 0 ,-7.568113 ,N,N
13-Apr-2011 13:03,201102,201002,Other Reporting Airports      ,BIRMINGHAM                    ,ISLE OF MAN                   , 3063 , 3063 , 0 , 3513 , 3513 , 0 ,-12.80956 ,N,N
13-Apr-2011 13:03,201102,201002,Other Reporting Airports      ,BIRMINGHAM                    ,JERSEY                        , 2460 , 2460 , 0 , 2296 , 2296 , 0 , 7.142857 ,N,N
13-Apr-2011 13:03,201102,201002,Other Reporting Airports      ,BIRMINGHAM                    ,NEWCASTLE                     , 1215 , 1215 , 0 , 1226 , 1226 , 0 ,-0.8972268 ,N,N
13-Apr-2011 13:03,201102,201002,Other Reporting Airports      ,BLACKPOOL                     ,ISLE OF MAN                   , 1672 , 1672 , 0 , 1784 , 1784 , 0 ,-6.278027 ,N,N
13-Apr-2011 13:03,201102,201002,Other Reporting Airports      ,BOURNEMOUTH                   ,EDINBURGH                     , 0 , 0 , 0 , 6138 , 6138 , 0 ,-100 ,N,N
13-Apr-2011 13:03,201102,201002,Other Reporting Airports      ,BOURNEMOUTH                   ,JERSEY                        , 0 , 0 , 0 , 310 , 0 , 310 ,-100 ,N,N
13-Apr-2011 13:03,201102,201002,Other Reporting Airports      ,BRISTOL                       ,EDINBURGH                     , 23815 , 23815 , 0 , 19011 , 19011 , 0 , 25.26958 ,N,N
13-Apr-2011 13:03,201102,201002,Other Reporting Airports      ,BRISTOL                       ,GLASGOW                       , 17703 , 17703 , 0 , 16231 , 16231 , 0 , 9.069065 ,N,N
13-Apr-2011 13:03,201102,201002,Other Reporting Airports      ,BRISTOL                       ,GUERNSEY                      , 1103 , 1103 , 0 , 1085 , 1085 , 0 , 1.658986 ,N,N
13-Apr-2011 13:03,201102,201002,Other Reporting Airports      ,BRISTOL                       ,HAWARDEN                      , 17 , 0 , 17 , 0 , 0 , 0 ,Null,N,N
13-Apr-2011 13:03,201102,201002,Other Reporting Airports      ,BRISTOL                       ,INVERNESS                     , 4124 , 4124 , 0 , 4586 , 4586 , 0 ,-10.07414 ,N,N
13-Apr-2011 13:03,201102,201002,Other Reporting Airports      ,BRISTOL                       ,ISLE OF MAN                   , 231 , 231 , 0 , 0 , 0 , 0 ,Null,N,N
13-Apr-2011 13:03,201102,201002,Other Reporting Airports      ,BRISTOL                       ,JERSEY                        , 1132 , 1132 , 0 , 1485 , 1485 , 0 ,-23.77104 ,N,N
13-Apr-2011 13:03,201102,201002,Other Reporting Airports      ,BRISTOL                       ,LEEDS BRADFORD                , 1113 , 1113 , 0 , 1807 , 1807 , 0 ,-38.4062 ,N,N
13-Apr-2011 13:03,201102,201002,Other Reporting Airports      ,BRISTOL                       ,MANCHESTER                    , 1141 , 1141 , 0 , 1410 , 1410 , 0 ,-19.07801 ,N,N
13-Apr-2011 13:03,201102,201002,Other Reporting Airports      ,BRISTOL                       ,NEWCASTLE                     , 15871 , 15871 , 0 , 15658 , 15658 , 0 , 1.360327 ,N,N
13-Apr-2011 13:03,201102,201002,Other Reporting Airports      ,BRISTOL                       ,NEWQUAY                       , 812 , 812 , 0 , 1055 , 1055 , 0 ,-23.03317 ,N,N
13-Apr-2011 13:03,201102,201002,Other Reporting Airports      ,BRISTOL                       ,PLYMOUTH                      , 537 , 537 , 0 , 746 , 746 , 0 ,-28.01609 ,N,N
13-Apr-2011 13:03,201102,201002,Other Reporting Airports      ,CAMBRIDGE                     ,EDINBURGH                     , 38 , 0 , 38 , 0 , 0 , 0 ,Null,N,N
13-Apr-2011 13:03,201102,201002,Other Reporting Airports      ,CAMPBELTOWN                   ,GLASGOW                       , 644 , 644 , 0 , 617 , 617 , 0 , 4.376013 ,N,N
13-Apr-2011 13:03,201102,201002,Other Reporting Airports      ,CARDIFF WALES                 ,DURHAM TEES VALLEY            , 0 , 0 , 0 , 42 , 0 , 42 ,-100 ,N,N
13-Apr-2011 13:03,201102,201002,Other Reporting Airports      ,CARDIFF WALES                 ,EDINBURGH                     , 9709 , 8747 , 962 , 12678 , 12536 , 142 ,-23.41852 ,N,N
13-Apr-2011 13:03,201102,201002,Other Reporting Airports      ,CARDIFF WALES                 ,GLASGOW                       , 3622 , 3547 , 75 , 4145 , 4058 , 87 ,-12.61761 ,N,N
13-Apr-2011 13:03,201102,201002,Other Reporting Airports      ,CARDIFF WALES                 ,HUMBERSIDE                    , 91 , 0 , 91 , 0 , 0 , 0 ,Null,N,N
13-Apr-2011 13:03,201102,201002,Other Reporting Airports      ,CARDIFF WALES                 ,JERSEY                        , 700 , 700 , 0 , 770 , 770 , 0 ,-9.090909 ,N,N
13-Apr-2011 13:03,201102,201002,Other Reporting Airports      ,CARDIFF WALES                 ,NEWCASTLE                     , 966 , 966 , 0 , 2163 , 2121 , 42 ,-55.33981 ,N,N
13-Apr-2011 13:03,201102,201002,Other Reporting Airports      ,CARDIFF WALES                 ,NEWQUAY                       , 145 , 136 , 9 , 0 , 0 , 0 ,Null,N,N
13-Apr-2011 13:03,201102,201002,Other Reporting Airports      ,CITY OF DERRY (EGLINTON)      ,LIVERPOOL (JOHN LENNON)       , 7055 , 7055 , 0 , 6593 , 6593 , 0 , 7.007432 ,N,N
13-Apr-2011 13:03,201102,201002,Other Reporting Airports      ,CITY OF DERRY (EGLINTON)      ,PRESTWICK                     , 5909 , 5909 , 0 , 4819 , 4819 , 0 , 22.6188 ,N,N
13-Apr-2011 13:03,201102,201002,Other Reporting Airports      ,DONCASTER SHEFFIELD           ,JERSEY                        , 244 , 244 , 0 , 567 , 567 , 0 ,-56.96649 ,N,N
13-Apr-2011 13:03,201102,201002,Other Reporting Airports      ,DURHAM TEES VALLEY            ,SOUTHAMPTON                   , 614 , 614 , 0 , 426 , 426 , 0 , 44.13145 ,N,N
13-Apr-2011 13:03,201102,201002,Other Reporting Airports      ,EAST MIDLANDS INTERNATIONAL   ,EDINBURGH                     , 9985 , 9985 , 0 , 9474 , 9474 , 0 , 5.393709 ,N,N
13-Apr-2011 13:03,201102,201002,Other Reporting Airports      ,EAST MIDLANDS INTERNATIONAL   ,GLASGOW                       , 9053 , 9053 , 0 , 8680 , 8680 , 0 , 4.297235 ,N,N
13-Apr-2011 13:03,201102,201002,Other Reporting Airports      ,EAST MIDLANDS INTERNATIONAL   ,GUERNSEY                      , 1094 , 1094 , 0 , 1006 , 1006 , 0 , 8.747515 ,N,N
13-Apr-2011 13:03,201102,201002,Other Reporting Airports      ,EAST MIDLANDS INTERNATIONAL   ,ISLE OF MAN                   , 0 , 0 , 0 , 267 , 267 , 0 ,-100 ,N,N
13-Apr-2011 13:03,201102,201002,Other Reporting Airports      ,EAST MIDLANDS INTERNATIONAL   ,JERSEY                        , 2038 , 2038 , 0 , 2036 , 2036 , 0 , 9.823183E-02 ,N,N
13-Apr-2011 13:03,201102,201002,Other Reporting Airports      ,EAST MIDLANDS INTERNATIONAL   ,MANSTON (KENT INT)            , 0 , 0 , 0 , 2 , 0 , 2 ,-100 ,N,N
13-Apr-2011 13:03,201102,201002,Other Reporting Airports      ,EAST MIDLANDS INTERNATIONAL   ,PLYMOUTH                      , 0 , 0 , 0 , 96 , 0 , 96 ,-100 ,N,N
13-Apr-2011 13:03,201102,201002,Other Reporting Airports      ,EDAY                          ,KIRKWALL                      , 70 , 70 , 0 , 52 , 52 , 0 , 34.61538 ,N,N
13-Apr-2011 13:03,201102,201002,Other Reporting Airports      ,EDINBURGH                     ,EXETER                        , 2869 , 2869 , 0 , 3856 , 3856 , 0 ,-25.59647 ,N,N
13-Apr-2011 13:03,201102,201002,Other Reporting Airports      ,EDINBURGH                     ,INVERNESS                     , 0 , 0 , 0 , 320 , 320 , 0 ,-100 ,N,N
13-Apr-2011 13:03,201102,201002,Other Reporting Airports      ,EDINBURGH                     ,ISLE OF MAN                   , 832 , 832 , 0 , 720 , 720 , 0 , 15.55556 ,N,N
13-Apr-2011 13:03,201102,201002,Other Reporting Airports      ,EDINBURGH                     ,JERSEY                        , 0 , 0 , 0 , 504 , 504 , 0 ,-100 ,N,N
13-Apr-2011 13:03,201102,201002,Other Reporting Airports      ,EDINBURGH                     ,KIRKWALL                      , 2301 , 2301 , 0 , 2399 , 2399 , 0 ,-4.085035 ,N,N
13-Apr-2011 13:03,201102,201002,Other Reporting Airports      ,EDINBURGH                     ,LEEDS BRADFORD                , 1114 , 1114 , 0 , 1257 , 1257 , 0 ,-11.37629 ,N,N
13-Apr-2011 13:03,201102,201002,Other Reporting Airports      ,EDINBURGH                     ,MANCHESTER                    , 9402 , 9402 , 0 , 11371 , 11371 , 0 ,-17.31598 ,N,N
13-Apr-2011 13:03,201102,201002,Other Reporting Airports      ,EDINBURGH                     ,MANSTON (KENT INT)            , 1476 , 1476 , 0 , 0 , 0 , 0 ,Null,N,N
13-Apr-2011 13:03,201102,201002,Other Reporting Airports      ,EDINBURGH                     ,NORWICH                       , 2915 , 2915 , 0 , 3414 , 3414 , 0 ,-14.61629 ,N,N
13-Apr-2011 13:03,201102,201002,Other Reporting Airports      ,EDINBURGH                     ,PLYMOUTH                      , 100 , 0 , 100 , 0 , 0 , 0 ,Null,N,N
13-Apr-2011 13:03,201102,201002,Other Reporting Airports      ,EDINBURGH                     ,SOUTHAMPTON                   , 13105 , 13105 , 0 , 13967 , 13967 , 0 ,-6.17169 ,N,N
13-Apr-2011 13:03,201102,201002,Other Reporting Airports      ,EDINBURGH                     ,STORNOWAY                     , 1688 , 1688 , 0 , 1761 , 1761 , 0 ,-4.145372 ,N,N
13-Apr-2011 13:03,201102,201002,Other Reporting Airports      ,EDINBURGH                     ,SUMBURGH                      , 2094 , 2094 , 0 , 1910 , 1910 , 0 , 9.633508 ,N,N
13-Apr-2011 13:03,201102,201002,Other Reporting Airports      ,EDINBURGH                     ,WICK                          , 552 , 552 , 0 , 562 , 562 , 0 ,-1.779359 ,N,N
13-Apr-2011 13:03,201102,201002,Other Reporting Airports      ,EXETER                        ,GLASGOW                       , 1164 , 1164 , 0 , 1963 , 1963 , 0 ,-40.70301 ,N,N
13-Apr-2011 13:03,201102,201002,Other Reporting Airports      ,EXETER                        ,GUERNSEY                      , 1629 , 1629 , 0 , 1562 , 1562 , 0 , 4.289372 ,N,N
13-Apr-2011 13:03,201102,201002,Other Reporting Airports      ,EXETER                        ,JERSEY                        , 2396 , 2396 , 0 , 2294 , 2294 , 0 , 4.446382 ,N,N
13-Apr-2011 13:03,201102,201002,Other Reporting Airports      ,EXETER                        ,LEEDS BRADFORD                , 626 , 626 , 0 , 966 , 966 , 0 ,-35.19669 ,N,N
13-Apr-2011 13:03,201102,201002,Other Reporting Airports      ,EXETER                        ,MANCHESTER                    , 2874 , 2874 , 0 , 3284 , 3284 , 0 ,-12.48477 ,N,N
13-Apr-2011 13:03,201102,201002,Other Reporting Airports      ,EXETER                        ,NEWCASTLE                     , 1529 , 1529 , 0 , 2261 , 2261 , 0 ,-32.37505 ,N,N
13-Apr-2011 13:03,201102,201002,Other Reporting Airports      ,FAIR ISLE                     ,LERWICK (TINGWALL)            , 93 , 93 , 0 , 109 , 109 , 0 ,-14.6789 ,N,N
13-Apr-2011 13:03,201102,201002,Other Reporting Airports      ,FARNBOROUGH                   ,GUERNSEY                      , 4 , 0 , 4 , 0 , 0 , 0 ,Null,Y,N
13-Apr-2011 13:03,201102,201002,Other Reporting Airports      ,FARNBOROUGH                   ,HUMBERSIDE                    , 0 , 0 , 0 , 38 , 0 , 38 ,-100 ,N,N
13-Apr-2011 13:03,201102,201002,Other Reporting Airports      ,FARNBOROUGH                   ,LIVERPOOL (JOHN LENNON)       , 0 , 0 , 0 , 38 , 0 , 38 ,-100 ,N,N
13-Apr-2011 13:03,201102,201002,Other Reporting Airports      ,FARNBOROUGH                   ,NEWCASTLE                     , 0 , 0 , 0 , 29 , 0 , 29 ,-100 ,N,N
13-Apr-2011 13:03,201102,201002,Other Reporting Airports      ,FILTON                        ,HAWARDEN                      , 17 , 17 , 0 , 0 , 0 , 0 ,Null,N,N
13-Apr-2011 13:03,201102,201002,Other Reporting Airports      ,FOULA                         ,LERWICK (TINGWALL)            , 53 , 53 , 0 , 41 , 41 , 0 , 29.26829 ,N,N
13-Apr-2011 13:03,201102,201002,London Area Airports          ,GATWICK                       ,ABERDEEN                      , 7164 , 7164 , 0 , 9290 , 9290 , 0 ,-22.88482 ,N,N
13-Apr-2011 13:03,201102,201002,London Area Airports          ,GATWICK                       ,BELFAST CITY (GEORGE BEST)    , 15534 , 15534 , 0 , 15389 , 15389 , 0 , 0.9422315 ,N,N
13-Apr-2011 13:03,201102,201002,London Area Airports          ,GATWICK                       ,BELFAST INTERNATIONAL         , 25544 , 25544 , 0 , 22906 , 22724 , 182 , 11.51663 ,N,N
13-Apr-2011 13:03,201102,201002,London Area Airports          ,GATWICK                       ,DONCASTER SHEFFIELD           , 6 , 0 , 6 , 0 , 0 , 0 ,Null,N,N
13-Apr-2011 13:03,201102,201002,London Area Airports          ,GATWICK                       ,EDINBURGH                     , 48570 , 48565 , 5 , 46493 , 46493 , 0 , 4.467339 ,N,N
13-Apr-2011 13:03,201102,201002,London Area Airports          ,GATWICK                       ,GLASGOW                       , 39647 , 39647 , 0 , 35152 , 35147 , 5 , 12.78732 ,N,N
13-Apr-2011 13:03,201102,201002,London Area Airports          ,GATWICK                       ,GUERNSEY                      , 24148 , 24148 , 0 , 24243 , 24243 , 0 ,-0.3918657 ,N,N
13-Apr-2011 13:03,201102,201002,London Area Airports          ,GATWICK                       ,HUMBERSIDE                    , 0 , 0 , 0 , 49 , 0 , 49 ,-100 ,N,N
13-Apr-2011 13:03,201102,201002,London Area Airports          ,GATWICK                       ,INVERNESS                     , 13654 , 13654 , 0 , 13785 , 13785 , 0 ,-0.9503083 ,N,N
13-Apr-2011 13:03,201102,201002,London Area Airports          ,GATWICK                       ,ISLE OF MAN                   , 9302 , 9302 , 0 , 8814 , 8814 , 0 , 5.536646 ,N,N
13-Apr-2011 13:03,201102,201002,London Area Airports          ,GATWICK                       ,JERSEY                        , 40257 , 40257 , 0 , 38713 , 38713 , 0 , 3.988324 ,N,N
13-Apr-2011 13:03,201102,201002,London Area Airports          ,GATWICK                       ,LEEDS BRADFORD                , 3135 , 3135 , 0 , 3777 , 3777 , 0 ,-16.99762 ,N,N
13-Apr-2011 13:03,201102,201002,London Area Airports          ,GATWICK                       ,LIVERPOOL (JOHN LENNON)       , 0 , 0 , 0 , 40 , 0 , 40 ,-100 ,N,N
13-Apr-2011 13:03,201102,201002,London Area Airports          ,GATWICK                       ,MANCHESTER                    , 17878 , 17878 , 0 , 19948 , 19948 , 0 ,-10.37698 ,N,N
13-Apr-2011 13:03,201102,201002,London Area Airports          ,GATWICK                       ,NEWCASTLE                     , 5977 , 5977 , 0 , 7759 , 7759 , 0 ,-22.96688 ,N,N
13-Apr-2011 13:03,201102,201002,London Area Airports          ,GATWICK                       ,NEWQUAY                       , 6302 , 6302 , 0 , 6750 , 6750 , 0 ,-6.637037 ,N,N
13-Apr-2011 13:03,201102,201002,London Area Airports          ,GATWICK                       ,PLYMOUTH                      , 0 , 0 , 0 , 4288 , 4288 , 0 ,-100 ,N,N
13-Apr-2011 13:03,201102,201002,Other Reporting Airports      ,GLASGOW                       ,ISLAY                         , 1630 , 1630 , 0 , 1609 , 1609 , 0 , 1.305158 ,N,N
13-Apr-2011 13:03,201102,201002,Other Reporting Airports      ,GLASGOW                       ,ISLE OF MAN                   , 678 , 678 , 0 , 799 , 799 , 0 ,-15.14393 ,N,N
13-Apr-2011 13:03,201102,201002,Other Reporting Airports      ,GLASGOW                       ,KIRKWALL                      , 1021 , 1021 , 0 , 1033 , 1033 , 0 ,-1.161665 ,N,N
13-Apr-2011 13:03,201102,201002,Other Reporting Airports      ,GLASGOW                       ,LEEDS BRADFORD                , 1398 , 1398 , 0 , 1288 , 1288 , 0 , 8.540373 ,N,N
13-Apr-2011 13:03,201102,201002,Other Reporting Airports      ,GLASGOW                       ,MANCHESTER                    , 3268 , 3268 , 0 , 5733 , 5733 , 0 ,-42.99669 ,N,N
13-Apr-2011 13:03,201102,201002,Other Reporting Airports      ,GLASGOW                       ,NEWQUAY                       , 743 , 743 , 0 , 730 , 730 , 0 , 1.780822 ,N,N
13-Apr-2011 13:03,201102,201002,Other Reporting Airports      ,GLASGOW                       ,PLYMOUTH                      , 1749 , 1749 , 0 , 1756 , 1756 , 0 ,-0.3986333 ,N,N
13-Apr-2011 13:03,201102,201002,Other Reporting Airports      ,GLASGOW                       ,SOUTHAMPTON                   , 8353 , 8353 , 0 , 11764 , 11764 , 0 ,-28.99524 ,N,N
13-Apr-2011 13:03,201102,201002,Other Reporting Airports      ,GLASGOW                       ,STORNOWAY                     , 3613 , 3613 , 0 , 3402 , 3402 , 0 , 6.202234 ,N,N
13-Apr-2011 13:03,201102,201002,Other Reporting Airports      ,GLASGOW                       ,SUMBURGH                      , 1134 , 1134 , 0 , 1043 , 1043 , 0 , 8.724833 ,N,N
13-Apr-2011 13:03,201102,201002,Other Reporting Airports      ,GLASGOW                       ,TIREE                         , 502 , 502 , 0 , 453 , 453 , 0 , 10.81678 ,N,N
13-Apr-2011 13:03,201102,201002,Other Reporting Airports      ,GLOUCESTERSHIRE               ,ISLE OF MAN                   , 1130 , 1130 , 0 , 1146 , 1146 , 0 ,-1.396161 ,N,N
13-Apr-2011 13:03,201102,201002,Other Reporting Airports      ,GLOUCESTERSHIRE               ,JERSEY                        , 0 , 0 , 0 , 152 , 152 , 0 ,-100 ,N,N
13-Apr-2011 13:03,201102,201002,Other Reporting Airports      ,GUERNSEY                      ,ISLE OF MAN                   , 181 , 181 , 0 , 365 , 365 , 0 ,-50.41096 ,N,N
13-Apr-2011 13:03,201102,201002,Other Reporting Airports      ,GUERNSEY                      ,JERSEY                        , 10558 , 10558 , 0 , 10093 , 10093 , 0 , 4.607153 ,N,N
13-Apr-2011 13:03,201102,201002,Other Reporting Airports      ,GUERNSEY                      ,MANCHESTER                    , 3742 , 3742 , 0 , 3598 , 3598 , 0 , 4.002223 ,N,N
13-Apr-2011 13:03,201102,201002,Other Reporting Airports      ,GUERNSEY                      ,PLYMOUTH                      , 231 , 231 , 0 , 191 , 191 , 0 , 20.94241 ,N,N
13-Apr-2011 13:03,201102,201002,Other Reporting Airports      ,GUERNSEY                      ,SOUTHAMPTON                   , 8045 , 8003 , 42 , 9441 , 9441 , 0 ,-14.78657 ,N,N
13-Apr-2011 13:03,201102,201002,London Area Airports          ,HEATHROW                      ,ABERDEEN                      , 46469 , 46469 , 0 , 45028 , 45028 , 0 , 3.200231 ,N,N
13-Apr-2011 13:03,201102,201002,London Area Airports          ,HEATHROW                      ,BELFAST CITY (GEORGE BEST)    , 36734 , 36734 , 0 , 38094 , 38094 , 0 ,-3.570116 ,N,N
13-Apr-2011 13:03,201102,201002,London Area Airports          ,HEATHROW                      ,BELFAST INTERNATIONAL         , 18269 , 18269 , 0 , 19947 , 19947 , 0 ,-8.412292 ,N,N
13-Apr-2011 13:03,201102,201002,London Area Airports          ,HEATHROW                      ,EDINBURGH                     , 89709 , 89709 , 0 , 91686 , 91686 , 0 ,-2.156272 ,N,N
13-Apr-2011 13:03,201102,201002,London Area Airports          ,HEATHROW                      ,GLASGOW                       , 73161 , 73161 , 0 , 72503 , 72503 , 0 , 0.9075487 ,N,N
13-Apr-2011 13:03,201102,201002,London Area Airports          ,HEATHROW                      ,MANCHESTER                    , 63553 , 63553 , 0 , 68770 , 68770 , 0 ,-7.586157 ,N,N
13-Apr-2011 13:03,201102,201002,London Area Airports          ,HEATHROW                      ,NEWCASTLE                     , 35229 , 35229 , 0 , 34627 , 34627 , 0 , 1.738528 ,N,N
13-Apr-2011 13:03,201102,201002,Other Reporting Airports      ,HUMBERSIDE                    ,NORWICH                       , 61 , 61 , 0 , 153 , 153 , 0 ,-60.13072 ,N,N
13-Apr-2011 13:03,201102,201002,Other Reporting Airports      ,INVERNESS                     ,KIRKWALL                      , 1742 , 1742 , 0 , 1684 , 1684 , 0 , 3.44418 ,N,N
13-Apr-2011 13:03,201102,201002,Other Reporting Airports      ,INVERNESS                     ,MANCHESTER                    , 3193 , 3193 , 0 , 3454 , 3454 , 0 ,-7.556456 ,N,N
13-Apr-2011 13:03,201102,201002,Other Reporting Airports      ,INVERNESS                     ,STORNOWAY                     , 2763 , 2763 , 0 , 2402 , 2402 , 0 , 15.02914 ,N,N
13-Apr-2011 13:03,201102,201002,Other Reporting Airports      ,INVERNESS                     ,SUMBURGH                      , 0 , 0 , 0 , 2 , 2 , 0 ,-100 ,N,N
13-Apr-2011 13:03,201102,201002,Other Reporting Airports      ,ISLE OF MAN                   ,JERSEY                        , 253 , 253 , 0 , 383 , 383 , 0 ,-33.94256 ,N,N
13-Apr-2011 13:03,201102,201002,Other Reporting Airports      ,ISLE OF MAN                   ,LEEDS BRADFORD                , 419 , 419 , 0 , 457 , 457 , 0 ,-8.315099 ,N,N
13-Apr-2011 13:03,201102,201002,Other Reporting Airports      ,ISLE OF MAN                   ,LIVERPOOL (JOHN LENNON)       , 11554 , 11554 , 0 , 9033 , 9033 , 0 , 27.90878 ,N,N
13-Apr-2011 13:03,201102,201002,Other Reporting Airports      ,ISLE OF MAN                   ,MANCHESTER                    , 8506 , 8506 , 0 , 10131 , 10131 , 0 ,-16.03988 ,N,N
13-Apr-2011 13:03,201102,201002,Other Reporting Airports      ,ISLE OF MAN                   ,NEWCASTLE                     , 376 , 376 , 0 , 488 , 488 , 0 ,-22.95082 ,N,N
13-Apr-2011 13:03,201102,201002,Other Reporting Airports      ,ISLES OF SCILLY (ST.MARYS)    ,NEWQUAY                       , 585 , 585 , 0 , 102 , 102 , 0 , 473.5294 ,N,N
13-Apr-2011 13:03,201102,201002,Other Reporting Airports      ,JERSEY                        ,LIVERPOOL (JOHN LENNON)       , 3595 , 3595 , 0 , 3552 , 3552 , 0 , 1.210586 ,N,N
13-Apr-2011 13:03,201102,201002,Other Reporting Airports      ,JERSEY                        ,MANCHESTER                    , 5083 , 5083 , 0 , 4711 , 4711 , 0 , 7.896413 ,N,N
13-Apr-2011 13:03,201102,201002,Other Reporting Airports      ,JERSEY                        ,PLYMOUTH                      , 193 , 193 , 0 , 367 , 367 , 0 ,-47.41145 ,N,N
13-Apr-2011 13:03,201102,201002,Other Reporting Airports      ,JERSEY                        ,SOUTHAMPTON                   , 9697 , 9697 , 0 , 9368 , 9368 , 0 , 3.511955 ,N,N
13-Apr-2011 13:03,201102,201002,Other Reporting Airports      ,KIRKWALL                      ,NORTH RONALDSAY               , 378 , 378 , 0 , 435 , 435 , 0 ,-13.10345 ,N,N
13-Apr-2011 13:03,201102,201002,Other Reporting Airports      ,KIRKWALL                      ,PAPA WESTRAY                  , 298 , 298 , 0 , 221 , 221 , 0 , 34.84163 ,N,N
13-Apr-2011 13:03,201102,201002,Other Reporting Airports      ,KIRKWALL                      ,SANDAY                        , 278 , 278 , 0 , 218 , 218 , 0 , 27.52294 ,N,N
13-Apr-2011 13:03,201102,201002,Other Reporting Airports      ,KIRKWALL                      ,STRONSAY                      , 317 , 317 , 0 , 274 , 274 , 0 , 15.69343 ,N,N
13-Apr-2011 13:03,201102,201002,Other Reporting Airports      ,KIRKWALL                      ,SUMBURGH                      , 610 , 610 , 0 , 596 , 596 , 0 , 2.348993 ,N,N
13-Apr-2011 13:03,201102,201002,Other Reporting Airports      ,KIRKWALL                      ,WESTRAY                       , 310 , 310 , 0 , 240 , 240 , 0 , 29.16667 ,N,N
13-Apr-2011 13:03,201102,201002,Other Reporting Airports      ,LEEDS BRADFORD                ,NEWQUAY                       , 230 , 230 , 0 , 844 , 844 , 0 ,-72.74882 ,N,N
13-Apr-2011 13:03,201102,201002,Other Reporting Airports      ,LEEDS BRADFORD                ,PLYMOUTH                      , 1351 , 1351 , 0 , 856 , 762 , 94 , 57.8271 ,N,N
13-Apr-2011 13:03,201102,201002,Other Reporting Airports      ,LEEDS BRADFORD                ,SOUTHAMPTON                   , 4681 , 4681 , 0 , 4835 , 4835 , 0 ,-3.185109 ,N,N
13-Apr-2011 13:03,201102,201002,Other Reporting Airports      ,LERWICK (TINGWALL)            ,OUT SKERRIES                  , 41 , 41 , 0 , 11 , 11 , 0 , 272.7273 ,N,N
13-Apr-2011 13:03,201102,201002,Other Reporting Airports      ,LERWICK (TINGWALL)            ,PAPA STOUR                    , 12 , 12 , 0 , 10 , 10 , 0 , 20 ,N,N
13-Apr-2011 13:03,201102,201002,Other Reporting Airports      ,LIVERPOOL (JOHN LENNON)       ,SOUTHAMPTON                   , 611 , 611 , 0 , 709 , 709 , 0 ,-13.82228 ,N,N
13-Apr-2011 13:03,201102,201002,London Area Airports          ,LONDON CITY                   ,DUNDEE                        , 2560 , 2560 , 0 , 3458 , 3458 , 0 ,-25.96877 ,N,N
13-Apr-2011 13:03,201102,201002,London Area Airports          ,LONDON CITY                   ,EDINBURGH                     , 27009 , 27009 , 0 , 27158 , 27158 , 0 ,-0.5486413 ,N,N
13-Apr-2011 13:03,201102,201002,London Area Airports          ,LONDON CITY                   ,GLASGOW                       , 9412 , 9412 , 0 , 8760 , 8760 , 0 , 7.442923 ,N,N
13-Apr-2011 13:03,201102,201002,London Area Airports          ,LONDON CITY                   ,ISLE OF MAN                   , 3694 , 3694 , 0 , 5051 , 5051 , 0 ,-26.86597 ,N,N
13-Apr-2011 13:03,201102,201002,London Area Airports          ,LONDON CITY                   ,JERSEY                        , 0 , 0 , 0 , 1006 , 1006 , 0 ,-100 ,N,N
13-Apr-2011 13:03,201102,201002,London Area Airports          ,LONDON CITY                   ,NEWQUAY                       , 0 , 0 , 0 , 1838 , 1838 , 0 ,-100 ,N,N
13-Apr-2011 13:03,201102,201002,London Area Airports          ,LUTON                         ,ABERDEEN                      , 9995 , 9995 , 0 , 7220 , 7120 , 100 , 38.4349 ,N,N
13-Apr-2011 13:03,201102,201002,London Area Airports          ,LUTON                         ,BELFAST CITY (GEORGE BEST)    , 18279 , 18279 , 0 , 12780 , 12780 , 0 , 43.02817 ,N,N
13-Apr-2011 13:03,201102,201002,London Area Airports          ,LUTON                         ,BIGGIN HILL                   , 0 , 0 , 0 , 1 , 0 , 1 ,-100 ,N,Y
13-Apr-2011 13:03,201102,201002,London Area Airports          ,LUTON                         ,CITY OF DERRY (EGLINTON)      , 0 , 0 , 0 , 3403 , 3403 , 0 ,-100 ,N,N
13-Apr-2011 13:03,201102,201002,London Area Airports          ,LUTON                         ,EDINBURGH                     , 19636 , 19636 , 0 , 19874 , 19874 , 0 ,-1.197545 ,N,N
13-Apr-2011 13:03,201102,201002,London Area Airports          ,LUTON                         ,FARNBOROUGH                   , 1 , 0 , 1 , 0 , 0 , 0 ,Null,Y,N
13-Apr-2011 13:03,201102,201002,London Area Airports          ,LUTON                         ,GLASGOW                       , 21106 , 21106 , 0 , 22145 , 22145 , 0 ,-4.691804 ,N,N
13-Apr-2011 13:03,201102,201002,London Area Airports          ,LUTON                         ,INVERNESS                     , 6297 , 6297 , 0 , 6257 , 6257 , 0 , 0.639284 ,N,N
13-Apr-2011 13:03,201102,201002,London Area Airports          ,LUTON                         ,ISLE OF MAN                   , 1403 , 1403 , 0 , 1696 , 1696 , 0 ,-17.27594 ,N,N
13-Apr-2011 13:03,201102,201002,London Area Airports          ,LUTON                         ,JERSEY                        , 561 , 561 , 0 , 641 , 641 , 0 ,-12.4805 ,N,N
13-Apr-2011 13:03,201102,201002,London Area Airports          ,LUTON                         ,LIVERPOOL (JOHN LENNON)       , 38 , 0 , 38 , 32 , 0 , 32 , 18.75 ,N,N
13-Apr-2011 13:03,201102,201002,London Area Airports          ,LUTON                         ,MANCHESTER                    , 1 , 0 , 1 , 28 , 0 , 28 ,-96.42857 ,Y,N
13-Apr-2011 13:03,201102,201002,London Area Airports          ,LUTON                         ,NEWCASTLE                     , 104 , 0 , 104 , 8 , 0 , 8 , 1200 ,N,Y
13-Apr-2011 13:03,201102,201002,Other Reporting Airports      ,MANCHESTER                    ,MANSTON (KENT INT)            , 557 , 557 , 0 , 0 , 0 , 0 ,Null,N,N
13-Apr-2011 13:03,201102,201002,Other Reporting Airports      ,MANCHESTER                    ,NEWQUAY                       , 2093 , 2093 , 0 , 741 , 741 , 0 , 182.4561 ,N,N
13-Apr-2011 13:03,201102,201002,Other Reporting Airports      ,MANCHESTER                    ,NORWICH                       , 1859 , 1859 , 0 , 2471 , 2471 , 0 ,-24.7673 ,N,N
13-Apr-2011 13:03,201102,201002,Other Reporting Airports      ,MANCHESTER                    ,PLYMOUTH                      , 1398 , 1398 , 0 , 1670 , 1670 , 0 ,-16.28743 ,N,N
13-Apr-2011 13:03,201102,201002,Other Reporting Airports      ,MANCHESTER                    ,SOUTHAMPTON                   , 7667 , 7667 , 0 , 10003 , 9521 , 482 ,-23.35299 ,N,N
13-Apr-2011 13:03,201102,201002,Other Reporting Airports      ,NEWCASTLE                     ,NEWQUAY                       , 329 , 329 , 0 , 449 , 449 , 0 ,-26.72606 ,N,N
13-Apr-2011 13:03,201102,201002,Other Reporting Airports      ,NEWCASTLE                     ,PLYMOUTH                      , 0 , 0 , 0 , 869 , 869 , 0 ,-100 ,N,N
13-Apr-2011 13:03,201102,201002,Other Reporting Airports      ,NEWCASTLE                     ,SOUTHAMPTON                   , 6181 , 6181 , 0 , 8338 , 8273 , 65 ,-25.86951 ,N,N
13-Apr-2011 13:03,201102,201002,Other Reporting Airports      ,NEWQUAY                       ,PLYMOUTH                      , 0 , 0 , 0 , 123 , 123 , 0 ,-100 ,N,N
13-Apr-2011 13:03,201102,201002,Other Reporting Airports      ,OBAN (NORTH CONNEL)           ,TIREE                         , 0 , 0 , 0 , 69 , 69 , 0 ,-100 ,N,N
13-Apr-2011 13:03,201102,201002,London Area Airports          ,STANSTED                      ,BELFAST CITY (GEORGE BEST)    , 0 , 0 , 0 , 27534 , 27534 , 0 ,-100 ,N,N
13-Apr-2011 13:03,201102,201002,London Area Airports          ,STANSTED                      ,BELFAST INTERNATIONAL         , 28018 , 28018 , 0 , 23794 , 23794 , 0 , 17.75237 ,N,N
13-Apr-2011 13:03,201102,201002,London Area Airports          ,STANSTED                      ,BLACKPOOL                     , 0 , 0 , 0 , 31 , 0 , 31 ,-100 ,N,N
13-Apr-2011 13:03,201102,201002,London Area Airports          ,STANSTED                      ,CITY OF DERRY (EGLINTON)      , 8345 , 8345 , 0 , 4096 , 4096 , 0 , 103.7354 ,N,N
13-Apr-2011 13:03,201102,201002,London Area Airports          ,STANSTED                      ,EDINBURGH                     , 33021 , 33021 , 0 , 27787 , 27787 , 0 , 18.83615 ,N,N
13-Apr-2011 13:03,201102,201002,London Area Airports          ,STANSTED                      ,GLASGOW                       , 27366 , 27366 , 0 , 24551 , 24551 , 0 , 11.46593 ,N,N
13-Apr-2011 13:03,201102,201002,London Area Airports          ,STANSTED                      ,GUERNSEY                      , 1226 , 1226 , 0 , 150 , 150 , 0 , 717.3333 ,N,N
13-Apr-2011 13:03,201102,201002,London Area Airports          ,STANSTED                      ,JERSEY                        , 784 , 784 , 0 , 2042 , 2042 , 0 ,-61.60627 ,N,N
13-Apr-2011 13:03,201102,201002,London Area Airports          ,STANSTED                      ,LIVERPOOL (JOHN LENNON)       , 0 , 0 , 0 , 28 , 0 , 28 ,-100 ,N,N
13-Apr-2011 13:03,201102,201002,London Area Airports          ,STANSTED                      ,LUTON                         , 149 , 149 , 0 , 0 , 0 , 0 ,Null,N,N
13-Apr-2011 13:03,201102,201002,London Area Airports          ,STANSTED                      ,NEWCASTLE                     , 9976 , 9976 , 0 , 10821 , 10821 , 0 ,-7.80889 ,N,N
13-Apr-2011 13:03,201102,201002,London Area Airports          ,STANSTED                      ,PRESTWICK                     , 9673 , 9673 , 0 , 17722 , 17722 , 0 ,-45.41813 ,N,N
