rundate,report_period,apt_group,intended_apt,actual_apt,total_flights
08/03/2010 14:22,2009,A,ABERDEEN,DUNDEE,7
08/03/2010 14:22,2009,A,ABERDEEN,EDINBURGH,7
08/03/2010 14:22,2009,A,ABERDEEN,GLASGOW,1
08/03/2010 14:22,2009,A,ABERDEEN,INVERNESS,12
08/03/2010 14:22,2009,A,ABERDEEN,ISLE OF MAN,1
08/03/2010 14:22,2009,A,ABERDEEN,NEWCASTLE,1
08/03/2010 14:22,2009,A,BARRA,BENBECULA,4
08/03/2010 14:22,2009,A,BELFAST CITY (GEORGE BEST),BELFAST INTERNATIONAL,33
08/03/2010 14:22,2009,A,BELFAST CITY (GEORGE BEST),BIRMINGHAM,1
08/03/2010 14:22,2009,A,BELFAST CITY (GEORGE BEST),LEEDS BRADFORD,1
08/03/2010 14:22,2009,A,BELFAST CITY (GEORGE BEST),LIVERPOOL,1
08/03/2010 14:22,2009,A,BELFAST CITY (GEORGE BEST),SOUTHAMPTON,1
08/03/2010 14:22,2009,A,BELFAST INTERNATIONAL,BELFAST CITY (GEORGE BEST),3
08/03/2010 14:22,2009,A,BELFAST INTERNATIONAL,LUTON,1
08/03/2010 14:22,2009,A,BIGGIN HILL,GATWICK,3
08/03/2010 14:22,2009,A,BIRMINGHAM,ABERDEEN,2
08/03/2010 14:22,2009,A,BIRMINGHAM,EAST MIDLANDS INTERNATIONAL,19
08/03/2010 14:22,2009,A,BIRMINGHAM,EDINBURGH,1
08/03/2010 14:22,2009,A,BIRMINGHAM,GATWICK,2
08/03/2010 14:22,2009,A,BIRMINGHAM,GLASGOW,5
08/03/2010 14:22,2009,A,BIRMINGHAM,HEATHROW,1
08/03/2010 14:22,2009,A,BIRMINGHAM,LIVERPOOL,1
08/03/2010 14:22,2009,A,BIRMINGHAM,LUTON,1
08/03/2010 14:22,2009,A,BIRMINGHAM,MANCHESTER,22
08/03/2010 14:22,2009,A,BLACKPOOL,LIVERPOOL,2
08/03/2010 14:22,2009,A,BLACKPOOL,MANCHESTER,1
08/03/2010 14:22,2009,A,BOURNEMOUTH,BIRMINGHAM,1
08/03/2010 14:22,2009,A,BOURNEMOUTH,BRISTOL,10
08/03/2010 14:22,2009,A,BOURNEMOUTH,EDINBURGH,1
08/03/2010 14:22,2009,A,BOURNEMOUTH,LUTON,1
08/03/2010 14:22,2009,A,BOURNEMOUTH,STANSTED,2
08/03/2010 14:22,2009,A,BRISTOL,BIRMINGHAM,19
08/03/2010 14:22,2009,A,BRISTOL,CARDIFF WALES,32
08/03/2010 14:22,2009,A,BRISTOL,EAST MIDLANDS INTERNATIONAL,2
08/03/2010 14:22,2009,A,BRISTOL,EXETER,10
08/03/2010 14:22,2009,A,BRISTOL,GATWICK,4
08/03/2010 14:22,2009,A,BRISTOL,GLASGOW,1
08/03/2010 14:22,2009,A,BRISTOL,HEATHROW,2
08/03/2010 14:22,2009,A,BRISTOL,LUTON,2
08/03/2010 14:22,2009,A,BRISTOL,MANCHESTER,3
08/03/2010 14:22,2009,A,CARDIFF WALES,BIRMINGHAM,8
08/03/2010 14:22,2009,A,CARDIFF WALES,BRISTOL,2
08/03/2010 14:22,2009,A,CARDIFF WALES,EXETER,3
08/03/2010 14:22,2009,A,CARDIFF WALES,GATWICK,1
08/03/2010 14:22,2009,A,CARDIFF WALES,GLASGOW,1
08/03/2010 14:22,2009,A,CARLISLE,GLOUCESTERSHIRE,1
08/03/2010 14:22,2009,A,CITY OF DERRY (EGLINTON),BELFAST CITY (GEORGE BEST),4
08/03/2010 14:22,2009,A,CITY OF DERRY (EGLINTON),BELFAST INTERNATIONAL,2
08/03/2010 14:22,2009,A,CITY OF DERRY (EGLINTON),LUTON,1
08/03/2010 14:22,2009,A,DONCASTER SHEFFIELD,LEEDS BRADFORD,3
08/03/2010 14:22,2009,A,DONCASTER SHEFFIELD,LUTON,1
08/03/2010 14:22,2009,A,DUNDEE,EDINBURGH,1
08/03/2010 14:22,2009,A,DURHAM TEES VALLEY,NEWCASTLE,3
08/03/2010 14:22,2009,A,EAST MIDLANDS INTERNATIONAL,BIRMINGHAM,11
08/03/2010 14:22,2009,A,EAST MIDLANDS INTERNATIONAL,DONCASTER SHEFFIELD,1
08/03/2010 14:22,2009,A,EAST MIDLANDS INTERNATIONAL,DURHAM TEES VALLEY,1
08/03/2010 14:22,2009,A,EAST MIDLANDS INTERNATIONAL,LUTON,3
08/03/2010 14:22,2009,A,EAST MIDLANDS INTERNATIONAL,MANCHESTER,1
08/03/2010 14:22,2009,A,EDINBURGH,BIRMINGHAM,2
08/03/2010 14:22,2009,A,EDINBURGH,DUNDEE,2
08/03/2010 14:22,2009,A,EDINBURGH,GATWICK,1
08/03/2010 14:22,2009,A,EDINBURGH,GLASGOW,15
08/03/2010 14:22,2009,A,EDINBURGH,MANCHESTER,3
08/03/2010 14:22,2009,A,EDINBURGH,NEWCASTLE,4
08/03/2010 14:22,2009,A,EDINBURGH,PRESTWICK,11
08/03/2010 14:22,2009,A,EXETER,BIRMINGHAM,4
08/03/2010 14:22,2009,A,EXETER,BRISTOL,1
08/03/2010 14:22,2009,A,EXETER,GATWICK,1
08/03/2010 14:22,2009,A,FARNBOROUGH,GATWICK,3
08/03/2010 14:22,2009,A,FARNBOROUGH,HEATHROW,1
08/03/2010 14:22,2009,A,GATWICK,ABERDEEN,1
08/03/2010 14:22,2009,A,GATWICK,BIRMINGHAM,17
08/03/2010 14:22,2009,A,GATWICK,BOURNEMOUTH,6
08/03/2010 14:22,2009,A,GATWICK,EAST MIDLANDS INTERNATIONAL,11
08/03/2010 14:22,2009,A,GATWICK,EXETER,1
08/03/2010 14:22,2009,A,GATWICK,HEATHROW,10
08/03/2010 14:22,2009,A,GATWICK,KENT INTERNATIONAL,2
08/03/2010 14:22,2009,A,GATWICK,LUTON,13
08/03/2010 14:22,2009,A,GATWICK,MANCHESTER,12
08/03/2010 14:22,2009,A,GATWICK,SOUTHAMPTON,2
08/03/2010 14:22,2009,A,GATWICK,STANSTED,15
08/03/2010 14:22,2009,A,GLASGOW,BLACKPOOL,1
08/03/2010 14:22,2009,A,GLASGOW,DURHAM TEES VALLEY,3
08/03/2010 14:22,2009,A,GLASGOW,EDINBURGH,1
08/03/2010 14:22,2009,A,GLASGOW,MANCHESTER,3
08/03/2010 14:22,2009,A,GLASGOW,PRESTWICK,3
08/03/2010 14:22,2009,A,GLASGOW,WICK,1
08/03/2010 14:22,2009,A,GUERNSEY,ALDERNEY,1
08/03/2010 14:22,2009,A,GUERNSEY,JERSEY,11
08/03/2010 14:22,2009,A,GUERNSEY,SOUTHAMPTON,1
08/03/2010 14:22,2009,A,HEATHROW,BIRMINGHAM,3
08/03/2010 14:22,2009,A,HEATHROW,CARDIFF WALES,5
08/03/2010 14:22,2009,A,HEATHROW,EAST MIDLANDS INTERNATIONAL,4
08/03/2010 14:22,2009,A,HEATHROW,GATWICK,19
08/03/2010 14:22,2009,A,HEATHROW,GLASGOW,2
08/03/2010 14:22,2009,A,HEATHROW,KENT INTERNATIONAL,2
08/03/2010 14:22,2009,A,HEATHROW,LUTON,2
08/03/2010 14:22,2009,A,HEATHROW,MANCHESTER,7
08/03/2010 14:22,2009,A,HEATHROW,NEWCASTLE,2
08/03/2010 14:22,2009,A,HEATHROW,PRESTWICK,7
08/03/2010 14:22,2009,A,HEATHROW,SOUTHAMPTON,1
08/03/2010 14:22,2009,A,HEATHROW,STANSTED,4
08/03/2010 14:22,2009,A,HUMBERSIDE,DONCASTER SHEFFIELD,1
08/03/2010 14:22,2009,A,HUMBERSIDE,DURHAM TEES VALLEY,1
08/03/2010 14:22,2009,A,HUMBERSIDE,EAST MIDLANDS INTERNATIONAL,1
08/03/2010 14:22,2009,A,HUMBERSIDE,MANCHESTER,3
08/03/2010 14:22,2009,A,INVERNESS,ABERDEEN,3
08/03/2010 14:22,2009,A,INVERNESS,EDINBURGH,1
08/03/2010 14:22,2009,A,INVERNESS,STORNOWAY,1
08/03/2010 14:22,2009,A,ISLE OF MAN,BELFAST CITY (GEORGE BEST),1
08/03/2010 14:22,2009,A,ISLE OF MAN,BIRMINGHAM,1
08/03/2010 14:22,2009,A,ISLE OF MAN,BLACKPOOL,2
08/03/2010 14:22,2009,A,ISLE OF MAN,EAST MIDLANDS INTERNATIONAL,1
08/03/2010 14:22,2009,A,ISLE OF MAN,LIVERPOOL,2
08/03/2010 14:22,2009,A,ISLE OF MAN,MANCHESTER,1
08/03/2010 14:22,2009,A,ISLES OF SCILLY (ST.MARYS),EXETER,1
08/03/2010 14:22,2009,A,ISLES OF SCILLY (ST.MARYS),NEWQUAY,1
08/03/2010 14:22,2009,A,JERSEY,EXETER,1
08/03/2010 14:22,2009,A,KENT INTERNATIONAL,LUTON,1
08/03/2010 14:22,2009,A,KIRKWALL,ABERDEEN,1
08/03/2010 14:22,2009,A,KIRKWALL,INVERNESS,1
08/03/2010 14:22,2009,A,LEEDS BRADFORD,BELFAST INTERNATIONAL,2
08/03/2010 14:22,2009,A,LEEDS BRADFORD,BIRMINGHAM,1
08/03/2010 14:22,2009,A,LEEDS BRADFORD,BLACKPOOL,2
08/03/2010 14:22,2009,A,LEEDS BRADFORD,DONCASTER SHEFFIELD,21
08/03/2010 14:22,2009,A,LEEDS BRADFORD,DURHAM TEES VALLEY,9
08/03/2010 14:22,2009,A,LEEDS BRADFORD,EDINBURGH,1
08/03/2010 14:22,2009,A,LEEDS BRADFORD,EXETER,2
08/03/2010 14:22,2009,A,LEEDS BRADFORD,LIVERPOOL,4
08/03/2010 14:22,2009,A,LEEDS BRADFORD,MANCHESTER,31
08/03/2010 14:22,2009,A,LERWICK (TINGWALL),SUMBURGH,1
08/03/2010 14:22,2009,A,LIVERPOOL,BIRMINGHAM,3
08/03/2010 14:22,2009,A,LIVERPOOL,BRISTOL,2
08/03/2010 14:22,2009,A,LIVERPOOL,DONCASTER SHEFFIELD,1
08/03/2010 14:22,2009,A,LIVERPOOL,EAST MIDLANDS INTERNATIONAL,13
08/03/2010 14:22,2009,A,LIVERPOOL,LEEDS BRADFORD,1
08/03/2010 14:22,2009,A,LIVERPOOL,MANCHESTER,11
08/03/2010 14:22,2009,A,LONDON CITY,BIRMINGHAM,4
08/03/2010 14:22,2009,A,LONDON CITY,BRISTOL,1
08/03/2010 14:22,2009,A,LONDON CITY,GATWICK,4
08/03/2010 14:22,2009,A,LONDON CITY,HEATHROW,12
08/03/2010 14:22,2009,A,LONDON CITY,LUTON,7
08/03/2010 14:22,2009,A,LONDON CITY,LYDD,2
08/03/2010 14:22,2009,A,LONDON CITY,SOUTHAMPTON,4
08/03/2010 14:22,2009,A,LONDON CITY,SOUTHEND,34
08/03/2010 14:22,2009,A,LONDON CITY,STANSTED,96
08/03/2010 14:22,2009,A,LUTON,ABERDEEN,2
08/03/2010 14:22,2009,A,LUTON,BIRMINGHAM,24
08/03/2010 14:22,2009,A,LUTON,CARDIFF WALES,1
08/03/2010 14:22,2009,A,LUTON,DONCASTER SHEFFIELD,3
08/03/2010 14:22,2009,A,LUTON,EAST MIDLANDS INTERNATIONAL,14
08/03/2010 14:22,2009,A,LUTON,GATWICK,11
08/03/2010 14:22,2009,A,LUTON,MANCHESTER,4
08/03/2010 14:22,2009,A,LUTON,STANSTED,26
08/03/2010 14:22,2009,A,MANCHESTER,ABERDEEN,2
08/03/2010 14:22,2009,A,MANCHESTER,BELFAST INTERNATIONAL,2
08/03/2010 14:22,2009,A,MANCHESTER,BIRMINGHAM,25
08/03/2010 14:22,2009,A,MANCHESTER,BLACKPOOL,2
08/03/2010 14:22,2009,A,MANCHESTER,CARDIFF WALES,1
08/03/2010 14:22,2009,A,MANCHESTER,CITY OF DERRY (EGLINTON),1
08/03/2010 14:22,2009,A,MANCHESTER,DONCASTER SHEFFIELD,1
08/03/2010 14:22,2009,A,MANCHESTER,EAST MIDLANDS INTERNATIONAL,11
08/03/2010 14:22,2009,A,MANCHESTER,GATWICK,1
08/03/2010 14:22,2009,A,MANCHESTER,LEEDS BRADFORD,17
08/03/2010 14:22,2009,A,MANCHESTER,LIVERPOOL,16
08/03/2010 14:22,2009,A,MANCHESTER,LONDON CITY,1
08/03/2010 14:22,2009,A,MANCHESTER,NEWCASTLE,2
08/03/2010 14:22,2009,A,MANCHESTER,NORWICH,2
08/03/2010 14:22,2009,A,MANCHESTER,STANSTED,2
08/03/2010 14:22,2009,A,NEWCASTLE,BIRMINGHAM,1
08/03/2010 14:22,2009,A,NEWCASTLE,DURHAM TEES VALLEY,2
08/03/2010 14:22,2009,A,NEWCASTLE,EAST MIDLANDS INTERNATIONAL,1
08/03/2010 14:22,2009,A,NEWCASTLE,EDINBURGH,1
08/03/2010 14:22,2009,A,NEWCASTLE,LEEDS BRADFORD,2
08/03/2010 14:22,2009,A,NEWCASTLE,LUTON,1
08/03/2010 14:22,2009,A,NEWCASTLE,MANCHESTER,2
08/03/2010 14:22,2009,A,NEWQUAY,BOURNEMOUTH,1
08/03/2010 14:22,2009,A,NEWQUAY,BRISTOL,3
08/03/2010 14:22,2009,A,NEWQUAY,EXETER,14
08/03/2010 14:22,2009,A,NEWQUAY,GATWICK,1
08/03/2010 14:22,2009,A,NEWQUAY,MANCHESTER,2
08/03/2010 14:22,2009,A,NORWICH,BIRMINGHAM,1
08/03/2010 14:22,2009,A,NORWICH,GATWICK,1
08/03/2010 14:22,2009,A,NORWICH,STANSTED,4
08/03/2010 14:22,2009,A,PLYMOUTH,EXETER,3
08/03/2010 14:22,2009,A,PRESTWICK,CITY OF DERRY (EGLINTON),1
08/03/2010 14:22,2009,A,PRESTWICK,EDINBURGH,2
08/03/2010 14:22,2009,A,PRESTWICK,GLASGOW,5
08/03/2010 14:22,2009,A,PRESTWICK,NEWCASTLE,1
08/03/2010 14:22,2009,A,SOUTHAMPTON,BIRMINGHAM,8
08/03/2010 14:22,2009,A,SOUTHAMPTON,BOURNEMOUTH,19
08/03/2010 14:22,2009,A,SOUTHAMPTON,CARDIFF WALES,1
08/03/2010 14:22,2009,A,SOUTHAMPTON,EXETER,21
08/03/2010 14:22,2009,A,SOUTHAMPTON,GATWICK,8
08/03/2010 14:22,2009,A,SOUTHAMPTON,GLASGOW,2
08/03/2010 14:22,2009,A,SOUTHAMPTON,HEATHROW,3
08/03/2010 14:22,2009,A,SOUTHAMPTON,JERSEY,1
08/03/2010 14:22,2009,A,SOUTHAMPTON,LEEDS BRADFORD,1
08/03/2010 14:22,2009,A,SOUTHAMPTON,MANCHESTER,2
08/03/2010 14:22,2009,A,STANSTED,BIRMINGHAM,59
08/03/2010 14:22,2009,A,STANSTED,BRISTOL,2
08/03/2010 14:22,2009,A,STANSTED,CARDIFF WALES,1
08/03/2010 14:22,2009,A,STANSTED,EAST MIDLANDS INTERNATIONAL,14
08/03/2010 14:22,2009,A,STANSTED,GATWICK,19
08/03/2010 14:22,2009,A,STANSTED,HEATHROW,2
08/03/2010 14:22,2009,A,STANSTED,LIVERPOOL,2
08/03/2010 14:22,2009,A,STANSTED,LUTON,9
08/03/2010 14:22,2009,A,STANSTED,MANCHESTER,5
08/03/2010 14:22,2009,A,STORNOWAY,DUNDEE,1
08/03/2010 14:22,2009,A,STORNOWAY,EDINBURGH,1
08/03/2010 14:22,2009,A,STORNOWAY,GLASGOW,3
08/03/2010 14:22,2009,A,STORNOWAY,INVERNESS,2
08/03/2010 14:22,2009,A,STORNOWAY,SCATSTA,1
08/03/2010 14:22,2009,A,SUMBURGH,ABERDEEN,1
08/03/2010 14:22,2009,A,SUMBURGH,GLASGOW,3
08/03/2010 14:22,2009,A,SUMBURGH,INVERNESS,1
08/03/2010 14:22,2009,A,SUMBURGH,KIRKWALL,3
08/03/2010 14:22,2009,A,SUMBURGH,SCATSTA,1
08/03/2010 14:22,2009,A,WICK,INVERNESS,6
08/03/2010 14:22,2009,B,Overseas Airports,BELFAST INTERNATIONAL,11
08/03/2010 14:22,2009,B,Overseas Airports,BIRMINGHAM,2
08/03/2010 14:22,2009,B,Overseas Airports,BLACKPOOL,1
08/03/2010 14:22,2009,B,Overseas Airports,BOURNEMOUTH,1
08/03/2010 14:22,2009,B,Overseas Airports,BRISTOL,1
08/03/2010 14:22,2009,B,Overseas Airports,CARDIFF WALES,2
08/03/2010 14:22,2009,B,Overseas Airports,EAST MIDLANDS INTERNATIONAL,1
08/03/2010 14:22,2009,B,Overseas Airports,EDINBURGH,2
08/03/2010 14:22,2009,B,Overseas Airports,EXETER,2
08/03/2010 14:22,2009,B,Overseas Airports,GATWICK,15
08/03/2010 14:22,2009,B,Overseas Airports,GLASGOW,2
08/03/2010 14:22,2009,B,Overseas Airports,HEATHROW,15
08/03/2010 14:22,2009,B,Overseas Airports,LIVERPOOL,1
08/03/2010 14:22,2009,B,Overseas Airports,LUTON,3
08/03/2010 14:22,2009,B,Overseas Airports,MANCHESTER,9
08/03/2010 14:22,2009,B,Overseas Airports,NEWCASTLE,1
08/03/2010 14:22,2009,B,Overseas Airports,SOUTHAMPTON,2
08/03/2010 14:22,2009,B,Overseas Airports,STANSTED,8
08/03/2010 14:22,2009,C,All Airports,ABERDEEN,12
08/03/2010 14:22,2009,C,All Airports,ALDERNEY,1
08/03/2010 14:22,2009,C,All Airports,BELFAST CITY (GEORGE BEST),8
08/03/2010 14:22,2009,C,All Airports,BELFAST INTERNATIONAL,50
08/03/2010 14:22,2009,C,All Airports,BENBECULA,4
08/03/2010 14:22,2009,C,All Airports,BIRMINGHAM,195
08/03/2010 14:22,2009,C,All Airports,BLACKPOOL,8
08/03/2010 14:22,2009,C,All Airports,BOURNEMOUTH,27
08/03/2010 14:22,2009,C,All Airports,BRISTOL,22
08/03/2010 14:22,2009,C,All Airports,CARDIFF WALES,43
08/03/2010 14:22,2009,C,All Airports,CITY OF DERRY (EGLINTON),2
08/03/2010 14:22,2009,C,All Airports,DONCASTER SHEFFIELD,28
08/03/2010 14:22,2009,C,All Airports,DUNDEE,10
08/03/2010 14:22,2009,C,All Airports,DURHAM TEES VALLEY,16
08/03/2010 14:22,2009,C,All Airports,EAST MIDLANDS INTERNATIONAL,92
08/03/2010 14:22,2009,C,All Airports,EDINBURGH,19
08/03/2010 14:22,2009,C,All Airports,EXETER,58
08/03/2010 14:22,2009,C,All Airports,GATWICK,94
08/03/2010 14:22,2009,C,All Airports,GLASGOW,40
08/03/2010 14:22,2009,C,All Airports,GLOUCESTERSHIRE,1
08/03/2010 14:22,2009,C,All Airports,HEATHROW,46
08/03/2010 14:22,2009,C,All Airports,INVERNESS,22
08/03/2010 14:22,2009,C,All Airports,ISLE OF MAN,1
08/03/2010 14:22,2009,C,All Airports,JERSEY,12
08/03/2010 14:22,2009,C,All Airports,KENT INTERNATIONAL,4
08/03/2010 14:22,2009,C,All Airports,KIRKWALL,3
08/03/2010 14:22,2009,C,All Airports,LEEDS BRADFORD,25
08/03/2010 14:22,2009,C,All Airports,LIVERPOOL,29
08/03/2010 14:22,2009,C,All Airports,LONDON CITY,1
08/03/2010 14:22,2009,C,All Airports,LUTON,46
08/03/2010 14:22,2009,C,All Airports,LYDD,2
08/03/2010 14:22,2009,C,All Airports,MANCHESTER,122
08/03/2010 14:22,2009,C,All Airports,NEWCASTLE,14
08/03/2010 14:22,2009,C,All Airports,NEWQUAY,1
08/03/2010 14:22,2009,C,All Airports,NORWICH,2
08/03/2010 14:22,2009,C,All Airports,PRESTWICK,21
08/03/2010 14:22,2009,C,All Airports,SCATSTA,2
08/03/2010 14:22,2009,C,All Airports,SOUTHAMPTON,11
08/03/2010 14:22,2009,C,All Airports,SOUTHEND,34
08/03/2010 14:22,2009,C,All Airports,STANSTED,157
08/03/2010 14:22,2009,C,All Airports,STORNOWAY,1
08/03/2010 14:22,2009,C,All Airports,SUMBURGH,1
08/03/2010 14:22,2009,C,All Airports,WICK,1
