rundate,this_period,last_period,group_name,airport_1_name,airport_2_name,total_pax_this_period,total_pax_scheduled_this_period,total_pax_charter_this_period,total_pax_last_period,total_pax_scheduled_last_period,total_pax_charter_last_period,total_pax_percent,charters_tm_only_small_acf,charters_lm_only_small_acf
24-Apr-2014 15:30,201402,201302,Other Reporting Airports      ,ABERDEEN                      ,BELFAST CITY (GEORGE BEST)    , 2467 , 2467 , 0 , 2003 , 2003 , 0 , 23.16525 ,N,N
24-Apr-2014 15:30,201402,201302,Other Reporting Airports      ,ABERDEEN                      ,BIRMINGHAM                    , 7498 , 7498 , 0 , 6027 , 6027 , 0 , 24.40684 ,N,N
24-Apr-2014 15:30,201402,201302,Other Reporting Airports      ,ABERDEEN                      ,BRISTOL                       , 2416 , 2416 , 0 , 3303 , 3303 , 0 ,-26.85437 ,N,N
24-Apr-2014 15:30,201402,201302,Other Reporting Airports      ,ABERDEEN                      ,CARDIFF WALES                 , 1150 , 1150 , 0 , 1074 , 1074 , 0 , 7.07635 ,N,N
24-Apr-2014 15:30,201402,201302,Other Reporting Airports      ,ABERDEEN                      ,DURHAM TEES VALLEY            , 2860 , 2860 , 0 , 2546 , 2546 , 0 , 12.33307 ,N,N
24-Apr-2014 15:30,201402,201302,Other Reporting Airports      ,ABERDEEN                      ,EAST MIDLANDS INTERNATIONAL   , 1253 , 1253 , 0 , 1844 , 1844 , 0 ,-32.04989 ,N,N
24-Apr-2014 15:30,201402,201302,Other Reporting Airports      ,ABERDEEN                      ,GATWICK                       , 12872 , 12872 , 0 , 13610 , 13610 , 0 ,-5.422483 ,N,N
24-Apr-2014 15:30,201402,201302,Other Reporting Airports      ,ABERDEEN                      ,GLASGOW                       , 0 , 0 , 0 , 28 , 0 , 28 ,-100 ,N,N
24-Apr-2014 15:30,201402,201302,Other Reporting Airports      ,ABERDEEN                      ,HEATHROW                      , 51902 , 51902 , 0 , 46573 , 46573 , 0 , 11.44225 ,N,N
24-Apr-2014 15:30,201402,201302,Other Reporting Airports      ,ABERDEEN                      ,HUMBERSIDE                    , 2829 , 2829 , 0 , 2637 , 2637 , 0 , 7.281001 ,N,N
24-Apr-2014 15:30,201402,201302,Other Reporting Airports      ,ABERDEEN                      ,KIRKWALL                      , 3439 , 3383 , 56 , 3521 , 3428 , 93 ,-2.328884 ,N,N
24-Apr-2014 15:30,201402,201302,Other Reporting Airports      ,ABERDEEN                      ,LEEDS BRADFORD                , 512 , 512 , 0 , 340 , 340 , 0 , 50.58823 ,N,N
24-Apr-2014 15:30,201402,201302,Other Reporting Airports      ,ABERDEEN                      ,LONDON CITY                   , 5633 , 5633 , 0 , 5128 , 5128 , 0 , 9.847894 ,N,N
24-Apr-2014 15:30,201402,201302,Other Reporting Airports      ,ABERDEEN                      ,LUTON                         , 5091 , 5091 , 0 , 6468 , 6468 , 0 ,-21.28942 ,N,N
24-Apr-2014 15:30,201402,201302,Other Reporting Airports      ,ABERDEEN                      ,MANCHESTER                    , 15166 , 15066 , 100 , 14796 , 14507 , 289 , 2.500676 ,N,N
24-Apr-2014 15:30,201402,201302,Other Reporting Airports      ,ABERDEEN                      ,NEWCASTLE                     , 2555 , 2555 , 0 , 2567 , 2567 , 0 ,-0.4674717 ,N,N
24-Apr-2014 15:30,201402,201302,Other Reporting Airports      ,ABERDEEN                      ,NORWICH                       , 4552 , 4552 , 0 , 5212 , 5212 , 0 ,-12.66308 ,N,N
24-Apr-2014 15:30,201402,201302,Other Reporting Airports      ,ABERDEEN                      ,SCATSTA                       , 12722 , 0 , 12722 , 14299 , 0 , 14299 ,-11.02874 ,N,N
24-Apr-2014 15:30,201402,201302,Other Reporting Airports      ,ABERDEEN                      ,SOUTHAMPTON                   , 1303 , 1303 , 0 , 1142 , 1142 , 0 , 14.09807 ,N,N
24-Apr-2014 15:30,201402,201302,Other Reporting Airports      ,ABERDEEN                      ,STORNOWAY                     , 474 , 474 , 0 , 405 , 405 , 0 , 17.03704 ,N,N
24-Apr-2014 15:30,201402,201302,Other Reporting Airports      ,ABERDEEN                      ,SUMBURGH                      , 11010 , 6057 , 4953 , 6599 , 4531 , 2068 , 66.84346 ,N,N
24-Apr-2014 15:30,201402,201302,Other Reporting Airports      ,ABERDEEN                      ,WICK JOHN O GROATS            , 1005 , 977 , 28 , 1741 , 1741 , 0 ,-42.27456 ,N,N
24-Apr-2014 15:30,201402,201302,Other Reporting Airports      ,ALDERNEY                      ,GUERNSEY                      , 1828 , 1828 , 0 , 2228 , 2228 , 0 ,-17.95332 ,N,N
24-Apr-2014 15:30,201402,201302,Other Reporting Airports      ,ALDERNEY                      ,SOUTHAMPTON                   , 1125 , 1125 , 0 , 1178 , 1178 , 0 ,-4.499151 ,N,N
24-Apr-2014 15:30,201402,201302,Other Reporting Airports      ,BARRA                         ,BENBECULA                     , 0 , 0 , 0 , 89 , 89 , 0 ,-100 ,N,N
24-Apr-2014 15:30,201402,201302,Other Reporting Airports      ,BARRA                         ,GLASGOW                       , 530 , 530 , 0 , 448 , 448 , 0 , 18.30357 ,N,N
24-Apr-2014 15:30,201402,201302,Other Reporting Airports      ,BELFAST CITY (GEORGE BEST)    ,ABERDEEN                      , 2449 , 2449 , 0 , 1991 , 1991 , 0 , 23.00352 ,N,N
24-Apr-2014 15:30,201402,201302,Other Reporting Airports      ,BELFAST CITY (GEORGE BEST)    ,BIRMINGHAM                    , 18507 , 18507 , 0 , 19999 , 19999 , 0 ,-7.460373 ,N,N
24-Apr-2014 15:30,201402,201302,Other Reporting Airports      ,BELFAST CITY (GEORGE BEST)    ,BLACKPOOL                     , 0 , 0 , 0 , 1056 , 1056 , 0 ,-100 ,N,N
24-Apr-2014 15:30,201402,201302,Other Reporting Airports      ,BELFAST CITY (GEORGE BEST)    ,CARDIFF WALES                 , 2650 , 2650 , 0 , 3014 , 3014 , 0 ,-12.07697 ,N,N
24-Apr-2014 15:30,201402,201302,Other Reporting Airports      ,BELFAST CITY (GEORGE BEST)    ,EAST MIDLANDS INTERNATIONAL   , 9387 , 9387 , 0 , 9123 , 9123 , 0 , 2.893785 ,N,N
24-Apr-2014 15:30,201402,201302,Other Reporting Airports      ,BELFAST CITY (GEORGE BEST)    ,EDINBURGH                     , 8808 , 8808 , 0 , 7205 , 7205 , 0 , 22.24844 ,N,N
24-Apr-2014 15:30,201402,201302,Other Reporting Airports      ,BELFAST CITY (GEORGE BEST)    ,EXETER                        , 1978 , 1978 , 0 , 669 , 669 , 0 , 195.6652 ,N,N
24-Apr-2014 15:30,201402,201302,Other Reporting Airports      ,BELFAST CITY (GEORGE BEST)    ,GATWICK                       , 28321 , 28321 , 0 , 27896 , 27896 , 0 , 1.523516 ,N,N
24-Apr-2014 15:30,201402,201302,Other Reporting Airports      ,BELFAST CITY (GEORGE BEST)    ,GLASGOW                       , 9043 , 9043 , 0 , 7193 , 7193 , 0 , 25.71945 ,N,N
24-Apr-2014 15:30,201402,201302,Other Reporting Airports      ,BELFAST CITY (GEORGE BEST)    ,HEATHROW                      , 47119 , 47119 , 0 , 48666 , 48666 , 0 ,-3.178811 ,N,N
24-Apr-2014 15:30,201402,201302,Other Reporting Airports      ,BELFAST CITY (GEORGE BEST)    ,INVERNESS                     , 1582 , 1582 , 0 , 1404 , 1404 , 0 , 12.67806 ,N,N
24-Apr-2014 15:30,201402,201302,Other Reporting Airports      ,BELFAST CITY (GEORGE BEST)    ,ISLE OF MAN                   , 1915 , 1915 , 0 , 813 , 813 , 0 , 135.5473 ,N,N
24-Apr-2014 15:30,201402,201302,Other Reporting Airports      ,BELFAST CITY (GEORGE BEST)    ,LEEDS BRADFORD                , 10490 , 10490 , 0 , 7598 , 7598 , 0 , 38.06265 ,N,N
24-Apr-2014 15:30,201402,201302,Other Reporting Airports      ,BELFAST CITY (GEORGE BEST)    ,MANCHESTER                    , 19837 , 19837 , 0 , 20371 , 20371 , 0 ,-2.621373 ,N,N
24-Apr-2014 15:30,201402,201302,Other Reporting Airports      ,BELFAST CITY (GEORGE BEST)    ,NEWCASTLE                     , 1834 , 1834 , 0 , 2238 , 2238 , 0 ,-18.05183 ,N,N
24-Apr-2014 15:30,201402,201302,Other Reporting Airports      ,BELFAST CITY (GEORGE BEST)    ,SOUTHAMPTON                   , 5666 , 5666 , 0 , 4709 , 4709 , 0 , 20.32279 ,N,N
24-Apr-2014 15:30,201402,201302,Other Reporting Airports      ,BELFAST INTERNATIONAL         ,BIRMINGHAM                    , 15516 , 15496 , 20 , 11141 , 11141 , 0 , 39.26937 ,N,N
24-Apr-2014 15:30,201402,201302,Other Reporting Airports      ,BELFAST INTERNATIONAL         ,BRISTOL                       , 17825 , 17825 , 0 , 17711 , 17711 , 0 , 0.6436678 ,N,N
24-Apr-2014 15:30,201402,201302,Other Reporting Airports      ,BELFAST INTERNATIONAL         ,EDINBURGH                     , 19999 , 19999 , 0 , 21199 , 21199 , 0 ,-5.660645 ,N,N
24-Apr-2014 15:30,201402,201302,Other Reporting Airports      ,BELFAST INTERNATIONAL         ,GATWICK                       , 32494 , 32494 , 0 , 26886 , 26886 , 0 , 20.85844 ,N,N
24-Apr-2014 15:30,201402,201302,Other Reporting Airports      ,BELFAST INTERNATIONAL         ,GLASGOW                       , 20238 , 20238 , 0 , 20996 , 20996 , 0 ,-3.610211 ,N,N
24-Apr-2014 15:30,201402,201302,Other Reporting Airports      ,BELFAST INTERNATIONAL         ,LEEDS BRADFORD                , 0 , 0 , 0 , 3894 , 3894 , 0 ,-100 ,N,N
24-Apr-2014 15:30,201402,201302,Other Reporting Airports      ,BELFAST INTERNATIONAL         ,LIVERPOOL (JOHN LENNON)       , 35593 , 35593 , 0 , 35506 , 35506 , 0 , 0.245029 ,N,N
24-Apr-2014 15:30,201402,201302,Other Reporting Airports      ,BELFAST INTERNATIONAL         ,LUTON                         , 17899 , 17899 , 0 , 16235 , 16235 , 0 , 10.24946 ,N,N
24-Apr-2014 15:30,201402,201302,Other Reporting Airports      ,BELFAST INTERNATIONAL         ,MANCHESTER                    , 16849 , 16849 , 0 , 15653 , 15653 , 0 , 7.640708 ,N,N
24-Apr-2014 15:30,201402,201302,Other Reporting Airports      ,BELFAST INTERNATIONAL         ,NEWCASTLE                     , 17113 , 17113 , 0 , 16622 , 16622 , 0 , 2.953917 ,N,N
24-Apr-2014 15:30,201402,201302,Other Reporting Airports      ,BELFAST INTERNATIONAL         ,SOUTHEND                      , 0 , 0 , 0 , 7694 , 7694 , 0 ,-100 ,N,N
24-Apr-2014 15:30,201402,201302,Other Reporting Airports      ,BELFAST INTERNATIONAL         ,STANSTED                      , 25834 , 25834 , 0 , 24288 , 24288 , 0 , 6.365283 ,N,N
24-Apr-2014 15:30,201402,201302,Other Reporting Airports      ,BENBECULA                     ,BARRA                         , 0 , 0 , 0 , 94 , 94 , 0 ,-100 ,N,N
24-Apr-2014 15:30,201402,201302,Other Reporting Airports      ,BENBECULA                     ,GLASGOW                       , 1480 , 1480 , 0 , 1605 , 1605 , 0 ,-7.788162 ,N,N
24-Apr-2014 15:30,201402,201302,Other Reporting Airports      ,BENBECULA                     ,INVERNESS                     , 370 , 370 , 0 , 0 , 0 , 0 ,Null,N,N
24-Apr-2014 15:30,201402,201302,Other Reporting Airports      ,BENBECULA                     ,STORNOWAY                     , 368 , 368 , 0 , 825 , 825 , 0 ,-55.39394 ,N,N
24-Apr-2014 15:30,201402,201302,Other Reporting Airports      ,BIRMINGHAM                    ,ABERDEEN                      , 7418 , 7418 , 0 , 5998 , 5998 , 0 , 23.67456 ,N,N
24-Apr-2014 15:30,201402,201302,Other Reporting Airports      ,BIRMINGHAM                    ,BELFAST CITY (GEORGE BEST)    , 18387 , 18387 , 0 , 19935 , 19935 , 0 ,-7.765237 ,N,N
24-Apr-2014 15:30,201402,201302,Other Reporting Airports      ,BIRMINGHAM                    ,BELFAST INTERNATIONAL         , 15143 , 15143 , 0 , 11065 , 11065 , 0 , 36.85495 ,N,N
24-Apr-2014 15:30,201402,201302,Other Reporting Airports      ,BIRMINGHAM                    ,CARDIFF WALES                 , 0 , 0 , 0 , 5 , 5 , 0 ,-100 ,N,N
24-Apr-2014 15:30,201402,201302,Other Reporting Airports      ,BIRMINGHAM                    ,CITY OF DERRY (EGLINTON)      , 2827 , 2827 , 0 , 3510 , 3510 , 0 ,-19.45869 ,N,N
24-Apr-2014 15:30,201402,201302,Other Reporting Airports      ,BIRMINGHAM                    ,EDINBURGH                     , 21068 , 21068 , 0 , 21244 , 21244 , 0 ,-0.8284692 ,N,N
24-Apr-2014 15:30,201402,201302,Other Reporting Airports      ,BIRMINGHAM                    ,GATWICK                       , 0 , 0 , 0 , 62 , 0 , 62 ,-100 ,N,N
24-Apr-2014 15:30,201402,201302,Other Reporting Airports      ,BIRMINGHAM                    ,GLASGOW                       , 15764 , 15764 , 0 , 15816 , 15816 , 0 ,-0.328781 ,N,N
24-Apr-2014 15:30,201402,201302,Other Reporting Airports      ,BIRMINGHAM                    ,GUERNSEY                      , 2479 , 2479 , 0 , 2028 , 2028 , 0 , 22.23866 ,N,N
24-Apr-2014 15:30,201402,201302,Other Reporting Airports      ,BIRMINGHAM                    ,INVERNESS                     , 2375 , 2375 , 0 , 1936 , 1936 , 0 , 22.67562 ,N,N
24-Apr-2014 15:30,201402,201302,Other Reporting Airports      ,BIRMINGHAM                    ,ISLE OF MAN                   , 2363 , 2363 , 0 , 2732 , 2732 , 0 ,-13.50659 ,N,N
24-Apr-2014 15:30,201402,201302,Other Reporting Airports      ,BIRMINGHAM                    ,JERSEY                        , 2340 , 2340 , 0 , 2179 , 2179 , 0 , 7.38871 ,N,N
24-Apr-2014 15:30,201402,201302,Other Reporting Airports      ,BIRMINGHAM                    ,NEWCASTLE                     , 670 , 601 , 69 , 714 , 714 , 0 ,-6.162465 ,N,N
24-Apr-2014 15:30,201402,201302,Other Reporting Airports      ,BLACKPOOL                     ,EAST MIDLANDS INTERNATIONAL   , 0 , 0 , 0 , 29 , 0 , 29 ,-100 ,N,N
24-Apr-2014 15:30,201402,201302,Other Reporting Airports      ,BLACKPOOL                     ,ISLE OF MAN                   , 1349 , 1349 , 0 , 1385 , 1385 , 0 ,-2.599278 ,N,N
24-Apr-2014 15:30,201402,201302,Other Reporting Airports      ,BLACKPOOL                     ,SOUTHEND                      , 60 , 0 , 60 , 0 , 0 , 0 ,Null,N,N
24-Apr-2014 15:30,201402,201302,Other Reporting Airports      ,BOURNEMOUTH                   ,HUMBERSIDE                    , 38 , 0 , 38 , 0 , 0 , 0 ,Null,N,N
24-Apr-2014 15:30,201402,201302,Other Reporting Airports      ,BOURNEMOUTH                   ,JERSEY                        , 0 , 0 , 0 , 13 , 13 , 0 ,-100 ,N,N
24-Apr-2014 15:30,201402,201302,Other Reporting Airports      ,BRISTOL                       ,ABERDEEN                      , 2426 , 2426 , 0 , 2552 , 2552 , 0 ,-4.937304 ,N,N
24-Apr-2014 15:30,201402,201302,Other Reporting Airports      ,BRISTOL                       ,BELFAST CITY (GEORGE BEST)    , 0 , 0 , 0 , 118 , 118 , 0 ,-100 ,N,N
24-Apr-2014 15:30,201402,201302,Other Reporting Airports      ,BRISTOL                       ,BELFAST INTERNATIONAL         , 17823 , 17823 , 0 , 17765 , 17765 , 0 , 0.3264847 ,N,N
24-Apr-2014 15:30,201402,201302,Other Reporting Airports      ,BRISTOL                       ,EDINBURGH                     , 24660 , 24660 , 0 , 24385 , 24385 , 0 , 1.127742 ,N,N
24-Apr-2014 15:30,201402,201302,Other Reporting Airports      ,BRISTOL                       ,GLASGOW                       , 19763 , 19763 , 0 , 20440 , 20440 , 0 ,-3.312133 ,N,N
24-Apr-2014 15:30,201402,201302,Other Reporting Airports      ,BRISTOL                       ,GUERNSEY                      , 1226 , 1226 , 0 , 0 , 0 , 0 ,Null,N,N
24-Apr-2014 15:30,201402,201302,Other Reporting Airports      ,BRISTOL                       ,HAWARDEN                      , 596 , 0 , 596 , 634 , 0 , 634 ,-5.993691 ,N,N
24-Apr-2014 15:30,201402,201302,Other Reporting Airports      ,BRISTOL                       ,INVERNESS                     , 4522 , 4522 , 0 , 4664 , 4664 , 0 ,-3.044597 ,N,N
24-Apr-2014 15:30,201402,201302,Other Reporting Airports      ,BRISTOL                       ,JERSEY                        , 2254 , 2254 , 0 , 2282 , 2282 , 0 ,-1.226994 ,N,N
24-Apr-2014 15:30,201402,201302,Other Reporting Airports      ,BRISTOL                       ,LEEDS BRADFORD                , 0 , 0 , 0 , 262 , 262 , 0 ,-100 ,N,N
24-Apr-2014 15:30,201402,201302,Other Reporting Airports      ,BRISTOL                       ,NEWCASTLE                     , 15003 , 15003 , 0 , 15295 , 15295 , 0 ,-1.909121 ,N,N
24-Apr-2014 15:30,201402,201302,Other Reporting Airports      ,CAMPBELTOWN                   ,GLASGOW                       , 594 , 594 , 0 , 550 , 550 , 0 , 8 ,N,N
24-Apr-2014 15:30,201402,201302,Other Reporting Airports      ,CARDIFF WALES                 ,ABERDEEN                      , 93 , 93 , 0 , 145 , 145 , 0 ,-35.86207 ,N,N
24-Apr-2014 15:30,201402,201302,Other Reporting Airports      ,CARDIFF WALES                 ,ANGLESEY (VALLEY)             , 657 , 657 , 0 , 724 , 724 , 0 ,-9.254144 ,N,N
24-Apr-2014 15:30,201402,201302,Other Reporting Airports      ,CARDIFF WALES                 ,BELFAST CITY (GEORGE BEST)    , 2665 , 2665 , 0 , 2897 , 2897 , 0 ,-8.008285 ,N,N
24-Apr-2014 15:30,201402,201302,Other Reporting Airports      ,CARDIFF WALES                 ,BIRMINGHAM                    , 7 , 7 , 0 , 0 , 0 , 0 ,Null,N,N
24-Apr-2014 15:30,201402,201302,Other Reporting Airports      ,CARDIFF WALES                 ,EDINBURGH                     , 5926 , 5926 , 0 , 4845 , 4845 , 0 , 22.31166 ,N,N
24-Apr-2014 15:30,201402,201302,Other Reporting Airports      ,CARDIFF WALES                 ,FARNBOROUGH                   , 0 , 0 , 0 , 75 , 0 , 75 ,-100 ,N,N
24-Apr-2014 15:30,201402,201302,Other Reporting Airports      ,CARDIFF WALES                 ,GLASGOW                       , 2235 , 2235 , 0 , 3219 , 3219 , 0 ,-30.5685 ,N,N
24-Apr-2014 15:30,201402,201302,Other Reporting Airports      ,CARDIFF WALES                 ,HUMBERSIDE                    , 81 , 0 , 81 , 0 , 0 , 0 ,Null,N,N
24-Apr-2014 15:30,201402,201302,Other Reporting Airports      ,CARDIFF WALES                 ,LEEDS BRADFORD                , 0 , 0 , 0 , 73 , 0 , 73 ,-100 ,N,N
24-Apr-2014 15:30,201402,201302,Other Reporting Airports      ,CARDIFF WALES                 ,LIVERPOOL (JOHN LENNON)       , 166 , 0 , 166 , 0 , 0 , 0 ,Null,N,N
24-Apr-2014 15:30,201402,201302,Other Reporting Airports      ,CARDIFF WALES                 ,MANCHESTER                    , 31 , 0 , 31 , 0 , 0 , 0 ,Null,N,N
24-Apr-2014 15:30,201402,201302,Other Reporting Airports      ,CARDIFF WALES                 ,NEWCASTLE                     , 697 , 697 , 0 , 977 , 977 , 0 ,-28.65916 ,N,N
24-Apr-2014 15:30,201402,201302,Other Reporting Airports      ,CARDIFF WALES                 ,NORWICH                       , 31 , 0 , 31 , 0 , 0 , 0 ,Null,N,N
24-Apr-2014 15:30,201402,201302,Other Reporting Airports      ,CITY OF DERRY (EGLINTON)      ,BIRMINGHAM                    , 2848 , 2848 , 0 , 3550 , 3550 , 0 ,-19.77465 ,N,N
24-Apr-2014 15:30,201402,201302,Other Reporting Airports      ,CITY OF DERRY (EGLINTON)      ,LIVERPOOL (JOHN LENNON)       , 6583 , 6583 , 0 , 6594 , 6594 , 0 ,-0.1668183 ,N,N
24-Apr-2014 15:30,201402,201302,Other Reporting Airports      ,CITY OF DERRY (EGLINTON)      ,PRESTWICK                     , 4555 , 4555 , 0 , 5340 , 5340 , 0 ,-14.70037 ,N,N
24-Apr-2014 15:30,201402,201302,Other Reporting Airports      ,CITY OF DERRY (EGLINTON)      ,STANSTED                      , 10297 , 10297 , 0 , 9127 , 9127 , 0 , 12.81911 ,N,N
24-Apr-2014 15:30,201402,201302,Other Reporting Airports      ,DUNDEE                        ,LONDON CITY                   , 1524 , 1524 , 0 , 1991 , 1991 , 0 ,-23.45555 ,N,N
24-Apr-2014 15:30,201402,201302,Other Reporting Airports      ,DURHAM TEES VALLEY            ,ABERDEEN                      , 2909 , 2909 , 0 , 2707 , 2707 , 0 , 7.462135 ,N,N
24-Apr-2014 15:30,201402,201302,Other Reporting Airports      ,DURHAM TEES VALLEY            ,FARNBOROUGH                   , 0 , 0 , 0 , 32 , 0 , 32 ,-100 ,N,N
24-Apr-2014 15:30,201402,201302,Other Reporting Airports      ,DURHAM TEES VALLEY            ,GATWICK                       , 0 , 0 , 0 , 37 , 0 , 37 ,-100 ,N,N
24-Apr-2014 15:30,201402,201302,Other Reporting Airports      ,DURHAM TEES VALLEY            ,LUTON                         , 0 , 0 , 0 , 28 , 0 , 28 ,-100 ,N,N
24-Apr-2014 15:30,201402,201302,Other Reporting Airports      ,EAST MIDLANDS INTERNATIONAL   ,ABERDEEN                      , 1237 , 1237 , 0 , 1842 , 1842 , 0 ,-32.84473 ,N,N
24-Apr-2014 15:30,201402,201302,Other Reporting Airports      ,EAST MIDLANDS INTERNATIONAL   ,BELFAST CITY (GEORGE BEST)    , 9378 , 9378 , 0 , 9080 , 9080 , 0 , 3.281938 ,N,N
24-Apr-2014 15:30,201402,201302,Other Reporting Airports      ,EAST MIDLANDS INTERNATIONAL   ,BLACKPOOL                     , 0 , 0 , 0 , 28 , 0 , 28 ,-100 ,N,N
24-Apr-2014 15:30,201402,201302,Other Reporting Airports      ,EAST MIDLANDS INTERNATIONAL   ,EDINBURGH                     , 7011 , 7011 , 0 , 5713 , 5713 , 0 , 22.72011 ,N,N
24-Apr-2014 15:30,201402,201302,Other Reporting Airports      ,EAST MIDLANDS INTERNATIONAL   ,GATWICK                       , 14 , 0 , 14 , 0 , 0 , 0 ,Null,N,N
24-Apr-2014 15:30,201402,201302,Other Reporting Airports      ,EAST MIDLANDS INTERNATIONAL   ,GLASGOW                       , 6265 , 6265 , 0 , 5251 , 5251 , 0 , 19.31061 ,N,N
24-Apr-2014 15:30,201402,201302,Other Reporting Airports      ,EAST MIDLANDS INTERNATIONAL   ,GUERNSEY                      , 1082 , 1082 , 0 , 979 , 979 , 0 , 10.52094 ,N,N
24-Apr-2014 15:30,201402,201302,Other Reporting Airports      ,EAST MIDLANDS INTERNATIONAL   ,JERSEY                        , 777 , 777 , 0 , 748 , 748 , 0 , 3.877005 ,N,N
24-Apr-2014 15:30,201402,201302,Other Reporting Airports      ,EAST MIDLANDS INTERNATIONAL   ,NEWCASTLE                     , 472 , 0 , 472 , 0 , 0 , 0 ,Null,N,N
24-Apr-2014 15:30,201402,201302,Other Reporting Airports      ,EAST MIDLANDS INTERNATIONAL   ,STANSTED                      , 170 , 170 , 0 , 0 , 0 , 0 ,Null,N,N
24-Apr-2014 15:30,201402,201302,Other Reporting Airports      ,EDINBURGH                     ,BELFAST CITY (GEORGE BEST)    , 8884 , 8884 , 0 , 7291 , 7291 , 0 , 21.84885 ,N,N
24-Apr-2014 15:30,201402,201302,Other Reporting Airports      ,EDINBURGH                     ,BELFAST INTERNATIONAL         , 19998 , 19998 , 0 , 21181 , 21181 , 0 ,-5.585194 ,N,N
24-Apr-2014 15:30,201402,201302,Other Reporting Airports      ,EDINBURGH                     ,BIRMINGHAM                    , 21087 , 21087 , 0 , 21339 , 21339 , 0 ,-1.180936 ,N,N
24-Apr-2014 15:30,201402,201302,Other Reporting Airports      ,EDINBURGH                     ,BRISTOL                       , 24667 , 24667 , 0 , 24353 , 24353 , 0 , 1.289369 ,N,N
24-Apr-2014 15:30,201402,201302,Other Reporting Airports      ,EDINBURGH                     ,CAMBRIDGE                     , 0 , 0 , 0 , 1 , 0 , 1 ,-100 ,N,Y
24-Apr-2014 15:30,201402,201302,Other Reporting Airports      ,EDINBURGH                     ,CARDIFF WALES                 , 6005 , 6005 , 0 , 4883 , 4883 , 0 , 22.97768 ,N,N
24-Apr-2014 15:30,201402,201302,Other Reporting Airports      ,EDINBURGH                     ,EAST MIDLANDS INTERNATIONAL   , 7018 , 7018 , 0 , 5720 , 5720 , 0 , 22.69231 ,N,N
24-Apr-2014 15:30,201402,201302,Other Reporting Airports      ,EDINBURGH                     ,EXETER                        , 1644 , 1644 , 0 , 1620 , 1620 , 0 , 1.481481 ,N,N
24-Apr-2014 15:30,201402,201302,Other Reporting Airports      ,EDINBURGH                     ,FARNBOROUGH                   , 60 , 0 , 60 , 2 , 0 , 2 , 2900 ,N,Y
24-Apr-2014 15:30,201402,201302,Other Reporting Airports      ,EDINBURGH                     ,GATWICK                       , 51890 , 51843 , 47 , 49264 , 49264 , 0 , 5.330464 ,N,N
24-Apr-2014 15:30,201402,201302,Other Reporting Airports      ,EDINBURGH                     ,HEATHROW                      , 94333 , 94333 , 0 , 79835 , 79828 , 7 , 18.15995 ,N,N
24-Apr-2014 15:30,201402,201302,Other Reporting Airports      ,EDINBURGH                     ,ISLE OF MAN                   , 0 , 0 , 0 , 588 , 588 , 0 ,-100 ,N,N
24-Apr-2014 15:30,201402,201302,Other Reporting Airports      ,EDINBURGH                     ,KIRKWALL                      , 2628 , 2628 , 0 , 2705 , 2705 , 0 ,-2.846581 ,N,N
24-Apr-2014 15:30,201402,201302,Other Reporting Airports      ,EDINBURGH                     ,LONDON CITY                   , 23966 , 23966 , 0 , 28172 , 28172 , 0 ,-14.92972 ,N,N
24-Apr-2014 15:30,201402,201302,Other Reporting Airports      ,EDINBURGH                     ,LUTON                         , 20559 , 20559 , 0 , 21787 , 21786 , 1 ,-5.636389 ,N,N
24-Apr-2014 15:30,201402,201302,Other Reporting Airports      ,EDINBURGH                     ,MANCHESTER                    , 7812 , 7812 , 0 , 8293 , 8293 , 0 ,-5.800072 ,N,N
24-Apr-2014 15:30,201402,201302,Other Reporting Airports      ,EDINBURGH                     ,NORWICH                       , 1578 , 1578 , 0 , 1583 , 1583 , 0 ,-0.315856 ,N,N
24-Apr-2014 15:30,201402,201302,Other Reporting Airports      ,EDINBURGH                     ,SOUTHAMPTON                   , 13084 , 13084 , 0 , 12821 , 12821 , 0 , 2.051322 ,N,N
24-Apr-2014 15:30,201402,201302,Other Reporting Airports      ,EDINBURGH                     ,SOUTHEND                      , 4288 , 4288 , 0 , 0 , 0 , 0 ,Null,N,N
24-Apr-2014 15:30,201402,201302,Other Reporting Airports      ,EDINBURGH                     ,STANSTED                      , 24038 , 24038 , 0 , 26847 , 26847 , 0 ,-10.46299 ,N,N
24-Apr-2014 15:30,201402,201302,Other Reporting Airports      ,EDINBURGH                     ,STORNOWAY                     , 1282 , 1282 , 0 , 1340 , 1340 , 0 ,-4.328358 ,N,N
24-Apr-2014 15:30,201402,201302,Other Reporting Airports      ,EDINBURGH                     ,SUMBURGH                      , 2447 , 2447 , 0 , 2207 , 2207 , 0 , 10.87449 ,N,N
24-Apr-2014 15:30,201402,201302,Other Reporting Airports      ,EDINBURGH                     ,WICK JOHN O GROATS            , 842 , 842 , 0 , 701 , 701 , 0 , 20.11412 ,N,N
24-Apr-2014 15:30,201402,201302,Other Reporting Airports      ,EXETER                        ,BELFAST CITY (GEORGE BEST)    , 2424 , 2424 , 0 , 1810 , 1810 , 0 , 33.92265 ,N,N
24-Apr-2014 15:30,201402,201302,Other Reporting Airports      ,EXETER                        ,EDINBURGH                     , 1644 , 1644 , 0 , 1621 , 1621 , 0 , 1.418877 ,N,N
24-Apr-2014 15:30,201402,201302,Other Reporting Airports      ,EXETER                        ,GLASGOW                       , 0 , 0 , 0 , 674 , 674 , 0 ,-100 ,N,N
24-Apr-2014 15:30,201402,201302,Other Reporting Airports      ,EXETER                        ,GUERNSEY                      , 1478 , 1478 , 0 , 1503 , 1503 , 0 ,-1.66334 ,N,N
24-Apr-2014 15:30,201402,201302,Other Reporting Airports      ,EXETER                        ,JERSEY                        , 2204 , 2204 , 0 , 2208 , 2208 , 0 ,-0.1811594 ,N,N
24-Apr-2014 15:30,201402,201302,Other Reporting Airports      ,EXETER                        ,MANCHESTER                    , 7418 , 7418 , 0 , 5122 , 5116 , 6 , 44.82624 ,N,N
24-Apr-2014 15:30,201402,201302,Other Reporting Airports      ,EXETER                        ,NEWCASTLE                     , 2029 , 2029 , 0 , 2339 , 2339 , 0 ,-13.25353 ,N,N
24-Apr-2014 15:30,201402,201302,London Area Airports          ,GATWICK                       ,ABERDEEN                      , 12764 , 12764 , 0 , 13569 , 13569 , 0 ,-5.932641 ,N,N
24-Apr-2014 15:30,201402,201302,London Area Airports          ,GATWICK                       ,BELFAST CITY (GEORGE BEST)    , 28327 , 28327 , 0 , 28050 , 28050 , 0 , 0.9875223 ,N,N
24-Apr-2014 15:30,201402,201302,London Area Airports          ,GATWICK                       ,BELFAST INTERNATIONAL         , 32278 , 32278 , 0 , 26813 , 26813 , 0 , 20.3819 ,N,N
24-Apr-2014 15:30,201402,201302,London Area Airports          ,GATWICK                       ,DURHAM TEES VALLEY            , 0 , 0 , 0 , 37 , 0 , 37 ,-100 ,N,N
24-Apr-2014 15:30,201402,201302,London Area Airports          ,GATWICK                       ,EDINBURGH                     , 51622 , 51575 , 47 , 49185 , 49185 , 0 , 4.954762 ,N,N
24-Apr-2014 15:30,201402,201302,London Area Airports          ,GATWICK                       ,GLASGOW                       , 46310 , 46310 , 0 , 43106 , 43106 , 0 , 7.43284 ,N,N
24-Apr-2014 15:30,201402,201302,London Area Airports          ,GATWICK                       ,GUERNSEY                      , 21953 , 21953 , 0 , 23202 , 23202 , 0 ,-5.383157 ,N,N
24-Apr-2014 15:30,201402,201302,London Area Airports          ,GATWICK                       ,HUMBERSIDE                    , 35 , 0 , 35 , 33 , 0 , 33 , 6.060606 ,N,N
24-Apr-2014 15:30,201402,201302,London Area Airports          ,GATWICK                       ,INVERNESS                     , 13151 , 13053 , 98 , 13344 , 13344 , 0 ,-1.446343 ,N,N
24-Apr-2014 15:30,201402,201302,London Area Airports          ,GATWICK                       ,ISLE OF MAN                   , 14140 , 14140 , 0 , 12633 , 12633 , 0 , 11.92907 ,N,N
24-Apr-2014 15:30,201402,201302,London Area Airports          ,GATWICK                       ,JERSEY                        , 36197 , 36197 , 0 , 37677 , 37677 , 0 ,-3.928126 ,N,N
24-Apr-2014 15:30,201402,201302,London Area Airports          ,GATWICK                       ,LEEDS BRADFORD                , 0 , 0 , 0 , 58 , 0 , 58 ,-100 ,N,N
24-Apr-2014 15:30,201402,201302,London Area Airports          ,GATWICK                       ,MANCHESTER                    , 149 , 0 , 149 , 12732 , 12732 , 0 ,-98.82972 ,N,N
24-Apr-2014 15:30,201402,201302,London Area Airports          ,GATWICK                       ,NEWCASTLE                     , 5362 , 5362 , 0 , 5784 , 5749 , 35 ,-7.295989 ,N,N
24-Apr-2014 15:30,201402,201302,London Area Airports          ,GATWICK                       ,NEWQUAY                       , 11516 , 11516 , 0 , 5658 , 5658 , 0 , 103.5348 ,N,N
24-Apr-2014 15:30,201402,201302,London Area Airports          ,GATWICK                       ,NORWICH                       , 0 , 0 , 0 , 48 , 0 , 48 ,-100 ,N,N
24-Apr-2014 15:30,201402,201302,Other Reporting Airports      ,GLASGOW                       ,BARRA                         , 558 , 558 , 0 , 453 , 453 , 0 , 23.17881 ,N,N
24-Apr-2014 15:30,201402,201302,Other Reporting Airports      ,GLASGOW                       ,BELFAST CITY (GEORGE BEST)    , 9007 , 9007 , 0 , 7219 , 7219 , 0 , 24.76797 ,N,N
24-Apr-2014 15:30,201402,201302,Other Reporting Airports      ,GLASGOW                       ,BELFAST INTERNATIONAL         , 20234 , 20234 , 0 , 21135 , 21135 , 0 ,-4.263071 ,N,N
24-Apr-2014 15:30,201402,201302,Other Reporting Airports      ,GLASGOW                       ,BENBECULA                     , 1482 , 1482 , 0 , 1627 , 1627 , 0 ,-8.912108 ,N,N
24-Apr-2014 15:30,201402,201302,Other Reporting Airports      ,GLASGOW                       ,BIRMINGHAM                    , 15790 , 15790 , 0 , 15923 , 15923 , 0 ,-0.8352697 ,N,N
24-Apr-2014 15:30,201402,201302,Other Reporting Airports      ,GLASGOW                       ,BRISTOL                       , 19838 , 19750 , 88 , 20472 , 20472 , 0 ,-3.096913 ,N,N
24-Apr-2014 15:30,201402,201302,Other Reporting Airports      ,GLASGOW                       ,CAMPBELTOWN                   , 593 , 593 , 0 , 547 , 547 , 0 , 8.409507 ,N,N
24-Apr-2014 15:30,201402,201302,Other Reporting Airports      ,GLASGOW                       ,CARDIFF WALES                 , 2213 , 2213 , 0 , 675 , 675 , 0 , 227.8519 ,N,N
24-Apr-2014 15:30,201402,201302,Other Reporting Airports      ,GLASGOW                       ,EAST MIDLANDS INTERNATIONAL   , 6295 , 6295 , 0 , 5273 , 5273 , 0 , 19.38176 ,N,N
24-Apr-2014 15:30,201402,201302,Other Reporting Airports      ,GLASGOW                       ,EXETER                        , 0 , 0 , 0 , 674 , 674 , 0 ,-100 ,N,N
24-Apr-2014 15:30,201402,201302,Other Reporting Airports      ,GLASGOW                       ,GATWICK                       , 46365 , 46365 , 0 , 43173 , 43173 , 0 , 7.39351 ,N,N
24-Apr-2014 15:30,201402,201302,Other Reporting Airports      ,GLASGOW                       ,HEATHROW                      , 64517 , 64517 , 0 , 66314 , 66314 , 0 ,-2.709835 ,N,N
24-Apr-2014 15:30,201402,201302,Other Reporting Airports      ,GLASGOW                       ,ISLAY                         , 1688 , 1688 , 0 , 1534 , 1534 , 0 , 10.03911 ,N,N
24-Apr-2014 15:30,201402,201302,Other Reporting Airports      ,GLASGOW                       ,ISLE OF MAN                   , 0 , 0 , 0 , 389 , 389 , 0 ,-100 ,N,N
24-Apr-2014 15:30,201402,201302,Other Reporting Airports      ,GLASGOW                       ,JERSEY                        , 1146 , 1146 , 0 , 1846 , 1846 , 0 ,-37.91983 ,N,N
24-Apr-2014 15:30,201402,201302,Other Reporting Airports      ,GLASGOW                       ,KIRKWALL                      , 1186 , 1186 , 0 , 1237 , 1237 , 0 ,-4.122878 ,N,N
24-Apr-2014 15:30,201402,201302,Other Reporting Airports      ,GLASGOW                       ,LEEDS BRADFORD                , 728 , 728 , 0 , 897 , 897 , 0 ,-18.84058 ,N,N
24-Apr-2014 15:30,201402,201302,Other Reporting Airports      ,GLASGOW                       ,LONDON CITY                   , 14656 , 14656 , 0 , 12424 , 12424 , 0 , 17.96523 ,N,N
24-Apr-2014 15:30,201402,201302,Other Reporting Airports      ,GLASGOW                       ,LUTON                         , 22580 , 22580 , 0 , 21850 , 21850 , 0 , 3.340961 ,N,N
24-Apr-2014 15:30,201402,201302,Other Reporting Airports      ,GLASGOW                       ,MANCHESTER                    , 4448 , 4448 , 0 , 3620 , 3620 , 0 , 22.87293 ,N,N
24-Apr-2014 15:30,201402,201302,Other Reporting Airports      ,GLASGOW                       ,SOUTHAMPTON                   , 12405 , 12405 , 0 , 12359 , 12359 , 0 , 0.3721984 ,N,N
24-Apr-2014 15:30,201402,201302,Other Reporting Airports      ,GLASGOW                       ,STANSTED                      , 22324 , 22324 , 0 , 23597 , 23597 , 0 ,-5.394753 ,N,N
24-Apr-2014 15:30,201402,201302,Other Reporting Airports      ,GLASGOW                       ,STORNOWAY                     , 3851 , 3851 , 0 , 3694 , 3694 , 0 , 4.250135 ,N,N
24-Apr-2014 15:30,201402,201302,Other Reporting Airports      ,GLASGOW                       ,SUMBURGH                      , 1538 , 1538 , 0 , 1283 , 1283 , 0 , 19.87529 ,N,N
24-Apr-2014 15:30,201402,201302,Other Reporting Airports      ,GLASGOW                       ,TIREE                         , 506 , 506 , 0 , 535 , 535 , 0 ,-5.420561 ,N,N
24-Apr-2014 15:30,201402,201302,Other Reporting Airports      ,GLOUCESTERSHIRE               ,ISLE OF MAN                   , 1004 , 1004 , 0 , 991 , 991 , 0 , 1.311806 ,N,N
24-Apr-2014 15:30,201402,201302,Other Reporting Airports      ,GUERNSEY                      ,ALDERNEY                      , 1828 , 1828 , 0 , 2224 , 2224 , 0 ,-17.80576 ,N,N
24-Apr-2014 15:30,201402,201302,Other Reporting Airports      ,GUERNSEY                      ,BIRMINGHAM                    , 1485 , 1485 , 0 , 1562 , 1562 , 0 ,-4.929577 ,N,N
24-Apr-2014 15:30,201402,201302,Other Reporting Airports      ,GUERNSEY                      ,BRISTOL                       , 1484 , 1484 , 0 , 1375 , 1375 , 0 , 7.927273 ,N,N
24-Apr-2014 15:30,201402,201302,Other Reporting Airports      ,GUERNSEY                      ,EAST MIDLANDS INTERNATIONAL   , 1180 , 1180 , 0 , 1033 , 1033 , 0 , 14.2304 ,N,N
24-Apr-2014 15:30,201402,201302,Other Reporting Airports      ,GUERNSEY                      ,EXETER                        , 1479 , 1479 , 0 , 1550 , 1550 , 0 ,-4.580645 ,N,N
24-Apr-2014 15:30,201402,201302,Other Reporting Airports      ,GUERNSEY                      ,GATWICK                       , 22084 , 22084 , 0 , 23179 , 23179 , 0 ,-4.724104 ,N,N
24-Apr-2014 15:30,201402,201302,Other Reporting Airports      ,GUERNSEY                      ,JERSEY                        , 9749 , 9749 , 0 , 10935 , 10935 , 0 ,-10.84591 ,N,N
24-Apr-2014 15:30,201402,201302,Other Reporting Airports      ,GUERNSEY                      ,LONDON CITY                   , 0 , 0 , 0 , 6 , 0 , 6 ,-100 ,N,Y
24-Apr-2014 15:30,201402,201302,Other Reporting Airports      ,GUERNSEY                      ,MANCHESTER                    , 3425 , 3425 , 0 , 3678 , 3678 , 0 ,-6.878738 ,N,N
24-Apr-2014 15:30,201402,201302,Other Reporting Airports      ,GUERNSEY                      ,SOUTHAMPTON                   , 9691 , 9691 , 0 , 8542 , 8542 , 0 , 13.45118 ,N,N
24-Apr-2014 15:30,201402,201302,Other Reporting Airports      ,GUERNSEY                      ,STANSTED                      , 833 , 833 , 0 , 811 , 811 , 0 , 2.7127 ,N,N
24-Apr-2014 15:30,201402,201302,Other Reporting Airports      ,HAWARDEN                      ,BRISTOL                       , 0 , 0 , 0 , 20 , 0 , 20 ,-100 ,N,N
24-Apr-2014 15:30,201402,201302,London Area Airports          ,HEATHROW                      ,ABERDEEN                      , 51845 , 51845 , 0 , 46592 , 46592 , 0 , 11.27447 ,N,N
24-Apr-2014 15:30,201402,201302,London Area Airports          ,HEATHROW                      ,BELFAST CITY (GEORGE BEST)    , 47455 , 47455 , 0 , 49122 , 49122 , 0 ,-3.393591 ,N,N
24-Apr-2014 15:30,201402,201302,London Area Airports          ,HEATHROW                      ,EDINBURGH                     , 94333 , 94333 , 0 , 79617 , 79617 , 0 , 18.48349 ,N,N
24-Apr-2014 15:30,201402,201302,London Area Airports          ,HEATHROW                      ,GLASGOW                       , 64456 , 64456 , 0 , 66612 , 66612 , 0 ,-3.236654 ,N,N
24-Apr-2014 15:30,201402,201302,London Area Airports          ,HEATHROW                      ,LEEDS BRADFORD                , 9305 , 9305 , 0 , 9326 , 9326 , 0 ,-0.2251769 ,N,N
24-Apr-2014 15:30,201402,201302,London Area Airports          ,HEATHROW                      ,MANCHESTER                    , 65489 , 65489 , 0 , 55659 , 55631 , 28 , 17.66112 ,N,N
24-Apr-2014 15:30,201402,201302,London Area Airports          ,HEATHROW                      ,NEWCASTLE                     , 36347 , 36275 , 72 , 36973 , 36973 , 0 ,-1.693127 ,N,N
24-Apr-2014 15:30,201402,201302,Other Reporting Airports      ,HUMBERSIDE                    ,ABERDEEN                      , 3000 , 3000 , 0 , 2882 , 2882 , 0 , 4.094379 ,N,N
24-Apr-2014 15:30,201402,201302,Other Reporting Airports      ,HUMBERSIDE                    ,CARDIFF WALES                 , 81 , 0 , 81 , 0 , 0 , 0 ,Null,N,N
24-Apr-2014 15:30,201402,201302,Other Reporting Airports      ,HUMBERSIDE                    ,GATWICK                       , 36 , 0 , 36 , 0 , 0 , 0 ,Null,N,N
24-Apr-2014 15:30,201402,201302,Other Reporting Airports      ,HUMBERSIDE                    ,NORWICH                       , 35 , 35 , 0 , 114 , 114 , 0 ,-69.29825 ,N,N
24-Apr-2014 15:30,201402,201302,Other Reporting Airports      ,HUMBERSIDE                    ,SOUTHAMPTON                   , 37 , 0 , 37 , 0 , 0 , 0 ,Null,N,N
24-Apr-2014 15:30,201402,201302,Other Reporting Airports      ,INVERNESS                     ,BELFAST CITY (GEORGE BEST)    , 1534 , 1534 , 0 , 1417 , 1417 , 0 , 8.256881 ,N,N
24-Apr-2014 15:30,201402,201302,Other Reporting Airports      ,INVERNESS                     ,BENBECULA                     , 483 , 483 , 0 , 0 , 0 , 0 ,Null,N,N
24-Apr-2014 15:30,201402,201302,Other Reporting Airports      ,INVERNESS                     ,BIRMINGHAM                    , 2391 , 2391 , 0 , 1948 , 1948 , 0 , 22.74127 ,N,N
24-Apr-2014 15:30,201402,201302,Other Reporting Airports      ,INVERNESS                     ,BRISTOL                       , 4520 , 4520 , 0 , 4662 , 4662 , 0 ,-3.045903 ,N,N
24-Apr-2014 15:30,201402,201302,Other Reporting Airports      ,INVERNESS                     ,EDINBURGH                     , 0 , 0 , 0 , 18 , 18 , 0 ,-100 ,N,N
24-Apr-2014 15:30,201402,201302,Other Reporting Airports      ,INVERNESS                     ,GATWICK                       , 13184 , 13086 , 98 , 13358 , 13358 , 0 ,-1.30259 ,N,N
24-Apr-2014 15:30,201402,201302,Other Reporting Airports      ,INVERNESS                     ,KIRKWALL                      , 1358 , 1358 , 0 , 1355 , 1355 , 0 , 0.2214022 ,N,N
24-Apr-2014 15:30,201402,201302,Other Reporting Airports      ,INVERNESS                     ,LUTON                         , 6468 , 6468 , 0 , 6395 , 6395 , 0 , 1.141517 ,N,N
24-Apr-2014 15:30,201402,201302,Other Reporting Airports      ,INVERNESS                     ,MANCHESTER                    , 4203 , 4203 , 0 , 3622 , 3622 , 0 , 16.04086 ,N,N
24-Apr-2014 15:30,201402,201302,Other Reporting Airports      ,INVERNESS                     ,STORNOWAY                     , 2266 , 2266 , 0 , 2612 , 2612 , 0 ,-13.24655 ,N,N
24-Apr-2014 15:30,201402,201302,Other Reporting Airports      ,INVERNESS                     ,SUMBURGH                      , 233 , 233 , 0 , 274 , 274 , 0 ,-14.9635 ,N,N
24-Apr-2014 15:30,201402,201302,Other Reporting Airports      ,ISLAY                         ,GLASGOW                       , 1668 , 1668 , 0 , 1511 , 1511 , 0 , 10.39047 ,N,N
24-Apr-2014 15:30,201402,201302,Other Reporting Airports      ,ISLE OF MAN                   ,BELFAST CITY (GEORGE BEST)    , 1853 , 1853 , 0 , 1766 , 1766 , 0 , 4.926387 ,N,N
24-Apr-2014 15:30,201402,201302,Other Reporting Airports      ,ISLE OF MAN                   ,BIRMINGHAM                    , 2377 , 2377 , 0 , 2751 , 2751 , 0 ,-13.59506 ,N,N
24-Apr-2014 15:30,201402,201302,Other Reporting Airports      ,ISLE OF MAN                   ,BLACKPOOL                     , 1291 , 1291 , 0 , 1330 , 1330 , 0 ,-2.932331 ,N,N
24-Apr-2014 15:30,201402,201302,Other Reporting Airports      ,ISLE OF MAN                   ,EDINBURGH                     , 0 , 0 , 0 , 588 , 588 , 0 ,-100 ,N,N
24-Apr-2014 15:30,201402,201302,Other Reporting Airports      ,ISLE OF MAN                   ,GATWICK                       , 14226 , 14226 , 0 , 12506 , 12506 , 0 , 13.7534 ,N,N
24-Apr-2014 15:30,201402,201302,Other Reporting Airports      ,ISLE OF MAN                   ,GLASGOW                       , 0 , 0 , 0 , 388 , 388 , 0 ,-100 ,N,N
24-Apr-2014 15:30,201402,201302,Other Reporting Airports      ,ISLE OF MAN                   ,GLOUCESTERSHIRE               , 1005 , 1005 , 0 , 976 , 976 , 0 , 2.971312 ,N,N
24-Apr-2014 15:30,201402,201302,Other Reporting Airports      ,ISLE OF MAN                   ,JERSEY                        , 0 , 0 , 0 , 15 , 15 , 0 ,-100 ,N,N
24-Apr-2014 15:30,201402,201302,Other Reporting Airports      ,ISLE OF MAN                   ,LIVERPOOL (JOHN LENNON)       , 16745 , 16745 , 0 , 14929 , 14929 , 0 , 12.16424 ,N,N
24-Apr-2014 15:30,201402,201302,Other Reporting Airports      ,ISLE OF MAN                   ,LONDON CITY                   , 2164 , 2164 , 0 , 4004 , 4004 , 0 ,-45.95404 ,N,N
24-Apr-2014 15:30,201402,201302,Other Reporting Airports      ,ISLE OF MAN                   ,MANCHESTER                    , 10277 , 10277 , 0 , 8372 , 8372 , 0 , 22.75442 ,N,N
24-Apr-2014 15:30,201402,201302,Other Reporting Airports      ,ISLE OF MAN                   ,NEWCASTLE                     , 323 , 323 , 0 , 338 , 338 , 0 ,-4.43787 ,N,N
24-Apr-2014 15:30,201402,201302,Other Reporting Airports      ,JERSEY                        ,BIRMINGHAM                    , 3767 , 3767 , 0 , 2891 , 2891 , 0 , 30.30093 ,N,N
24-Apr-2014 15:30,201402,201302,Other Reporting Airports      ,JERSEY                        ,BOURNEMOUTH                   , 0 , 0 , 0 , 13 , 13 , 0 ,-100 ,N,N
24-Apr-2014 15:30,201402,201302,Other Reporting Airports      ,JERSEY                        ,BRISTOL                       , 2217 , 2217 , 0 , 2246 , 2246 , 0 ,-1.291184 ,N,N
24-Apr-2014 15:30,201402,201302,Other Reporting Airports      ,JERSEY                        ,EAST MIDLANDS INTERNATIONAL   , 777 , 777 , 0 , 746 , 746 , 0 , 4.155496 ,N,N
24-Apr-2014 15:30,201402,201302,Other Reporting Airports      ,JERSEY                        ,EXETER                        , 2360 , 2360 , 0 , 2387 , 2387 , 0 ,-1.131127 ,N,N
24-Apr-2014 15:30,201402,201302,Other Reporting Airports      ,JERSEY                        ,GATWICK                       , 35828 , 35828 , 0 , 37443 , 37443 , 0 ,-4.313223 ,N,N
24-Apr-2014 15:30,201402,201302,Other Reporting Airports      ,JERSEY                        ,GLASGOW                       , 1123 , 1123 , 0 , 1832 , 1832 , 0 ,-38.70087 ,N,N
24-Apr-2014 15:30,201402,201302,Other Reporting Airports      ,JERSEY                        ,GUERNSEY                      , 9690 , 9690 , 0 , 11009 , 11009 , 0 ,-11.98111 ,N,N
24-Apr-2014 15:30,201402,201302,Other Reporting Airports      ,JERSEY                        ,ISLE OF MAN                   , 0 , 0 , 0 , 15 , 15 , 0 ,-100 ,N,N
24-Apr-2014 15:30,201402,201302,Other Reporting Airports      ,JERSEY                        ,LIVERPOOL (JOHN LENNON)       , 4428 , 4428 , 0 , 4532 , 4532 , 0 ,-2.294793 ,N,N
24-Apr-2014 15:30,201402,201302,Other Reporting Airports      ,JERSEY                        ,LONDON CITY                   , 2409 , 2409 , 0 , 1931 , 1931 , 0 , 24.75401 ,N,N
24-Apr-2014 15:30,201402,201302,Other Reporting Airports      ,JERSEY                        ,MANCHESTER                    , 3167 , 3167 , 0 , 3293 , 3293 , 0 ,-3.826298 ,N,N
24-Apr-2014 15:30,201402,201302,Other Reporting Airports      ,JERSEY                        ,SOUTHAMPTON                   , 9410 , 9410 , 0 , 8819 , 8819 , 0 , 6.70144 ,N,N
24-Apr-2014 15:30,201402,201302,Other Reporting Airports      ,JERSEY                        ,SOUTHEND                      , 2224 , 2224 , 0 , 3618 , 3618 , 0 ,-38.52958 ,N,N
24-Apr-2014 15:30,201402,201302,Other Reporting Airports      ,KIRKWALL                      ,ABERDEEN                      , 3427 , 3371 , 56 , 3364 , 3364 , 0 , 1.872771 ,N,N
24-Apr-2014 15:30,201402,201302,Other Reporting Airports      ,KIRKWALL                      ,EDAY                          , 97 , 97 , 0 , 100 , 100 , 0 ,-3 ,N,N
24-Apr-2014 15:30,201402,201302,Other Reporting Airports      ,KIRKWALL                      ,EDINBURGH                     , 2624 , 2624 , 0 , 2690 , 2690 , 0 ,-2.453532 ,N,N
24-Apr-2014 15:30,201402,201302,Other Reporting Airports      ,KIRKWALL                      ,GLASGOW                       , 1169 , 1169 , 0 , 1228 , 1228 , 0 ,-4.80456 ,N,N
24-Apr-2014 15:30,201402,201302,Other Reporting Airports      ,KIRKWALL                      ,INVERNESS                     , 727 , 727 , 0 , 760 , 760 , 0 ,-4.342105 ,N,N
24-Apr-2014 15:30,201402,201302,Other Reporting Airports      ,KIRKWALL                      ,NORTH RONALDSAY               , 399 , 399 , 0 , 405 , 405 , 0 ,-1.481481 ,N,N
24-Apr-2014 15:30,201402,201302,Other Reporting Airports      ,KIRKWALL                      ,PAPA WESTRAY                  , 354 , 354 , 0 , 301 , 301 , 0 , 17.60797 ,N,N
24-Apr-2014 15:30,201402,201302,Other Reporting Airports      ,KIRKWALL                      ,SANDAY                        , 299 , 299 , 0 , 283 , 283 , 0 , 5.65371 ,N,N
24-Apr-2014 15:30,201402,201302,Other Reporting Airports      ,KIRKWALL                      ,STRONSAY                      , 327 , 327 , 0 , 283 , 283 , 0 , 15.5477 ,N,N
24-Apr-2014 15:30,201402,201302,Other Reporting Airports      ,KIRKWALL                      ,SUMBURGH                      , 511 , 511 , 0 , 552 , 552 , 0 ,-7.427536 ,N,N
24-Apr-2014 15:30,201402,201302,Other Reporting Airports      ,KIRKWALL                      ,WESTRAY                       , 295 , 295 , 0 , 274 , 274 , 0 , 7.664234 ,N,N
24-Apr-2014 15:30,201402,201302,Other Reporting Airports      ,LEEDS BRADFORD                ,ABERDEEN                      , 1421 , 1421 , 0 , 1153 , 1153 , 0 , 23.24371 ,N,N
24-Apr-2014 15:30,201402,201302,Other Reporting Airports      ,LEEDS BRADFORD                ,BELFAST CITY (GEORGE BEST)    , 10498 , 10498 , 0 , 7596 , 7596 , 0 , 38.20432 ,N,N
24-Apr-2014 15:30,201402,201302,Other Reporting Airports      ,LEEDS BRADFORD                ,BELFAST INTERNATIONAL         , 0 , 0 , 0 , 3860 , 3860 , 0 ,-100 ,N,N
24-Apr-2014 15:30,201402,201302,Other Reporting Airports      ,LEEDS BRADFORD                ,BRISTOL                       , 0 , 0 , 0 , 276 , 276 , 0 ,-100 ,N,N
24-Apr-2014 15:30,201402,201302,Other Reporting Airports      ,LEEDS BRADFORD                ,CARDIFF WALES                 , 0 , 0 , 0 , 73 , 0 , 73 ,-100 ,N,N
24-Apr-2014 15:30,201402,201302,Other Reporting Airports      ,LEEDS BRADFORD                ,COVENTRY                      , 5 , 0 , 5 , 0 , 0 , 0 ,Null,Y,N
24-Apr-2014 15:30,201402,201302,Other Reporting Airports      ,LEEDS BRADFORD                ,GATWICK                       , 0 , 0 , 0 , 58 , 0 , 58 ,-100 ,N,N
24-Apr-2014 15:30,201402,201302,Other Reporting Airports      ,LEEDS BRADFORD                ,GLASGOW                       , 726 , 726 , 0 , 898 , 898 , 0 ,-19.15368 ,N,N
24-Apr-2014 15:30,201402,201302,Other Reporting Airports      ,LEEDS BRADFORD                ,HEATHROW                      , 9261 , 9261 , 0 , 9312 , 9312 , 0 ,-0.5476804 ,N,N
24-Apr-2014 15:30,201402,201302,Other Reporting Airports      ,LEEDS BRADFORD                ,NEWQUAY                       , 4 , 0 , 4 , 0 , 0 , 0 ,Null,Y,N
24-Apr-2014 15:30,201402,201302,Other Reporting Airports      ,LEEDS BRADFORD                ,SOUTHAMPTON                   , 1575 , 1575 , 0 , 3842 , 3842 , 0 ,-59.00573 ,N,N
24-Apr-2014 15:30,201402,201302,Other Reporting Airports      ,LERWICK (TINGWALL)            ,FAIR ISLE                     , 141 , 141 , 0 , 160 , 160 , 0 ,-11.875 ,N,N
24-Apr-2014 15:30,201402,201302,Other Reporting Airports      ,LERWICK (TINGWALL)            ,FOULA                         , 114 , 114 , 0 , 106 , 106 , 0 , 7.54717 ,N,N
24-Apr-2014 15:30,201402,201302,Other Reporting Airports      ,LERWICK (TINGWALL)            ,OUT SKERRIES                  , 21 , 21 , 0 , 9 , 9 , 0 , 133.3333 ,N,N
24-Apr-2014 15:30,201402,201302,Other Reporting Airports      ,LIVERPOOL (JOHN LENNON)       ,BELFAST INTERNATIONAL         , 35405 , 35405 , 0 , 35006 , 35006 , 0 , 1.139805 ,N,N
24-Apr-2014 15:30,201402,201302,Other Reporting Airports      ,LIVERPOOL (JOHN LENNON)       ,CARDIFF WALES                 , 166 , 0 , 166 , 0 , 0 , 0 ,Null,N,N
24-Apr-2014 15:30,201402,201302,Other Reporting Airports      ,LIVERPOOL (JOHN LENNON)       ,CITY OF DERRY (EGLINTON)      , 6542 , 6542 , 0 , 6549 , 6549 , 0 ,-0.1068866 ,N,N
24-Apr-2014 15:30,201402,201302,Other Reporting Airports      ,LIVERPOOL (JOHN LENNON)       ,ISLE OF MAN                   , 16615 , 16615 , 0 , 14704 , 14704 , 0 , 12.99646 ,N,N
24-Apr-2014 15:30,201402,201302,Other Reporting Airports      ,LIVERPOOL (JOHN LENNON)       ,JERSEY                        , 4417 , 4417 , 0 , 4544 , 4544 , 0 ,-2.794894 ,N,N
24-Apr-2014 15:30,201402,201302,Other Reporting Airports      ,LIVERPOOL (JOHN LENNON)       ,LUTON                         , 43 , 0 , 43 , 0 , 0 , 0 ,Null,N,N
24-Apr-2014 15:30,201402,201302,Other Reporting Airports      ,LIVERPOOL (JOHN LENNON)       ,NORWICH                       , 0 , 0 , 0 , 76 , 0 , 76 ,-100 ,N,N
24-Apr-2014 15:30,201402,201302,Other Reporting Airports      ,LIVERPOOL (JOHN LENNON)       ,SOUTHAMPTON                   , 37 , 0 , 37 , 0 , 0 , 0 ,Null,N,N
24-Apr-2014 15:30,201402,201302,Other Reporting Airports      ,LIVERPOOL (JOHN LENNON)       ,STANSTED                      , 32 , 0 , 32 , 0 , 0 , 0 ,Null,N,N
24-Apr-2014 15:30,201402,201302,London Area Airports          ,LONDON CITY                   ,ABERDEEN                      , 5575 , 5575 , 0 , 5109 , 5109 , 0 , 9.121159 ,N,N
24-Apr-2014 15:30,201402,201302,London Area Airports          ,LONDON CITY                   ,DUNDEE                        , 1475 , 1475 , 0 , 2025 , 2025 , 0 ,-27.16049 ,N,N
24-Apr-2014 15:30,201402,201302,London Area Airports          ,LONDON CITY                   ,EDINBURGH                     , 23831 , 23831 , 0 , 28027 , 28027 , 0 ,-14.97128 ,N,N
24-Apr-2014 15:30,201402,201302,London Area Airports          ,LONDON CITY                   ,GLASGOW                       , 14718 , 14718 , 0 , 12389 , 12389 , 0 , 18.79893 ,N,N
24-Apr-2014 15:30,201402,201302,London Area Airports          ,LONDON CITY                   ,ISLE OF MAN                   , 2201 , 2201 , 0 , 3985 , 3985 , 0 ,-44.76788 ,N,N
24-Apr-2014 15:30,201402,201302,London Area Airports          ,LONDON CITY                   ,JERSEY                        , 2399 , 2399 , 0 , 1928 , 1928 , 0 , 24.42946 ,N,N
24-Apr-2014 15:30,201402,201302,London Area Airports          ,LUTON                         ,ABERDEEN                      , 4931 , 4931 , 0 , 6401 , 6401 , 0 ,-22.96516 ,N,N
24-Apr-2014 15:30,201402,201302,London Area Airports          ,LUTON                         ,BELFAST INTERNATIONAL         , 17628 , 17628 , 0 , 16093 , 16093 , 0 , 9.538308 ,N,N
24-Apr-2014 15:30,201402,201302,London Area Airports          ,LUTON                         ,DURHAM TEES VALLEY            , 0 , 0 , 0 , 28 , 0 , 28 ,-100 ,N,N
24-Apr-2014 15:30,201402,201302,London Area Airports          ,LUTON                         ,EDINBURGH                     , 20462 , 20462 , 0 , 21593 , 21593 , 0 ,-5.237809 ,N,N
24-Apr-2014 15:30,201402,201302,London Area Airports          ,LUTON                         ,GLASGOW                       , 22565 , 22565 , 0 , 21830 , 21830 , 0 , 3.366926 ,N,N
24-Apr-2014 15:30,201402,201302,London Area Airports          ,LUTON                         ,INVERNESS                     , 6411 , 6411 , 0 , 6314 , 6314 , 0 , 1.536269 ,N,N
24-Apr-2014 15:30,201402,201302,London Area Airports          ,LUTON                         ,LIVERPOOL (JOHN LENNON)       , 27 , 0 , 27 , 3 , 0 , 3 , 800 ,N,Y
24-Apr-2014 15:30,201402,201302,London Area Airports          ,LUTON                         ,MANCHESTER                    , 1 , 0 , 1 , 0 , 0 , 0 ,Null,Y,N
24-Apr-2014 15:30,201402,201302,London Area Airports          ,LUTON                         ,NEWCASTLE                     , 57 , 0 , 57 , 37 , 0 , 37 , 54.05405 ,N,N
24-Apr-2014 15:30,201402,201302,Other Reporting Airports      ,MANCHESTER                    ,ABERDEEN                      , 15064 , 14964 , 100 , 14670 , 14384 , 286 , 2.685753 ,N,N
24-Apr-2014 15:30,201402,201302,Other Reporting Airports      ,MANCHESTER                    ,BELFAST CITY (GEORGE BEST)    , 19773 , 19773 , 0 , 20291 , 20291 , 0 ,-2.552856 ,N,N
24-Apr-2014 15:30,201402,201302,Other Reporting Airports      ,MANCHESTER                    ,BELFAST INTERNATIONAL         , 16740 , 16740 , 0 , 15570 , 15570 , 0 , 7.514451 ,N,N
24-Apr-2014 15:30,201402,201302,Other Reporting Airports      ,MANCHESTER                    ,BOURNEMOUTH                   , 0 , 0 , 0 , 57 , 0 , 57 ,-100 ,N,N
24-Apr-2014 15:30,201402,201302,Other Reporting Airports      ,MANCHESTER                    ,CARDIFF WALES                 , 31 , 0 , 31 , 0 , 0 , 0 ,Null,N,N
24-Apr-2014 15:30,201402,201302,Other Reporting Airports      ,MANCHESTER                    ,EDINBURGH                     , 7641 , 7641 , 0 , 8248 , 8248 , 0 ,-7.35936 ,N,N
24-Apr-2014 15:30,201402,201302,Other Reporting Airports      ,MANCHESTER                    ,EXETER                        , 7388 , 7388 , 0 , 5019 , 5019 , 0 , 47.20064 ,N,N
24-Apr-2014 15:30,201402,201302,Other Reporting Airports      ,MANCHESTER                    ,FARNBOROUGH                   , 110 , 0 , 110 , 107 , 0 , 107 , 2.803738 ,N,N
24-Apr-2014 15:30,201402,201302,Other Reporting Airports      ,MANCHESTER                    ,GATWICK                       , 146 , 0 , 146 , 12564 , 12564 , 0 ,-98.83795 ,N,N
24-Apr-2014 15:30,201402,201302,Other Reporting Airports      ,MANCHESTER                    ,GLASGOW                       , 4411 , 4411 , 0 , 3616 , 3616 , 0 , 21.98562 ,N,N
24-Apr-2014 15:30,201402,201302,Other Reporting Airports      ,MANCHESTER                    ,GUERNSEY                      , 3594 , 3594 , 0 , 3634 , 3634 , 0 ,-1.100716 ,N,N
24-Apr-2014 15:30,201402,201302,Other Reporting Airports      ,MANCHESTER                    ,HEATHROW                      , 64996 , 64996 , 0 , 55466 , 55438 , 28 , 17.1817 ,N,N
24-Apr-2014 15:30,201402,201302,Other Reporting Airports      ,MANCHESTER                    ,INVERNESS                     , 4173 , 4173 , 0 , 3637 , 3637 , 0 , 14.73742 ,N,N
24-Apr-2014 15:30,201402,201302,Other Reporting Airports      ,MANCHESTER                    ,ISLE OF MAN                   , 10343 , 10343 , 0 , 8211 , 8211 , 0 , 25.96517 ,N,N
24-Apr-2014 15:30,201402,201302,Other Reporting Airports      ,MANCHESTER                    ,JERSEY                        , 3163 , 3163 , 0 , 3301 , 3301 , 0 ,-4.180552 ,N,N
24-Apr-2014 15:30,201402,201302,Other Reporting Airports      ,MANCHESTER                    ,NEWCASTLE                     , 70 , 0 , 70 , 0 , 0 , 0 ,Null,N,N
24-Apr-2014 15:30,201402,201302,Other Reporting Airports      ,MANCHESTER                    ,NEWQUAY                       , 1804 , 1804 , 0 , 1477 , 1477 , 0 , 22.13947 ,N,N
24-Apr-2014 15:30,201402,201302,Other Reporting Airports      ,MANCHESTER                    ,NORWICH                       , 2256 , 2256 , 0 , 2394 , 2394 , 0 ,-5.764411 ,N,N
24-Apr-2014 15:30,201402,201302,Other Reporting Airports      ,MANCHESTER                    ,SOUTHAMPTON                   , 9124 , 9124 , 0 , 7913 , 7913 , 0 , 15.30393 ,N,N
24-Apr-2014 15:30,201402,201302,Other Reporting Airports      ,NEWCASTLE                     ,ABERDEEN                      , 3535 , 3535 , 0 , 3431 , 3431 , 0 , 3.031186 ,N,N
24-Apr-2014 15:30,201402,201302,Other Reporting Airports      ,NEWCASTLE                     ,BELFAST CITY (GEORGE BEST)    , 1857 , 1832 , 25 , 2231 , 2231 , 0 ,-16.76378 ,N,N
24-Apr-2014 15:30,201402,201302,Other Reporting Airports      ,NEWCASTLE                     ,BELFAST INTERNATIONAL         , 17023 , 17023 , 0 , 16496 , 16496 , 0 , 3.194714 ,N,N
24-Apr-2014 15:30,201402,201302,Other Reporting Airports      ,NEWCASTLE                     ,BIRMINGHAM                    , 654 , 592 , 62 , 821 , 741 , 80 ,-20.34105 ,N,N
24-Apr-2014 15:30,201402,201302,Other Reporting Airports      ,NEWCASTLE                     ,BRISTOL                       , 14956 , 14956 , 0 , 15211 , 15211 , 0 ,-1.676418 ,N,N
24-Apr-2014 15:30,201402,201302,Other Reporting Airports      ,NEWCASTLE                     ,CARDIFF WALES                 , 671 , 671 , 0 , 940 , 940 , 0 ,-28.61702 ,N,N
24-Apr-2014 15:30,201402,201302,Other Reporting Airports      ,NEWCASTLE                     ,EXETER                        , 2004 , 2004 , 0 , 2305 , 2305 , 0 ,-13.05857 ,N,N
24-Apr-2014 15:30,201402,201302,Other Reporting Airports      ,NEWCASTLE                     ,FARNBOROUGH                   , 0 , 0 , 0 , 124 , 0 , 124 ,-100 ,N,N
24-Apr-2014 15:30,201402,201302,Other Reporting Airports      ,NEWCASTLE                     ,GATWICK                       , 5351 , 5351 , 0 , 5821 , 5781 , 40 ,-8.074214 ,N,N
24-Apr-2014 15:30,201402,201302,Other Reporting Airports      ,NEWCASTLE                     ,HEATHROW                      , 36221 , 36141 , 80 , 36839 , 36839 , 0 ,-1.67757 ,N,N
24-Apr-2014 15:30,201402,201302,Other Reporting Airports      ,NEWCASTLE                     ,ISLE OF MAN                   , 325 , 325 , 0 , 337 , 337 , 0 ,-3.560831 ,N,N
24-Apr-2014 15:30,201402,201302,Other Reporting Airports      ,NEWCASTLE                     ,LUTON                         , 72 , 0 , 72 , 37 , 0 , 37 , 94.5946 ,N,N
24-Apr-2014 15:30,201402,201302,Other Reporting Airports      ,NEWCASTLE                     ,SOUTHAMPTON                   , 6908 , 6857 , 51 , 6778 , 6687 , 91 , 1.91797 ,N,N
24-Apr-2014 15:30,201402,201302,Other Reporting Airports      ,NEWCASTLE                     ,STANSTED                      , 80 , 0 , 80 , 81 , 0 , 81 ,-1.234568 ,N,N
24-Apr-2014 15:30,201402,201302,Other Reporting Airports      ,NEWQUAY                       ,GATWICK                       , 11516 , 11516 , 0 , 5632 , 5632 , 0 , 104.4744 ,N,N
24-Apr-2014 15:30,201402,201302,Other Reporting Airports      ,NEWQUAY                       ,ISLES OF SCILLY (ST.MARYS)    , 2918 , 2918 , 0 , 1177 , 1177 , 0 , 147.9184 ,N,N
24-Apr-2014 15:30,201402,201302,Other Reporting Airports      ,NEWQUAY                       ,MANCHESTER                    , 1818 , 1818 , 0 , 1498 , 1498 , 0 , 21.36182 ,N,N
24-Apr-2014 15:30,201402,201302,Other Reporting Airports      ,NORWICH                       ,ABERDEEN                      , 4315 , 4315 , 0 , 5009 , 5009 , 0 ,-13.85506 ,N,N
24-Apr-2014 15:30,201402,201302,Other Reporting Airports      ,NORWICH                       ,CARDIFF WALES                 , 31 , 0 , 31 , 0 , 0 , 0 ,Null,N,N
24-Apr-2014 15:30,201402,201302,Other Reporting Airports      ,NORWICH                       ,EDINBURGH                     , 1511 , 1511 , 0 , 1569 , 1569 , 0 ,-3.696622 ,N,N
24-Apr-2014 15:30,201402,201302,Other Reporting Airports      ,NORWICH                       ,FARNBOROUGH                   , 0 , 0 , 0 , 33 , 0 , 33 ,-100 ,N,N
24-Apr-2014 15:30,201402,201302,Other Reporting Airports      ,NORWICH                       ,GATWICK                       , 0 , 0 , 0 , 31 , 0 , 31 ,-100 ,N,N
24-Apr-2014 15:30,201402,201302,Other Reporting Airports      ,NORWICH                       ,LIVERPOOL (JOHN LENNON)       , 0 , 0 , 0 , 73 , 0 , 73 ,-100 ,N,N
24-Apr-2014 15:30,201402,201302,Other Reporting Airports      ,NORWICH                       ,MANCHESTER                    , 2218 , 2218 , 0 , 2416 , 2416 , 0 ,-8.195364 ,N,N
24-Apr-2014 15:30,201402,201302,Other Reporting Airports      ,PRESTWICK                     ,CITY OF DERRY (EGLINTON)      , 4574 , 4574 , 0 , 5282 , 5282 , 0 ,-13.40401 ,N,N
24-Apr-2014 15:30,201402,201302,Other Reporting Airports      ,SCATSTA                       ,ABERDEEN                      , 12435 , 0 , 12435 , 13843 , 0 , 13843 ,-10.17121 ,N,N
24-Apr-2014 15:30,201402,201302,Other Reporting Airports      ,SOUTHAMPTON                   ,ABERDEEN                      , 1448 , 1448 , 0 , 990 , 990 , 0 , 46.26263 ,N,N
24-Apr-2014 15:30,201402,201302,Other Reporting Airports      ,SOUTHAMPTON                   ,ALDERNEY                      , 1112 , 1112 , 0 , 1156 , 1156 , 0 ,-3.806228 ,N,N
24-Apr-2014 15:30,201402,201302,Other Reporting Airports      ,SOUTHAMPTON                   ,BELFAST CITY (GEORGE BEST)    , 5707 , 5707 , 0 , 4856 , 4856 , 0 , 17.52471 ,N,N
24-Apr-2014 15:30,201402,201302,Other Reporting Airports      ,SOUTHAMPTON                   ,EDINBURGH                     , 13077 , 13077 , 0 , 12940 , 12940 , 0 , 1.058733 ,N,N
24-Apr-2014 15:30,201402,201302,Other Reporting Airports      ,SOUTHAMPTON                   ,GLASGOW                       , 12385 , 12385 , 0 , 12342 , 12342 , 0 , 0.3484038 ,N,N
24-Apr-2014 15:30,201402,201302,Other Reporting Airports      ,SOUTHAMPTON                   ,GUERNSEY                      , 9795 , 9795 , 0 , 8548 , 8548 , 0 , 14.58821 ,N,N
24-Apr-2014 15:30,201402,201302,Other Reporting Airports      ,SOUTHAMPTON                   ,HUMBERSIDE                    , 37 , 0 , 37 , 0 , 0 , 0 ,Null,N,N
24-Apr-2014 15:30,201402,201302,Other Reporting Airports      ,SOUTHAMPTON                   ,JERSEY                        , 9537 , 9537 , 0 , 8980 , 8980 , 0 , 6.202672 ,N,N
24-Apr-2014 15:30,201402,201302,Other Reporting Airports      ,SOUTHAMPTON                   ,LEEDS BRADFORD                , 528 , 528 , 0 , 3865 , 3865 , 0 ,-86.33894 ,N,N
24-Apr-2014 15:30,201402,201302,Other Reporting Airports      ,SOUTHAMPTON                   ,LIVERPOOL (JOHN LENNON)       , 37 , 0 , 37 , 0 , 0 , 0 ,Null,N,N
24-Apr-2014 15:30,201402,201302,Other Reporting Airports      ,SOUTHAMPTON                   ,MANCHESTER                    , 9151 , 9151 , 0 , 8164 , 8026 , 138 , 12.08966 ,N,N
24-Apr-2014 15:30,201402,201302,Other Reporting Airports      ,SOUTHAMPTON                   ,NEWCASTLE                     , 6968 , 6882 , 86 , 6862 , 6780 , 82 , 1.544739 ,N,N
24-Apr-2014 15:30,201402,201302,London Area Airports          ,SOUTHEND                      ,BELFAST INTERNATIONAL         , 0 , 0 , 0 , 7571 , 7571 , 0 ,-100 ,N,N
24-Apr-2014 15:30,201402,201302,London Area Airports          ,SOUTHEND                      ,BLACKPOOL                     , 76 , 0 , 76 , 0 , 0 , 0 ,Null,N,N
24-Apr-2014 15:30,201402,201302,London Area Airports          ,SOUTHEND                      ,EDINBURGH                     , 4266 , 4266 , 0 , 0 , 0 , 0 ,Null,N,N
24-Apr-2014 15:30,201402,201302,London Area Airports          ,SOUTHEND                      ,JERSEY                        , 2215 , 2215 , 0 , 3631 , 3631 , 0 ,-38.99752 ,N,N
24-Apr-2014 15:30,201402,201302,London Area Airports          ,STANSTED                      ,BELFAST INTERNATIONAL         , 25835 , 25835 , 0 , 24351 , 24351 , 0 , 6.094205 ,N,N
24-Apr-2014 15:30,201402,201302,London Area Airports          ,STANSTED                      ,CITY OF DERRY (EGLINTON)      , 10321 , 10321 , 0 , 9135 , 9135 , 0 , 12.98303 ,N,N
24-Apr-2014 15:30,201402,201302,London Area Airports          ,STANSTED                      ,EDINBURGH                     , 24071 , 24071 , 0 , 26851 , 26851 , 0 ,-10.35343 ,N,N
24-Apr-2014 15:30,201402,201302,London Area Airports          ,STANSTED                      ,GLASGOW                       , 22244 , 22244 , 0 , 23603 , 23603 , 0 ,-5.757743 ,N,N
24-Apr-2014 15:30,201402,201302,London Area Airports          ,STANSTED                      ,GUERNSEY                      , 830 , 830 , 0 , 817 , 817 , 0 , 1.591187 ,N,N
24-Apr-2014 15:30,201402,201302,London Area Airports          ,STANSTED                      ,MANCHESTER                    , 0 , 0 , 0 , 183 , 0 , 183 ,-100 ,N,N
24-Apr-2014 15:30,201402,201302,London Area Airports          ,STANSTED                      ,NEWCASTLE                     , 0 , 0 , 0 , 74 , 0 , 74 ,-100 ,N,N
24-Apr-2014 15:30,201402,201302,Other Reporting Airports      ,STORNOWAY                     ,ABERDEEN                      , 470 , 470 , 0 , 404 , 404 , 0 , 16.33663 ,N,N
24-Apr-2014 15:30,201402,201302,Other Reporting Airports      ,STORNOWAY                     ,BENBECULA                     , 590 , 590 , 0 , 574 , 574 , 0 , 2.787457 ,N,N
24-Apr-2014 15:30,201402,201302,Other Reporting Airports      ,STORNOWAY                     ,EDINBURGH                     , 1211 , 1211 , 0 , 1203 , 1203 , 0 , 0.6650041 ,N,N
24-Apr-2014 15:30,201402,201302,Other Reporting Airports      ,STORNOWAY                     ,GLASGOW                       , 3819 , 3819 , 0 , 3652 , 3652 , 0 , 4.572837 ,N,N
24-Apr-2014 15:30,201402,201302,Other Reporting Airports      ,STORNOWAY                     ,INVERNESS                     , 2652 , 2652 , 0 , 2500 , 2500 , 0 , 6.08 ,N,N
24-Apr-2014 15:30,201402,201302,Other Reporting Airports      ,SUMBURGH                      ,ABERDEEN                      , 10966 , 6077 , 4889 , 6624 , 4483 , 2141 , 65.54951 ,N,N
24-Apr-2014 15:30,201402,201302,Other Reporting Airports      ,SUMBURGH                      ,EDINBURGH                     , 2441 , 2441 , 0 , 2210 , 2210 , 0 , 10.45249 ,N,N
24-Apr-2014 15:30,201402,201302,Other Reporting Airports      ,SUMBURGH                      ,GLASGOW                       , 1498 , 1498 , 0 , 1262 , 1262 , 0 , 18.70048 ,N,N
24-Apr-2014 15:30,201402,201302,Other Reporting Airports      ,SUMBURGH                      ,INVERNESS                     , 234 , 234 , 0 , 273 , 273 , 0 ,-14.28571 ,N,N
24-Apr-2014 15:30,201402,201302,Other Reporting Airports      ,SUMBURGH                      ,KIRKWALL                      , 1179 , 1179 , 0 , 1146 , 1146 , 0 , 2.879581 ,N,N
24-Apr-2014 15:30,201402,201302,Other Reporting Airports      ,TIREE                         ,GLASGOW                       , 491 , 491 , 0 , 496 , 496 , 0 ,-1.008065 ,N,N
24-Apr-2014 15:30,201402,201302,Other Reporting Airports      ,WICK JOHN O GROATS            ,ABERDEEN                      , 994 , 966 , 28 , 1676 , 1676 , 0 ,-40.69212 ,N,N
24-Apr-2014 15:30,201402,201302,Other Reporting Airports      ,WICK JOHN O GROATS            ,EDINBURGH                     , 837 , 837 , 0 , 692 , 692 , 0 , 20.95376 ,N,N
