rundate,report_period,airport_group,airport,total_air_transport_movements,air_transport_movements_scheduled_UK_operator,air_transport_movements_scheduled_other_EU_operator,air_transport_movements_scheduled_non_EU_operator,air_transport_movements_charter_UK_operator,air_transport_movements_charter_other_EU_operator,air_transport_movements_charter_non_EU_operator
25/04/2002 12:30,2001,London Area Airports,GATWICK,243981,137310,26569,25599,51066,741,2696
25/04/2002 12:30,2001,London Area Airports,HEATHROW,457639,252706,107021,96397,717,522,276
25/04/2002 12:30,2001,London Area Airports,LONDON CITY,53763,22027,23573,8058,21,83,1
25/04/2002 12:30,2001,London Area Airports,LUTON,55987,36379,4707,4306,6751,3023,821
25/04/2002 12:30,2001,London Area Airports,SOUTHEND,223,5,61,2,123,31,1
25/04/2002 12:30,2001,London Area Airports,STANSTED,150565,61201,67631,6793,10942,3557,441
25/04/2002 12:30,2001,Miscellaneous,BATTERSEA HELIPORT,1991,680,0,0,1310,1,0
25/04/2002 12:30,2001,Other UK_operator Airports,ABERDEEN,83291,41099,869,2865,26423,782,11253
25/04/2002 12:30,2001,Other UK_operator Airports,BARRA,1111,1111,0,0,0,0,0
25/04/2002 12:30,2001,Other UK_operator Airports,BARROW-IN-FURNESS,24,0,0,0,24,0,0
25/04/2002 12:30,2001,Other UK_operator Airports,BELFAST CITY,32494,32438,0,0,54,2,0
25/04/2002 12:30,2001,Other UK_operator Airports,BELFAST INTERNATIONAL,45706,32686,1950,142,8185,2440,303
25/04/2002 12:30,2001,Other UK_operator Airports,BENBECULA,2129,2109,0,0,20,0,0
25/04/2002 12:30,2001,Other UK_operator Airports,BIGGIN HILL,374,205,33,6,105,19,6
25/04/2002 12:30,2001,Other UK_operator Airports,BIRMINGHAM,111008,70294,19056,6737,13775,788,358
25/04/2002 12:30,2001,Other UK_operator Airports,BLACKPOOL,8091,1691,0,0,6337,57,6
25/04/2002 12:30,2001,Other UK_operator Airports,BOURNEMOUTH,5163,710,904,0,3227,231,91
25/04/2002 12:30,2001,Other UK_operator Airports,BRISTOL,40947,25017,7432,30,7361,707,400
25/04/2002 12:30,2001,Other UK_operator Airports,CAMBRIDGE,1506,1412,0,0,17,73,4
25/04/2002 12:30,2001,Other UK_operator Airports,CAMPBELTOWN,961,961,0,0,0,0,0
25/04/2002 12:30,2001,Other UK_operator Airports,CARDIFF WALES,21764,11633,4129,44,5525,277,156
25/04/2002 12:30,2001,Other UK_operator Airports,CARLISLE,224,0,0,0,217,5,2
25/04/2002 12:30,2001,Other UK_operator Airports,COVENTRY,3994,4,0,0,3389,540,61
25/04/2002 12:30,2001,Other UK_operator Airports,DUNDEE,2602,2554,0,0,48,0,0
25/04/2002 12:30,2001,Other UK_operator Airports,EAST MIDLANDS,40926,18744,520,1462,9971,9370,859
25/04/2002 12:30,2001,Other UK_operator Airports,EDINBURGH,98228,78047,9556,331,6734,3189,371
25/04/2002 12:30,2001,Other UK_operator Airports,EXETER,7142,5251,7,46,914,792,132
25/04/2002 12:30,2001,Other UK_operator Airports,GLASGOW,91197,72192,5368,3045,8439,1202,951
25/04/2002 12:30,2001,Other UK_operator Airports,GLOUCESTERSHIRE,2,0,0,0,2,0,0
25/04/2002 12:30,2001,Other UK_operator Airports,HAWARDEN,104,0,0,0,104,0,0
25/04/2002 12:30,2001,Other UK_operator Airports,HUMBERSIDE,14326,7012,0,0,6518,691,105
25/04/2002 12:30,2001,Other UK_operator Airports,INVERNESS,8745,8584,0,0,77,31,53
25/04/2002 12:30,2001,Other UK_operator Airports,ISLAY,1119,1110,0,0,9,0,0
25/04/2002 12:30,2001,Other UK_operator Airports,ISLE OF MAN,22838,20892,210,0,1715,10,11
25/04/2002 12:30,2001,Other UK_operator Airports,ISLES OF SCILLY (ST.MARYS),11191,11144,0,0,47,0,0
25/04/2002 12:30,2001,Other UK_operator Airports,ISLES OF SCILLY (TRESCO),2326,2326,0,0,0,0,0
25/04/2002 12:30,2001,Other UK_operator Airports,KENT INTERNATIONAL,937,0,0,0,14,2,921
25/04/2002 12:30,2001,Other UK_operator Airports,KIRKWALL,7396,7358,0,0,29,7,2
25/04/2002 12:30,2001,Other UK_operator Airports,LEEDS BRADFORD,28397,21086,3387,0,2831,766,327
25/04/2002 12:30,2001,Other UK_operator Airports,LERWICK  (TINGWALL),663,663,0,0,0,0,0
25/04/2002 12:30,2001,Other UK_operator Airports,LIVERPOOL,30510,17646,1866,721,8598,1626,53
25/04/2002 12:30,2001,Other UK_operator Airports,LONDONDERRY,4736,3156,1469,0,58,50,3
25/04/2002 12:30,2001,Other UK_operator Airports,LYDD,2,0,0,0,2,0,0
25/04/2002 12:30,2001,Other UK_operator Airports,MANCHESTER,182097,89166,33409,14528,41210,1674,2110
25/04/2002 12:30,2001,Other UK_operator Airports,NEWCASTLE,45792,31870,3220,1253,7760,1097,592
25/04/2002 12:30,2001,Other UK_operator Airports,NORWICH,15636,9583,0,0,5527,405,121
25/04/2002 12:30,2001,Other UK_operator Airports,PENZANCE HELIPORT,6748,6746,0,0,2,0,0
25/04/2002 12:30,2001,Other UK_operator Airports,PLYMOUTH,7130,7041,0,0,86,3,0
25/04/2002 12:30,2001,Other UK_operator Airports,PRESTWICK,13429,19,11475,788,260,698,189
25/04/2002 12:30,2001,Other UK_operator Airports,SCATSTA,10758,0,0,0,10755,0,3
25/04/2002 12:30,2001,Other UK_operator Airports,SHEFFIELD CITY,1604,1094,447,0,63,0,0
25/04/2002 12:30,2001,Other UK_operator Airports,SHOREHAM,656,0,0,0,452,202,2
25/04/2002 12:30,2001,Other UK_operator Airports,SOUTHAMPTON,28140,25921,1769,0,153,281,16
25/04/2002 12:30,2001,Other UK_operator Airports,STORNOWAY,3707,3695,0,2,3,7,0
25/04/2002 12:30,2001,Other UK_operator Airports,SUMBURGH,5327,3433,0,0,1644,87,163
25/04/2002 12:30,2001,Other UK_operator Airports,TEESSIDE,9890,6288,725,1,1467,1332,77
25/04/2002 12:30,2001,Other UK_operator Airports,TIREE,599,597,0,0,2,0,0
25/04/2002 12:30,2001,Other UK_operator Airports,UNST,138,134,0,0,4,0,0
25/04/2002 12:30,2001,Other UK_operator Airports,WICK,2368,2095,0,0,264,9,0
25/04/2002 12:30,2001,Channel Islands Airports,ALDERNEY,7504,7504,0,0,0,0,0
25/04/2002 12:30,2001,Channel Islands Airports,GUERNSEY,36832,34731,166,714,1087,134,0
25/04/2002 12:30,2001,Channel Islands Airports,JERSEY,44470,40118,1219,763,1912,423,35
