rundate,report_period,airport_group,airport,total_EU_international_air_transport_movement,scheduled_all_EU_international_air_transport_movement,scheduled_passenger_EU_international_air_transport_movement,charter_all_EU_international_air_transport_movement,charter_pax_EU_international_air_transport_movement,total_other_international_air_transport_movement,scheduled_all_other_international_air_transport_movement,scheduled_passenger_other_international_air_transport_movement,charter_all_other_international_air_transport_movement,charter_pax_other_international_air_transport_movement,total_domestic_air_transport_movement,scheduled_all_domestic_air_transport_movement,scheduled_passenger_domestic_air_transport_movement,charter_all_domestic_air_transport_movement,charter_pax_domestic_air_transport_movement
25/04/2002 12:32,2001,London Area Airports,GATWICK,132396,94916,94909,37480,37407,69842,54484,54478,15358,14507,41743,40078,40076,1665,541
25/04/2002 12:32,2001,London Area Airports,HEATHROW,222224,221052,220451,1172,645,172337,172022,170579,315,219,63078,63050,62543,28,11
25/04/2002 12:32,2001,London Area Airports,LONDON CITY,26595,26516,26516,79,79,8064,8058,8058,6,6,19104,19084,19084,20,20
25/04/2002 12:32,2001,London Area Airports,LUTON,32621,24463,24433,8158,6095,7012,4805,4709,2207,1937,16354,16124,16121,230,205
25/04/2002 12:32,2001,London Area Airports,SOUTHEND,143,59,59,84,0,5,2,2,3,3,75,7,7,68,53
25/04/2002 12:32,2001,London Area Airports,STANSTED,110862,100738,99501,10124,6538,11583,10214,6730,1369,958,28120,24673,24657,3447,297
25/04/2002 12:32,2001,Miscellaneous,BATTERSEA HELIPORT,62,10,10,52,52,0,0,0,0,0,1929,670,669,1259,1259
25/04/2002 12:32,2001,Other UK Airports,ABERDEEN,3996,3498,3498,498,494,37423,3707,3707,33716,32971,41872,37628,37628,4244,3573
25/04/2002 12:32,2001,Other UK Airports,BARRA,0,0,0,0,0,0,0,0,0,0,1111,1111,1108,0,0
25/04/2002 12:32,2001,Other UK Airports,BARROW-IN-FURNESS,0,0,0,0,0,0,0,0,0,0,24,0,0,24,24
25/04/2002 12:32,2001,Other UK Airports,BELFAST CITY,320,280,280,40,40,0,0,0,0,0,32174,32158,32158,16,16
25/04/2002 12:32,2001,Other UK Airports,BELFAST international_,6708,3114,3114,3594,3575,1231,540,540,691,648,37767,31124,31123,6643,97
25/04/2002 12:32,2001,Other UK Airports,BENBECULA,0,0,0,0,0,20,0,0,20,20,2109,2109,2099,0,0
25/04/2002 12:32,2001,Other UK Airports,BIGGIN HILL,59,33,33,26,26,14,6,6,8,8,301,205,205,96,4
25/04/2002 12:32,2001,Other UK Airports,BIRMINGHAM,71540,59442,59441,12098,11726,9554,7025,7025,2529,2525,29914,29620,29620,294,291
25/04/2002 12:32,2001,Other UK Airports,BLACKPOOL,426,256,256,170,170,6157,1,1,6156,6139,1508,1434,1434,74,74
25/04/2002 12:32,2001,Other UK Airports,BOURNEMOUTH,2135,914,909,1221,1213,146,2,2,144,144,2882,698,167,2184,76
25/04/2002 12:32,2001,Other UK Airports,BRISTOL,22070,16725,16648,5345,5321,1335,30,28,1305,1302,17542,15724,15443,1818,104
25/04/2002 12:32,2001,Other UK Airports,CAMBRIDGE,1496,1404,1404,92,77,0,0,0,0,0,10,8,8,2,2
25/04/2002 12:32,2001,Other UK Airports,CAMPBELTOWN,0,0,0,0,0,0,0,0,0,0,961,961,960,0,0
25/04/2002 12:32,2001,Other UK Airports,CARDIFF WALES,14595,9886,9886,4709,4581,871,161,161,710,708,6298,5759,5759,539,177
25/04/2002 12:32,2001,Other UK Airports,CARLISLE,23,0,0,23,3,2,0,0,2,2,199,0,0,199,42
25/04/2002 12:32,2001,Other UK Airports,COVENTRY,740,0,0,740,31,96,0,0,96,12,3158,4,4,3154,5
25/04/2002 12:32,2001,Other UK Airports,DUNDEE,0,0,0,0,0,0,0,0,0,0,2602,2554,2554,48,48
25/04/2002 12:32,2001,Other UK Airports,EAST MIDLANDS,25392,10766,9763,14626,6784,2500,956,9,1544,1267,13034,9004,8989,4030,66
25/04/2002 12:32,2001,Other UK Airports,EDINBURGH,26589,22868,22868,3721,2433,1164,335,335,829,367,70475,64731,64246,5744,276
25/04/2002 12:32,2001,Other UK Airports,EXETER,1765,708,708,1057,1057,338,46,46,292,292,5039,4550,4550,489,30
25/04/2002 12:32,2001,Other UK Airports,GLASGOW,23175,14917,14915,8258,8245,5059,3150,3150,1909,1909,62963,62538,62537,425,366
25/04/2002 12:32,2001,Other UK Airports,GLOUCESTERSHIRE,0,0,0,0,0,0,0,0,0,0,2,0,0,2,2
25/04/2002 12:32,2001,Other UK Airports,HAWARDEN,0,0,0,0,0,0,0,0,0,0,104,0,0,104,104
25/04/2002 12:32,2001,Other UK Airports,HUMBERSIDE,4924,3768,3768,1156,1153,6065,0,0,6065,5514,3337,3244,3244,93,93
25/04/2002 12:32,2001,Other UK Airports,INVERNESS,45,20,20,25,25,65,0,0,65,65,8635,8564,8516,71,71
25/04/2002 12:32,2001,Other UK Airports,ISLAY,0,0,0,0,0,9,0,0,9,9,1110,1110,1109,0,0
25/04/2002 12:32,2001,Other UK Airports,ISLE OF MAN,1743,1708,1708,35,35,8,0,0,8,8,21087,19394,19393,1693,52
25/04/2002 12:32,2001,Other UK Airports,ISLES OF SCILLY (ST.MARYS),2,0,0,2,2,0,0,0,0,0,11189,11144,10767,45,39
25/04/2002 12:32,2001,Other UK Airports,ISLES OF SCILLY (TRESCO),0,0,0,0,0,0,0,0,0,0,2326,2326,2326,0,0
25/04/2002 12:32,2001,Other UK Airports,KENT international_,81,0,0,81,1,848,0,0,848,20,8,0,0,8,5
25/04/2002 12:32,2001,Other UK Airports,KIRKWALL,0,0,0,0,0,31,0,0,31,31,7365,7358,7118,7,7
25/04/2002 12:32,2001,Other UK Airports,LEEDS BRADFORD,15215,11731,11731,3484,3304,358,2,2,356,235,12824,12740,12740,84,83
25/04/2002 12:32,2001,Other UK Airports,LERWICK  (TINGWALL),0,0,0,0,0,0,0,0,0,0,663,663,663,0,0
25/04/2002 12:32,2001,Other UK Airports,LIVERPOOL,13959,10573,10573,3386,1144,1150,982,982,168,152,15401,8678,8677,6723,142
25/04/2002 12:32,2001,Other UK Airports,LONDONDERRY,1383,1326,1326,57,57,1,0,0,1,1,3352,3299,3299,53,53
25/04/2002 12:32,2001,Other UK Airports,LYDD,0,0,0,0,0,0,0,0,0,0,2,0,0,2,2
25/04/2002 12:32,2001,Other UK Airports,MANCHESTER,100115,66602,66551,33513,33291,30873,20160,19333,10713,10586,51109,50341,50340,768,715
25/04/2002 12:32,2001,Other UK Airports,NEWCASTLE,19480,12746,12746,6734,6712,3031,1602,1601,1429,1426,23281,21995,21872,1286,267
25/04/2002 12:32,2001,Other UK Airports,NORWICH,3477,2702,2702,775,775,5158,0,0,5158,4946,7001,6881,6880,120,117
25/04/2002 12:32,2001,Other UK Airports,PENZANCE HELIPORT,2,0,0,2,2,0,0,0,0,0,6746,6746,6742,0,0
25/04/2002 12:32,2001,Other UK Airports,PLYMOUTH,1940,1926,1926,14,14,0,0,0,0,0,5190,5115,5115,75,72
25/04/2002 12:32,2001,Other UK Airports,PRESTWICK,6560,5681,4816,879,787,1123,927,14,196,59,5746,5674,5672,72,39
25/04/2002 12:32,2001,Other UK Airports,SCATSTA,0,0,0,0,0,7418,0,0,7418,7390,3340,0,0,3340,3317
25/04/2002 12:32,2001,Other UK Airports,SHEFFIELD CITY,449,449,449,0,0,0,0,0,0,0,1155,1092,1092,63,63
25/04/2002 12:32,2001,Other UK Airports,SHOREHAM,321,0,0,321,321,3,0,0,3,3,332,0,0,332,332
25/04/2002 12:32,2001,Other UK Airports,SOUTHAMPTON,8149,7804,7804,345,345,14,2,2,12,12,19977,19884,19883,93,91
25/04/2002 12:32,2001,Other UK Airports,STORNOWAY,2,1,1,1,1,2,0,0,2,2,3703,3696,3604,7,6
25/04/2002 12:32,2001,Other UK Airports,SUMBURGH,2,0,0,2,2,1520,0,0,1520,1520,3805,3433,3433,372,367
25/04/2002 12:32,2001,Other UK Airports,TEESSIDE,5259,2840,2840,2419,2039,287,0,0,287,286,4344,4174,4173,170,104
25/04/2002 12:32,2001,Other UK Airports,TIREE,0,0,0,0,0,2,0,0,2,2,597,597,596,0,0
25/04/2002 12:32,2001,Other UK Airports,UNST,0,0,0,0,0,0,0,0,0,0,138,134,134,4,4
25/04/2002 12:32,2001,Other UK Airports,WICK,4,0,0,4,1,261,0,0,261,261,2103,2095,2093,8,8
25/04/2002 12:32,2001,Channel Islands Airports,ALDERNEY,2,2,2,0,0,0,0,0,0,0,7502,7502,7349,0,0
25/04/2002 12:32,2001,Channel Islands Airports,GUERNSEY,2611,2481,2472,130,129,716,714,714,2,2,33505,32416,31898,1089,17
25/04/2002 12:32,2001,Channel Islands Airports,JERSEY,3997,3635,3635,362,362,721,676,676,45,45,39752,37789,37505,1963,1387
