rundate,report_period,intended_airport,actual_airport,total_flights
25/04/2002 12:34,2001,ABERDEEN,BIRMINGHAM,2
25/04/2002 12:34,2001,ABERDEEN,DUNDEE,5
25/04/2002 12:34,2001,ABERDEEN,EAST MIDLANDS,1
25/04/2002 12:34,2001,ABERDEEN,EDINBURGH,36
25/04/2002 12:34,2001,ABERDEEN,GLASGOW,8
25/04/2002 12:34,2001,ABERDEEN,INVERNESS,7
25/04/2002 12:34,2001,ABERDEEN,SUMBURGH,1
25/04/2002 12:34,2001,ALDERNEY,GUERNSEY,3
25/04/2002 12:34,2001,ALDERNEY,JERSEY,1
25/04/2002 12:34,2001,BARRA,BENBECULA,8
25/04/2002 12:34,2001,BARRA,STORNOWAY,1
25/04/2002 12:34,2001,BELFAST CITY,BELFAST INTERNATIONAL,8
25/04/2002 12:34,2001,BELFAST CITY,BIRMINGHAM,3
25/04/2002 12:34,2001,BELFAST INTERNATIONAL,BELFAST CITY,6
25/04/2002 12:34,2001,BELFAST INTERNATIONAL,LIVERPOOL,5
25/04/2002 12:34,2001,BELFAST INTERNATIONAL,SOUTHAMPTON,1
25/04/2002 12:34,2001,BENBECULA,STORNOWAY,1
25/04/2002 12:34,2001,BIGGIN HILL,GATWICK,2
25/04/2002 12:34,2001,BIRMINGHAM,BELFAST CITY,1
25/04/2002 12:34,2001,BIRMINGHAM,BRISTOL,4
25/04/2002 12:34,2001,BIRMINGHAM,EAST MIDLANDS,4
25/04/2002 12:34,2001,BIRMINGHAM,EDINBURGH,1
25/04/2002 12:34,2001,BIRMINGHAM,GATWICK,1
25/04/2002 12:34,2001,BIRMINGHAM,GLASGOW,1
25/04/2002 12:34,2001,BIRMINGHAM,HEATHROW,5
25/04/2002 12:34,2001,BIRMINGHAM,LIVERPOOL,1
25/04/2002 12:34,2001,BIRMINGHAM,LUTON,1
25/04/2002 12:34,2001,BIRMINGHAM,MANCHESTER,18
25/04/2002 12:34,2001,BRISTOL,BIRMINGHAM,20
25/04/2002 12:34,2001,BRISTOL,BOURNEMOUTH,1
25/04/2002 12:34,2001,BRISTOL,CARDIFF WALES,70
25/04/2002 12:34,2001,BRISTOL,EDINBURGH,2
25/04/2002 12:34,2001,BRISTOL,EXETER,62
25/04/2002 12:34,2001,BRISTOL,GLASGOW,2
25/04/2002 12:34,2001,BRISTOL,ISLE OF MAN,1
25/04/2002 12:34,2001,BRISTOL,MANCHESTER,1
25/04/2002 12:34,2001,BRISTOL,STANSTED,2
25/04/2002 12:34,2001,BRIZE NORTON,CARDIFF WALES,1
25/04/2002 12:34,2001,CAMBRIDGE,LUTON,2
25/04/2002 12:34,2001,CAMBRIDGE,STANSTED,1
25/04/2002 12:34,2001,CAMPBELTOWN,ISLAY,1
25/04/2002 12:34,2001,CARDIFF WALES,ABERDEEN,1
25/04/2002 12:34,2001,CARDIFF WALES,BIRMINGHAM,1
25/04/2002 12:34,2001,CARDIFF WALES,BRISTOL,4
25/04/2002 12:34,2001,CARDIFF WALES,EXETER,1
25/04/2002 12:34,2001,CARDIFF WALES,GLASGOW,3
25/04/2002 12:34,2001,CARDIFF WALES,HEATHROW,1
25/04/2002 12:34,2001,CARDIFF WALES,SOUTHAMPTON,1
25/04/2002 12:34,2001,CARLISLE,LIVERPOOL,1
25/04/2002 12:34,2001,COVENTRY,LIVERPOOL,7
25/04/2002 12:34,2001,DUNDEE,CAMBRIDGE,2
25/04/2002 12:34,2001,DUNDEE,EDINBURGH,1
25/04/2002 12:34,2001,DUNDEE,MANCHESTER,1
25/04/2002 12:34,2001,EAST MIDLANDS,BIRMINGHAM,14
25/04/2002 12:34,2001,EAST MIDLANDS,COVENTRY,6
25/04/2002 12:34,2001,EAST MIDLANDS,EDINBURGH,7
25/04/2002 12:34,2001,EAST MIDLANDS,HUMBERSIDE,1
25/04/2002 12:34,2001,EAST MIDLANDS,LEEDS BRADFORD,6
25/04/2002 12:34,2001,EAST MIDLANDS,LIVERPOOL,11
25/04/2002 12:34,2001,EAST MIDLANDS,LUTON,10
25/04/2002 12:34,2001,EAST MIDLANDS,MANCHESTER,5
25/04/2002 12:34,2001,EDINBURGH,GLASGOW,12
25/04/2002 12:34,2001,EDINBURGH,LUTON,2
25/04/2002 12:34,2001,EDINBURGH,MANCHESTER,1
25/04/2002 12:34,2001,EDINBURGH,PRESTWICK,15
25/04/2002 12:34,2001,EDINBURGH,SUMBURGH,2
25/04/2002 12:34,2001,EDINBURGH,WICK,1
25/04/2002 12:34,2001,EXETER,BRISTOL,1
25/04/2002 12:34,2001,EXETER,MANCHESTER,1
25/04/2002 12:34,2001,EXETER,SOUTHAMPTON,1
25/04/2002 12:34,2001,FARNBOROUGH,LUTON,1
25/04/2002 12:34,2001,GATWICK,ABERDEEN,2
25/04/2002 12:34,2001,GATWICK,BELFAST INTERNATIONAL,1
25/04/2002 12:34,2001,GATWICK,BIRMINGHAM,3
25/04/2002 12:34,2001,GATWICK,BOURNEMOUTH,1
25/04/2002 12:34,2001,GATWICK,BRISTOL,1
25/04/2002 12:34,2001,GATWICK,CARDIFF WALES,5
25/04/2002 12:34,2001,GATWICK,EDINBURGH,1
25/04/2002 12:34,2001,GATWICK,GLASGOW,2
25/04/2002 12:34,2001,GATWICK,HEATHROW,14
25/04/2002 12:34,2001,GATWICK,LONDON CITY,2
25/04/2002 12:34,2001,GATWICK,LUTON,13
25/04/2002 12:34,2001,GATWICK,MANCHESTER,9
25/04/2002 12:34,2001,GATWICK,PRESTWICK,1
25/04/2002 12:34,2001,GATWICK,SOUTHAMPTON,3
25/04/2002 12:34,2001,GATWICK,STANSTED,7
25/04/2002 12:34,2001,GLASGOW,ABERDEEN,1
25/04/2002 12:34,2001,GLASGOW,CAMPBELTOWN,6
25/04/2002 12:34,2001,GLASGOW,EDINBURGH,10
25/04/2002 12:34,2001,GLASGOW,ISLAY,1
25/04/2002 12:34,2001,GLASGOW,MANCHESTER,5
25/04/2002 12:34,2001,GLASGOW,NEWCASTLE,1
25/04/2002 12:34,2001,GLASGOW,PRESTWICK,17
25/04/2002 12:34,2001,GLASGOW,TEESSIDE,1
25/04/2002 12:34,2001,GLASGOW,TIREE,1
25/04/2002 12:34,2001,GUERNSEY,ALDERNEY,1
25/04/2002 12:34,2001,GUERNSEY,BOURNEMOUTH,1
25/04/2002 12:34,2001,GUERNSEY,EXETER,2
25/04/2002 12:34,2001,GUERNSEY,JERSEY,7
25/04/2002 12:34,2001,GUERNSEY,SOUTHAMPTON,1
25/04/2002 12:34,2001,HEATHROW,ABERDEEN,2
25/04/2002 12:34,2001,HEATHROW,BIRMINGHAM,6
25/04/2002 12:34,2001,HEATHROW,BOURNEMOUTH,2
25/04/2002 12:34,2001,HEATHROW,CARDIFF WALES,10
25/04/2002 12:34,2001,HEATHROW,GATWICK,10
25/04/2002 12:34,2001,HEATHROW,LUTON,11
25/04/2002 12:34,2001,HEATHROW,MANCHESTER,18
25/04/2002 12:34,2001,HEATHROW,NEWCASTLE,1
25/04/2002 12:34,2001,HEATHROW,SOUTHAMPTON,2
25/04/2002 12:34,2001,HEATHROW,STANSTED,14
25/04/2002 12:34,2001,HUMBERSIDE,BIRMINGHAM,1
25/04/2002 12:34,2001,HUMBERSIDE,EAST MIDLANDS,2
25/04/2002 12:34,2001,HUMBERSIDE,LEEDS BRADFORD,4
25/04/2002 12:34,2001,HUMBERSIDE,MANCHESTER,3
25/04/2002 12:34,2001,HUMBERSIDE,NORWICH,1
25/04/2002 12:34,2001,INVERNESS,ABERDEEN,1
25/04/2002 12:34,2001,INVERNESS,GLASGOW,3
25/04/2002 12:34,2001,INVERNESS,STORNOWAY,1
25/04/2002 12:34,2001,ISLE OF MAN,BIRMINGHAM,1
25/04/2002 12:34,2001,ISLE OF MAN,LIVERPOOL,8
25/04/2002 12:34,2001,ISLE OF MAN,MANCHESTER,2
25/04/2002 12:34,2001,ISLES OF SCILLY (ST.MARYS),EXETER,1
25/04/2002 12:34,2001,JERSEY,ALDERNEY,1
25/04/2002 12:34,2001,JERSEY,BOURNEMOUTH,1
25/04/2002 12:34,2001,JERSEY,EAST MIDLANDS,1
25/04/2002 12:34,2001,JERSEY,EXETER,2
25/04/2002 12:34,2001,JERSEY,GATWICK,1
25/04/2002 12:34,2001,JERSEY,MANCHESTER,1
25/04/2002 12:34,2001,JERSEY,SOUTHAMPTON,4
25/04/2002 12:34,2001,KENT INTERNATIONAL,LUTON,1
25/04/2002 12:34,2001,KIRKWALL,INVERNESS,2
25/04/2002 12:34,2001,KIRKWALL,SUMBURGH,1
25/04/2002 12:34,2001,KIRKWALL,WICK,1
25/04/2002 12:34,2001,LEEDS BRADFORD,EAST MIDLANDS,2
25/04/2002 12:34,2001,LEEDS BRADFORD,INVERNESS,1
25/04/2002 12:34,2001,LEEDS BRADFORD,LIVERPOOL,1
25/04/2002 12:34,2001,LEEDS BRADFORD,MANCHESTER,72
25/04/2002 12:34,2001,LEEDS BRADFORD,NEWCASTLE,1
25/04/2002 12:34,2001,LEEDS BRADFORD,SHEFFIELD CITY,1
25/04/2002 12:34,2001,LEEDS BRADFORD,TEESSIDE,25
25/04/2002 12:34,2001,LERWICK  (TINGWALL),SUMBURGH,2
25/04/2002 12:34,2001,LIVERPOOL,BELFAST INTERNATIONAL,1
25/04/2002 12:34,2001,LIVERPOOL,BIRMINGHAM,3
25/04/2002 12:34,2001,LIVERPOOL,BLACKPOOL,6
25/04/2002 12:34,2001,LIVERPOOL,EAST MIDLANDS,4
25/04/2002 12:34,2001,LIVERPOOL,LEEDS BRADFORD,5
25/04/2002 12:34,2001,LIVERPOOL,MANCHESTER,11
25/04/2002 12:34,2001,LIVERPOOL,STANSTED,1
25/04/2002 12:34,2001,LONDON CITY,BIGGIN HILL,41
25/04/2002 12:34,2001,LONDON CITY,BIRMINGHAM,1
25/04/2002 12:34,2001,LONDON CITY,CAMBRIDGE,2
25/04/2002 12:34,2001,LONDON CITY,EDINBURGH,2
25/04/2002 12:34,2001,LONDON CITY,GATWICK,8
25/04/2002 12:34,2001,LONDON CITY,HEATHROW,3
25/04/2002 12:34,2001,LONDON CITY,LUTON,9
25/04/2002 12:34,2001,LONDON CITY,SOUTHEND,33
25/04/2002 12:34,2001,LONDON CITY,STANSTED,47
25/04/2002 12:34,2001,LONDONDERRY,BELFAST CITY,1
25/04/2002 12:34,2001,LONDONDERRY,BELFAST INTERNATIONAL,4
25/04/2002 12:34,2001,LUTON,BIRMINGHAM,2
25/04/2002 12:34,2001,LUTON,CAMBRIDGE,1
25/04/2002 12:34,2001,LUTON,COVENTRY,1
25/04/2002 12:34,2001,LUTON,EAST MIDLANDS,21
25/04/2002 12:34,2001,LUTON,EDINBURGH,3
25/04/2002 12:34,2001,LUTON,GATWICK,2
25/04/2002 12:34,2001,LUTON,LIVERPOOL,5
25/04/2002 12:34,2001,LUTON,MANCHESTER,2
25/04/2002 12:34,2001,LUTON,STANSTED,24
25/04/2002 12:34,2001,MANCHESTER,BIRMINGHAM,12
25/04/2002 12:34,2001,MANCHESTER,BLACKPOOL,3
25/04/2002 12:34,2001,MANCHESTER,CARDIFF WALES,3
25/04/2002 12:34,2001,MANCHESTER,EAST MIDLANDS,2
25/04/2002 12:34,2001,MANCHESTER,EDINBURGH,1
25/04/2002 12:34,2001,MANCHESTER,EXETER,1
25/04/2002 12:34,2001,MANCHESTER,GATWICK,2
25/04/2002 12:34,2001,MANCHESTER,GLASGOW,1
25/04/2002 12:34,2001,MANCHESTER,HEATHROW,3
25/04/2002 12:34,2001,MANCHESTER,LEEDS BRADFORD,21
25/04/2002 12:34,2001,MANCHESTER,LIVERPOOL,14
25/04/2002 12:34,2001,MANCHESTER,LUTON,1
25/04/2002 12:34,2001,MANCHESTER,NEWCASTLE,2
25/04/2002 12:34,2001,MANCHESTER,PRESTWICK,4
25/04/2002 12:34,2001,NEWCASTLE,BIRMINGHAM,1
25/04/2002 12:34,2001,NEWCASTLE,BRISTOL,2
25/04/2002 12:34,2001,NEWCASTLE,EDINBURGH,1
25/04/2002 12:34,2001,NEWCASTLE,GATWICK,2
25/04/2002 12:34,2001,NEWCASTLE,LEEDS BRADFORD,1
25/04/2002 12:34,2001,NEWCASTLE,MANCHESTER,2
25/04/2002 12:34,2001,NEWCASTLE,PRESTWICK,1
25/04/2002 12:34,2001,NEWCASTLE,TEESSIDE,7
25/04/2002 12:34,2001,NORWICH,EAST MIDLANDS,1
25/04/2002 12:34,2001,NORWICH,STANSTED,1
25/04/2002 12:34,2001,PLYMOUTH,BRISTOL,1
25/04/2002 12:34,2001,PLYMOUTH,EXETER,7
25/04/2002 12:34,2001,PRESTWICK,GLASGOW,2
25/04/2002 12:34,2001,PRESTWICK,MANCHESTER,1
25/04/2002 12:34,2001,PRESTWICK,STANSTED,1
25/04/2002 12:34,2001,SCATSTA,GLASGOW,1
25/04/2002 12:34,2001,SCATSTA,SUMBURGH,31
25/04/2002 12:34,2001,SHEFFIELD CITY,LEEDS BRADFORD,10
25/04/2002 12:34,2001,SOUTHAMPTON,BOURNEMOUTH,5
25/04/2002 12:34,2001,SOUTHAMPTON,BRISTOL,1
25/04/2002 12:34,2001,SOUTHAMPTON,GATWICK,2
25/04/2002 12:34,2001,SOUTHAMPTON,GLASGOW,1
25/04/2002 12:34,2001,SOUTHAMPTON,HEATHROW,1
25/04/2002 12:34,2001,SOUTHAMPTON,LUTON,1
25/04/2002 12:34,2001,SOUTHAMPTON,SHEFFIELD CITY,1
25/04/2002 12:34,2001,STANSTED,BELFAST INTERNATIONAL,1
25/04/2002 12:34,2001,STANSTED,BIRMINGHAM,26
25/04/2002 12:34,2001,STANSTED,BOURNEMOUTH,12
25/04/2002 12:34,2001,STANSTED,EAST MIDLANDS,8
25/04/2002 12:34,2001,STANSTED,EDINBURGH,1
25/04/2002 12:34,2001,STANSTED,GATWICK,19
25/04/2002 12:34,2001,STANSTED,HEATHROW,4
25/04/2002 12:34,2001,STANSTED,LUTON,47
25/04/2002 12:34,2001,STANSTED,MANCHESTER,7
25/04/2002 12:34,2001,STANSTED,NORWICH,1
25/04/2002 12:34,2001,STANSTED,SOUTHAMPTON,1
25/04/2002 12:34,2001,STANSTED,SOUTHEND,5
25/04/2002 12:34,2001,STORNOWAY,BENBECULA,1
25/04/2002 12:34,2001,STORNOWAY,INVERNESS,1
25/04/2002 12:34,2001,SUMBURGH,ABERDEEN,2
25/04/2002 12:34,2001,SUMBURGH,INVERNESS,1
25/04/2002 12:34,2001,SUMBURGH,KIRKWALL,5
25/04/2002 12:34,2001,SUMBURGH,WICK,1
25/04/2002 12:34,2001,SWANSEA,CARDIFF WALES,8
25/04/2002 12:34,2001,TEESSIDE,LIVERPOOL,1
25/04/2002 12:34,2001,TEESSIDE,MANCHESTER,2
25/04/2002 12:34,2001,TEESSIDE,NEWCASTLE,7
25/04/2002 12:34,2001,TEESSIDE,NORWICH,1
25/04/2002 12:34,2001,WICK,GLASGOW,1
25/04/2002 12:34,2001,WICK,INVERNESS,4
25/04/2002 12:34,2001,WICK,KIRKWALL,2
25/04/2002 12:34,2001,Overseas Airports,BELFAST CITY,1
25/04/2002 12:34,2001,Overseas Airports,BELFAST INTERNATIONAL,14
25/04/2002 12:34,2001,Overseas Airports,BIRMINGHAM,5
25/04/2002 12:34,2001,Overseas Airports,BRISTOL,1
25/04/2002 12:34,2001,Overseas Airports,CARDIFF WALES,7
25/04/2002 12:34,2001,Overseas Airports,EDINBURGH,2
25/04/2002 12:34,2001,Overseas Airports,GATWICK,29
25/04/2002 12:34,2001,Overseas Airports,GLASGOW,6
25/04/2002 12:34,2001,Overseas Airports,HEATHROW,50
25/04/2002 12:34,2001,Overseas Airports,ISLE OF MAN,1
25/04/2002 12:34,2001,Overseas Airports,KIRKWALL,2
25/04/2002 12:34,2001,Overseas Airports,LEEDS BRADFORD,2
25/04/2002 12:34,2001,Overseas Airports,LIVERPOOL,4
25/04/2002 12:34,2001,Overseas Airports,LONDON CITY,1
25/04/2002 12:34,2001,Overseas Airports,LUTON,7
25/04/2002 12:34,2001,Overseas Airports,MANCHESTER,33
25/04/2002 12:34,2001,Overseas Airports,PRESTWICK,5
25/04/2002 12:34,2001,Overseas Airports,SOUTHAMPTON,1
25/04/2002 12:34,2001,Overseas Airports,STANSTED,6
25/04/2002 12:34,2001,Overseas Airports,STORNOWAY,1
25/04/2002 12:34,2001,Overseas Airports,SUMBURGH,2
25/04/2002 12:34,2001,All Airports,ABERDEEN,9
25/04/2002 12:34,2001,All Airports,ALDERNEY,2
25/04/2002 12:34,2001,All Airports,BELFAST CITY,9
25/04/2002 12:34,2001,All Airports,BELFAST INTERNATIONAL,29
25/04/2002 12:34,2001,All Airports,BENBECULA,9
25/04/2002 12:34,2001,All Airports,BIGGIN HILL,41
25/04/2002 12:34,2001,All Airports,BIRMINGHAM,101
25/04/2002 12:34,2001,All Airports,BLACKPOOL,9
25/04/2002 12:34,2001,All Airports,BOURNEMOUTH,23
25/04/2002 12:34,2001,All Airports,BRISTOL,15
25/04/2002 12:34,2001,All Airports,CAMBRIDGE,5
25/04/2002 12:34,2001,All Airports,CAMPBELTOWN,6
25/04/2002 12:34,2001,All Airports,CARDIFF WALES,104
25/04/2002 12:34,2001,All Airports,COVENTRY,7
25/04/2002 12:34,2001,All Airports,DUNDEE,5
25/04/2002 12:34,2001,All Airports,EAST MIDLANDS,46
25/04/2002 12:34,2001,All Airports,EDINBURGH,68
25/04/2002 12:34,2001,All Airports,EXETER,76
25/04/2002 12:34,2001,All Airports,GATWICK,78
25/04/2002 12:34,2001,All Airports,GLASGOW,43
25/04/2002 12:34,2001,All Airports,GUERNSEY,3
25/04/2002 12:34,2001,All Airports,HEATHROW,81
25/04/2002 12:34,2001,All Airports,HUMBERSIDE,1
25/04/2002 12:34,2001,All Airports,INVERNESS,16
25/04/2002 12:34,2001,All Airports,ISLAY,2
25/04/2002 12:34,2001,All Airports,ISLE OF MAN,2
25/04/2002 12:34,2001,All Airports,JERSEY,8
25/04/2002 12:34,2001,All Airports,KIRKWALL,9
25/04/2002 12:34,2001,All Airports,LEEDS BRADFORD,49
25/04/2002 12:34,2001,All Airports,LIVERPOOL,58
25/04/2002 12:34,2001,All Airports,LONDON CITY,3
25/04/2002 12:34,2001,All Airports,LUTON,106
25/04/2002 12:34,2001,All Airports,MANCHESTER,195
25/04/2002 12:34,2001,All Airports,NEWCASTLE,12
25/04/2002 12:34,2001,All Airports,NORWICH,3
25/04/2002 12:34,2001,All Airports,PRESTWICK,43
25/04/2002 12:34,2001,All Airports,SHEFFIELD CITY,2
25/04/2002 12:34,2001,All Airports,SOUTHAMPTON,15
25/04/2002 12:34,2001,All Airports,SOUTHEND,38
25/04/2002 12:34,2001,All Airports,STANSTED,104
25/04/2002 12:34,2001,All Airports,STORNOWAY,4
25/04/2002 12:34,2001,All Airports,SUMBURGH,39
25/04/2002 12:34,2001,All Airports,TEESSIDE,33
25/04/2002 12:34,2001,All Airports,TIREE,1
25/04/2002 12:34,2001,All Airports,WICK,3
