rundate,report_period,airport_group,airport,freight_scheduled_passenger_aircraft_foreign_EU,freight_scheduled_cargo_aircraft_foreign_EU,freight_charter_passenger_aircraft_foreign_EU,freight_charter_cargo_aircraft_foreign_EU,freight_scheduled_passenger_aircraft_foreign_non_EU,freight_scheduled_cargo_aircraft_foreign_non_EU,freight_charter_passenger_aircraft_foreign_non_EU,freight_charter_cargo_aircraft_foreign_non_EU,freight_scheduled_passenger_aircraft_UK,freight_scheduled_cargo_aircraft_UK,freight_charter_passenger_aircraft_UK,freight_charter_cargo_aircraft_UK
25/04/2002 12:57,2001,London Area Airports,GATWICK,6913.077,5.16,2510.669,368.866,220966.73,32.447,10707.34,35851.238,2510.048,0,18.162,214.543
25/04/2002 12:57,2001,London Area Airports,HEATHROW,115698.144,4198.86,0.646,13294.941,953598.197,82412.064,57.075,4722.445,5970.967,29.591,0,323.047
25/04/2002 12:57,2001,London Area Airports,LUTON,244.695,101.901,142.638,15859.463,8.891,1617.799,140.747,4788.802,8.951,0.405,0,155.37
25/04/2002 12:57,2001,London Area Airports,SOUTHEND,0,0,0,288.814,0,0,0,0,0,0,0,15.105
25/04/2002 12:57,2001,London Area Airports,STANSTED,1408.705,12896.203,2.417,33506.173,119.134,104950.526,0,7004.168,450.849,109.974,0,5211.49
25/04/2002 12:57,2001,Other UK Airports,ABERDEEN,132.78,0,7.731,11.56,930.556,0,580.621,125.74,662.739,0,553.413,1921.665
25/04/2002 12:57,2001,Other UK Airports,BARRA,0,0,0,0,0,0,0,0,39.51,0.099,0,0
25/04/2002 12:57,2001,Other UK Airports,BELFAST CITY,0.081,0,0.081,0,0,0,0,0,508.383,0,0,0
25/04/2002 12:57,2001,Other UK Airports,BELFAST INTERNATIONAL,47.697,0,6.204,83.182,466.378,0,59.479,1064.331,2407.787,11.311,0,27983.736
25/04/2002 12:57,2001,Other UK Airports,BENBECULA,0,0,0,0,0,0,0,0,241.301,0.326,0,0
25/04/2002 12:57,2001,Other UK Airports,BIRMINGHAM,1789.097,0,62.684,610.976,8243.478,0,356.687,24.714,704.181,0,88.028,6.322
25/04/2002 12:57,2001,Other UK Airports,BLACKPOOL,0,0,0,0,0,0,77.717,3.193,0,0,0,0
25/04/2002 12:57,2001,Other UK Airports,BOURNEMOUTH,0.2,3,0,3.65,0,0,0,0,0,1650.709,0,3438.089
25/04/2002 12:57,2001,Other UK Airports,BRISTOL,1.944,10.823,0.272,8.17,0,0.262,0,1.975,4.696,4.393,0,2.11
25/04/2002 12:57,2001,Other UK Airports,CAMBRIDGE,0,0,82.45,25.5,0,0,0,0,0,0,0,0
25/04/2002 12:57,2001,Other UK Airports,CAMPBELTOWN,0,0,0,0,0,0,0,0,1.777,0.009,0,0
25/04/2002 12:57,2001,Other UK Airports,CARDIFF WALES,0.705,0,38.882,1057.255,0.817,0,21.976,3.44,1.864,0,0,28.071
25/04/2002 12:57,2001,Other UK Airports,CARLISLE,0,0,0,0,0,0,0,0,0,0,0,10
25/04/2002 12:57,2001,Other UK Airports,COVENTRY,0,0,0,1673.937,0,0,0.213,174.183,0,0,0,2261.237
25/04/2002 12:57,2001,Other UK Airports,EAST MIDLANDS,19.988,16842.99,13.986,112424.673,0,33516.27,16.722,4074.194,44.256,97.456,0,27958.904
25/04/2002 12:57,2001,Other UK Airports,EDINBURGH,259.516,0,14.686,4555.571,47.048,0,0.768,2792.917,1082.53,91.693,0.038,7324.553
25/04/2002 12:57,2001,Other UK Airports,GLASGOW,580.838,0.027,37.515,9.148,2954.696,0,332.678,0,1800.589,0,8.211,203.876
25/04/2002 12:57,2001,Other UK Airports,HUMBERSIDE,3.98,0,0.049,10.517,0,0,112.995,29.515,0.118,0,0,0
25/04/2002 12:57,2001,Other UK Airports,INVERNESS,0,0,0,0,0,0,0,0,397.944,61.456,0,0
25/04/2002 12:57,2001,Other UK Airports,ISLAY,0,0,0,0,0,0,0,0,175.672,0,0,0
25/04/2002 12:57,2001,Other UK Airports,ISLE OF MAN,5.283,0,2.078,0,0,0,1,0,453.276,0.155,0.083,1778.477
25/04/2002 12:57,2001,Other UK Airports,ISLES OF SCILLY (ST.MARYS),0,0,0,0,0,0,0,0,159,68,0,0
25/04/2002 12:57,2001,Other UK Airports,ISLES OF SCILLY (TRESCO),0,0,0,0,0,0,0,0,30.2,0,0,0
25/04/2002 12:57,2001,Other UK Airports,KENT INTERNATIONAL,0,0,0,2977.968,0,0,0,32481.94,0,0,0,61.361
25/04/2002 12:57,2001,Other UK Airports,KIRKWALL,0,0,0,0,0,0,0,0,110.441,107.928,0,0
25/04/2002 12:57,2001,Other UK Airports,LEEDS BRADFORD,52.779,0,2.077,1328.27,0,0,0.085,884.877,95.8,0,0,0
25/04/2002 12:57,2001,Other UK Airports,LIVERPOOL,0.042,0,0.385,14347.863,0,0,0,20.948,108.739,0.028,0,8343.282
25/04/2002 12:57,2001,Other UK Airports,LONDONDERRY,0,0,0,0,0,0,0,0,413,0,0,0
25/04/2002 12:57,2001,Other UK Airports,MANCHESTER,5788.523,632.931,1380.788,2265.777,53513.373,32202.522,5805.171,3927.489,705.186,0,27.692,156.374
25/04/2002 12:57,2001,Other UK Airports,NEWCASTLE,46.662,0,7.23,505.592,53.707,24.036,28.486,64.953,51.534,0,0,1.12
25/04/2002 12:57,2001,Other UK Airports,NORWICH,37.475,0,0.02,0,0,0,48.803,7.364,1.81,0,0.002,0
25/04/2002 12:57,2001,Other UK Airports,PENZANCE HELIPORT,0,0,0,0,0,0,0,0,192,0,0,0
25/04/2002 12:57,2001,Other UK Airports,PLYMOUTH,14.5,0,0,0,0,0,0,0,33,0,0,0
25/04/2002 12:57,2001,Other UK Airports,PRESTWICK,211.745,10434.765,0.293,1174.767,162.981,27106.606,33.003,3664.427,0.24,9.824,1.692,304.143
25/04/2002 12:57,2001,Other UK Airports,SCATSTA,0,0,0,0,0,0,165.183,2.833,0,0,540.953,4.968
25/04/2002 12:57,2001,Other UK Airports,SOUTHAMPTON,0.465,0,0,0,0,0,0,0,331.944,0,0,0
25/04/2002 12:57,2001,Other UK Airports,STORNOWAY,0,0,0,0,0,0,0,0,343.038,61.983,0,0.1
25/04/2002 12:57,2001,Other UK Airports,SUMBURGH,0,0,0,0,0,0,2.121,0,63.97,0,14.093,9.98
25/04/2002 12:57,2001,Other UK Airports,TEESSIDE,0.062,0,0.143,1841.373,0,0,0.403,19.148,11.841,0,0,53.68
25/04/2002 12:57,2001,Other UK Airports,TIREE,0,0,0,0,0,0,0,0,26.372,0,0,0
25/04/2002 12:57,2001,Other UK Airports,WICK,0,0,0,4.496,0,0,0,0,3.006,0.039,0,0
25/04/2002 12:57,2001,Channel Islands Airports,ALDERNEY,0.029,0,0,0,0,0,0,0,385.634,29.268,0,0
25/04/2002 12:57,2001,Channel Islands Airports,GUERNSEY,29.59,0.305,0,5.9,18.125,0,0,0,1702.027,897.675,0,1886.651
25/04/2002 12:57,2001,Channel Islands Airports,JERSEY,7.923,0,0,0,12.23,0,0,0,2084.362,857.91,1.936,2884.724
