rundate,report_period,airport_group,airport,total_mail,mail_set_down_scheduled_UK_operator,mail_picked_up_scheduled_UK_operator,mail_set_down_scheduled_foreign_EU_operator,mail_picked_up_scheduled_foreign_EU_operator,mail_set_down_scheduled_foreign_non_EU_operator,mail_picked_up_scheduled_foreign_non_EU_operator,mail_set_down_charter_UK_operator,mail_picked_up_charter_UK_operator,mail_set_down_charter_foreign_EU_operator,mail_picked_up_charter_foreign_EU_operator,mail_set_down_charter_foreign_non_EU_operator,mail_picked_up_charter_foreign_non_EU_operator
25/04/2002 12:59,2001,London Area Airports,GATWICK,11942.846,1934.213,3223.886,95.976,220.4,833.679,1283.959,2298.803,2051.723,0,0,0.107,0.1
25/04/2002 12:59,2001,London Area Airports,HEATHROW,83283.205,9336.619,9532.706,6063.18,11991.178,19696.185,26656.071,0,0,0,2.492,1.599,3.175
25/04/2002 12:59,2001,London Area Airports,STANSTED,13838.736,13.383,32.915,0,0.085,0,0,4894.276,8863.03,15.965,3.789,3.533,11.76
25/04/2002 12:59,2001,Other UK_operator Airports,ABERDEEN,600.488,11.264,19.64,0.021,0.018,0,0.011,0,569.534,0,0,0,0
25/04/2002 12:59,2001,Other UK_operator Airports,BARRA,47.525,38.802,8.723,0,0,0,0,0,0,0,0,0,0
25/04/2002 12:59,2001,Other UK_operator Airports,BELFAST CITY,47.165,24.879,22.286,0,0,0,0,0,0,0,0,0,0
25/04/2002 12:59,2001,Other UK_operator Airports,BELFAST INTERNATIONAL,13201.863,278.14,123.349,0,0,0,0,8424.351,4346.666,18.777,10.58,0,0
25/04/2002 12:59,2001,Other UK_operator Airports,BENBECULA,45.791,6.088,39.703,0,0,0,0,0,0,0,0,0,0
25/04/2002 12:59,2001,Other UK_operator Airports,BIGGIN HILL,253.081,0,0,0,0,0,0,84.692,168.389,0,0,0,0
25/04/2002 12:59,2001,Other UK_operator Airports,BIRMINGHAM,1361.375,140.687,717.3,0.11,383.264,0.228,113.753,2.505,3.528,0,0,0,0
25/04/2002 12:59,2001,Other UK_operator Airports,BOURNEMOUTH,4930.302,159.737,179.456,0,0,0,0,2023.701,2567.408,0,0,0,0
25/04/2002 12:59,2001,Other UK_operator Airports,BRISTOL,4750.168,176.52,372.278,0.125,0,0,0,1975.57,2225.675,0,0,0,0
25/04/2002 12:59,2001,Other UK_operator Airports,CARDIFF WALES,820.101,0,0,0,0,0,0,260.033,560.068,0,0,0,0
25/04/2002 12:59,2001,Other UK_operator Airports,CARLISLE,94,0,0,0,0,0,0,0,94,0,0,0,0
25/04/2002 12:59,2001,Other UK_operator Airports,COVENTRY,8447.884,0,0,0,0,0,0,2725.271,5605.83,31.725,81.048,4.01,0
25/04/2002 12:59,2001,Other UK_operator Airports,EAST MIDLANDS,9203.551,0.674,20.002,0,0,0,0,4565.081,4617.794,0,0,0,0
25/04/2002 12:59,2001,Other UK_operator Airports,EDINBURGH,36181.24,2474.043,2380.253,0.164,1.413,0,0,15925.942,12687.088,786.941,617.006,706.007,602.383
25/04/2002 12:59,2001,Other UK_operator Airports,EXETER,1214.798,0,0,0,0,0,0,589.687,625.111,0,0,0,0
25/04/2002 12:59,2001,Other UK_operator Airports,GLASGOW,1559.716,126.589,1087.204,31.731,254.111,1.481,26.253,5.903,26.444,0,0,0,0
25/04/2002 12:59,2001,Other UK_operator Airports,INVERNESS,77.585,0.022,77.563,0,0,0,0,0,0,0,0,0,0
25/04/2002 12:59,2001,Other UK_operator Airports,ISLAY,48.011,17.5,30.511,0,0,0,0,0,0,0,0,0,0
25/04/2002 12:59,2001,Other UK_operator Airports,ISLE OF MAN,2584.758,0.008,15.361,0,0,0,0,1680.365,889.024,0,0,0,0
25/04/2002 12:59,2001,Other UK_operator Airports,ISLES OF SCILLY (ST.MARYS),187,127,60,0,0,0,0,0,0,0,0,0,0
25/04/2002 12:59,2001,Other UK_operator Airports,ISLES OF SCILLY (TRESCO),5.5,2.37,3.13,0,0,0,0,0,0,0,0,0,0
25/04/2002 12:59,2001,Other UK_operator Airports,KENT INTERNATIONAL,46.605,0,0,0,0,0,0,0,0,0,0,46.605,0
25/04/2002 12:59,2001,Other UK_operator Airports,KIRKWALL,31.775,7.33,24.445,0,0,0,0,0,0,0,0,0,0
25/04/2002 12:59,2001,Other UK_operator Airports,LEEDS BRADFORD,1.496,0.376,1.119,0,0.001,0,0,0,0,0,0,0,0
25/04/2002 12:59,2001,Other UK_operator Airports,LIVERPOOL,14009.966,7.624,0.074,0,0,0,0,6741.904,7260.364,0,0,0,0
25/04/2002 12:59,2001,Other UK_operator Airports,MANCHESTER,3801.692,112.608,736.966,1202.213,817.893,359.948,407.641,158.944,5.479,0,0,0,0
25/04/2002 12:59,2001,Other UK_operator Airports,NEWCASTLE,2858.455,83.976,180.792,0,0.048,0.011,0.126,1039.244,1554.258,0,0,0,0
25/04/2002 12:59,2001,Other UK_operator Airports,NORWICH,148.154,67.219,76.719,0,0,0,0,1.6,2.616,0,0,0,0
25/04/2002 12:59,2001,Other UK_operator Airports,PENZANCE HELIPORT,121,51,70,0,0,0,0,0,0,0,0,0,0
25/04/2002 12:59,2001,Other UK_operator Airports,PLYMOUTH,39,0,0,0,0,0,0,0,39,0,0,0,0
25/04/2002 12:59,2001,Other UK_operator Airports,SCATSTA,1.326,0,0,0,0,0,0,0.789,0.537,0,0,0,0
25/04/2002 12:59,2001,Other UK_operator Airports,SHOREHAM,69,0,0,0,0,0,0,24,21,12,12,0,0
25/04/2002 12:59,2001,Other UK_operator Airports,STORNOWAY,42.73,41.267,1.463,0,0,0,0,0,0,0,0,0,0
25/04/2002 12:59,2001,Other UK_operator Airports,SUMBURGH,4.855,1.425,3.43,0,0,0,0,0,0,0,0,0,0
25/04/2002 12:59,2001,Other UK_operator Airports,TEESSIDE,148.737,0.079,0,0,0,0,0,87.344,55.886,1.602,3.826,0,0
25/04/2002 12:59,2001,Other UK_operator Airports,TIREE,28.25,24.045,4.205,0,0,0,0,0,0,0,0,0,0
25/04/2002 12:59,2001,Channel Islands Airports,ALDERNEY,161.111,130.07,31.041,0,0,0,0,0,0,0,0,0,0
25/04/2002 12:59,2001,Channel Islands Airports,GUERNSEY,2642.715,109.794,376.256,0,0,0.016,0,1199.394,957.255,0,0,0,0
25/04/2002 12:59,2001,Channel Islands Airports,JERSEY,440.709,201.477,228.008,0,0,0,0,2.712,8.512,0,0,0,0
