rundate,report_period,airport_group,airport,mail_scheduled_passenger_aircraft_foreign_EU,mail_scheduled_cargo_aircraft_foreign_EU,mail_charter_passenger_aircraft_foreign_EU,mail_charter_cargo_aircraft_foreign_EU,mail_scheduled_passenger_aircraft_foreign_non_EU,mail_scheduled_cargo_aircraft_foreign_non_EU,mail_charter_passenger_aircraft_foreign_non_EU,mail_charter_cargo_aircraft_foreign_non_EU,mail_scheduled_passenger_aircraft_UK,mail_scheduled_cargo_aircraft_UK,mail_charter_passenger_aircraft_UK,mail_charter_cargo_aircraft_UK
25/04/2002 13:00,2001,London Area Airports,GATWICK,1416.705,1.228,1.677,0,5455.146,0,6.527,0.1,710.729,8.305,0,4342.429
25/04/2002 13:00,2001,London Area Airports,HEATHROW,21165.333,7.145,2.492,0,55943.845,407.809,4.774,0,937.802,4814.005,0,0
25/04/2002 13:00,2001,London Area Airports,STANSTED,1.88,0,0.029,306.451,0,0,0,1.931,8.351,36.152,0,13483.942
25/04/2002 13:00,2001,Other UK Airports,ABERDEEN,0.003,0,0,0,0.05,0,0,1.9,30.901,0,0,567.634
25/04/2002 13:00,2001,Other UK Airports,BARRA,0,0,0,0,0,0,0,0,47.312,0.213,0,0
25/04/2002 13:00,2001,Other UK Airports,BELFAST CITY,0,0,0,0,0,0,0,0,47.165,0,0,0
25/04/2002 13:00,2001,Other UK Airports,BELFAST INTERNATIONAL,0,0,0,0.941,0,0,0,0,401.489,0,0,12799.433
25/04/2002 13:00,2001,Other UK Airports,BENBECULA,0,0,0,0,0,0,0,0,45.791,0,0,0
25/04/2002 13:00,2001,Other UK Airports,BIGGIN HILL,0,0,0,0,0,0,0,0,0,0,0,253.081
25/04/2002 13:00,2001,Other UK Airports,BIRMINGHAM,716.92,0,3.02,3.01,113.981,0,0.003,0,524.441,0,0,0
25/04/2002 13:00,2001,Other UK Airports,BOURNEMOUTH,0,0,0.115,1.605,0,0,0,0,330.137,9.056,0,4589.389
25/04/2002 13:00,2001,Other UK Airports,BRISTOL,0,0.125,0,0,0,0,0,0,0,548.798,0,4201.245
25/04/2002 13:00,2001,Other UK Airports,CARDIFF WALES,0,0,0,0,0,0,0,0,0,0,0,820.101
25/04/2002 13:00,2001,Other UK Airports,CARLISLE,0,0,0,9,0,0,0,0,0,0,0,85
25/04/2002 13:00,2001,Other UK Airports,COVENTRY,0,0,0,150.213,0,0,0,9.875,0,0,0,8287.796
25/04/2002 13:00,2001,Other UK Airports,EAST MIDLANDS,0.222,0,0,0,0,0,0,0,20.454,0,0,9182.875
25/04/2002 13:00,2001,Other UK Airports,EDINBURGH,84.463,0,0,5681.937,0,0,0,720.581,116.341,4655.069,0.04,24922.809
25/04/2002 13:00,2001,Other UK Airports,EXETER,0,0,0.003,0,0,0,0,0,0,0,0,1214.795
25/04/2002 13:00,2001,Other UK Airports,GLASGOW,593.459,0.056,0.01,0,27.709,0,0.239,0,904.507,1.638,0,32.098
25/04/2002 13:00,2001,Other UK Airports,INVERNESS,0,0,0,0,0,0,0,0,77.398,0.187,0,0
25/04/2002 13:00,2001,Other UK Airports,ISLAY,0,0,0,0,0,0,0,0,47.96,0.051,0,0
25/04/2002 13:00,2001,Other UK Airports,ISLE OF MAN,0,0,0,0,0,0,0,0,15.369,0,0,2569.389
25/04/2002 13:00,2001,Other UK Airports,ISLES OF SCILLY (ST.MARYS),0,0,0,0,0,0,0,0,120,67,0,0
25/04/2002 13:00,2001,Other UK Airports,ISLES OF SCILLY (TRESCO),0,0,0,0,0,0,0,0,5.5,0,0,0
25/04/2002 13:00,2001,Other UK Airports,KENT INTERNATIONAL,0,0,0,0,0,0,0,46.605,0,0,0,0
25/04/2002 13:00,2001,Other UK Airports,KIRKWALL,0,0,0,0,0,0,0,0,30.889,0.886,0,0
25/04/2002 13:00,2001,Other UK Airports,LEEDS BRADFORD,0.242,0,0,0,0,0,0,0,1.254,0,0,0
25/04/2002 13:00,2001,Other UK Airports,LIVERPOOL,0,0,0,12.08,0,0,0,2.084,7.698,0,0,13988.104
25/04/2002 13:00,2001,Other UK Airports,MANCHESTER,2593.481,0,3.361,0,938.283,0,12.062,0,105.505,0,0,149
25/04/2002 13:00,2001,Other UK Airports,NEWCASTLE,0.068,0,0,0,0.137,0,0,0,27.024,237.724,0,2593.502
25/04/2002 13:00,2001,Other UK Airports,NORWICH,0,0,0,0,0,0,0,0,143.938,0,0,4.216
25/04/2002 13:00,2001,Other UK Airports,PENZANCE HELIPORT,0,0,0,0,0,0,0,0,119,2,0,0
25/04/2002 13:00,2001,Other UK Airports,PLYMOUTH,0,0,0,0,0,0,0,0,0,0,0,39
25/04/2002 13:00,2001,Other UK Airports,SCATSTA,0,0,0,0,0,0,0.048,0,0,0,1.278,0
25/04/2002 13:00,2001,Other UK Airports,SHOREHAM,0,0,0,0,0,0,0,0,0,0,0,69
25/04/2002 13:00,2001,Other UK Airports,STORNOWAY,0,0,0,0,0,0,0,0,41.671,1.059,0,0
25/04/2002 13:00,2001,Other UK Airports,SUMBURGH,0,0,0,0,0,0,0,0,4.855,0,0,0
25/04/2002 13:00,2001,Other UK Airports,TEESSIDE,0,0,0,5.428,0,0,0,0,0.079,0,0,143.23
25/04/2002 13:00,2001,Other UK Airports,TIREE,0,0,0,0,0,0,0,0,28.241,0.009,0,0
25/04/2002 13:00,2001,Channel Islands Airports,ALDERNEY,0,0,0,0,0,0,0,0,136.555,24.556,0,0
25/04/2002 13:00,2001,Channel Islands Airports,GUERNSEY,0.026,0,0,0,0.016,0,0,0,453.434,32.59,0,2156.649
25/04/2002 13:00,2001,Channel Islands Airports,JERSEY,0.173,0,0,0,0,0,0,0,425.959,3.353,0,11.224
