rundate,report_period,airport_cluster,rpt_apt_grp_cd,rpt_apt_grp_name,rpt_apt_name,mail_shd_pax_acf_fe,mail_shd_cgo_acf_fe,mail_cht_pax_acf_fe,mail_cht_cgo_acf_fe,mail_shd_pax_acf_fn,mail_shd_cgo_acf_fn,mail_cht_pax_acf_fn,mail_cht_cgo_acf_fn,mail_shd_pax_acf_uk,mail_shd_cgo_acf_uk,mail_cht_pax_acf_uk,mail_cht_cgo_acf_uk
10/9/2008 11:01,1994,1,1,London Area Airports,GATWICK,2214.836,0.241,5.053,7.199,3816.422,0.248,24.171,0.317,1128.354,0.045,1.314,3995.794
10/9/2008 11:01,1994,1,1,London Area Airports,HEATHROW,25247.838,59.38,0.924,2.864,43952.503,909.781,7.219,2.135,5318.263,4813.189,0.001,0
10/9/2008 11:01,1994,1,1,London Area Airports,LUTON,0,0,0,0,0,0,0,0,0,0,0,87.382
10/9/2008 11:01,1994,1,1,London Area Airports,SOUTHEND,0,0,0,0.924,0,0,0,0,0,0,0,5.5
10/9/2008 11:01,1994,1,1,London Area Airports,STANSTED,0.271,0,0,23.666,0,0,0,0,0,0,0,4902.728
10/9/2008 11:01,1994,1,3,Other UK Airports,ABERDEEN,0.033,0,0,0,0,0,0,0,1408.875,1.134,53.416,19.527
10/9/2008 11:01,1994,1,3,Other UK Airports,BARRA,0,0,0,0,0,0,0,0,18.528,0.25,0,0
10/9/2008 11:01,1994,1,3,Other UK Airports,BELFAST INTERNATIONAL,135.536,0,0,0,0,0,0.025,0,1137.344,0,0.309,4703.733
10/9/2008 11:01,1994,1,3,Other UK Airports,BENBECULA,0,0,0,0,0,0,0,0,34.601,0.085,0,0
10/9/2008 11:01,1994,1,3,Other UK Airports,BIRMINGHAM,646.21,0,2.231,0,70.103,0,0,0,916.464,0,0,0
10/9/2008 11:01,1994,1,3,Other UK Airports,BOURNEMOUTH,0,0,0,1.35,0,0,0,0,0,35.283,0,1835.172
10/9/2008 11:01,1994,1,3,Other UK Airports,BRISTOL,0.185,0,0,0,0,0,0,0,12.925,0,0,4043.682
10/9/2008 11:01,1994,1,3,Other UK Airports,CARDIFF WALES,0,0,0,0,0,0,0,0,0,0,0,1201.201
10/9/2008 11:01,1994,1,3,Other UK Airports,CARLISLE,0,0,0,0,0,0,0,0,0,0,0,66
10/9/2008 11:01,1994,1,3,Other UK Airports,CITY OF DERRY (EGLINTON),0,0,3,0,0,0,0,0,0,0,0,0
10/9/2008 11:01,1994,1,3,Other UK Airports,DURHAM TEES VALLEY,0,0,0,0,0,0,0,0,0.049,0,0,15.216
10/9/2008 11:01,1994,1,3,Other UK Airports,EAST MIDLANDS INTERNATIONAL,0.224,7.187,0,5.93,0,0,0,0,198.849,21.523,1.012,1814.538
10/9/2008 11:01,1994,1,3,Other UK Airports,EDINBURGH,343.926,0,0,14.11,0.34,0,0,1.984,1596.082,5545.499,0.146,15846.721
10/9/2008 11:01,1994,1,3,Other UK Airports,EXETER,0,0,0,0,0,0,0,0,0,0,0,591.19
10/9/2008 11:01,1994,1,3,Other UK Airports,GLASGOW,592.801,0,0.704,0,255.576,0,0.072,0,2491.689,0.577,0,7.589
10/9/2008 11:01,1994,1,3,Other UK Airports,INVERNESS,0,0,0,0,0,0,0,0,146.309,0.683,0,0
10/9/2008 11:01,1994,1,3,Other UK Airports,ISLAY,0,0,0,0,0,0,0,0,34.832,0,0,0
10/9/2008 11:01,1994,1,3,Other UK Airports,ISLE OF MAN,0.004,0,0,0,0,0,0,0,0.637,0,0,221.779
10/9/2008 11:01,1994,1,3,Other UK Airports,ISLES OF SCILLY (ST.MARYS),0,0,0,0,0,0,0,0,142,0,0,0
10/9/2008 11:01,1994,1,3,Other UK Airports,ISLES OF SCILLY (TRESCO),0,0,0,0,0,0,0,0,5.064,0,0,0
10/9/2008 11:01,1994,1,3,Other UK Airports,KENT INTERNATIONAL,0,0,0,0,0,0,0,24.116,0,0,0,0
10/9/2008 11:01,1994,1,3,Other UK Airports,KIRKWALL,0,0,0,0,0,0,0,0,343.752,0.753,0,0
10/9/2008 11:01,1994,1,3,Other UK Airports,LEEDS BRADFORD,0.002,0,0,0,0,0,0,0,2.286,0,0.027,851.273
10/9/2008 11:01,1994,1,3,Other UK Airports,LIVERPOOL,0,0,0,0,0,0,0,0,1.502,0,0,9683.659
10/9/2008 11:01,1994,1,3,Other UK Airports,MANCHESTER,2238.204,135.718,1.002,0.624,713.222,0,0.046,1.035,210.541,0,0,53.792
10/9/2008 11:01,1994,1,3,Other UK Airports,NEWCASTLE,0,0,0,0,0.126,0,0,0,13.498,395.259,0,1690.015
10/9/2008 11:01,1994,1,3,Other UK Airports,NORWICH,0,0,0,0,0,0,0,0,32.047,0,0,1.94
10/9/2008 11:01,1994,1,3,Other UK Airports,PENZANCE HELIPORT,0,0,0,0,0,0,0,0,71,0,0,0
10/9/2008 11:01,1994,1,3,Other UK Airports,PLYMOUTH,0,0,0,0,0,0,0,0,0,0,0,700
10/9/2008 11:01,1994,1,3,Other UK Airports,STORNOWAY,0,0,0,0,0,0,0,0,6.968,0,0,0
10/9/2008 11:01,1994,1,3,Other UK Airports,SUMBURGH,0,0,0,0,0,0,0,0,495.347,1.08,50.107,0
10/9/2008 11:01,1994,1,3,Other UK Airports,TIREE,0,0,0,0,0,0,0,0,45.353,2.609,0,0
10/9/2008 11:01,1994,1,3,Other UK Airports,WICK,0,0,0,0,0,0,0,0,7.935,0,0,0
10/9/2008 11:01,1994,2,4,Channel Islands Airports,ALDERNEY,0,0,0,0,0,0,0,0,121.518,2.808,0,0
10/9/2008 11:01,1994,2,4,Channel Islands Airports,GUERNSEY,0.121,0,0,0,0,0,0,0,255.618,9.828,0,1644.113
10/9/2008 11:01,1994,2,4,Channel Islands Airports,JERSEY,0.715,0,0,0,0.632,0,0,0,989.651,4.512,0.013,0
10/9/2008 11:01,1994,2,N,Miscellaneous,UNST,0,0,0,0,0,0,0,0.512,0,0,0.186,0
