rundate,report_period,rpt_apt_grp_name,rpt_apt_name,mail_shd_passenger_aircraft_foreign_eu_,mail_shd_cargo_aircraft_foreign_eu_,mail_cht_passenger_aircraft_foreign_eu_,mail_cht_cargo_aircraft_foreign_eu_,mail_shd_passenger_aircraft_foreign_non_eu_,mail_shd_cargo_aircraft_foreign_non_eu_,mail_cht_passenger_aircraft_foreign_non_eu_,mail_cht_cargo_aircraft_foreign_non_eu_,mail_shd_passenger_aircraft_uk,mail_shd_cargo_aircraft_uk,mail_cht_passenger_aircraft_uk,mail_cht_cargo_aircraft_uk
31/03/2003 10:40,2002,London Area Airports,GATWICK,983.56,0,0.269,0,3012.512,0.001,6.584,0,590.382,469.932,0.011,4419.936
31/03/2003 10:40,2002,London Area Airports,HEATHROW,16007.386,0,0.422,0,53897.078,312.154,3.348,0,819.703,3807.507,0,791.731
31/03/2003 10:40,2002,London Area Airports,STANSTED,8.613,0,0,202.571,6.967,0,0,3.5,2.701,4.135,0,8517.986
31/03/2003 10:40,2002,Other UK Airports,ABERDEEN,0.031,0,0,0,0.143,0,0,0,22.844,0,0,549.499
31/03/2003 10:40,2002,Other UK Airports,BARRA,0,0,0,0,0,0,0,0,48.196,0.216,0,0
31/03/2003 10:40,2002,Other UK Airports,BELFAST CITY,0,0,0,0,0,0,0,0,97.668,0,0,0
31/03/2003 10:40,2002,Other UK Airports,BELFAST INTERNATIONAL,0,0,0.248,0,0,0,0,0,145.176,0,0,12368.652
31/03/2003 10:40,2002,Other UK Airports,BENBECULA,0,0,0,0,0,0,0,0,49.723,0.65,0,0
31/03/2003 10:40,2002,Other UK Airports,BIGGIN HILL,0,0,0,0,0,0,0,0,0,0,0,272.221
31/03/2003 10:40,2002,Other UK Airports,BIRMINGHAM,531.215,0,0.257,0,83.959,0,0.166,0,207.418,0,0,0
31/03/2003 10:40,2002,Other UK Airports,BOURNEMOUTH,0,0,0,37.261,0,0,0,0,4.206,10.986,0,4775.302
31/03/2003 10:40,2002,Other UK Airports,BRISTOL,0.574,0,0,17.686,0,0,0,0,40.268,0,0,4696.735
31/03/2003 10:40,2002,Other UK Airports,CARDIFF WALES,0,0,0,0,0,0,0,0,0,0,0,64.517
31/03/2003 10:40,2002,Other UK Airports,CARLISLE,0,0,0,0,0,0,0,0,0,0,0,7
31/03/2003 10:40,2002,Other UK Airports,COVENTRY,0,12.004,0,191.746,0,0,0,14.355,0,0,0,6601.446
31/03/2003 10:40,2002,Other UK Airports,EAST MIDLANDS,0.191,0,0,1.323,0,0,0,0,5.494,86.882,0,9308.372
31/03/2003 10:40,2002,Other UK Airports,EDINBURGH,55.134,49.374,0,1746.793,0,43.986,0,835.503,56.896,3804.729,0,25533.574
31/03/2003 10:40,2002,Other UK Airports,EXETER,0,0,0,0,0,0,0,0,0,0,0,1151.628
31/03/2003 10:40,2002,Other UK Airports,GLASGOW,284.154,0,0.015,0,38.237,0,0,0,542.894,0,0,29.963
31/03/2003 10:40,2002,Other UK Airports,INVERNESS,0,0,0,0,0,0,0,0,77.168,0.132,0,0
31/03/2003 10:40,2002,Other UK Airports,ISLAY,0,0,0,0,0,0,0,0,52.099,0.007,0,0
31/03/2003 10:40,2002,Other UK Airports,ISLE OF MAN,0,0,0,0,0,0,0,0,3.401,3.885,0,2570.086
31/03/2003 10:40,2002,Other UK Airports,ISLES OF SCILLY (ST.MARYS),0,0,0,0,0,0,0,0,143,70,0,0
31/03/2003 10:40,2002,Other UK Airports,ISLES OF SCILLY (TRESCO),0,0,0,0,0,0,0,0,7.31,0.2,0,0
31/03/2003 10:40,2002,Other UK Airports,KENT INTERNATIONAL,0,0,0,32.43,0,0,0,53.147,0,0,0,0
31/03/2003 10:40,2002,Other UK Airports,KIRKWALL,0,0,0,0,0,0,0,0,30.758,1.722,0,0.018
31/03/2003 10:40,2002,Other UK Airports,LEEDS BRADFORD,0.335,0,0,0,0,0,0,0,0.715,0,0,0
31/03/2003 10:40,2002,Other UK Airports,LIVERPOOL,0,0,0,26.569,0,0,0,0,0,16.349,0,13782.13
31/03/2003 10:40,2002,Other UK Airports,MANCHESTER,1535.87,1.93,0.761,0,1032.755,23.681,4.286,0,77.92,0,0,0
31/03/2003 10:40,2002,Other UK Airports,NEWCASTLE,0.002,0,0,0,0.293,0,0,0,23.001,0,0,2344.66
31/03/2003 10:40,2002,Other UK Airports,PENZANCE HELIPORT,11,0,0,0,0,0,0,0,117,3,0,1
31/03/2003 10:40,2002,Other UK Airports,PRESTWICK,0,0,0,0,0,0,0,0,0,0,0,36.116
31/03/2003 10:40,2002,Other UK Airports,SCATSTA,0,0,0,0,0,0,0,0,0,0,1.619,0
31/03/2003 10:40,2002,Other UK Airports,STORNOWAY,0,0,0,0,0,0,0,0,53.969,5.232,0,0
31/03/2003 10:40,2002,Other UK Airports,SUMBURGH,0,0,0,0,0,0,0,0,5.303,0,0,0
31/03/2003 10:40,2002,Other UK Airports,TEESSIDE,0.081,0,0,9.205,0,0,0,0,0.001,0.108,0,0
31/03/2003 10:40,2002,Other UK Airports,TIREE,0,0,0,0,0,0,0,0,28.415,0.153,0,0
31/03/2003 10:40,2002,Channel Islands Airports,ALDERNEY,0,0,0,0,0,0,0,0,142.745,15.221,0,0
31/03/2003 10:40,2002,Channel Islands Airports,GUERNSEY,0.187,0,0,0,0.032,0,0,0,323.114,19.634,0,2087.543
31/03/2003 10:40,2002,Channel Islands Airports,JERSEY,0.048,0,0,0,0,0,0,0,429.124,9.463,1.345,18.826
