rundate,report_period,intended_apt,actual_apt,total_flights
31/03/2003 10:30,2002,ABERDEEN,DUNDEE,2
31/03/2003 10:30,2002,ABERDEEN,EDINBURGH,3
31/03/2003 10:30,2002,ABERDEEN,GLASGOW,4
31/03/2003 10:30,2002,ABERDEEN,HUMBERSIDE,2
31/03/2003 10:30,2002,ABERDEEN,INVERNESS,6
31/03/2003 10:30,2002,ABERDEEN,KIRKWALL,1
31/03/2003 10:30,2002,ABERDEEN,LEEDS BRADFORD,1
31/03/2003 10:30,2002,ABERDEEN,SUMBURGH,2
31/03/2003 10:30,2002,ABERDEEN,WICK,1
31/03/2003 10:30,2002,ALDERNEY,GUERNSEY,2
31/03/2003 10:30,2002,ALDERNEY,JERSEY,5
31/03/2003 10:30,2002,BARRA,BENBECULA,4
31/03/2003 10:30,2002,BARRA,GLASGOW,1
31/03/2003 10:30,2002,BELFAST CITY,BELFAST INTERNATIONAL,23
31/03/2003 10:30,2002,BELFAST CITY,BRISTOL,1
31/03/2003 10:30,2002,BELFAST CITY,EDINBURGH,1
31/03/2003 10:30,2002,BELFAST CITY,GLASGOW,3
31/03/2003 10:30,2002,BELFAST CITY,ISLE OF MAN,2
31/03/2003 10:30,2002,BELFAST CITY,PRESTWICK,1
31/03/2003 10:30,2002,BELFAST INTERNATIONAL,ISLE OF MAN,1
31/03/2003 10:30,2002,BELFAST INTERNATIONAL,LIVERPOOL,6
31/03/2003 10:30,2002,BELFAST INTERNATIONAL,LUTON,1
31/03/2003 10:30,2002,BELFAST INTERNATIONAL,PRESTWICK,1
31/03/2003 10:30,2002,BIGGIN HILL,LUTON,1
31/03/2003 10:30,2002,BIRMINGHAM,BLACKPOOL,1
31/03/2003 10:30,2002,BIRMINGHAM,COVENTRY,18
31/03/2003 10:30,2002,BIRMINGHAM,EAST MIDLANDS,62
31/03/2003 10:30,2002,BIRMINGHAM,GATWICK,1
31/03/2003 10:30,2002,BIRMINGHAM,GLASGOW,2
31/03/2003 10:30,2002,BIRMINGHAM,LEEDS BRADFORD,1
31/03/2003 10:30,2002,BIRMINGHAM,LIVERPOOL,4
31/03/2003 10:30,2002,BIRMINGHAM,LUTON,1
31/03/2003 10:30,2002,BIRMINGHAM,MANCHESTER,20
31/03/2003 10:30,2002,BIRMINGHAM,STANSTED,2
31/03/2003 10:30,2002,BLACKPOOL,LIVERPOOL,1
31/03/2003 10:30,2002,BOURNEMOUTH,GATWICK,1
31/03/2003 10:30,2002,BRISTOL,BIRMINGHAM,9
31/03/2003 10:30,2002,BRISTOL,BOURNEMOUTH,1
31/03/2003 10:30,2002,BRISTOL,CARDIFF WALES,68
31/03/2003 10:30,2002,BRISTOL,EXETER,32
31/03/2003 10:30,2002,BRISTOL,MANCHESTER,3
31/03/2003 10:30,2002,BRISTOL,SOUTHAMPTON,4
31/03/2003 10:30,2002,BRISTOL,STANSTED,3
31/03/2003 10:30,2002,BRIZE NORTON,BIRMINGHAM,1
31/03/2003 10:30,2002,CARDIFF WALES,BIRMINGHAM,1
31/03/2003 10:30,2002,CARDIFF WALES,BRISTOL,5
31/03/2003 10:30,2002,CARDIFF WALES,EDINBURGH,1
31/03/2003 10:30,2002,CARDIFF WALES,SOUTHAMPTON,2
31/03/2003 10:30,2002,COVENTRY,GATWICK,1
31/03/2003 10:30,2002,COVENTRY,LIVERPOOL,10
31/03/2003 10:30,2002,COVENTRY,MANCHESTER,1
31/03/2003 10:30,2002,EAST MIDLANDS,BIRMINGHAM,4
31/03/2003 10:30,2002,EAST MIDLANDS,LIVERPOOL,7
31/03/2003 10:30,2002,EAST MIDLANDS,LUTON,5
31/03/2003 10:30,2002,EAST MIDLANDS,MANCHESTER,4
31/03/2003 10:30,2002,EAST MIDLANDS,NEWCASTLE,1
31/03/2003 10:30,2002,EDINBURGH,ABERDEEN,1
31/03/2003 10:30,2002,EDINBURGH,EAST MIDLANDS,3
31/03/2003 10:30,2002,EDINBURGH,GATWICK,2
31/03/2003 10:30,2002,EDINBURGH,GLASGOW,12
31/03/2003 10:30,2002,EDINBURGH,LUTON,1
31/03/2003 10:30,2002,EDINBURGH,MANCHESTER,2
31/03/2003 10:30,2002,EDINBURGH,NEWCASTLE,1
31/03/2003 10:30,2002,EDINBURGH,PRESTWICK,12
31/03/2003 10:30,2002,EXETER,BIRMINGHAM,1
31/03/2003 10:30,2002,EXETER,BRISTOL,2
31/03/2003 10:30,2002,EXETER,CARDIFF WALES,1
31/03/2003 10:30,2002,EXETER,MANCHESTER,1
31/03/2003 10:30,2002,FARNBOROUGH,GATWICK,1
31/03/2003 10:30,2002,FARNBOROUGH,LUTON,2
31/03/2003 10:30,2002,FILTON,CARDIFF WALES,2
31/03/2003 10:30,2002,FILTON,EXETER,2
31/03/2003 10:30,2002,GATWICK,BIRMINGHAM,1
31/03/2003 10:30,2002,GATWICK,BOURNEMOUTH,3
31/03/2003 10:30,2002,GATWICK,ISLE OF MAN,1
31/03/2003 10:30,2002,GATWICK,LIVERPOOL,2
31/03/2003 10:30,2002,GATWICK,LUTON,7
31/03/2003 10:30,2002,GATWICK,MANCHESTER,3
31/03/2003 10:30,2002,GATWICK,PRESTWICK,1
31/03/2003 10:30,2002,GATWICK,SOUTHAMPTON,5
31/03/2003 10:30,2002,GATWICK,STANSTED,10
31/03/2003 10:30,2002,GLASGOW,ABERDEEN,2
31/03/2003 10:30,2002,GLASGOW,CAMPBELTOWN,3
31/03/2003 10:30,2002,GLASGOW,CARDIFF WALES,1
31/03/2003 10:30,2002,GLASGOW,EDINBURGH,2
31/03/2003 10:30,2002,GLASGOW,GATWICK,2
31/03/2003 10:30,2002,GLASGOW,LUTON,1
31/03/2003 10:30,2002,GLASGOW,MANCHESTER,5
31/03/2003 10:30,2002,GLASGOW,PRESTWICK,6
31/03/2003 10:30,2002,GLASGOW,STORNOWAY,1
31/03/2003 10:30,2002,GUERNSEY,GATWICK,1
31/03/2003 10:30,2002,GUERNSEY,JERSEY,27
31/03/2003 10:30,2002,GUERNSEY,SOUTHAMPTON,2
31/03/2003 10:30,2002,GUERNSEY,STANSTED,3
31/03/2003 10:30,2002,HEATHROW,BIRMINGHAM,6
31/03/2003 10:30,2002,HEATHROW,CARDIFF WALES,5
31/03/2003 10:30,2002,HEATHROW,GATWICK,22
31/03/2003 10:30,2002,HEATHROW,GLASGOW,3
31/03/2003 10:30,2002,HEATHROW,LUTON,4
31/03/2003 10:30,2002,HEATHROW,MANCHESTER,23
31/03/2003 10:30,2002,HEATHROW,NEWCASTLE,1
31/03/2003 10:30,2002,HEATHROW,PRESTWICK,1
31/03/2003 10:30,2002,HEATHROW,STANSTED,14
31/03/2003 10:30,2002,HUMBERSIDE,CARDIFF WALES,1
31/03/2003 10:30,2002,HUMBERSIDE,EDINBURGH,1
31/03/2003 10:30,2002,HUMBERSIDE,LEEDS BRADFORD,1
31/03/2003 10:30,2002,HUMBERSIDE,MANCHESTER,4
31/03/2003 10:30,2002,HUMBERSIDE,TEESSIDE,4
31/03/2003 10:30,2002,INVERNESS,ABERDEEN,2
31/03/2003 10:30,2002,INVERNESS,GLASGOW,1
31/03/2003 10:30,2002,INVERNESS,KIRKWALL,1
31/03/2003 10:30,2002,INVERNESS,MANCHESTER,1
31/03/2003 10:30,2002,ISLE OF MAN,BIRMINGHAM,1
31/03/2003 10:30,2002,ISLE OF MAN,LEEDS BRADFORD,1
31/03/2003 10:30,2002,ISLE OF MAN,LIVERPOOL,9
31/03/2003 10:30,2002,ISLE OF MAN,MANCHESTER,2
31/03/2003 10:30,2002,JERSEY,CARDIFF WALES,1
31/03/2003 10:30,2002,JERSEY,EAST MIDLANDS,1
31/03/2003 10:30,2002,JERSEY,GATWICK,5
31/03/2003 10:30,2002,JERSEY,GUERNSEY,2
31/03/2003 10:30,2002,JERSEY,MANCHESTER,1
31/03/2003 10:30,2002,JERSEY,SOUTHAMPTON,1
31/03/2003 10:30,2002,KENT INTERNATIONAL,GATWICK,2
31/03/2003 10:30,2002,KENT INTERNATIONAL,LUTON,1
31/03/2003 10:30,2002,KIRKWALL,INVERNESS,2
31/03/2003 10:30,2002,KIRKWALL,WICK,12
31/03/2003 10:30,2002,LEEDS BRADFORD,BLACKPOOL,2
31/03/2003 10:30,2002,LEEDS BRADFORD,EAST MIDLANDS,2
31/03/2003 10:30,2002,LEEDS BRADFORD,GLASGOW,1
31/03/2003 10:30,2002,LEEDS BRADFORD,MANCHESTER,46
31/03/2003 10:30,2002,LEEDS BRADFORD,NEWCASTLE,2
31/03/2003 10:30,2002,LEEDS BRADFORD,TEESSIDE,30
31/03/2003 10:30,2002,LERWICK  (TINGWALL),SUMBURGH,1
31/03/2003 10:30,2002,LIVERPOOL,CARDIFF WALES,1
31/03/2003 10:30,2002,LIVERPOOL,LUTON,1
31/03/2003 10:30,2002,LIVERPOOL,MANCHESTER,8
31/03/2003 10:30,2002,LONDON CITY,BIGGIN HILL,9
31/03/2003 10:30,2002,LONDON CITY,BIRMINGHAM,2
31/03/2003 10:30,2002,LONDON CITY,GATWICK,6
31/03/2003 10:30,2002,LONDON CITY,HEATHROW,8
31/03/2003 10:30,2002,LONDON CITY,LUTON,4
31/03/2003 10:30,2002,LONDON CITY,MANCHESTER,1
31/03/2003 10:30,2002,LONDON CITY,SOUTHAMPTON,5
31/03/2003 10:30,2002,LONDON CITY,SOUTHEND,17
31/03/2003 10:30,2002,LONDON CITY,STANSTED,65
31/03/2003 10:30,2002,LONDONDERRY,BELFAST INTERNATIONAL,5
31/03/2003 10:30,2002,LUTON,BIRMINGHAM,2
31/03/2003 10:30,2002,LUTON,COVENTRY,2
31/03/2003 10:30,2002,LUTON,EAST MIDLANDS,1
31/03/2003 10:30,2002,LUTON,EDINBURGH,1
31/03/2003 10:30,2002,LUTON,GATWICK,6
31/03/2003 10:30,2002,LUTON,LIVERPOOL,4
31/03/2003 10:30,2002,LUTON,STANSTED,29
31/03/2003 10:30,2002,MANCHESTER,BIRMINGHAM,5
31/03/2003 10:30,2002,MANCHESTER,CARDIFF WALES,1
31/03/2003 10:30,2002,MANCHESTER,EAST MIDLANDS,1
31/03/2003 10:30,2002,MANCHESTER,EDINBURGH,4
31/03/2003 10:30,2002,MANCHESTER,GATWICK,3
31/03/2003 10:30,2002,MANCHESTER,GLASGOW,1
31/03/2003 10:30,2002,MANCHESTER,LEEDS BRADFORD,1
31/03/2003 10:30,2002,MANCHESTER,LIVERPOOL,3
31/03/2003 10:30,2002,MANCHESTER,LONDON CITY,1
31/03/2003 10:30,2002,MANCHESTER,NEWCASTLE,1
31/03/2003 10:30,2002,MANCHESTER,STANSTED,1
31/03/2003 10:30,2002,MILDENHALL,GATWICK,1
31/03/2003 10:30,2002,NEWCASTLE,BIRMINGHAM,1
31/03/2003 10:30,2002,NEWCASTLE,EDINBURGH,1
31/03/2003 10:30,2002,NEWCASTLE,MANCHESTER,2
31/03/2003 10:30,2002,NEWCASTLE,TEESSIDE,3
31/03/2003 10:30,2002,NEWQUAY,EXETER,4
31/03/2003 10:30,2002,NORTH RONALDSAY,KIRKWALL,1
31/03/2003 10:30,2002,NORWICH,GATWICK,1
31/03/2003 10:30,2002,NORWICH,STANSTED,3
31/03/2003 10:30,2002,PLYMOUTH,BRISTOL,1
31/03/2003 10:30,2002,PLYMOUTH,EXETER,22
31/03/2003 10:30,2002,PRESTWICK,GLASGOW,1
31/03/2003 10:30,2002,PRESTWICK,MANCHESTER,1
31/03/2003 10:30,2002,SCATSTA,SUMBURGH,23
31/03/2003 10:30,2002,SCATSTA,WICK,1
31/03/2003 10:30,2002,SHEFFIELD CITY,LEEDS BRADFORD,1
31/03/2003 10:30,2002,SOUTHAMPTON,BIRMINGHAM,2
31/03/2003 10:30,2002,SOUTHAMPTON,BOURNEMOUTH,30
31/03/2003 10:30,2002,SOUTHAMPTON,BRISTOL,1
31/03/2003 10:30,2002,SOUTHAMPTON,CARDIFF WALES,1
31/03/2003 10:30,2002,SOUTHAMPTON,EDINBURGH,1
31/03/2003 10:30,2002,SOUTHAMPTON,GATWICK,1
31/03/2003 10:30,2002,STANSTED,BIRMINGHAM,13
31/03/2003 10:30,2002,STANSTED,BOURNEMOUTH,7
31/03/2003 10:30,2002,STANSTED,BRISTOL,1
31/03/2003 10:30,2002,STANSTED,CAMBRIDGE,1
31/03/2003 10:30,2002,STANSTED,EAST MIDLANDS,3
31/03/2003 10:30,2002,STANSTED,GATWICK,27
31/03/2003 10:30,2002,STANSTED,HEATHROW,2
31/03/2003 10:30,2002,STANSTED,LUTON,26
31/03/2003 10:30,2002,STANSTED,MANCHESTER,7
31/03/2003 10:30,2002,STANSTED,SOUTHAMPTON,1
31/03/2003 10:30,2002,STANSTED,SOUTHEND,1
31/03/2003 10:30,2002,STORNOWAY,BENBECULA,1
31/03/2003 10:30,2002,SUMBURGH,ABERDEEN,1
31/03/2003 10:30,2002,SUMBURGH,GLASGOW,1
31/03/2003 10:30,2002,SUMBURGH,KIRKWALL,2
31/03/2003 10:30,2002,SUMBURGH,WICK,1
31/03/2003 10:30,2002,SWANSEA,BRISTOL,1
31/03/2003 10:30,2002,SWANSEA,CARDIFF WALES,50
31/03/2003 10:30,2002,TEESSIDE,HUMBERSIDE,1
31/03/2003 10:30,2002,TEESSIDE,LEEDS BRADFORD,1
31/03/2003 10:30,2002,TEESSIDE,MANCHESTER,2
31/03/2003 10:30,2002,TEESSIDE,NEWCASTLE,18
31/03/2003 10:30,2002,WARTON,LIVERPOOL,1
31/03/2003 10:30,2002,WICK,INVERNESS,2
31/03/2003 10:30,2002,Overseas Airports,BELFAST CITY,1
31/03/2003 10:30,2002,Overseas Airports,BELFAST INTERNATIONAL,11
31/03/2003 10:30,2002,Overseas Airports,BIRMINGHAM,5
31/03/2003 10:30,2002,Overseas Airports,BRISTOL,1
31/03/2003 10:30,2002,Overseas Airports,CARDIFF WALES,8
31/03/2003 10:30,2002,Overseas Airports,EAST MIDLANDS,3
31/03/2003 10:30,2002,Overseas Airports,EDINBURGH,1
31/03/2003 10:30,2002,Overseas Airports,GATWICK,24
31/03/2003 10:30,2002,Overseas Airports,GLASGOW,6
31/03/2003 10:30,2002,Overseas Airports,GUERNSEY,1
31/03/2003 10:30,2002,Overseas Airports,HEATHROW,19
31/03/2003 10:30,2002,Overseas Airports,LUTON,13
31/03/2003 10:30,2002,Overseas Airports,MANCHESTER,18
31/03/2003 10:30,2002,Overseas Airports,NEWCASTLE,1
31/03/2003 10:30,2002,Overseas Airports,NORWICH,2
31/03/2003 10:30,2002,Overseas Airports,PRESTWICK,4
31/03/2003 10:30,2002,Overseas Airports,SOUTHAMPTON,4
31/03/2003 10:30,2002,Overseas Airports,STANSTED,9
31/03/2003 10:30,2002,All Airports,ABERDEEN,6
31/03/2003 10:30,2002,All Airports,BELFAST CITY,1
31/03/2003 10:30,2002,All Airports,BELFAST INTERNATIONAL,39
31/03/2003 10:30,2002,All Airports,BENBECULA,5
31/03/2003 10:30,2002,All Airports,BIGGIN HILL,9
31/03/2003 10:30,2002,All Airports,BIRMINGHAM,54
31/03/2003 10:30,2002,All Airports,BLACKPOOL,3
31/03/2003 10:30,2002,All Airports,BOURNEMOUTH,41
31/03/2003 10:30,2002,All Airports,BRISTOL,13
31/03/2003 10:30,2002,All Airports,CAMBRIDGE,1
31/03/2003 10:30,2002,All Airports,CAMPBELTOWN,3
31/03/2003 10:30,2002,All Airports,CARDIFF WALES,140
31/03/2003 10:30,2002,All Airports,COVENTRY,20
31/03/2003 10:30,2002,All Airports,DUNDEE,2
31/03/2003 10:30,2002,All Airports,EAST MIDLANDS,76
31/03/2003 10:30,2002,All Airports,EDINBURGH,16
31/03/2003 10:30,2002,All Airports,EXETER,60
31/03/2003 10:30,2002,All Airports,GATWICK,107
31/03/2003 10:30,2002,All Airports,GLASGOW,36
31/03/2003 10:30,2002,All Airports,GUERNSEY,5
31/03/2003 10:30,2002,All Airports,HEATHROW,29
31/03/2003 10:30,2002,All Airports,HUMBERSIDE,3
31/03/2003 10:30,2002,All Airports,INVERNESS,10
31/03/2003 10:30,2002,All Airports,ISLE OF MAN,4
31/03/2003 10:30,2002,All Airports,JERSEY,32
31/03/2003 10:30,2002,All Airports,KIRKWALL,5
31/03/2003 10:30,2002,All Airports,LEEDS BRADFORD,7
31/03/2003 10:30,2002,All Airports,LIVERPOOL,47
31/03/2003 10:30,2002,All Airports,LONDON CITY,1
31/03/2003 10:30,2002,All Airports,LUTON,68
31/03/2003 10:30,2002,All Airports,MANCHESTER,155
31/03/2003 10:30,2002,All Airports,NEWCASTLE,25
31/03/2003 10:30,2002,All Airports,NORWICH,2
31/03/2003 10:30,2002,All Airports,PRESTWICK,26
31/03/2003 10:30,2002,All Airports,SOUTHAMPTON,24
31/03/2003 10:30,2002,All Airports,SOUTHEND,18
31/03/2003 10:30,2002,All Airports,STANSTED,139
31/03/2003 10:30,2002,All Airports,STORNOWAY,1
31/03/2003 10:30,2002,All Airports,SUMBURGH,26
31/03/2003 10:30,2002,All Airports,TEESSIDE,37
31/03/2003 10:30,2002,All Airports,WICK,15
