rundate,this_period,last_period,group_name,airport_1_name,airport_2_name,total_pax_this_period,total_pax_scheduled_this_period,total_pax_charter_this_period,total_pax_last_period,total_pax_scheduled_last_period,total_pax_charter_last_period,total_pax_percent,charters_tm_only_small_acf,charters_lm_only_small_acf
26-Mar-2009 13:04,200901,200801,Other Reporting Airports      ,ABERDEEN                      ,BELFAST CITY (GEORGE BEST)    , 1427 , 1427 , 0 , 1457 , 1457 , 0 ,-2.059025 ,N,N
26-Mar-2009 13:04,200901,200801,Other Reporting Airports      ,ABERDEEN                      ,BIRMINGHAM                    , 7899 , 7899 , 0 , 9811 , 9811 , 0 ,-19.48833 ,N,N
26-Mar-2009 13:04,200901,200801,Other Reporting Airports      ,ABERDEEN                      ,BRISTOL                       , 1887 , 1887 , 0 , 1887 , 1887 , 0 , 0 ,N,N
26-Mar-2009 13:04,200901,200801,Other Reporting Airports      ,ABERDEEN                      ,DURHAM TEES VALLEY            , 2453 , 2453 , 0 , 2624 , 2624 , 0 ,-6.516768 ,N,N
26-Mar-2009 13:04,200901,200801,Other Reporting Airports      ,ABERDEEN                      ,EAST MIDLANDS INTERNATIONAL   , 1558 , 1558 , 0 , 1633 , 1633 , 0 ,-4.592774 ,N,N
26-Mar-2009 13:04,200901,200801,Other Reporting Airports      ,ABERDEEN                      ,EXETER                        , 1682 , 1682 , 0 , 1816 , 1816 , 0 ,-7.378855 ,N,N
26-Mar-2009 13:04,200901,200801,Other Reporting Airports      ,ABERDEEN                      ,HUMBERSIDE                    , 2776 , 2776 , 0 , 2712 , 2712 , 0 , 2.359882 ,N,N
26-Mar-2009 13:04,200901,200801,Other Reporting Airports      ,ABERDEEN                      ,KIRKWALL                      , 2727 , 2727 , 0 , 2841 , 2841 , 0 ,-4.012671 ,N,N
26-Mar-2009 13:04,200901,200801,Other Reporting Airports      ,ABERDEEN                      ,LEEDS BRADFORD                , 1274 , 1274 , 0 , 1622 , 1622 , 0 ,-21.45499 ,N,N
26-Mar-2009 13:04,200901,200801,Other Reporting Airports      ,ABERDEEN                      ,MANCHESTER                    , 8849 , 8450 , 399 , 9621 , 9621 , 0 ,-8.024114 ,N,N
26-Mar-2009 13:04,200901,200801,Other Reporting Airports      ,ABERDEEN                      ,NEWCASTLE                     , 1343 , 1343 , 0 , 1857 , 1857 , 0 ,-27.67905 ,N,N
26-Mar-2009 13:04,200901,200801,Other Reporting Airports      ,ABERDEEN                      ,NORWICH                       , 5013 , 5013 , 0 , 4934 , 4934 , 0 , 1.601135 ,N,N
26-Mar-2009 13:04,200901,200801,Other Reporting Airports      ,ABERDEEN                      ,SCATSTA                       , 10282 , 0 , 10282 , 10419 , 0 , 10419 ,-1.314905 ,N,N
26-Mar-2009 13:04,200901,200801,Other Reporting Airports      ,ABERDEEN                      ,SOUTHAMPTON                   , 2798 , 2798 , 0 , 2881 , 2881 , 0 ,-2.880944 ,N,N
26-Mar-2009 13:04,200901,200801,Other Reporting Airports      ,ABERDEEN                      ,STORNOWAY                     , 523 , 523 , 0 , 592 , 592 , 0 ,-11.65541 ,N,N
26-Mar-2009 13:04,200901,200801,Other Reporting Airports      ,ABERDEEN                      ,SUMBURGH                      , 4471 , 4123 , 348 , 5459 , 4750 , 709 ,-18.09855 ,N,N
26-Mar-2009 13:04,200901,200801,Other Reporting Airports      ,ABERDEEN                      ,WICK                          , 1058 , 1058 , 0 , 1266 , 1266 , 0 ,-16.4297 ,N,N
26-Mar-2009 13:04,200901,200801,Other Reporting Airports      ,ALDERNEY                      ,BOURNEMOUTH                   , 179 , 179 , 0 , 253 , 253 , 0 ,-29.24901 ,N,N
26-Mar-2009 13:04,200901,200801,Other Reporting Airports      ,ALDERNEY                      ,GUERNSEY                      , 2244 , 2244 , 0 , 2479 , 2479 , 0 ,-9.479629 ,N,N
26-Mar-2009 13:04,200901,200801,Other Reporting Airports      ,ALDERNEY                      ,JERSEY                        , 0 , 0 , 0 , 8 , 8 , 0 ,-100 ,N,N
26-Mar-2009 13:04,200901,200801,Other Reporting Airports      ,ALDERNEY                      ,SHOREHAM                      , 0 , 0 , 0 , 58 , 58 , 0 ,-100 ,N,N
26-Mar-2009 13:04,200901,200801,Other Reporting Airports      ,ALDERNEY                      ,SOUTHAMPTON                   , 1382 , 1382 , 0 , 1484 , 1484 , 0 ,-6.873315 ,N,N
26-Mar-2009 13:04,200901,200801,Other Reporting Airports      ,ANGLESEY (VALLEY)             ,CARDIFF WALES                 , 911 , 911 , 0 , 1020 , 1020 , 0 ,-10.68627 ,N,N
26-Mar-2009 13:04,200901,200801,Other Reporting Airports      ,BARRA                         ,BENBECULA                     , 98 , 98 , 0 , 33 , 33 , 0 , 196.9697 ,N,N
26-Mar-2009 13:04,200901,200801,Other Reporting Airports      ,BARRA                         ,GLASGOW                       , 502 , 502 , 0 , 472 , 472 , 0 , 6.355932 ,N,N
26-Mar-2009 13:04,200901,200801,Other Reporting Airports      ,BELFAST CITY (GEORGE BEST)    ,BIRMINGHAM                    , 13274 , 13274 , 0 , 15087 , 15087 , 0 ,-12.01697 ,N,N
26-Mar-2009 13:04,200901,200801,Other Reporting Airports      ,BELFAST CITY (GEORGE BEST)    ,CARDIFF WALES                 , 1597 , 1597 , 0 , 2110 , 2110 , 0 ,-24.3128 ,N,N
26-Mar-2009 13:04,200901,200801,Other Reporting Airports      ,BELFAST CITY (GEORGE BEST)    ,DONCASTER SHEFFIELD           , 1381 , 1381 , 0 , 2850 , 2850 , 0 ,-51.54386 ,N,N
26-Mar-2009 13:04,200901,200801,Other Reporting Airports      ,BELFAST CITY (GEORGE BEST)    ,DUNDEE                        , 688 , 688 , 0 , 0 , 0 , 0 ,Null,N,N
26-Mar-2009 13:04,200901,200801,Other Reporting Airports      ,BELFAST CITY (GEORGE BEST)    ,EAST MIDLANDS INTERNATIONAL   , 10451 , 10451 , 0 , 5148 , 5148 , 0 , 103.0109 ,N,N
26-Mar-2009 13:04,200901,200801,Other Reporting Airports      ,BELFAST CITY (GEORGE BEST)    ,EDINBURGH                     , 7105 , 7105 , 0 , 8521 , 8521 , 0 ,-16.61777 ,N,N
26-Mar-2009 13:04,200901,200801,Other Reporting Airports      ,BELFAST CITY (GEORGE BEST)    ,EXETER                        , 1438 , 1438 , 0 , 1600 , 1600 , 0 ,-10.125 ,N,N
26-Mar-2009 13:04,200901,200801,Other Reporting Airports      ,BELFAST CITY (GEORGE BEST)    ,GLASGOW                       , 5816 , 5816 , 0 , 6872 , 6872 , 0 ,-15.36671 ,N,N
26-Mar-2009 13:04,200901,200801,Other Reporting Airports      ,BELFAST CITY (GEORGE BEST)    ,INVERNESS                     , 944 , 944 , 0 , 1307 , 1307 , 0 ,-27.77353 ,N,N
26-Mar-2009 13:04,200901,200801,Other Reporting Airports      ,BELFAST CITY (GEORGE BEST)    ,ISLE OF MAN                   , 1398 , 1398 , 0 , 2044 , 2044 , 0 ,-31.6047 ,N,N
26-Mar-2009 13:04,200901,200801,Other Reporting Airports      ,BELFAST CITY (GEORGE BEST)    ,LEEDS BRADFORD                , 4198 , 4198 , 0 , 4842 , 4842 , 0 ,-13.30029 ,N,N
26-Mar-2009 13:04,200901,200801,Other Reporting Airports      ,BELFAST CITY (GEORGE BEST)    ,LIVERPOOL                     , 10550 , 10550 , 0 , 11124 , 11124 , 0 ,-5.160014 ,N,N
26-Mar-2009 13:04,200901,200801,Other Reporting Airports      ,BELFAST CITY (GEORGE BEST)    ,MANCHESTER                    , 16705 , 16705 , 0 , 18912 , 18912 , 0 ,-11.66984 ,N,N
26-Mar-2009 13:04,200901,200801,Other Reporting Airports      ,BELFAST CITY (GEORGE BEST)    ,NEWCASTLE                     , 2011 , 2011 , 0 , 2748 , 2748 , 0 ,-26.81951 ,N,N
26-Mar-2009 13:04,200901,200801,Other Reporting Airports      ,BELFAST CITY (GEORGE BEST)    ,PRESTWICK                     , 8165 , 8165 , 0 , 4834 , 4834 , 0 , 68.90774 ,N,N
26-Mar-2009 13:04,200901,200801,Other Reporting Airports      ,BELFAST CITY (GEORGE BEST)    ,SOUTHAMPTON                   , 4931 , 4931 , 0 , 5564 , 5564 , 0 ,-11.37671 ,N,N
26-Mar-2009 13:04,200901,200801,Other Reporting Airports      ,BELFAST INTERNATIONAL         ,BIRMINGHAM                    , 9287 , 9202 , 85 , 13484 , 13484 , 0 ,-31.12578 ,N,N
26-Mar-2009 13:04,200901,200801,Other Reporting Airports      ,BELFAST INTERNATIONAL         ,BLACKPOOL                     , 0 , 0 , 0 , 3180 , 2884 , 296 ,-100 ,N,N
26-Mar-2009 13:04,200901,200801,Other Reporting Airports      ,BELFAST INTERNATIONAL         ,BRISTOL                       , 13132 , 13132 , 0 , 13965 , 13965 , 0 ,-5.964912 ,N,N
26-Mar-2009 13:04,200901,200801,Other Reporting Airports      ,BELFAST INTERNATIONAL         ,CARDIFF WALES                 , 3564 , 3564 , 0 , 3618 , 3618 , 0 ,-1.492537 ,N,N
26-Mar-2009 13:04,200901,200801,Other Reporting Airports      ,BELFAST INTERNATIONAL         ,EAST MIDLANDS INTERNATIONAL   , 6433 , 6433 , 0 , 9081 , 9081 , 0 ,-29.15978 ,N,N
26-Mar-2009 13:04,200901,200801,Other Reporting Airports      ,BELFAST INTERNATIONAL         ,EDINBURGH                     , 16995 , 16995 , 0 , 16481 , 16481 , 0 , 3.118743 ,N,N
26-Mar-2009 13:04,200901,200801,Other Reporting Airports      ,BELFAST INTERNATIONAL         ,GLASGOW                       , 15830 , 15830 , 0 , 17000 , 17000 , 0 ,-6.882353 ,N,N
26-Mar-2009 13:04,200901,200801,Other Reporting Airports      ,BELFAST INTERNATIONAL         ,ISLE OF MAN                   , 865 , 865 , 0 , 687 , 687 , 0 , 25.90975 ,N,N
26-Mar-2009 13:04,200901,200801,Other Reporting Airports      ,BELFAST INTERNATIONAL         ,LEEDS BRADFORD                , 6456 , 6456 , 0 , 6876 , 6876 , 0 ,-6.108202 ,N,N
26-Mar-2009 13:04,200901,200801,Other Reporting Airports      ,BELFAST INTERNATIONAL         ,LIVERPOOL                     , 30881 , 30881 , 0 , 27253 , 27253 , 0 , 13.3123 ,N,N
26-Mar-2009 13:04,200901,200801,Other Reporting Airports      ,BELFAST INTERNATIONAL         ,MANCHESTER                    , 8154 , 8070 , 84 , 11508 , 11508 , 0 ,-29.14494 ,N,N
26-Mar-2009 13:04,200901,200801,Other Reporting Airports      ,BELFAST INTERNATIONAL         ,NEWCASTLE                     , 14210 , 14210 , 0 , 15334 , 15334 , 0 ,-7.330116 ,N,N
26-Mar-2009 13:04,200901,200801,Other Reporting Airports      ,BENBECULA                     ,GLASGOW                       , 1761 , 1761 , 0 , 1893 , 1893 , 0 ,-6.973059 ,N,N
26-Mar-2009 13:04,200901,200801,Other Reporting Airports      ,BENBECULA                     ,STORNOWAY                     , 717 , 717 , 0 , 609 , 609 , 0 , 17.73399 ,N,N
26-Mar-2009 13:04,200901,200801,Other Reporting Airports      ,BIGGIN HILL                   ,LEEDS BRADFORD                , 0 , 0 , 0 , 20 , 0 , 20 ,-100 ,N,N
26-Mar-2009 13:04,200901,200801,Other Reporting Airports      ,BIRMINGHAM                    ,CITY OF DERRY (EGLINTON)      , 4527 , 4527 , 0 , 0 , 0 , 0 ,Null,N,N
26-Mar-2009 13:04,200901,200801,Other Reporting Airports      ,BIRMINGHAM                    ,DUNDEE                        , 1494 , 1494 , 0 , 0 , 0 , 0 ,Null,N,N
26-Mar-2009 13:04,200901,200801,Other Reporting Airports      ,BIRMINGHAM                    ,EDINBURGH                     , 23921 , 23921 , 0 , 30859 , 30818 , 41 ,-22.48291 ,N,N
26-Mar-2009 13:04,200901,200801,Other Reporting Airports      ,BIRMINGHAM                    ,GLASGOW                       , 19813 , 19813 , 0 , 27305 , 27305 , 0 ,-27.4382 ,N,N
26-Mar-2009 13:04,200901,200801,Other Reporting Airports      ,BIRMINGHAM                    ,GUERNSEY                      , 2205 , 2205 , 0 , 1618 , 1618 , 0 , 36.27936 ,N,N
26-Mar-2009 13:04,200901,200801,Other Reporting Airports      ,BIRMINGHAM                    ,INVERNESS                     , 1770 , 1770 , 0 , 1188 , 1188 , 0 , 48.9899 ,N,N
26-Mar-2009 13:04,200901,200801,Other Reporting Airports      ,BIRMINGHAM                    ,ISLE OF MAN                   , 3210 , 3210 , 0 , 3269 , 3269 , 0 ,-1.804833 ,N,N
26-Mar-2009 13:04,200901,200801,Other Reporting Airports      ,BIRMINGHAM                    ,JERSEY                        , 2200 , 2200 , 0 , 2752 , 2752 , 0 ,-20.05814 ,N,N
26-Mar-2009 13:04,200901,200801,Other Reporting Airports      ,BIRMINGHAM                    ,NEWCASTLE                     , 1393 , 1363 , 30 , 2080 , 2080 , 0 ,-33.02885 ,N,N
26-Mar-2009 13:04,200901,200801,Other Reporting Airports      ,BIRMINGHAM                    ,WICK                          , 0 , 0 , 0 , 72 , 0 , 72 ,-100 ,N,N
26-Mar-2009 13:04,200901,200801,Other Reporting Airports      ,BLACKPOOL                     ,ISLE OF MAN                   , 1673 , 1673 , 0 , 1306 , 1306 , 0 , 28.10107 ,N,N
26-Mar-2009 13:04,200901,200801,Other Reporting Airports      ,BOURNEMOUTH                   ,EDINBURGH                     , 7414 , 7414 , 0 , 0 , 0 , 0 ,Null,N,N
26-Mar-2009 13:04,200901,200801,Other Reporting Airports      ,BOURNEMOUTH                   ,GUERNSEY                      , 0 , 0 , 0 , 75 , 75 , 0 ,-100 ,N,N
26-Mar-2009 13:04,200901,200801,Other Reporting Airports      ,BOURNEMOUTH                   ,JERSEY                        , 195 , 195 , 0 , 284 , 264 , 20 ,-31.33803 ,N,N
26-Mar-2009 13:04,200901,200801,Other Reporting Airports      ,BOURNEMOUTH                   ,MANCHESTER                    , 0 , 0 , 0 , 65 , 0 , 65 ,-100 ,N,N
26-Mar-2009 13:04,200901,200801,Other Reporting Airports      ,BOURNEMOUTH                   ,OXFORD (KIDLINGTON)           , 8 , 0 , 8 , 0 , 0 , 0 ,Null,Y,N
26-Mar-2009 13:04,200901,200801,Other Reporting Airports      ,BOURNEMOUTH                   ,PRESTWICK                     , 4619 , 4619 , 0 , 4839 , 4839 , 0 ,-4.546394 ,N,N
26-Mar-2009 13:04,200901,200801,Other Reporting Airports      ,BRISTOL                       ,CITY OF DERRY (EGLINTON)      , 0 , 0 , 0 , 2942 , 2942 , 0 ,-100 ,N,N
26-Mar-2009 13:04,200901,200801,Other Reporting Airports      ,BRISTOL                       ,DURHAM TEES VALLEY            , 0 , 0 , 0 , 28 , 0 , 28 ,-100 ,N,N
26-Mar-2009 13:04,200901,200801,Other Reporting Airports      ,BRISTOL                       ,EAST MIDLANDS INTERNATIONAL   , 1 , 0 , 1 , 0 , 0 , 0 ,Null,N,N
26-Mar-2009 13:04,200901,200801,Other Reporting Airports      ,BRISTOL                       ,EDINBURGH                     , 16513 , 16513 , 0 , 17532 , 17532 , 0 ,-5.812229 ,N,N
26-Mar-2009 13:04,200901,200801,Other Reporting Airports      ,BRISTOL                       ,GLASGOW                       , 14165 , 14165 , 0 , 16630 , 16630 , 0 ,-14.82261 ,N,N
26-Mar-2009 13:04,200901,200801,Other Reporting Airports      ,BRISTOL                       ,GUERNSEY                      , 1032 , 1032 , 0 , 1156 , 1156 , 0 ,-10.72664 ,N,N
26-Mar-2009 13:04,200901,200801,Other Reporting Airports      ,BRISTOL                       ,INVERNESS                     , 2981 , 2981 , 0 , 3794 , 3794 , 0 ,-21.42857 ,N,N
26-Mar-2009 13:04,200901,200801,Other Reporting Airports      ,BRISTOL                       ,ISLE OF MAN                   , 0 , 0 , 0 , 208 , 208 , 0 ,-100 ,N,N
26-Mar-2009 13:04,200901,200801,Other Reporting Airports      ,BRISTOL                       ,JERSEY                        , 1215 , 1215 , 0 , 1526 , 1526 , 0 ,-20.38008 ,N,N
26-Mar-2009 13:04,200901,200801,Other Reporting Airports      ,BRISTOL                       ,LEEDS BRADFORD                , 2278 , 2278 , 0 , 2810 , 2810 , 0 ,-18.93238 ,N,N
26-Mar-2009 13:04,200901,200801,Other Reporting Airports      ,BRISTOL                       ,MANCHESTER                    , 1814 , 1814 , 0 , 2617 , 2617 , 0 ,-30.68399 ,N,N
26-Mar-2009 13:04,200901,200801,Other Reporting Airports      ,BRISTOL                       ,NEWCASTLE                     , 13757 , 13757 , 0 , 16206 , 16206 , 0 ,-15.11169 ,N,N
26-Mar-2009 13:04,200901,200801,Other Reporting Airports      ,BRISTOL                       ,NEWQUAY                       , 1278 , 1278 , 0 , 1400 , 1400 , 0 ,-8.714286 ,N,N
26-Mar-2009 13:04,200901,200801,Other Reporting Airports      ,BRISTOL                       ,PLYMOUTH                      , 852 , 852 , 0 , 597 , 597 , 0 , 42.71357 ,N,N
26-Mar-2009 13:04,200901,200801,Other Reporting Airports      ,CAMBRIDGE                     ,JERSEY                        , 7 , 0 , 7 , 0 , 0 , 0 ,Null,Y,N
26-Mar-2009 13:04,200901,200801,Other Reporting Airports      ,CAMPBELTOWN                   ,GLASGOW                       , 561 , 561 , 0 , 557 , 557 , 0 , 0.7181329 ,N,N
26-Mar-2009 13:04,200901,200801,Other Reporting Airports      ,CAMPBELTOWN                   ,ISLAY                         , 8 , 8 , 0 , 0 , 0 , 0 ,Null,N,N
26-Mar-2009 13:04,200901,200801,Other Reporting Airports      ,CARDIFF WALES                 ,EDINBURGH                     , 9613 , 9613 , 0 , 9805 , 9805 , 0 ,-1.958185 ,N,N
26-Mar-2009 13:04,200901,200801,Other Reporting Airports      ,CARDIFF WALES                 ,GLASGOW                       , 4763 , 4763 , 0 , 4208 , 4208 , 0 , 13.18916 ,N,N
26-Mar-2009 13:04,200901,200801,Other Reporting Airports      ,CARDIFF WALES                 ,JERSEY                        , 342 , 342 , 0 , 239 , 239 , 0 , 43.09623 ,N,N
26-Mar-2009 13:04,200901,200801,Other Reporting Airports      ,CARDIFF WALES                 ,NEWCASTLE                     , 2041 , 2041 , 0 , 1287 , 1287 , 0 , 58.58586 ,N,N
26-Mar-2009 13:04,200901,200801,Other Reporting Airports      ,CITY OF DERRY (EGLINTON)      ,EAST MIDLANDS INTERNATIONAL   , 0 , 0 , 0 , 5064 , 5064 , 0 ,-100 ,N,N
26-Mar-2009 13:04,200901,200801,Other Reporting Airports      ,CITY OF DERRY (EGLINTON)      ,GLASGOW                       , 0 , 0 , 0 , 760 , 760 , 0 ,-100 ,N,N
26-Mar-2009 13:04,200901,200801,Other Reporting Airports      ,CITY OF DERRY (EGLINTON)      ,LIVERPOOL                     , 4426 , 4426 , 0 , 5760 , 5760 , 0 ,-23.15972 ,N,N
26-Mar-2009 13:04,200901,200801,Other Reporting Airports      ,CITY OF DERRY (EGLINTON)      ,PRESTWICK                     , 3575 , 3575 , 0 , 5004 , 5004 , 0 ,-28.55715 ,N,N
26-Mar-2009 13:04,200901,200801,Other Reporting Airports      ,CONINGSBY                     ,EDINBURGH                     , 0 , 0 , 0 , 2 , 0 , 2 ,-100 ,N,Y
26-Mar-2009 13:04,200901,200801,Other Reporting Airports      ,COVENTRY                      ,INVERNESS                     , 0 , 0 , 0 , 15 , 0 , 15 ,-100 ,N,N
26-Mar-2009 13:04,200901,200801,Other Reporting Airports      ,COVENTRY                      ,JERSEY                        , 0 , 0 , 0 , 1767 , 1767 , 0 ,-100 ,N,N
26-Mar-2009 13:04,200901,200801,Other Reporting Airports      ,DONCASTER SHEFFIELD           ,FARNBOROUGH                   , 31 , 0 , 31 , 0 , 0 , 0 ,Null,N,N
26-Mar-2009 13:04,200901,200801,Other Reporting Airports      ,DONCASTER SHEFFIELD           ,JERSEY                        , 0 , 0 , 0 , 1892 , 1892 , 0 ,-100 ,N,N
26-Mar-2009 13:04,200901,200801,Other Reporting Airports      ,DURHAM TEES VALLEY            ,LIVERPOOL                     , 0 , 0 , 0 , 55 , 0 , 55 ,-100 ,N,N
26-Mar-2009 13:04,200901,200801,Other Reporting Airports      ,EAST MIDLANDS INTERNATIONAL   ,EDINBURGH                     , 9872 , 9872 , 0 , 12245 , 12245 , 0 ,-19.37934 ,N,N
26-Mar-2009 13:04,200901,200801,Other Reporting Airports      ,EAST MIDLANDS INTERNATIONAL   ,GLASGOW                       , 9208 , 9208 , 0 , 11282 , 11282 , 0 ,-18.38326 ,N,N
26-Mar-2009 13:04,200901,200801,Other Reporting Airports      ,EAST MIDLANDS INTERNATIONAL   ,INVERNESS                     , 2162 , 2162 , 0 , 2686 , 2686 , 0 ,-19.50856 ,N,N
26-Mar-2009 13:04,200901,200801,Other Reporting Airports      ,EAST MIDLANDS INTERNATIONAL   ,ISLE OF MAN                   , 301 , 301 , 0 , 0 , 0 , 0 ,Null,N,N
26-Mar-2009 13:04,200901,200801,Other Reporting Airports      ,EAST MIDLANDS INTERNATIONAL   ,JERSEY                        , 1731 , 1731 , 0 , 1864 , 1864 , 0 ,-7.135193 ,N,N
26-Mar-2009 13:04,200901,200801,Other Reporting Airports      ,EDAY                          ,KIRKWALL                      , 76 , 76 , 0 , 73 , 73 , 0 , 4.109589 ,N,N
26-Mar-2009 13:04,200901,200801,Other Reporting Airports      ,EDINBURGH                     ,EXETER                        , 3743 , 3743 , 0 , 4348 , 4348 , 0 ,-13.91444 ,N,N
26-Mar-2009 13:04,200901,200801,Other Reporting Airports      ,EDINBURGH                     ,FARNBOROUGH                   , 16 , 0 , 16 , 21 , 0 , 21 ,-23.80952 ,Y,Y
26-Mar-2009 13:04,200901,200801,Other Reporting Airports      ,EDINBURGH                     ,INVERNESS                     , 271 , 271 , 0 , 644 , 644 , 0 ,-57.91925 ,N,N
26-Mar-2009 13:04,200901,200801,Other Reporting Airports      ,EDINBURGH                     ,ISLE OF MAN                   , 743 , 743 , 0 , 846 , 846 , 0 ,-12.17494 ,N,N
26-Mar-2009 13:04,200901,200801,Other Reporting Airports      ,EDINBURGH                     ,JERSEY                        , 230 , 230 , 0 , 1099 , 1099 , 0 ,-79.07188 ,N,N
26-Mar-2009 13:04,200901,200801,Other Reporting Airports      ,EDINBURGH                     ,KIRKWALL                      , 2215 , 2215 , 0 , 2072 , 2072 , 0 , 6.901545 ,N,N
26-Mar-2009 13:04,200901,200801,Other Reporting Airports      ,EDINBURGH                     ,LEEDS BRADFORD                , 2043 , 2043 , 0 , 3938 , 3938 , 0 ,-48.12087 ,N,N
26-Mar-2009 13:04,200901,200801,Other Reporting Airports      ,EDINBURGH                     ,MANCHESTER                    , 13125 , 13125 , 0 , 18937 , 18937 , 0 ,-30.69124 ,N,N
26-Mar-2009 13:04,200901,200801,Other Reporting Airports      ,EDINBURGH                     ,NEWQUAY                       , 0 , 0 , 0 , 301 , 301 , 0 ,-100 ,N,N
26-Mar-2009 13:04,200901,200801,Other Reporting Airports      ,EDINBURGH                     ,NORWICH                       , 3450 , 3450 , 0 , 3746 , 3746 , 0 ,-7.901762 ,N,N
26-Mar-2009 13:04,200901,200801,Other Reporting Airports      ,EDINBURGH                     ,SOUTHAMPTON                   , 12264 , 12264 , 0 , 14631 , 14631 , 0 ,-16.17798 ,N,N
26-Mar-2009 13:04,200901,200801,Other Reporting Airports      ,EDINBURGH                     ,STORNOWAY                     , 2194 , 2194 , 0 , 1779 , 1779 , 0 , 23.32771 ,N,N
26-Mar-2009 13:04,200901,200801,Other Reporting Airports      ,EDINBURGH                     ,SUMBURGH                      , 2106 , 2106 , 0 , 2087 , 2087 , 0 , 0.9103977 ,N,N
26-Mar-2009 13:04,200901,200801,Other Reporting Airports      ,EDINBURGH                     ,WICK                          , 564 , 564 , 0 , 448 , 448 , 0 , 25.89286 ,N,N
26-Mar-2009 13:04,200901,200801,Other Reporting Airports      ,EXETER                        ,GLASGOW                       , 1826 , 1826 , 0 , 2516 , 2516 , 0 ,-27.42448 ,N,N
26-Mar-2009 13:04,200901,200801,Other Reporting Airports      ,EXETER                        ,GUERNSEY                      , 1605 , 1605 , 0 , 1643 , 1643 , 0 ,-2.312842 ,N,N
26-Mar-2009 13:04,200901,200801,Other Reporting Airports      ,EXETER                        ,JERSEY                        , 1840 , 1840 , 0 , 2015 , 2015 , 0 ,-8.684863 ,N,N
26-Mar-2009 13:04,200901,200801,Other Reporting Airports      ,EXETER                        ,LEEDS BRADFORD                , 907 , 907 , 0 , 1057 , 1057 , 0 ,-14.19111 ,N,N
26-Mar-2009 13:04,200901,200801,Other Reporting Airports      ,EXETER                        ,MANCHESTER                    , 3652 , 3652 , 0 , 3965 , 3965 , 0 ,-7.894073 ,N,N
26-Mar-2009 13:04,200901,200801,Other Reporting Airports      ,EXETER                        ,NEWCASTLE                     , 2430 , 2430 , 0 , 3427 , 3427 , 0 ,-29.0925 ,N,N
26-Mar-2009 13:04,200901,200801,Other Reporting Airports      ,EXETER                        ,NORWICH                       , 0 , 0 , 0 , 292 , 292 , 0 ,-100 ,N,N
26-Mar-2009 13:04,200901,200801,Other Reporting Airports      ,FAIR ISLE                     ,LERWICK (TINGWALL)            , 124 , 124 , 0 , 109 , 109 , 0 , 13.76147 ,N,N
26-Mar-2009 13:04,200901,200801,Other Reporting Airports      ,FARNBOROUGH                   ,LIVERPOOL                     , 40 , 0 , 40 , 39 , 0 , 39 , 2.564103 ,N,N
26-Mar-2009 13:04,200901,200801,Other Reporting Airports      ,FARNBOROUGH                   ,MANCHESTER                    , 40 , 0 , 40 , 93 , 0 , 93 ,-56.98925 ,N,N
26-Mar-2009 13:04,200901,200801,Other Reporting Airports      ,FARNBOROUGH                   ,NEWCASTLE                     , 50 , 0 , 50 , 0 , 0 , 0 ,Null,N,N
26-Mar-2009 13:04,200901,200801,Other Reporting Airports      ,FOULA                         ,LERWICK (TINGWALL)            , 53 , 53 , 0 , 66 , 66 , 0 ,-19.69697 ,N,N
26-Mar-2009 13:04,200901,200801,London Area Airports          ,GATWICK                       ,ABERDEEN                      , 7871 , 7871 , 0 , 10754 , 10754 , 0 ,-26.80863 ,N,N
26-Mar-2009 13:04,200901,200801,London Area Airports          ,GATWICK                       ,BELFAST CITY (GEORGE BEST)    , 12466 , 12466 , 0 , 14221 , 14210 , 11 ,-12.3409 ,N,N
26-Mar-2009 13:04,200901,200801,London Area Airports          ,GATWICK                       ,BELFAST INTERNATIONAL         , 24070 , 24070 , 0 , 24277 , 24277 , 0 ,-0.8526589 ,N,N
26-Mar-2009 13:04,200901,200801,London Area Airports          ,GATWICK                       ,DONCASTER SHEFFIELD           , 40 , 0 , 40 , 0 , 0 , 0 ,Null,N,N
26-Mar-2009 13:04,200901,200801,London Area Airports          ,GATWICK                       ,DURHAM TEES VALLEY            , 44 , 0 , 44 , 0 , 0 , 0 ,Null,N,N
26-Mar-2009 13:04,200901,200801,London Area Airports          ,GATWICK                       ,EDINBURGH                     , 44658 , 44658 , 0 , 51617 , 51617 , 0 ,-13.48199 ,N,N
26-Mar-2009 13:04,200901,200801,London Area Airports          ,GATWICK                       ,GLASGOW                       , 29769 , 29769 , 0 , 39837 , 39837 , 0 ,-25.27299 ,N,N
26-Mar-2009 13:04,200901,200801,London Area Airports          ,GATWICK                       ,GUERNSEY                      , 21260 , 21260 , 0 , 22618 , 22618 , 0 ,-6.004067 ,N,N
26-Mar-2009 13:04,200901,200801,London Area Airports          ,GATWICK                       ,INVERNESS                     , 15171 , 15171 , 0 , 15428 , 15428 , 0 ,-1.665802 ,N,N
26-Mar-2009 13:04,200901,200801,London Area Airports          ,GATWICK                       ,ISLE OF MAN                   , 10104 , 10104 , 0 , 9886 , 9886 , 0 , 2.205139 ,N,N
26-Mar-2009 13:04,200901,200801,London Area Airports          ,GATWICK                       ,JERSEY                        , 32721 , 32721 , 0 , 35602 , 35602 , 0 ,-8.092242 ,N,N
26-Mar-2009 13:04,200901,200801,London Area Airports          ,GATWICK                       ,LIVERPOOL                     , 0 , 0 , 0 , 42 , 0 , 42 ,-100 ,N,N
26-Mar-2009 13:04,200901,200801,London Area Airports          ,GATWICK                       ,MANCHESTER                    , 20151 , 20111 , 40 , 30654 , 30583 , 71 ,-34.26307 ,N,N
26-Mar-2009 13:04,200901,200801,London Area Airports          ,GATWICK                       ,METRO LONDON HELIPORT         , 1 , 0 , 1 , 0 , 0 , 0 ,Null,Y,N
26-Mar-2009 13:04,200901,200801,London Area Airports          ,GATWICK                       ,NEWCASTLE                     , 7242 , 7242 , 0 , 7505 , 7505 , 0 ,-3.50433 ,N,N
26-Mar-2009 13:04,200901,200801,London Area Airports          ,GATWICK                       ,NEWQUAY                       , 2668 , 2668 , 0 , 4326 , 4326 , 0 ,-38.3264 ,N,N
26-Mar-2009 13:04,200901,200801,London Area Airports          ,GATWICK                       ,PLYMOUTH                      , 4903 , 4903 , 0 , 4868 , 4868 , 0 , 0.7189811 ,N,N
26-Mar-2009 13:04,200901,200801,Other Reporting Airports      ,GLASGOW                       ,INVERNESS                     , 0 , 0 , 0 , 70 , 0 , 70 ,-100 ,N,N
26-Mar-2009 13:04,200901,200801,Other Reporting Airports      ,GLASGOW                       ,ISLAY                         , 1470 , 1470 , 0 , 1752 , 1752 , 0 ,-16.09589 ,N,N
26-Mar-2009 13:04,200901,200801,Other Reporting Airports      ,GLASGOW                       ,ISLE OF MAN                   , 1146 , 1146 , 0 , 1192 , 1192 , 0 ,-3.85906 ,N,N
26-Mar-2009 13:04,200901,200801,Other Reporting Airports      ,GLASGOW                       ,KIRKWALL                      , 949 , 949 , 0 , 1163 , 1163 , 0 ,-18.40069 ,N,N
26-Mar-2009 13:04,200901,200801,Other Reporting Airports      ,GLASGOW                       ,LEEDS BRADFORD                , 2019 , 2019 , 0 , 2814 , 2814 , 0 ,-28.2516 ,N,N
26-Mar-2009 13:04,200901,200801,Other Reporting Airports      ,GLASGOW                       ,MANCHESTER                    , 8395 , 8395 , 0 , 11793 , 11793 , 0 ,-28.8137 ,N,N
26-Mar-2009 13:04,200901,200801,Other Reporting Airports      ,GLASGOW                       ,NEWQUAY                       , 739 , 739 , 0 , 0 , 0 , 0 ,Null,N,N
26-Mar-2009 13:04,200901,200801,Other Reporting Airports      ,GLASGOW                       ,NORWICH                       , 0 , 0 , 0 , 1061 , 1061 , 0 ,-100 ,N,N
26-Mar-2009 13:04,200901,200801,Other Reporting Airports      ,GLASGOW                       ,PLYMOUTH                      , 1648 , 1648 , 0 , 0 , 0 , 0 ,Null,N,N
26-Mar-2009 13:04,200901,200801,Other Reporting Airports      ,GLASGOW                       ,SOUTHAMPTON                   , 10314 , 10314 , 0 , 10944 , 10944 , 0 ,-5.756579 ,N,N
26-Mar-2009 13:04,200901,200801,Other Reporting Airports      ,GLASGOW                       ,STORNOWAY                     , 3292 , 3292 , 0 , 3518 , 3518 , 0 ,-6.424105 ,N,N
26-Mar-2009 13:04,200901,200801,Other Reporting Airports      ,GLASGOW                       ,SUMBURGH                      , 1169 , 1169 , 0 , 1284 , 1284 , 0 ,-8.956387 ,N,N
26-Mar-2009 13:04,200901,200801,Other Reporting Airports      ,GLASGOW                       ,TIREE                         , 448 , 448 , 0 , 443 , 443 , 0 , 1.128668 ,N,N
26-Mar-2009 13:04,200901,200801,Other Reporting Airports      ,GLOUCESTERSHIRE               ,ISLE OF MAN                   , 1074 , 1074 , 0 , 1030 , 1030 , 0 , 4.271845 ,N,N
26-Mar-2009 13:04,200901,200801,Other Reporting Airports      ,GLOUCESTERSHIRE               ,JERSEY                        , 136 , 136 , 0 , 109 , 109 , 0 , 24.77064 ,N,N
26-Mar-2009 13:04,200901,200801,Other Reporting Airports      ,GUERNSEY                      ,ISLE OF MAN                   , 326 , 326 , 0 , 255 , 255 , 0 , 27.84314 ,N,N
26-Mar-2009 13:04,200901,200801,Other Reporting Airports      ,GUERNSEY                      ,JERSEY                        , 10365 , 10365 , 0 , 10662 , 10662 , 0 ,-2.785594 ,N,N
26-Mar-2009 13:04,200901,200801,Other Reporting Airports      ,GUERNSEY                      ,MANCHESTER                    , 3693 , 3693 , 0 , 3616 , 3616 , 0 , 2.129425 ,N,N
26-Mar-2009 13:04,200901,200801,Other Reporting Airports      ,GUERNSEY                      ,NORWICH                       , 0 , 0 , 0 , 54 , 54 , 0 ,-100 ,N,N
26-Mar-2009 13:04,200901,200801,Other Reporting Airports      ,GUERNSEY                      ,SOUTHAMPTON                   , 8345 , 8345 , 0 , 7784 , 7784 , 0 , 7.207091 ,N,N
26-Mar-2009 13:04,200901,200801,London Area Airports          ,HEATHROW                      ,ABERDEEN                      , 46106 , 46106 , 0 , 47194 , 47194 , 0 ,-2.305378 ,N,N
26-Mar-2009 13:04,200901,200801,London Area Airports          ,HEATHROW                      ,BELFAST CITY (GEORGE BEST)    , 38990 , 38990 , 0 , 42611 , 42611 , 0 ,-8.497806 ,N,N
26-Mar-2009 13:04,200901,200801,London Area Airports          ,HEATHROW                      ,BELFAST INTERNATIONAL         , 15938 , 15938 , 0 , 10627 , 10627 , 0 , 49.97647 ,N,N
26-Mar-2009 13:04,200901,200801,London Area Airports          ,HEATHROW                      ,DURHAM TEES VALLEY            , 4567 , 4567 , 0 , 6108 , 6108 , 0 ,-25.22921 ,N,N
26-Mar-2009 13:04,200901,200801,London Area Airports          ,HEATHROW                      ,EDINBURGH                     , 88185 , 88185 , 0 , 93436 , 93436 , 0 ,-5.61989 ,N,N
26-Mar-2009 13:04,200901,200801,London Area Airports          ,HEATHROW                      ,GLASGOW                       , 76357 , 76357 , 0 , 82443 , 82443 , 0 ,-7.38207 ,N,N
26-Mar-2009 13:04,200901,200801,London Area Airports          ,HEATHROW                      ,INVERNESS                     , 0 , 0 , 0 , 2931 , 2931 , 0 ,-100 ,N,N
26-Mar-2009 13:04,200901,200801,London Area Airports          ,HEATHROW                      ,JERSEY                        , 5534 , 5534 , 0 , 6277 , 6277 , 0 ,-11.83686 ,N,N
26-Mar-2009 13:04,200901,200801,London Area Airports          ,HEATHROW                      ,LEEDS BRADFORD                , 7253 , 7253 , 0 , 10568 , 10568 , 0 ,-31.36828 ,N,N
26-Mar-2009 13:04,200901,200801,London Area Airports          ,HEATHROW                      ,LIVERPOOL                     , 0 , 0 , 0 , 70 , 0 , 70 ,-100 ,N,N
26-Mar-2009 13:04,200901,200801,London Area Airports          ,HEATHROW                      ,MANCHESTER                    , 70835 , 70835 , 0 , 74611 , 74611 , 0 ,-5.060916 ,N,N
26-Mar-2009 13:04,200901,200801,London Area Airports          ,HEATHROW                      ,NEWCASTLE                     , 33862 , 33862 , 0 , 36309 , 36309 , 0 ,-6.739376 ,N,N
26-Mar-2009 13:04,200901,200801,Other Reporting Airports      ,HUMBERSIDE                    ,PLYMOUTH                      , 0 , 0 , 0 , 57 , 0 , 57 ,-100 ,N,N
26-Mar-2009 13:04,200901,200801,Other Reporting Airports      ,HUMBERSIDE                    ,SOUTHAMPTON                   , 49 , 0 , 49 , 0 , 0 , 0 ,Null,N,N
26-Mar-2009 13:04,200901,200801,Other Reporting Airports      ,INVERNESS                     ,KIRKWALL                      , 1756 , 1756 , 0 , 1755 , 1755 , 0 , 5.698006E-02 ,N,N
26-Mar-2009 13:04,200901,200801,Other Reporting Airports      ,INVERNESS                     ,LEEDS BRADFORD                , 0 , 0 , 0 , 59 , 59 , 0 ,-100 ,N,N
26-Mar-2009 13:04,200901,200801,Other Reporting Airports      ,INVERNESS                     ,MANCHESTER                    , 3266 , 3266 , 0 , 1486 , 1486 , 0 , 119.7847 ,N,N
26-Mar-2009 13:04,200901,200801,Other Reporting Airports      ,INVERNESS                     ,SOUTH MARSTON                 , 7 , 0 , 7 , 0 , 0 , 0 ,Null,Y,N
26-Mar-2009 13:04,200901,200801,Other Reporting Airports      ,INVERNESS                     ,SOUTHAMPTON                   , 339 , 339 , 0 , 279 , 279 , 0 , 21.50538 ,N,N
26-Mar-2009 13:04,200901,200801,Other Reporting Airports      ,INVERNESS                     ,STORNOWAY                     , 2689 , 2689 , 0 , 2936 , 2936 , 0 ,-8.412807 ,N,N
26-Mar-2009 13:04,200901,200801,Other Reporting Airports      ,INVERNESS                     ,SUMBURGH                      , 9 , 9 , 0 , 0 , 0 , 0 ,Null,N,N
26-Mar-2009 13:04,200901,200801,Other Reporting Airports      ,ISLE OF MAN                   ,JERSEY                        , 202 , 202 , 0 , 646 , 646 , 0 ,-68.73065 ,N,N
26-Mar-2009 13:04,200901,200801,Other Reporting Airports      ,ISLE OF MAN                   ,LEEDS BRADFORD                , 840 , 840 , 0 , 1000 , 1000 , 0 ,-16 ,N,N
26-Mar-2009 13:04,200901,200801,Other Reporting Airports      ,ISLE OF MAN                   ,LIVERPOOL                     , 7909 , 7909 , 0 , 9812 , 9812 , 0 ,-19.39462 ,N,N
26-Mar-2009 13:04,200901,200801,Other Reporting Airports      ,ISLE OF MAN                   ,MANCHESTER                    , 10433 , 10433 , 0 , 11592 , 11592 , 0 ,-9.998275 ,N,N
26-Mar-2009 13:04,200901,200801,Other Reporting Airports      ,ISLE OF MAN                   ,NEWCASTLE                     , 414 , 414 , 0 , 418 , 418 , 0 ,-0.9569378 ,N,N
26-Mar-2009 13:04,200901,200801,Other Reporting Airports      ,ISLE OF MAN                   ,SOUTHAMPTON                   , 0 , 0 , 0 , 521 , 521 , 0 ,-100 ,N,N
26-Mar-2009 13:04,200901,200801,Other Reporting Airports      ,ISLES OF SCILLY (ST.MARYS)    ,NEWQUAY                       , 358 , 358 , 0 , 274 , 274 , 0 , 30.65693 ,N,N
26-Mar-2009 13:04,200901,200801,Other Reporting Airports      ,JERSEY                        ,LEEDS BRADFORD                , 0 , 0 , 0 , 6 , 0 , 6 ,-100 ,N,Y
26-Mar-2009 13:04,200901,200801,Other Reporting Airports      ,JERSEY                        ,LIVERPOOL                     , 3190 , 3190 , 0 , 0 , 0 , 0 ,Null,N,N
26-Mar-2009 13:04,200901,200801,Other Reporting Airports      ,JERSEY                        ,MANCHESTER                    , 4139 , 4139 , 0 , 6098 , 6098 , 0 ,-32.12529 ,N,N
26-Mar-2009 13:04,200901,200801,Other Reporting Airports      ,JERSEY                        ,NORWICH                       , 0 , 0 , 0 , 129 , 129 , 0 ,-100 ,N,N
26-Mar-2009 13:04,200901,200801,Other Reporting Airports      ,JERSEY                        ,PLYMOUTH                      , 489 , 489 , 0 , 675 , 675 , 0 ,-27.55556 ,N,N
26-Mar-2009 13:04,200901,200801,Other Reporting Airports      ,JERSEY                        ,SOUTHAMPTON                   , 8290 , 8290 , 0 , 8116 , 8116 , 0 , 2.143913 ,N,N
26-Mar-2009 13:04,200901,200801,Other Reporting Airports      ,KIRKWALL                      ,NORTH RONALDSAY               , 376 , 376 , 0 , 368 , 368 , 0 , 2.173913 ,N,N
26-Mar-2009 13:04,200901,200801,Other Reporting Airports      ,KIRKWALL                      ,PAPA WESTRAY                  , 244 , 244 , 0 , 277 , 277 , 0 ,-11.91336 ,N,N
26-Mar-2009 13:04,200901,200801,Other Reporting Airports      ,KIRKWALL                      ,SANDAY                        , 244 , 244 , 0 , 302 , 302 , 0 ,-19.2053 ,N,N
26-Mar-2009 13:04,200901,200801,Other Reporting Airports      ,KIRKWALL                      ,STRONSAY                      , 290 , 290 , 0 , 319 , 319 , 0 ,-9.090909 ,N,N
26-Mar-2009 13:04,200901,200801,Other Reporting Airports      ,KIRKWALL                      ,SUMBURGH                      , 628 , 628 , 0 , 674 , 674 , 0 ,-6.824926 ,N,N
26-Mar-2009 13:04,200901,200801,Other Reporting Airports      ,KIRKWALL                      ,WESTRAY                       , 296 , 296 , 0 , 246 , 246 , 0 , 20.3252 ,N,N
26-Mar-2009 13:04,200901,200801,Other Reporting Airports      ,LEEDS BRADFORD                ,NEWQUAY                       , 1908 , 1908 , 0 , 1177 , 1177 , 0 , 62.10705 ,N,N
26-Mar-2009 13:04,200901,200801,Other Reporting Airports      ,LEEDS BRADFORD                ,SOUTHAMPTON                   , 5209 , 5209 , 0 , 6054 , 6054 , 0 ,-13.95771 ,N,N
26-Mar-2009 13:04,200901,200801,Other Reporting Airports      ,LEEDS BRADFORD                ,WICK                          , 0 , 0 , 0 , 15 , 0 , 15 ,-100 ,N,N
26-Mar-2009 13:04,200901,200801,Other Reporting Airports      ,LERWICK (TINGWALL)            ,OUT SKERRIES                  , 11 , 11 , 0 , 19 , 19 , 0 ,-42.10526 ,N,N
26-Mar-2009 13:04,200901,200801,Other Reporting Airports      ,LERWICK (TINGWALL)            ,PAPA STOUR                    , 14 , 14 , 0 , 11 , 11 , 0 , 27.27273 ,N,N
26-Mar-2009 13:04,200901,200801,London Area Airports          ,LONDON CITY                   ,BELFAST CITY (GEORGE BEST)    , 0 , 0 , 0 , 1449 , 1449 , 0 ,-100 ,N,N
26-Mar-2009 13:04,200901,200801,London Area Airports          ,LONDON CITY                   ,DUNDEE                        , 2581 , 2581 , 0 , 3266 , 3266 , 0 ,-20.97367 ,N,N
26-Mar-2009 13:04,200901,200801,London Area Airports          ,LONDON CITY                   ,EDINBURGH                     , 22051 , 22051 , 0 , 29373 , 29373 , 0 ,-24.92765 ,N,N
26-Mar-2009 13:04,200901,200801,London Area Airports          ,LONDON CITY                   ,GLASGOW                       , 8045 , 8045 , 0 , 8736 , 8736 , 0 ,-7.909799 ,N,N
26-Mar-2009 13:04,200901,200801,London Area Airports          ,LONDON CITY                   ,ISLE OF MAN                   , 2202 , 2202 , 0 , 4729 , 4729 , 0 ,-53.43624 ,N,N
26-Mar-2009 13:04,200901,200801,London Area Airports          ,LONDON CITY                   ,JERSEY                        , 492 , 492 , 0 , 876 , 876 , 0 ,-43.83562 ,N,N
26-Mar-2009 13:04,200901,200801,London Area Airports          ,LONDON CITY                   ,MANCHESTER                    , 5173 , 5173 , 0 , 8285 , 8285 , 0 ,-37.56186 ,N,N
26-Mar-2009 13:04,200901,200801,London Area Airports          ,LUTON                         ,ABERDEEN                      , 7415 , 7415 , 0 , 11294 , 11294 , 0 ,-34.34567 ,N,N
26-Mar-2009 13:04,200901,200801,London Area Airports          ,LUTON                         ,BELFAST INTERNATIONAL         , 16720 , 16720 , 0 , 19043 , 19043 , 0 ,-12.19871 ,N,N
26-Mar-2009 13:04,200901,200801,London Area Airports          ,LUTON                         ,BLACKPOOL                     , 0 , 0 , 0 , 54 , 0 , 54 ,-100 ,N,N
26-Mar-2009 13:04,200901,200801,London Area Airports          ,LUTON                         ,BOURNEMOUTH                   , 0 , 0 , 0 , 34 , 0 , 34 ,-100 ,N,N
26-Mar-2009 13:04,200901,200801,London Area Airports          ,LUTON                         ,CARDIFF WALES                 , 60 , 0 , 60 , 0 , 0 , 0 ,Null,N,N
26-Mar-2009 13:04,200901,200801,London Area Airports          ,LUTON                         ,CITY OF DERRY (EGLINTON)      , 1955 , 1955 , 0 , 0 , 0 , 0 ,Null,N,N
26-Mar-2009 13:04,200901,200801,London Area Airports          ,LUTON                         ,EAST MIDLANDS INTERNATIONAL   , 4 , 0 , 4 , 5 , 0 , 5 ,-20 ,Y,Y
26-Mar-2009 13:04,200901,200801,London Area Airports          ,LUTON                         ,EDINBURGH                     , 22093 , 22093 , 0 , 24386 , 24386 , 0 ,-9.402936 ,N,N
26-Mar-2009 13:04,200901,200801,London Area Airports          ,LUTON                         ,FARNBOROUGH                   , 3 , 0 , 3 , 1 , 0 , 1 , 200 ,Y,Y
26-Mar-2009 13:04,200901,200801,London Area Airports          ,LUTON                         ,GLASGOW                       , 22323 , 22323 , 0 , 27793 , 27793 , 0 ,-19.68122 ,N,N
26-Mar-2009 13:04,200901,200801,London Area Airports          ,LUTON                         ,HUMBERSIDE                    , 59 , 0 , 59 , 0 , 0 , 0 ,Null,N,N
26-Mar-2009 13:04,200901,200801,London Area Airports          ,LUTON                         ,INVERNESS                     , 3449 , 3449 , 0 , 6318 , 6318 , 0 ,-45.40994 ,N,N
26-Mar-2009 13:04,200901,200801,London Area Airports          ,LUTON                         ,ISLE OF MAN                   , 1533 , 1533 , 0 , 1074 , 1074 , 0 , 42.73743 ,N,N
26-Mar-2009 13:04,200901,200801,London Area Airports          ,LUTON                         ,JERSEY                        , 716 , 716 , 0 , 0 , 0 , 0 ,Null,N,N
26-Mar-2009 13:04,200901,200801,London Area Airports          ,LUTON                         ,LIVERPOOL                     , 28 , 0 , 28 , 0 , 0 , 0 ,Null,N,N
26-Mar-2009 13:04,200901,200801,London Area Airports          ,LUTON                         ,MANCHESTER                    , 29 , 0 , 29 , 7 , 0 , 7 , 314.2857 ,N,Y
26-Mar-2009 13:04,200901,200801,London Area Airports          ,LUTON                         ,NEWCASTLE                     , 0 , 0 , 0 , 40 , 0 , 40 ,-100 ,N,N
26-Mar-2009 13:04,200901,200801,Other Reporting Airports      ,MANCHESTER                    ,NEWCASTLE                     , 0 , 0 , 0 , 324 , 0 , 324 ,-100 ,N,N
26-Mar-2009 13:04,200901,200801,Other Reporting Airports      ,MANCHESTER                    ,NEWQUAY                       , 954 , 954 , 0 , 763 , 763 , 0 , 25.03277 ,N,N
26-Mar-2009 13:04,200901,200801,Other Reporting Airports      ,MANCHESTER                    ,NORWICH                       , 2546 , 2546 , 0 , 3339 , 3339 , 0 ,-23.74963 ,N,N
26-Mar-2009 13:04,200901,200801,Other Reporting Airports      ,MANCHESTER                    ,PLYMOUTH                      , 2020 , 2020 , 0 , 3062 , 3062 , 0 ,-34.03004 ,N,N
26-Mar-2009 13:04,200901,200801,Other Reporting Airports      ,MANCHESTER                    ,SOUTHAMPTON                   , 10143 , 10000 , 143 , 12337 , 12337 , 0 ,-17.7839 ,N,N
26-Mar-2009 13:04,200901,200801,Other Reporting Airports      ,NEWCASTLE                     ,NEWQUAY                       , 407 , 407 , 0 , 0 , 0 , 0 ,Null,N,N
26-Mar-2009 13:04,200901,200801,Other Reporting Airports      ,NEWCASTLE                     ,PLYMOUTH                      , 838 , 838 , 0 , 0 , 0 , 0 ,Null,N,N
26-Mar-2009 13:04,200901,200801,Other Reporting Airports      ,NEWCASTLE                     ,SOUTHAMPTON                   , 7469 , 7469 , 0 , 8407 , 8325 , 82 ,-11.15737 ,N,N
26-Mar-2009 13:04,200901,200801,Other Reporting Airports      ,NEWQUAY                       ,PLYMOUTH                      , 64 , 64 , 0 , 0 , 0 , 0 ,Null,N,N
26-Mar-2009 13:04,200901,200801,Other Reporting Airports      ,OBAN (NORTH CONNEL)           ,TIREE                         , 74 , 74 , 0 , 0 , 0 , 0 ,Null,N,N
26-Mar-2009 13:04,200901,200801,London Area Airports          ,STANSTED                      ,BELFAST CITY (GEORGE BEST)    , 20377 , 20377 , 0 , 22743 , 22743 , 0 ,-10.4032 ,N,N
26-Mar-2009 13:04,200901,200801,London Area Airports          ,STANSTED                      ,BELFAST INTERNATIONAL         , 20579 , 20579 , 0 , 20783 , 20783 , 0 ,-0.9815715 ,N,N
26-Mar-2009 13:04,200901,200801,London Area Airports          ,STANSTED                      ,BLACKPOOL                     , 0 , 0 , 0 , 71 , 0 , 71 ,-100 ,N,N
26-Mar-2009 13:04,200901,200801,London Area Airports          ,STANSTED                      ,CITY OF DERRY (EGLINTON)      , 6306 , 6306 , 0 , 11086 , 11086 , 0 ,-43.11745 ,N,N
26-Mar-2009 13:04,200901,200801,London Area Airports          ,STANSTED                      ,EDINBURGH                     , 24408 , 24408 , 0 , 30282 , 30282 , 0 ,-19.39766 ,N,N
26-Mar-2009 13:04,200901,200801,London Area Airports          ,STANSTED                      ,GLASGOW                       , 22545 , 22545 , 0 , 25701 , 25701 , 0 ,-12.27968 ,N,N
26-Mar-2009 13:04,200901,200801,London Area Airports          ,STANSTED                      ,GUERNSEY                      , 1257 , 1257 , 0 , 1606 , 1606 , 0 ,-21.73101 ,N,N
26-Mar-2009 13:04,200901,200801,London Area Airports          ,STANSTED                      ,MANCHESTER                    , 0 , 0 , 0 , 1104 , 1104 , 0 ,-100 ,N,N
26-Mar-2009 13:04,200901,200801,London Area Airports          ,STANSTED                      ,NEWCASTLE                     , 10987 , 10987 , 0 , 17428 , 17428 , 0 ,-36.95777 ,N,N
26-Mar-2009 13:04,200901,200801,London Area Airports          ,STANSTED                      ,NEWQUAY                       , 0 , 0 , 0 , 4887 , 4887 , 0 ,-100 ,N,N
26-Mar-2009 13:04,200901,200801,London Area Airports          ,STANSTED                      ,PRESTWICK                     , 21055 , 21055 , 0 , 28535 , 28535 , 0 ,-26.21342 ,N,N
