rundate,report_period,airport_cluster,rpt_apt_grp_cd,rpt_apt_grp_name,rpt_apt_name,total_atms,atms_shd_uk,atms_shd_fe,atms_shd_fn,atms_cht_uk,atms_cht_fe,atms_cht_fn
10/15/2008 8:33,1991,1,1,London Area Airports,GATWICK,162894,64758,21260,22406,46745,3054,4671
10/15/2008 8:33,1991,1,1,London Area Airports,HEATHROW,362032,198313,94345,64698,3599,459,618
10/15/2008 8:33,1991,1,1,London Area Airports,LONDON CITY,9651,6509,3022,0,115,5,0
10/15/2008 8:33,1991,1,1,London Area Airports,LUTON,27725,2696,4143,324,16472,2520,1570
10/15/2008 8:33,1991,1,1,London Area Airports,SOUTHEND,6537,672,3,4,4970,832,56
10/15/2008 8:33,1991,1,1,London Area Airports,STANSTED,35770,16341,8865,2017,6689,423,1435
10/15/2008 8:33,1991,1,2,Miscellaneous,METRO LONDON HELIPORT,1333,0,0,0,1333,0,0
10/15/2008 8:33,1991,1,3,Other UK Airports,ABERDEEN,86131,27929,1296,0,55986,268,652
10/15/2008 8:33,1991,1,3,Other UK Airports,BELFAST CITY (GEORGE BEST),18434,18205,0,0,189,38,2
10/15/2008 8:33,1991,1,3,Other UK Airports,BELFAST INTERNATIONAL,35986,24631,291,78,10156,343,487
10/15/2008 8:33,1991,1,3,Other UK Airports,BEMBRIDGE,33,0,0,0,25,8,0
10/15/2008 8:33,1991,1,3,Other UK Airports,BENBECULA,2306,2147,0,0,157,2,0
10/15/2008 8:33,1991,1,3,Other UK Airports,BIRMINGHAM,65513,39219,10657,1418,12979,701,539
10/15/2008 8:33,1991,1,3,Other UK Airports,BLACKPOOL,8206,2596,0,0,5565,40,5
10/15/2008 8:33,1991,1,3,Other UK Airports,BOURNEMOUTH,4842,2870,23,7,1688,152,102
10/15/2008 8:33,1991,1,3,Other UK Airports,BRISTOL,21927,8297,5649,824,6586,426,145
10/15/2008 8:33,1991,1,3,Other UK Airports,CAMBRIDGE,2268,1997,0,0,171,79,21
10/15/2008 8:33,1991,1,3,Other UK Airports,CARDIFF WALES,11230,4299,2001,436,3819,369,306
10/15/2008 8:33,1991,1,3,Other UK Airports,CARLISLE,182,10,0,0,126,46,0
10/15/2008 8:33,1991,1,3,Other UK Airports,CITY OF DERRY (EGLINTON),2395,1529,655,0,85,126,0
10/15/2008 8:33,1991,1,3,Other UK Airports,COVENTRY,1985,331,185,0,1385,77,7
10/15/2008 8:33,1991,1,3,Other UK Airports,DUNDEE,1977,1765,0,0,192,20,0
10/15/2008 8:33,1991,1,3,Other UK Airports,DURHAM TEES VALLEY,11413,8227,16,4,2983,119,64
10/15/2008 8:33,1991,1,3,Other UK Airports,EAST MIDLANDS INTERNATIONAL,27868,12990,1333,2,12727,388,428
10/15/2008 8:33,1991,1,3,Other UK Airports,EDINBURGH,49504,39382,3492,0,5794,360,476
10/15/2008 8:33,1991,1,3,Other UK Airports,EXETER,6909,4131,26,4,2303,274,171
10/15/2008 8:33,1991,1,3,Other UK Airports,GLASGOW,71187,50312,6350,2165,10615,871,874
10/15/2008 8:33,1991,1,3,Other UK Airports,GLOUCESTERSHIRE,643,312,0,0,311,16,4
10/15/2008 8:33,1991,1,3,Other UK Airports,HAWARDEN,115,0,0,0,108,3,4
10/15/2008 8:33,1991,1,3,Other UK Airports,HUMBERSIDE,11035,4791,430,0,5696,105,13
10/15/2008 8:33,1991,1,3,Other UK Airports,INVERNESS,5685,5232,0,0,414,32,7
10/15/2008 8:33,1991,1,3,Other UK Airports,ISLAY,1162,1098,0,0,64,0,0
10/15/2008 8:33,1991,1,3,Other UK Airports,ISLE OF MAN,16439,14113,0,0,2280,42,4
10/15/2008 8:33,1991,1,3,Other UK Airports,ISLES OF SCILLY (ST.MARYS),8382,7820,0,0,562,0,0
10/15/2008 8:33,1991,1,3,Other UK Airports,ISLES OF SCILLY (TRESCO),1141,1121,0,0,20,0,0
10/15/2008 8:33,1991,1,3,Other UK Airports,KENT INTERNATIONAL,273,7,0,38,82,1,145
10/15/2008 8:33,1991,1,3,Other UK Airports,KIRKWALL,10962,9844,0,0,1110,0,8
10/15/2008 8:33,1991,1,3,Other UK Airports,LEEDS BRADFORD,18829,14788,2361,0,1137,205,338
10/15/2008 8:33,1991,1,3,Other UK Airports,LERWICK (TINGWALL),2837,1473,0,0,1364,0,0
10/15/2008 8:33,1991,1,3,Other UK Airports,LIVERPOOL,21152,8422,2273,0,10100,344,13
10/15/2008 8:33,1991,1,3,Other UK Airports,LYDD,2503,1859,0,0,492,146,6
10/15/2008 8:33,1991,1,3,Other UK Airports,MANCHESTER,124269,50553,24440,5495,37772,2414,3595
10/15/2008 8:33,1991,1,3,Other UK Airports,NEWCASTLE,28560,15787,2728,690,8331,493,531
10/15/2008 8:33,1991,1,3,Other UK Airports,NORWICH,9036,6259,0,0,2457,214,106
10/15/2008 8:33,1991,1,3,Other UK Airports,PENZANCE HELIPORT,5228,5130,0,0,98,0,0
10/15/2008 8:33,1991,1,3,Other UK Airports,PLYMOUTH,5097,4207,0,0,890,0,0
10/15/2008 8:33,1991,1,3,Other UK Airports,PRESTWICK,2696,6,22,1047,1237,32,352
10/15/2008 8:33,1991,1,3,Other UK Airports,SCATSTA,649,26,0,0,623,0,0
10/15/2008 8:33,1991,1,3,Other UK Airports,SHOREHAM,81,0,0,0,81,0,0
10/15/2008 8:33,1991,1,3,Other UK Airports,SOUTHAMPTON,18416,13817,2523,349,1481,212,34
10/15/2008 8:33,1991,1,3,Other UK Airports,STORNOWAY,3795,3711,0,0,80,4,0
10/15/2008 8:33,1991,1,3,Other UK Airports,SUMBURGH,24829,2641,0,0,21699,331,158
10/15/2008 8:33,1991,1,3,Other UK Airports,SWANSEA,80,0,0,0,76,4,0
10/15/2008 8:33,1991,1,3,Other UK Airports,TIREE,782,734,0,0,44,4,0
10/15/2008 8:33,1991,1,3,Other UK Airports,WICK,3905,3839,0,0,55,9,2
10/15/2008 8:33,1991,2,4,Channel Islands Airports,ALDERNEY,8348,8284,0,0,64,0,0
10/15/2008 8:33,1991,2,4,Channel Islands Airports,GUERNSEY,39296,36730,594,169,1720,64,19
10/15/2008 8:33,1991,2,4,Channel Islands Airports,JERSEY,46609,41564,692,268,3635,261,189
10/15/2008 8:33,1991,2,N,Miscellaneous,BARROW-IN-FURNESS,219,63,0,0,156,0,0
10/15/2008 8:33,1991,2,N,Miscellaneous,UNST,4464,430,0,0,4034,0,0
