rundate,this_period,last_period,group_name,airport_1_name,airport_2_name,total_pax_this_period,total_pax_scheduled_this_period,total_pax_charter_this_period,total_pax_last_period,total_pax_scheduled_last_period,total_pax_charter_last_period,total_pax_percent,charters_tm_only_small_acf,charters_lm_only_small_acf
24-May-2011 11:52,201103,201003,Other Reporting Airports      ,ABERDEEN                      ,BELFAST CITY (GEORGE BEST)    , 1223 , 1223 , 0 , 1609 , 1609 , 0 ,-23.99006 ,N,N
24-May-2011 11:52,201103,201003,Other Reporting Airports      ,ABERDEEN                      ,BIRMINGHAM                    , 7207 , 7207 , 0 , 8370 , 8370 , 0 ,-13.89486 ,N,N
24-May-2011 11:52,201103,201003,Other Reporting Airports      ,ABERDEEN                      ,BRISTOL                       , 3008 , 3008 , 0 , 1984 , 1984 , 0 , 51.6129 ,N,N
24-May-2011 11:52,201103,201003,Other Reporting Airports      ,ABERDEEN                      ,CARDIFF WALES                 , 468 , 468 , 0 , 0 , 0 , 0 ,Null,N,N
24-May-2011 11:52,201103,201003,Other Reporting Airports      ,ABERDEEN                      ,DURHAM TEES VALLEY            , 3067 , 3067 , 0 , 2963 , 2963 , 0 , 3.509956 ,N,N
24-May-2011 11:52,201103,201003,Other Reporting Airports      ,ABERDEEN                      ,EAST MIDLANDS INTERNATIONAL   , 1983 , 1983 , 0 , 1803 , 1803 , 0 , 9.983361 ,N,N
24-May-2011 11:52,201103,201003,Other Reporting Airports      ,ABERDEEN                      ,EXETER                        , 1494 , 1494 , 0 , 2482 , 2482 , 0 ,-39.80661 ,N,N
24-May-2011 11:52,201103,201003,Other Reporting Airports      ,ABERDEEN                      ,HUMBERSIDE                    , 2896 , 2896 , 0 , 2639 , 2639 , 0 , 9.738538 ,N,N
24-May-2011 11:52,201103,201003,Other Reporting Airports      ,ABERDEEN                      ,KIRKWALL                      , 3406 , 3406 , 0 , 3491 , 3491 , 0 ,-2.434832 ,N,N
24-May-2011 11:52,201103,201003,Other Reporting Airports      ,ABERDEEN                      ,LEEDS BRADFORD                , 58 , 58 , 0 , 1191 , 1191 , 0 ,-95.13014 ,N,N
24-May-2011 11:52,201103,201003,Other Reporting Airports      ,ABERDEEN                      ,LIVERPOOL (JOHN LENNON)       , 875 , 875 , 0 , 1187 , 1187 , 0 ,-26.28475 ,N,N
24-May-2011 11:52,201103,201003,Other Reporting Airports      ,ABERDEEN                      ,MANCHESTER                    , 12046 , 11642 , 404 , 8872 , 8280 , 592 , 35.77547 ,N,N
24-May-2011 11:52,201103,201003,Other Reporting Airports      ,ABERDEEN                      ,NEWCASTLE                     , 2838 , 2838 , 0 , 2453 , 2453 , 0 , 15.69507 ,N,N
24-May-2011 11:52,201103,201003,Other Reporting Airports      ,ABERDEEN                      ,NORWICH                       , 5503 , 5503 , 0 , 5276 , 5276 , 0 , 4.302502 ,N,N
24-May-2011 11:52,201103,201003,Other Reporting Airports      ,ABERDEEN                      ,SCATSTA                       , 14661 , 0 , 14661 , 13438 , 86 , 13352 , 9.101057 ,N,N
24-May-2011 11:52,201103,201003,Other Reporting Airports      ,ABERDEEN                      ,SOUTHAMPTON                   , 2510 , 2510 , 0 , 2874 , 2874 , 0 ,-12.66527 ,N,N
24-May-2011 11:52,201103,201003,Other Reporting Airports      ,ABERDEEN                      ,STORNOWAY                     , 537 , 537 , 0 , 654 , 654 , 0 ,-17.88991 ,N,N
24-May-2011 11:52,201103,201003,Other Reporting Airports      ,ABERDEEN                      ,SUMBURGH                      , 5534 , 5381 , 153 , 5249 , 5187 , 62 , 5.429605 ,N,N
24-May-2011 11:52,201103,201003,Other Reporting Airports      ,ABERDEEN                      ,WICK                          , 1507 , 1507 , 0 , 1325 , 1325 , 0 , 13.73585 ,N,N
24-May-2011 11:52,201103,201003,Other Reporting Airports      ,ALDERNEY                      ,GUERNSEY                      , 3484 , 3484 , 0 , 3067 , 3067 , 0 , 13.59635 ,N,N
24-May-2011 11:52,201103,201003,Other Reporting Airports      ,ALDERNEY                      ,JERSEY                        , 0 , 0 , 0 , 86 , 86 , 0 ,-100 ,N,N
24-May-2011 11:52,201103,201003,Other Reporting Airports      ,ALDERNEY                      ,SOUTHAMPTON                   , 1558 , 1558 , 0 , 1735 , 1735 , 0 ,-10.20173 ,N,N
24-May-2011 11:52,201103,201003,Other Reporting Airports      ,ANGLESEY (VALLEY)             ,CARDIFF WALES                 , 996 , 996 , 0 , 813 , 813 , 0 , 22.50923 ,N,N
24-May-2011 11:52,201103,201003,Other Reporting Airports      ,BARRA                         ,BENBECULA                     , 135 , 135 , 0 , 96 , 96 , 0 , 40.625 ,N,N
24-May-2011 11:52,201103,201003,Other Reporting Airports      ,BARRA                         ,GLASGOW                       , 560 , 560 , 0 , 528 , 528 , 0 , 6.060606 ,N,N
24-May-2011 11:52,201103,201003,Other Reporting Airports      ,BELFAST CITY (GEORGE BEST)    ,BIRMINGHAM                    , 26500 , 26500 , 0 , 18203 , 18203 , 0 , 45.5804 ,N,N
24-May-2011 11:52,201103,201003,Other Reporting Airports      ,BELFAST CITY (GEORGE BEST)    ,BLACKPOOL                     , 747 , 747 , 0 , 1421 , 1421 , 0 ,-47.43139 ,N,N
24-May-2011 11:52,201103,201003,Other Reporting Airports      ,BELFAST CITY (GEORGE BEST)    ,BRISTOL                       , 3159 , 3159 , 0 , 10924 , 10924 , 0 ,-71.08202 ,N,N
24-May-2011 11:52,201103,201003,Other Reporting Airports      ,BELFAST CITY (GEORGE BEST)    ,CARDIFF WALES                 , 6446 , 6446 , 0 , 3549 , 3549 , 0 , 81.62863 ,N,N
24-May-2011 11:52,201103,201003,Other Reporting Airports      ,BELFAST CITY (GEORGE BEST)    ,DONCASTER SHEFFIELD           , 1528 , 1528 , 0 , 0 , 0 , 0 ,Null,N,N
24-May-2011 11:52,201103,201003,Other Reporting Airports      ,BELFAST CITY (GEORGE BEST)    ,DUNDEE                        , 971 , 971 , 0 , 729 , 729 , 0 , 33.19616 ,N,N
24-May-2011 11:52,201103,201003,Other Reporting Airports      ,BELFAST CITY (GEORGE BEST)    ,EAST MIDLANDS INTERNATIONAL   , 15842 , 15842 , 0 , 17133 , 17133 , 0 ,-7.535166 ,N,N
24-May-2011 11:52,201103,201003,Other Reporting Airports      ,BELFAST CITY (GEORGE BEST)    ,EDINBURGH                     , 8243 , 8243 , 0 , 10055 , 10055 , 0 ,-18.02089 ,N,N
24-May-2011 11:52,201103,201003,Other Reporting Airports      ,BELFAST CITY (GEORGE BEST)    ,EXETER                        , 979 , 979 , 0 , 0 , 0 , 0 ,Null,N,N
24-May-2011 11:52,201103,201003,Other Reporting Airports      ,BELFAST CITY (GEORGE BEST)    ,GLASGOW                       , 8732 , 8732 , 0 , 9060 , 9060 , 0 ,-3.620309 ,N,N
24-May-2011 11:52,201103,201003,Other Reporting Airports      ,BELFAST CITY (GEORGE BEST)    ,INVERNESS                     , 1386 , 1386 , 0 , 1340 , 1340 , 0 , 3.432836 ,N,N
24-May-2011 11:52,201103,201003,Other Reporting Airports      ,BELFAST CITY (GEORGE BEST)    ,ISLE OF MAN                   , 1586 , 1586 , 0 , 302 , 302 , 0 , 425.1656 ,N,N
24-May-2011 11:52,201103,201003,Other Reporting Airports      ,BELFAST CITY (GEORGE BEST)    ,LEEDS BRADFORD                , 5276 , 5276 , 0 , 6963 , 6963 , 0 ,-24.22806 ,N,N
24-May-2011 11:52,201103,201003,Other Reporting Airports      ,BELFAST CITY (GEORGE BEST)    ,LIVERPOOL (JOHN LENNON)       , 7226 , 7226 , 0 , 20230 , 20230 , 0 ,-64.28077 ,N,N
24-May-2011 11:52,201103,201003,Other Reporting Airports      ,BELFAST CITY (GEORGE BEST)    ,MANCHESTER                    , 27671 , 27671 , 0 , 20596 , 20596 , 0 , 34.35133 ,N,N
24-May-2011 11:52,201103,201003,Other Reporting Airports      ,BELFAST CITY (GEORGE BEST)    ,NEWCASTLE                     , 3108 , 3108 , 0 , 4103 , 4103 , 0 ,-24.25055 ,N,N
24-May-2011 11:52,201103,201003,Other Reporting Airports      ,BELFAST CITY (GEORGE BEST)    ,PRESTWICK                     , 0 , 0 , 0 , 6764 , 6764 , 0 ,-100 ,N,N
24-May-2011 11:52,201103,201003,Other Reporting Airports      ,BELFAST CITY (GEORGE BEST)    ,SOUTHAMPTON                   , 6278 , 6278 , 0 , 6114 , 6114 , 0 , 2.682368 ,N,N
24-May-2011 11:52,201103,201003,Other Reporting Airports      ,BELFAST INTERNATIONAL         ,BIRMINGHAM                    , 0 , 0 , 0 , 8846 , 8846 , 0 ,-100 ,N,N
24-May-2011 11:52,201103,201003,Other Reporting Airports      ,BELFAST INTERNATIONAL         ,BLACKPOOL                     , 0 , 0 , 0 , 169 , 169 , 0 ,-100 ,N,N
24-May-2011 11:52,201103,201003,Other Reporting Airports      ,BELFAST INTERNATIONAL         ,BRISTOL                       , 16590 , 16590 , 0 , 15334 , 15334 , 0 , 8.190948 ,N,N
24-May-2011 11:52,201103,201003,Other Reporting Airports      ,BELFAST INTERNATIONAL         ,EAST MIDLANDS INTERNATIONAL   , 0 , 0 , 0 , 5879 , 5879 , 0 ,-100 ,N,N
24-May-2011 11:52,201103,201003,Other Reporting Airports      ,BELFAST INTERNATIONAL         ,EDINBURGH                     , 20775 , 20775 , 0 , 20897 , 20897 , 0 ,-0.5838159 ,N,N
24-May-2011 11:52,201103,201003,Other Reporting Airports      ,BELFAST INTERNATIONAL         ,GLASGOW                       , 22048 , 22048 , 0 , 19924 , 19924 , 0 , 10.66051 ,N,N
24-May-2011 11:52,201103,201003,Other Reporting Airports      ,BELFAST INTERNATIONAL         ,ISLE OF MAN                   , 0 , 0 , 0 , 484 , 484 , 0 ,-100 ,N,N
24-May-2011 11:52,201103,201003,Other Reporting Airports      ,BELFAST INTERNATIONAL         ,LEEDS BRADFORD                , 8497 , 8497 , 0 , 7237 , 7237 , 0 , 17.41053 ,N,N
24-May-2011 11:52,201103,201003,Other Reporting Airports      ,BELFAST INTERNATIONAL         ,LIVERPOOL (JOHN LENNON)       , 36814 , 36814 , 0 , 32782 , 32782 , 0 , 12.29943 ,N,N
24-May-2011 11:52,201103,201003,Other Reporting Airports      ,BELFAST INTERNATIONAL         ,MANCHESTER                    , 221 , 0 , 221 , 9627 , 9349 , 278 ,-97.70438 ,N,N
24-May-2011 11:52,201103,201003,Other Reporting Airports      ,BELFAST INTERNATIONAL         ,NEWCASTLE                     , 15868 , 15868 , 0 , 16983 , 16983 , 0 ,-6.565389 ,N,N
24-May-2011 11:52,201103,201003,Other Reporting Airports      ,BENBECULA                     ,GLASGOW                       , 1827 , 1827 , 0 , 1847 , 1847 , 0 ,-1.082837 ,N,N
24-May-2011 11:52,201103,201003,Other Reporting Airports      ,BENBECULA                     ,STORNOWAY                     , 973 , 973 , 0 , 631 , 631 , 0 , 54.19968 ,N,N
24-May-2011 11:52,201103,201003,Other Reporting Airports      ,BIGGIN HILL                   ,GUERNSEY                      , 0 , 0 , 0 , 8 , 0 , 8 ,-100 ,N,Y
24-May-2011 11:52,201103,201003,Other Reporting Airports      ,BIRMINGHAM                    ,BRISTOL                       , 0 , 0 , 0 , 161 , 0 , 161 ,-100 ,N,N
24-May-2011 11:52,201103,201003,Other Reporting Airports      ,BIRMINGHAM                    ,CITY OF DERRY (EGLINTON)      , 4511 , 4511 , 0 , 4158 , 4158 , 0 , 8.489658 ,N,N
24-May-2011 11:52,201103,201003,Other Reporting Airports      ,BIRMINGHAM                    ,DUNDEE                        , 1786 , 1786 , 0 , 1661 , 1661 , 0 , 7.525587 ,N,N
24-May-2011 11:52,201103,201003,Other Reporting Airports      ,BIRMINGHAM                    ,EDINBURGH                     , 25967 , 25967 , 0 , 29898 , 29898 , 0 ,-13.14804 ,N,N
24-May-2011 11:52,201103,201003,Other Reporting Airports      ,BIRMINGHAM                    ,GLASGOW                       , 19358 , 19358 , 0 , 21833 , 21833 , 0 ,-11.33605 ,N,N
24-May-2011 11:52,201103,201003,Other Reporting Airports      ,BIRMINGHAM                    ,GUERNSEY                      , 2471 , 2471 , 0 , 2751 , 2751 , 0 ,-10.17812 ,N,N
24-May-2011 11:52,201103,201003,Other Reporting Airports      ,BIRMINGHAM                    ,INVERNESS                     , 2151 , 2151 , 0 , 2595 , 2595 , 0 ,-17.10983 ,N,N
24-May-2011 11:52,201103,201003,Other Reporting Airports      ,BIRMINGHAM                    ,ISLE OF MAN                   , 3596 , 3596 , 0 , 4145 , 4145 , 0 ,-13.24487 ,N,N
24-May-2011 11:52,201103,201003,Other Reporting Airports      ,BIRMINGHAM                    ,JERSEY                        , 2715 , 2715 , 0 , 3310 , 3310 , 0 ,-17.97583 ,N,N
24-May-2011 11:52,201103,201003,Other Reporting Airports      ,BIRMINGHAM                    ,NEWCASTLE                     , 1513 , 1513 , 0 , 1439 , 1439 , 0 , 5.14246 ,N,N
24-May-2011 11:52,201103,201003,Other Reporting Airports      ,BLACKPOOL                     ,ISLE OF MAN                   , 1903 , 1903 , 0 , 2205 , 2205 , 0 ,-13.69615 ,N,N
24-May-2011 11:52,201103,201003,Other Reporting Airports      ,BLACKPOOL                     ,PLYMOUTH                      , 0 , 0 , 0 , 30 , 0 , 30 ,-100 ,N,N
24-May-2011 11:52,201103,201003,Other Reporting Airports      ,BLACKPOOL                     ,SOUTH MARSTON                 , 41 , 0 , 41 , 0 , 0 , 0 ,Null,N,N
24-May-2011 11:52,201103,201003,Other Reporting Airports      ,BOURNEMOUTH                   ,EDINBURGH                     , 0 , 0 , 0 , 6390 , 6390 , 0 ,-100 ,N,N
24-May-2011 11:52,201103,201003,Other Reporting Airports      ,BOURNEMOUTH                   ,JERSEY                        , 0 , 0 , 0 , 25 , 25 , 0 ,-100 ,N,N
24-May-2011 11:52,201103,201003,Other Reporting Airports      ,BRISTOL                       ,EDINBURGH                     , 26482 , 26482 , 0 , 22414 , 22414 , 0 , 18.14937 ,N,N
24-May-2011 11:52,201103,201003,Other Reporting Airports      ,BRISTOL                       ,GLASGOW                       , 19127 , 19127 , 0 , 18531 , 18531 , 0 , 3.216232 ,N,N
24-May-2011 11:52,201103,201003,Other Reporting Airports      ,BRISTOL                       ,GUERNSEY                      , 1712 , 1712 , 0 , 1451 , 1451 , 0 , 17.98759 ,N,N
24-May-2011 11:52,201103,201003,Other Reporting Airports      ,BRISTOL                       ,HAWARDEN                      , 20 , 0 , 20 , 0 , 0 , 0 ,Null,N,N
24-May-2011 11:52,201103,201003,Other Reporting Airports      ,BRISTOL                       ,INVERNESS                     , 4451 , 4451 , 0 , 4713 , 4713 , 0 ,-5.559092 ,N,N
24-May-2011 11:52,201103,201003,Other Reporting Airports      ,BRISTOL                       ,ISLE OF MAN                   , 481 , 481 , 0 , 114 , 114 , 0 , 321.9298 ,N,N
24-May-2011 11:52,201103,201003,Other Reporting Airports      ,BRISTOL                       ,JERSEY                        , 1313 , 1313 , 0 , 1749 , 1749 , 0 ,-24.92853 ,N,N
24-May-2011 11:52,201103,201003,Other Reporting Airports      ,BRISTOL                       ,LEEDS BRADFORD                , 1185 , 1185 , 0 , 2309 , 2309 , 0 ,-48.67908 ,N,N
24-May-2011 11:52,201103,201003,Other Reporting Airports      ,BRISTOL                       ,MANCHESTER                    , 1443 , 1443 , 0 , 1540 , 1540 , 0 ,-6.298701 ,N,N
24-May-2011 11:52,201103,201003,Other Reporting Airports      ,BRISTOL                       ,NEWCASTLE                     , 16162 , 16162 , 0 , 17355 , 17355 , 0 ,-6.8741 ,N,N
24-May-2011 11:52,201103,201003,Other Reporting Airports      ,BRISTOL                       ,NEWQUAY                       , 952 , 952 , 0 , 1204 , 1204 , 0 ,-20.93023 ,N,N
24-May-2011 11:52,201103,201003,Other Reporting Airports      ,BRISTOL                       ,PLYMOUTH                      , 683 , 683 , 0 , 757 , 757 , 0 ,-9.77543 ,N,N
24-May-2011 11:52,201103,201003,Other Reporting Airports      ,CAMPBELTOWN                   ,GLASGOW                       , 844 , 844 , 0 , 762 , 762 , 0 , 10.76116 ,N,N
24-May-2011 11:52,201103,201003,Other Reporting Airports      ,CARDIFF WALES                 ,EDINBURGH                     , 7491 , 7409 , 82 , 12253 , 12253 , 0 ,-38.86395 ,N,N
24-May-2011 11:52,201103,201003,Other Reporting Airports      ,CARDIFF WALES                 ,GLASGOW                       , 4093 , 4062 , 31 , 5078 , 5078 , 0 ,-19.3974 ,N,N
24-May-2011 11:52,201103,201003,Other Reporting Airports      ,CARDIFF WALES                 ,JERSEY                        , 1319 , 1319 , 0 , 1470 , 1470 , 0 ,-10.27211 ,N,N
24-May-2011 11:52,201103,201003,Other Reporting Airports      ,CARDIFF WALES                 ,NEWCASTLE                     , 1425 , 1425 , 0 , 2098 , 2098 , 0 ,-32.07817 ,N,N
24-May-2011 11:52,201103,201003,Other Reporting Airports      ,CARDIFF WALES                 ,NEWQUAY                       , 158 , 158 , 0 , 0 , 0 , 0 ,Null,N,N
24-May-2011 11:52,201103,201003,Other Reporting Airports      ,CITY OF DERRY (EGLINTON)      ,LIVERPOOL (JOHN LENNON)       , 7767 , 7767 , 0 , 7402 , 7402 , 0 , 4.9311 ,N,N
24-May-2011 11:52,201103,201003,Other Reporting Airports      ,CITY OF DERRY (EGLINTON)      ,PRESTWICK                     , 6543 , 6543 , 0 , 6027 , 6027 , 0 , 8.561474 ,N,N
24-May-2011 11:52,201103,201003,Other Reporting Airports      ,DONCASTER SHEFFIELD           ,JERSEY                        , 721 , 721 , 0 , 1032 , 1032 , 0 ,-30.13566 ,N,N
24-May-2011 11:52,201103,201003,Other Reporting Airports      ,DUNDEE                        ,LIVERPOOL (JOHN LENNON)       , 7 , 7 , 0 , 0 , 0 , 0 ,Null,N,N
24-May-2011 11:52,201103,201003,Other Reporting Airports      ,DURHAM TEES VALLEY            ,SOUTHAMPTON                   , 828 , 828 , 0 , 540 , 540 , 0 , 53.33333 ,N,N
24-May-2011 11:52,201103,201003,Other Reporting Airports      ,EAST MIDLANDS INTERNATIONAL   ,EDINBURGH                     , 11018 , 11018 , 0 , 10654 , 10654 , 0 , 3.416557 ,N,N
24-May-2011 11:52,201103,201003,Other Reporting Airports      ,EAST MIDLANDS INTERNATIONAL   ,GLASGOW                       , 10186 , 10186 , 0 , 9835 , 9835 , 0 , 3.568887 ,N,N
24-May-2011 11:52,201103,201003,Other Reporting Airports      ,EAST MIDLANDS INTERNATIONAL   ,GUERNSEY                      , 1482 , 1482 , 0 , 1479 , 1479 , 0 , 0.2028398 ,N,N
24-May-2011 11:52,201103,201003,Other Reporting Airports      ,EAST MIDLANDS INTERNATIONAL   ,ISLE OF MAN                   , 0 , 0 , 0 , 296 , 296 , 0 ,-100 ,N,N
24-May-2011 11:52,201103,201003,Other Reporting Airports      ,EAST MIDLANDS INTERNATIONAL   ,JERSEY                        , 2455 , 2455 , 0 , 2916 , 2916 , 0 ,-15.80933 ,N,N
24-May-2011 11:52,201103,201003,Other Reporting Airports      ,EDAY                          ,KIRKWALL                      , 30 , 30 , 0 , 21 , 21 , 0 , 42.85714 ,N,N
24-May-2011 11:52,201103,201003,Other Reporting Airports      ,EDINBURGH                     ,EXETER                        , 3155 , 3155 , 0 , 4635 , 4635 , 0 ,-31.93096 ,N,N
24-May-2011 11:52,201103,201003,Other Reporting Airports      ,EDINBURGH                     ,FARNBOROUGH                   , 67 , 0 , 67 , 0 , 0 , 0 ,Null,N,N
24-May-2011 11:52,201103,201003,Other Reporting Airports      ,EDINBURGH                     ,INVERNESS                     , 0 , 0 , 0 , 261 , 261 , 0 ,-100 ,N,N
24-May-2011 11:52,201103,201003,Other Reporting Airports      ,EDINBURGH                     ,ISLE OF MAN                   , 998 , 998 , 0 , 1014 , 1014 , 0 ,-1.577909 ,N,N
24-May-2011 11:52,201103,201003,Other Reporting Airports      ,EDINBURGH                     ,JERSEY                        , 85 , 85 , 0 , 920 , 920 , 0 ,-90.76087 ,N,N
24-May-2011 11:52,201103,201003,Other Reporting Airports      ,EDINBURGH                     ,KIRKWALL                      , 2682 , 2682 , 0 , 2933 , 2933 , 0 ,-8.557791 ,N,N
24-May-2011 11:52,201103,201003,Other Reporting Airports      ,EDINBURGH                     ,LEEDS BRADFORD                , 1209 , 1209 , 0 , 1480 , 1480 , 0 ,-18.31081 ,N,N
24-May-2011 11:52,201103,201003,Other Reporting Airports      ,EDINBURGH                     ,MANCHESTER                    , 10996 , 10996 , 0 , 13762 , 13762 , 0 ,-20.09882 ,N,N
24-May-2011 11:52,201103,201003,Other Reporting Airports      ,EDINBURGH                     ,MANSTON (KENT INT)            , 1560 , 1560 , 0 , 0 , 0 , 0 ,Null,N,N
24-May-2011 11:52,201103,201003,Other Reporting Airports      ,EDINBURGH                     ,NEWCASTLE                     , 297 , 297 , 0 , 0 , 0 , 0 ,Null,N,N
24-May-2011 11:52,201103,201003,Other Reporting Airports      ,EDINBURGH                     ,NEWQUAY                       , 166 , 166 , 0 , 109 , 109 , 0 , 52.29358 ,N,N
24-May-2011 11:52,201103,201003,Other Reporting Airports      ,EDINBURGH                     ,NORWICH                       , 3502 , 3502 , 0 , 3941 , 3941 , 0 ,-11.13931 ,N,N
24-May-2011 11:52,201103,201003,Other Reporting Airports      ,EDINBURGH                     ,SOUTHAMPTON                   , 16134 , 16134 , 0 , 17139 , 17139 , 0 ,-5.863819 ,N,N
24-May-2011 11:52,201103,201003,Other Reporting Airports      ,EDINBURGH                     ,STORNOWAY                     , 1934 , 1934 , 0 , 1822 , 1822 , 0 , 6.147091 ,N,N
24-May-2011 11:52,201103,201003,Other Reporting Airports      ,EDINBURGH                     ,SUMBURGH                      , 2665 , 2665 , 0 , 2608 , 2608 , 0 , 2.185583 ,N,N
24-May-2011 11:52,201103,201003,Other Reporting Airports      ,EDINBURGH                     ,WICK                          , 609 , 609 , 0 , 639 , 639 , 0 ,-4.694836 ,N,N
24-May-2011 11:52,201103,201003,Other Reporting Airports      ,EXETER                        ,GLASGOW                       , 1256 , 1256 , 0 , 2409 , 2409 , 0 ,-47.86218 ,N,N
24-May-2011 11:52,201103,201003,Other Reporting Airports      ,EXETER                        ,GUERNSEY                      , 1938 , 1938 , 0 , 1765 , 1765 , 0 , 9.8017 ,N,N
24-May-2011 11:52,201103,201003,Other Reporting Airports      ,EXETER                        ,ISLES OF SCILLY (ST.MARYS)    , 38 , 38 , 0 , 96 , 96 , 0 ,-60.41667 ,N,N
24-May-2011 11:52,201103,201003,Other Reporting Airports      ,EXETER                        ,JERSEY                        , 2737 , 2737 , 0 , 2544 , 2544 , 0 , 7.586478 ,N,N
24-May-2011 11:52,201103,201003,Other Reporting Airports      ,EXETER                        ,LEEDS BRADFORD                , 841 , 841 , 0 , 1101 , 1101 , 0 ,-23.61489 ,N,N
24-May-2011 11:52,201103,201003,Other Reporting Airports      ,EXETER                        ,MANCHESTER                    , 3335 , 3335 , 0 , 4223 , 4223 , 0 ,-21.02771 ,N,N
24-May-2011 11:52,201103,201003,Other Reporting Airports      ,EXETER                        ,NEWCASTLE                     , 2136 , 2136 , 0 , 2483 , 2483 , 0 ,-13.97503 ,N,N
24-May-2011 11:52,201103,201003,Other Reporting Airports      ,FAIR ISLE                     ,LERWICK (TINGWALL)            , 172 , 172 , 0 , 204 , 204 , 0 ,-15.68627 ,N,N
24-May-2011 11:52,201103,201003,Other Reporting Airports      ,FARNBOROUGH                   ,GUERNSEY                      , 2 , 0 , 2 , 0 , 0 , 0 ,Null,Y,N
24-May-2011 11:52,201103,201003,Other Reporting Airports      ,FARNBOROUGH                   ,HUMBERSIDE                    , 0 , 0 , 0 , 33 , 0 , 33 ,-100 ,N,N
24-May-2011 11:52,201103,201003,Other Reporting Airports      ,FILTON                        ,HAWARDEN                      , 17 , 0 , 17 , 0 , 0 , 0 ,Null,N,N
24-May-2011 11:52,201103,201003,Other Reporting Airports      ,FOULA                         ,LERWICK (TINGWALL)            , 52 , 52 , 0 , 99 , 99 , 0 ,-47.47475 ,N,N
24-May-2011 11:52,201103,201003,London Area Airports          ,GATWICK                       ,ABERDEEN                      , 8820 , 8820 , 0 , 11648 , 11648 , 0 ,-24.27885 ,N,N
24-May-2011 11:52,201103,201003,London Area Airports          ,GATWICK                       ,BELFAST CITY (GEORGE BEST)    , 18147 , 18147 , 0 , 19297 , 19297 , 0 ,-5.959476 ,N,N
24-May-2011 11:52,201103,201003,London Area Airports          ,GATWICK                       ,BELFAST INTERNATIONAL         , 27785 , 27785 , 0 , 24589 , 24589 , 0 , 12.99768 ,N,N
24-May-2011 11:52,201103,201003,London Area Airports          ,GATWICK                       ,BLACKPOOL                     , 46 , 0 , 46 , 40 , 0 , 40 , 15 ,N,N
24-May-2011 11:52,201103,201003,London Area Airports          ,GATWICK                       ,EAST MIDLANDS INTERNATIONAL   , 6 , 0 , 6 , 0 , 0 , 0 ,Null,N,N
24-May-2011 11:52,201103,201003,London Area Airports          ,GATWICK                       ,EDINBURGH                     , 55919 , 55919 , 0 , 49620 , 49582 , 38 , 12.69448 ,N,N
24-May-2011 11:52,201103,201003,London Area Airports          ,GATWICK                       ,GLASGOW                       , 45659 , 45659 , 0 , 41160 , 41160 , 0 , 10.93052 ,N,N
24-May-2011 11:52,201103,201003,London Area Airports          ,GATWICK                       ,GUERNSEY                      , 28172 , 28172 , 0 , 28589 , 28589 , 0 ,-1.458603 ,N,N
24-May-2011 11:52,201103,201003,London Area Airports          ,GATWICK                       ,HUMBERSIDE                    , 0 , 0 , 0 , 37 , 0 , 37 ,-100 ,N,N
24-May-2011 11:52,201103,201003,London Area Airports          ,GATWICK                       ,INVERNESS                     , 15905 , 15905 , 0 , 16923 , 16923 , 0 ,-6.015482 ,N,N
24-May-2011 11:52,201103,201003,London Area Airports          ,GATWICK                       ,ISLE OF MAN                   , 10507 , 10507 , 0 , 10071 , 10071 , 0 , 4.329262 ,N,N
24-May-2011 11:52,201103,201003,London Area Airports          ,GATWICK                       ,JERSEY                        , 44648 , 44648 , 0 , 43470 , 43470 , 0 , 2.709915 ,N,N
24-May-2011 11:52,201103,201003,London Area Airports          ,GATWICK                       ,LEEDS BRADFORD                , 3664 , 3664 , 0 , 5118 , 5118 , 0 ,-28.40953 ,N,N
24-May-2011 11:52,201103,201003,London Area Airports          ,GATWICK                       ,MANCHESTER                    , 19921 , 19921 , 0 , 21639 , 21639 , 0 ,-7.939369 ,N,N
24-May-2011 11:52,201103,201003,London Area Airports          ,GATWICK                       ,NEWCASTLE                     , 7205 , 7199 , 6 , 9659 , 9659 , 0 ,-25.40636 ,N,N
24-May-2011 11:52,201103,201003,London Area Airports          ,GATWICK                       ,NEWQUAY                       , 7849 , 7849 , 0 , 8633 , 8633 , 0 ,-9.081431 ,N,N
24-May-2011 11:52,201103,201003,London Area Airports          ,GATWICK                       ,PLYMOUTH                      , 0 , 0 , 0 , 4345 , 4345 , 0 ,-100 ,N,N
24-May-2011 11:52,201103,201003,Other Reporting Airports      ,GLASGOW                       ,INVERNESS                     , 71 , 0 , 71 , 0 , 0 , 0 ,Null,N,N
24-May-2011 11:52,201103,201003,Other Reporting Airports      ,GLASGOW                       ,ISLAY                         , 2035 , 2035 , 0 , 2130 , 2130 , 0 ,-4.460094 ,N,N
24-May-2011 11:52,201103,201003,Other Reporting Airports      ,GLASGOW                       ,ISLE OF MAN                   , 700 , 700 , 0 , 928 , 928 , 0 ,-24.56897 ,N,N
24-May-2011 11:52,201103,201003,Other Reporting Airports      ,GLASGOW                       ,KIRKWALL                      , 1140 , 1140 , 0 , 1172 , 1172 , 0 ,-2.730376 ,N,N
24-May-2011 11:52,201103,201003,Other Reporting Airports      ,GLASGOW                       ,LEEDS BRADFORD                , 1435 , 1435 , 0 , 1800 , 1800 , 0 ,-20.27778 ,N,N
24-May-2011 11:52,201103,201003,Other Reporting Airports      ,GLASGOW                       ,MANCHESTER                    , 4368 , 4368 , 0 , 7487 , 7487 , 0 ,-41.65887 ,N,N
24-May-2011 11:52,201103,201003,Other Reporting Airports      ,GLASGOW                       ,NEWCASTLE                     , 6 , 0 , 6 , 0 , 0 , 0 ,Null,Y,N
24-May-2011 11:52,201103,201003,Other Reporting Airports      ,GLASGOW                       ,NEWQUAY                       , 0 , 0 , 0 , 48 , 48 , 0 ,-100 ,N,N
24-May-2011 11:52,201103,201003,Other Reporting Airports      ,GLASGOW                       ,PLYMOUTH                      , 1892 , 1892 , 0 , 1872 , 1872 , 0 , 1.068376 ,N,N
24-May-2011 11:52,201103,201003,Other Reporting Airports      ,GLASGOW                       ,SOUTHAMPTON                   , 10595 , 10595 , 0 , 14053 , 14053 , 0 ,-24.60685 ,N,N
24-May-2011 11:52,201103,201003,Other Reporting Airports      ,GLASGOW                       ,STORNOWAY                     , 4278 , 4278 , 0 , 4078 , 4078 , 0 , 4.904365 ,N,N
24-May-2011 11:52,201103,201003,Other Reporting Airports      ,GLASGOW                       ,SUMBURGH                      , 1455 , 1455 , 0 , 1392 , 1392 , 0 , 4.525862 ,N,N
24-May-2011 11:52,201103,201003,Other Reporting Airports      ,GLASGOW                       ,TIREE                         , 438 , 438 , 0 , 575 , 575 , 0 ,-23.82609 ,N,N
24-May-2011 11:52,201103,201003,Other Reporting Airports      ,GLOUCESTERSHIRE               ,ISLE OF MAN                   , 1262 , 1262 , 0 , 1396 , 1396 , 0 ,-9.598854 ,N,N
24-May-2011 11:52,201103,201003,Other Reporting Airports      ,GLOUCESTERSHIRE               ,JERSEY                        , 0 , 0 , 0 , 151 , 151 , 0 ,-100 ,N,N
24-May-2011 11:52,201103,201003,Other Reporting Airports      ,GLOUCESTERSHIRE               ,NEWCASTLE                     , 0 , 0 , 0 , 68 , 0 , 68 ,-100 ,N,N
24-May-2011 11:52,201103,201003,Other Reporting Airports      ,GUERNSEY                      ,ISLE OF MAN                   , 226 , 226 , 0 , 416 , 416 , 0 ,-45.67308 ,N,N
24-May-2011 11:52,201103,201003,Other Reporting Airports      ,GUERNSEY                      ,JERSEY                        , 14779 , 14779 , 0 , 13984 , 13984 , 0 , 5.685069 ,N,N
24-May-2011 11:52,201103,201003,Other Reporting Airports      ,GUERNSEY                      ,MANCHESTER                    , 4514 , 4514 , 0 , 4938 , 4938 , 0 ,-8.586473 ,N,N
24-May-2011 11:52,201103,201003,Other Reporting Airports      ,GUERNSEY                      ,PLYMOUTH                      , 234 , 234 , 0 , 273 , 273 , 0 ,-14.28571 ,N,N
24-May-2011 11:52,201103,201003,Other Reporting Airports      ,GUERNSEY                      ,SOUTHAMPTON                   , 10253 , 10253 , 0 , 11532 , 11532 , 0 ,-11.09088 ,N,N
24-May-2011 11:52,201103,201003,London Area Airports          ,HEATHROW                      ,ABERDEEN                      , 55424 , 55424 , 0 , 47783 , 47783 , 0 , 15.99104 ,N,N
24-May-2011 11:52,201103,201003,London Area Airports          ,HEATHROW                      ,BELFAST CITY (GEORGE BEST)    , 40622 , 40622 , 0 , 43486 , 43486 , 0 ,-6.586028 ,N,N
24-May-2011 11:52,201103,201003,London Area Airports          ,HEATHROW                      ,BELFAST INTERNATIONAL         , 21276 , 21276 , 0 , 21045 , 21045 , 0 , 1.097648 ,N,N
24-May-2011 11:52,201103,201003,London Area Airports          ,HEATHROW                      ,EDINBURGH                     , 107951 , 107786 , 165 , 96092 , 96092 , 0 , 12.3413 ,N,N
24-May-2011 11:52,201103,201003,London Area Airports          ,HEATHROW                      ,FARNBOROUGH                   , 3 , 0 , 3 , 0 , 0 , 0 ,Null,Y,N
24-May-2011 11:52,201103,201003,London Area Airports          ,HEATHROW                      ,GLASGOW                       , 82952 , 82952 , 0 , 76779 , 76779 , 0 , 8.039959 ,N,N
24-May-2011 11:52,201103,201003,London Area Airports          ,HEATHROW                      ,MANCHESTER                    , 70542 , 70502 , 40 , 74499 , 74499 , 0 ,-5.311481 ,N,N
24-May-2011 11:52,201103,201003,London Area Airports          ,HEATHROW                      ,NEWCASTLE                     , 39147 , 39147 , 0 , 30278 , 30278 , 0 , 29.29189 ,N,N
24-May-2011 11:52,201103,201003,Other Reporting Airports      ,HUMBERSIDE                    ,NORWICH                       , 24 , 24 , 0 , 142 , 142 , 0 ,-83.09859 ,N,N
24-May-2011 11:52,201103,201003,Other Reporting Airports      ,INVERNESS                     ,KIRKWALL                      , 2085 , 2085 , 0 , 2136 , 2136 , 0 ,-2.38764 ,N,N
24-May-2011 11:52,201103,201003,Other Reporting Airports      ,INVERNESS                     ,MANCHESTER                    , 3663 , 3663 , 0 , 4260 , 4260 , 0 ,-14.01408 ,N,N
24-May-2011 11:52,201103,201003,Other Reporting Airports      ,INVERNESS                     ,PRESTWICK                     , 0 , 0 , 0 , 148 , 0 , 148 ,-100 ,N,N
24-May-2011 11:52,201103,201003,Other Reporting Airports      ,INVERNESS                     ,STORNOWAY                     , 3223 , 3223 , 0 , 2694 , 2694 , 0 , 19.63623 ,N,N
24-May-2011 11:52,201103,201003,Other Reporting Airports      ,ISLE OF MAN                   ,JERSEY                        , 449 , 449 , 0 , 472 , 472 , 0 ,-4.872881 ,N,N
24-May-2011 11:52,201103,201003,Other Reporting Airports      ,ISLE OF MAN                   ,LEEDS BRADFORD                , 306 , 306 , 0 , 663 , 663 , 0 ,-53.84615 ,N,N
24-May-2011 11:52,201103,201003,Other Reporting Airports      ,ISLE OF MAN                   ,LIVERPOOL (JOHN LENNON)       , 12554 , 12554 , 0 , 10973 , 10831 , 142 , 14.40809 ,N,N
24-May-2011 11:52,201103,201003,Other Reporting Airports      ,ISLE OF MAN                   ,MANCHESTER                    , 10139 , 10139 , 0 , 11642 , 11642 , 0 ,-12.91015 ,N,N
24-May-2011 11:52,201103,201003,Other Reporting Airports      ,ISLE OF MAN                   ,NEWCASTLE                     , 243 , 243 , 0 , 526 , 526 , 0 ,-53.80228 ,N,N
24-May-2011 11:52,201103,201003,Other Reporting Airports      ,ISLE OF MAN                   ,SOUTHAMPTON                   , 138 , 138 , 0 , 0 , 0 , 0 ,Null,N,N
24-May-2011 11:52,201103,201003,Other Reporting Airports      ,ISLES OF SCILLY (ST.MARYS)    ,NEWQUAY                       , 815 , 815 , 0 , 662 , 662 , 0 , 23.11178 ,N,N
24-May-2011 11:52,201103,201003,Other Reporting Airports      ,JERSEY                        ,LIVERPOOL (JOHN LENNON)       , 3976 , 3976 , 0 , 3750 , 3750 , 0 , 6.026667 ,N,N
24-May-2011 11:52,201103,201003,Other Reporting Airports      ,JERSEY                        ,MANCHESTER                    , 5481 , 5481 , 0 , 6470 , 6470 , 0 ,-15.28594 ,N,N
24-May-2011 11:52,201103,201003,Other Reporting Airports      ,JERSEY                        ,NEWCASTLE                     , 52 , 52 , 0 , 147 , 147 , 0 ,-64.62585 ,N,N
24-May-2011 11:52,201103,201003,Other Reporting Airports      ,JERSEY                        ,PLYMOUTH                      , 312 , 312 , 0 , 697 , 697 , 0 ,-55.23673 ,N,N
24-May-2011 11:52,201103,201003,Other Reporting Airports      ,JERSEY                        ,SOUTHAMPTON                   , 12362 , 12362 , 0 , 11929 , 11929 , 0 , 3.62981 ,N,N
24-May-2011 11:52,201103,201003,Other Reporting Airports      ,KIRKWALL                      ,NORTH RONALDSAY               , 471 , 471 , 0 , 550 , 550 , 0 ,-14.36364 ,N,N
24-May-2011 11:52,201103,201003,Other Reporting Airports      ,KIRKWALL                      ,PAPA WESTRAY                  , 393 , 393 , 0 , 356 , 356 , 0 , 10.39326 ,N,N
24-May-2011 11:52,201103,201003,Other Reporting Airports      ,KIRKWALL                      ,SANDAY                        , 251 , 251 , 0 , 242 , 242 , 0 , 3.719008 ,N,N
24-May-2011 11:52,201103,201003,Other Reporting Airports      ,KIRKWALL                      ,STRONSAY                      , 293 , 293 , 0 , 326 , 326 , 0 ,-10.1227 ,N,N
24-May-2011 11:52,201103,201003,Other Reporting Airports      ,KIRKWALL                      ,SUMBURGH                      , 791 , 791 , 0 , 844 , 844 , 0 ,-6.279621 ,N,N
24-May-2011 11:52,201103,201003,Other Reporting Airports      ,KIRKWALL                      ,WESTRAY                       , 268 , 268 , 0 , 312 , 312 , 0 ,-14.10256 ,N,N
24-May-2011 11:52,201103,201003,Other Reporting Airports      ,LEEDS BRADFORD                ,NEWQUAY                       , 0 , 0 , 0 , 1182 , 1182 , 0 ,-100 ,N,N
24-May-2011 11:52,201103,201003,Other Reporting Airports      ,LEEDS BRADFORD                ,PLYMOUTH                      , 1788 , 1788 , 0 , 915 , 915 , 0 , 95.40984 ,N,N
24-May-2011 11:52,201103,201003,Other Reporting Airports      ,LEEDS BRADFORD                ,SOUTHAMPTON                   , 5677 , 5677 , 0 , 7466 , 7370 , 96 ,-23.96196 ,N,N
24-May-2011 11:52,201103,201003,Other Reporting Airports      ,LERWICK (TINGWALL)            ,OUT SKERRIES                  , 47 , 47 , 0 , 53 , 53 , 0 ,-11.32076 ,N,N
24-May-2011 11:52,201103,201003,Other Reporting Airports      ,LERWICK (TINGWALL)            ,PAPA STOUR                    , 9 , 9 , 0 , 20 , 20 , 0 ,-55 ,N,N
24-May-2011 11:52,201103,201003,Other Reporting Airports      ,LIVERPOOL (JOHN LENNON)       ,NEWCASTLE                     , 161 , 0 , 161 , 0 , 0 , 0 ,Null,N,N
24-May-2011 11:52,201103,201003,Other Reporting Airports      ,LIVERPOOL (JOHN LENNON)       ,SOUTHAMPTON                   , 702 , 702 , 0 , 1034 , 1034 , 0 ,-32.10832 ,N,N
24-May-2011 11:52,201103,201003,London Area Airports          ,LONDON CITY                   ,DUNDEE                        , 3089 , 3089 , 0 , 4233 , 4233 , 0 ,-27.02575 ,N,N
24-May-2011 11:52,201103,201003,London Area Airports          ,LONDON CITY                   ,EDINBURGH                     , 31482 , 31482 , 0 , 34476 , 34476 , 0 ,-8.684302 ,N,N
24-May-2011 11:52,201103,201003,London Area Airports          ,LONDON CITY                   ,GLASGOW                       , 10968 , 10968 , 0 , 10422 , 10422 , 0 , 5.238918 ,N,N
24-May-2011 11:52,201103,201003,London Area Airports          ,LONDON CITY                   ,ISLE OF MAN                   , 4044 , 4044 , 0 , 5478 , 5478 , 0 ,-26.17744 ,N,N
24-May-2011 11:52,201103,201003,London Area Airports          ,LONDON CITY                   ,JERSEY                        , 0 , 0 , 0 , 1166 , 1166 , 0 ,-100 ,N,N
24-May-2011 11:52,201103,201003,London Area Airports          ,LONDON CITY                   ,MANCHESTER                    , 0 , 0 , 0 , 34 , 0 , 34 ,-100 ,N,N
24-May-2011 11:52,201103,201003,London Area Airports          ,LONDON CITY                   ,NEWQUAY                       , 0 , 0 , 0 , 2500 , 2500 , 0 ,-100 ,N,N
24-May-2011 11:52,201103,201003,London Area Airports          ,LUTON                         ,ABERDEEN                      , 12377 , 12377 , 0 , 8666 , 8666 , 0 , 42.82253 ,N,N
24-May-2011 11:52,201103,201003,London Area Airports          ,LUTON                         ,BELFAST CITY (GEORGE BEST)    , 20505 , 20505 , 0 , 13872 , 13872 , 0 , 47.81574 ,N,N
24-May-2011 11:52,201103,201003,London Area Airports          ,LUTON                         ,CARDIFF WALES                 , 83 , 0 , 83 , 0 , 0 , 0 ,Null,N,N
24-May-2011 11:52,201103,201003,London Area Airports          ,LUTON                         ,CITY OF DERRY (EGLINTON)      , 0 , 0 , 0 , 2969 , 2969 , 0 ,-100 ,N,N
24-May-2011 11:52,201103,201003,London Area Airports          ,LUTON                         ,EDINBURGH                     , 22382 , 22381 , 1 , 24637 , 24632 , 5 ,-9.1529 ,N,N
24-May-2011 11:52,201103,201003,London Area Airports          ,LUTON                         ,GLASGOW                       , 23277 , 23277 , 0 , 24953 , 24953 , 0 ,-6.716627 ,N,N
24-May-2011 11:52,201103,201003,London Area Airports          ,LUTON                         ,HUMBERSIDE                    , 0 , 0 , 0 , 59 , 0 , 59 ,-100 ,N,N
24-May-2011 11:52,201103,201003,London Area Airports          ,LUTON                         ,INVERNESS                     , 7036 , 6968 , 68 , 6881 , 6881 , 0 , 2.252579 ,N,N
24-May-2011 11:52,201103,201003,London Area Airports          ,LUTON                         ,ISLE OF MAN                   , 1630 , 1630 , 0 , 1879 , 1879 , 0 ,-13.25173 ,N,N
24-May-2011 11:52,201103,201003,London Area Airports          ,LUTON                         ,JERSEY                        , 798 , 798 , 0 , 949 , 949 , 0 ,-15.91149 ,N,N
24-May-2011 11:52,201103,201003,London Area Airports          ,LUTON                         ,MANCHESTER                    , 0 , 0 , 0 , 11 , 0 , 11 ,-100 ,N,N
24-May-2011 11:52,201103,201003,Other Reporting Airports      ,MANCHESTER                    ,MANSTON (KENT INT)            , 537 , 537 , 0 , 0 , 0 , 0 ,Null,N,N
24-May-2011 11:52,201103,201003,Other Reporting Airports      ,MANCHESTER                    ,NEWQUAY                       , 2570 , 2570 , 0 , 1262 , 1262 , 0 , 103.645 ,N,N
24-May-2011 11:52,201103,201003,Other Reporting Airports      ,MANCHESTER                    ,NORWICH                       , 2346 , 2346 , 0 , 2814 , 2814 , 0 ,-16.63113 ,N,N
24-May-2011 11:52,201103,201003,Other Reporting Airports      ,MANCHESTER                    ,PLYMOUTH                      , 1776 , 1776 , 0 , 1932 , 1932 , 0 ,-8.074534 ,N,N
24-May-2011 11:52,201103,201003,Other Reporting Airports      ,MANCHESTER                    ,SOUTHAMPTON                   , 8950 , 8950 , 0 , 11189 , 11189 , 0 ,-20.01073 ,N,N
24-May-2011 11:52,201103,201003,Other Reporting Airports      ,NEWCASTLE                     ,NEWQUAY                       , 506 , 506 , 0 , 0 , 0 , 0 ,Null,N,N
24-May-2011 11:52,201103,201003,Other Reporting Airports      ,NEWCASTLE                     ,PLYMOUTH                      , 0 , 0 , 0 , 1104 , 1104 , 0 ,-100 ,N,N
24-May-2011 11:52,201103,201003,Other Reporting Airports      ,NEWCASTLE                     ,SOUTHAMPTON                   , 7665 , 7665 , 0 , 9569 , 9569 , 0 ,-19.89759 ,N,N
24-May-2011 11:52,201103,201003,Other Reporting Airports      ,NEWQUAY                       ,PLYMOUTH                      , 18 , 18 , 0 , 73 , 73 , 0 ,-75.34247 ,N,N
24-May-2011 11:52,201103,201003,Other Reporting Airports      ,OBAN (NORTH CONNEL)           ,TIREE                         , 0 , 0 , 0 , 80 , 80 , 0 ,-100 ,N,N
24-May-2011 11:52,201103,201003,Other Reporting Airports      ,OXFORD (KIDLINGTON)           ,WICK                          , 0 , 0 , 0 , 28 , 0 , 28 ,-100 ,N,N
24-May-2011 11:52,201103,201003,Other Reporting Airports      ,SOUTH MARSTON                 ,WICK                          , 43 , 0 , 43 , 0 , 0 , 0 ,Null,N,N
24-May-2011 11:52,201103,201003,London Area Airports          ,STANSTED                      ,BELFAST CITY (GEORGE BEST)    , 882 , 882 , 0 , 32002 , 32002 , 0 ,-97.24392 ,N,N
24-May-2011 11:52,201103,201003,London Area Airports          ,STANSTED                      ,BELFAST INTERNATIONAL         , 30302 , 30302 , 0 , 23447 , 23447 , 0 , 29.23615 ,N,N
24-May-2011 11:52,201103,201003,London Area Airports          ,STANSTED                      ,CITY OF DERRY (EGLINTON)      , 9383 , 9383 , 0 , 5215 , 5215 , 0 , 79.9233 ,N,N
24-May-2011 11:52,201103,201003,London Area Airports          ,STANSTED                      ,EDINBURGH                     , 36784 , 36784 , 0 , 31366 , 31366 , 0 , 17.27348 ,N,N
24-May-2011 11:52,201103,201003,London Area Airports          ,STANSTED                      ,GLASGOW                       , 30637 , 30637 , 0 , 25645 , 25645 , 0 , 19.46578 ,N,N
24-May-2011 11:52,201103,201003,London Area Airports          ,STANSTED                      ,GUERNSEY                      , 1584 , 1584 , 0 , 284 , 284 , 0 , 457.7465 ,N,N
24-May-2011 11:52,201103,201003,London Area Airports          ,STANSTED                      ,JERSEY                        , 614 , 614 , 0 , 2472 , 2472 , 0 ,-75.16181 ,N,N
24-May-2011 11:52,201103,201003,London Area Airports          ,STANSTED                      ,NEWCASTLE                     , 9226 , 9226 , 0 , 12170 , 12170 , 0 ,-24.19063 ,N,N
24-May-2011 11:52,201103,201003,London Area Airports          ,STANSTED                      ,PRESTWICK                     , 9865 , 9865 , 0 , 19383 , 19383 , 0 ,-49.10489 ,N,N
