rundate,reporting_period,reporting_airport_group_name,reporting_airport_name,mail_scheduled_passenger_aircraft_foreign_EU,mail_scheduled_cargo_aircraft_foreign_EU,mail_charter_passenger_aircraft_foreign_EU,mail_charter_cargo_aircraft_foreign_EU,mail_scheduled_passenger_aircraft_foreign_non_EU,mail_scheduled_cargo_aircraft_foreign_non_EU,mail_charter_passenger_aircraft_foreign_non_EU,mail_charter_cargo_aircraft_foreign_non_EU,mail_scheduled_passenger_aircraft_UK,mail_scheduled_cargo_aircraft_UK,mail_charter_passenger_aircraft_UK,mail_charter_cargo_aircraft_UK
24-May-2011 11:47,201103,Non UK Reporting Airports     ,ALDERNEY                      , 0 , 0 , 0 , 0 , 0 , 0 , 0 , 0 , 27.319 , 0 , 0 , 0 
24-May-2011 11:47,201103,Other UK Airports             ,BELFAST INTERNATIONAL         , 0 , 0 , 0 , 0 , 0 , 0 , 0 , 0 , 0 , 0 , 0 , 1321.906 
24-May-2011 11:47,201103,Other UK Airports             ,BOURNEMOUTH                   , 0 , 0 , 0 , 0 , 0 , 0 , 0 , 0 , 0 , 0 , 0 , 952.736 
24-May-2011 11:47,201103,Other UK Airports             ,CARDIFF WALES                 , 0 , 0 , 0 , 0 , 0 , 0 , 0 , 0 , 0 , 0 , 0 , 112.167 
24-May-2011 11:47,201103,Other UK Airports             ,EAST MIDLANDS INTERNATIONAL   , 0 , 0 , 0 , 0 , 0 , 0 , 0 , 0 , 0 , 0 , 0 , 3169.101 
24-May-2011 11:47,201103,Other UK Airports             ,EDINBURGH                     , 0.136 , 0 , 0 , 0 , 0 , 0 , 0 , 0 , 0.005 , 0 , 0 , 2503.563 
24-May-2011 11:47,201103,Other UK Airports             ,EXETER                        , 0 , 0 , 0 , 0 , 0 , 0 , 0 , 0 , 0.01 , 0 , 0 , 353.85 
24-May-2011 11:47,201103,London Area Airports          ,GATWICK                       , 155.633 , 0 , 0 , 0 , 197.695 , 0 , 0.491 , 0 , 0.003 , 0 , 0 , 0 
24-May-2011 11:47,201103,Other UK Airports             ,GLASGOW                       , 0.102 , 0 , 0 , 0 , 0.051 , 0 , 0 , 0 , 2.072 , 0 , 0 , 0 
24-May-2011 11:47,201103,Non UK Reporting Airports     ,GUERNSEY                      , 0 , 0 , 0 , 0 , 0 , 0 , 0 , 0 , 30.324 , 0 , 0 , 275.043 
24-May-2011 11:47,201103,London Area Airports          ,HEATHROW                      , 1740.072 , 1.655 , 0 , 0 , 4878.983 , 2.289 , 0 , 0 , 1.243 , 0 , 0 , 0 
24-May-2011 11:47,201103,Other UK Airports             ,ISLAY                         , 0 , 0 , 0 , 0 , 0 , 0 , 0 , 0 , 6.087 , 0 , 0 , 0 
24-May-2011 11:47,201103,Non UK Reporting Airports     ,ISLE OF MAN                   , 0 , 0 , 0 , 0 , 0 , 0 , 0 , 0 , 0 , 0 , 0 , 254.087 
24-May-2011 11:47,201103,Other UK Airports             ,ISLES OF SCILLY (ST.MARYS)    , 0 , 0 , 0 , 0 , 0 , 0 , 0 , 0 , 11 , 6 , 0 , 0 
24-May-2011 11:47,201103,Non UK Reporting Airports     ,JERSEY                        , 0 , 0 , 0 , 0 , 0 , 0 , 0 , 0 , 3.196 , 0 , 0 , 206.689 
24-May-2011 11:47,201103,Other UK Airports             ,KIRKWALL                      , 0 , 0 , 0 , 0 , 0 , 0 , 0 , 0 , 2.377 , 0 , 0 , 0 
24-May-2011 11:47,201103,Other UK Airports             ,LANDS END (ST JUST)           , 0 , 0 , 0 , 0 , 0 , 0 , 0 , 0 , 1.8 , 5.2 , 0 , 0 
24-May-2011 11:47,201103,Other UK Airports             ,MANCHESTER                    , 0.011 , 0 , 0.008 , 0 , 0.028 , 10.631 , 0.617 , 0 , 0.332 , 0 , 0 , 0 
24-May-2011 11:47,201103,Other UK Airports             ,NEWCASTLE                     , 0 , 0 , 0 , 0 , 0 , 0 , 0 , 0 , 0 , 0 , 0 , 817.048 
24-May-2011 11:47,201103,Other UK Airports             ,PENZANCE HELIPORT             , 0 , 0 , 0 , 0 , 0 , 0 , 0 , 0 , 9 , 0 , 0 , 0 
24-May-2011 11:47,201103,London Area Airports          ,STANSTED                      , 0 , 0 , 0 , 0 , 0 , 0 , 0 , 0 , 0 , 0 , 0 , 2453.531 
24-May-2011 11:47,201103,Other UK Airports             ,TIREE                         , 0 , 0 , 0 , 0 , 0 , 0 , 0 , 0 , 2.699 , 0 , 0 , 0 
