rundate,this_period,last_period,group_name,airport_1_name,airport_2_name,total_pax_this_period,total_pax_scheduled_this_period,total_pax_charter_this_period,total_pax_last_period,total_pax_scheduled_last_period,total_pax_charter_last_period,total_pax_percent,charters_tm_only_small_acf,charters_lm_only_small_acf
13-Apr-2011 14:01,201101,201001,Other Reporting Airports      ,ABERDEEN                      ,BELFAST CITY (GEORGE BEST)    , 1007 , 1007 , 0 , 1299 , 1299 , 0 ,-22.47883 ,N,N
13-Apr-2011 14:01,201101,201001,Other Reporting Airports      ,ABERDEEN                      ,BIRMINGHAM                    , 3899 , 3899 , 0 , 5772 , 5772 , 0 ,-32.44976 ,N,N
13-Apr-2011 14:01,201101,201001,Other Reporting Airports      ,ABERDEEN                      ,BRISTOL                       , 1973 , 1973 , 0 , 1335 , 1335 , 0 , 47.79026 ,N,N
13-Apr-2011 14:01,201101,201001,Other Reporting Airports      ,ABERDEEN                      ,CARDIFF WALES                 , 171 , 171 , 0 , 88 , 88 , 0 , 94.31818 ,N,N
13-Apr-2011 14:01,201101,201001,Other Reporting Airports      ,ABERDEEN                      ,DUNDEE                        , 0 , 0 , 0 , 18 , 18 , 0 ,-100 ,N,N
13-Apr-2011 14:01,201101,201001,Other Reporting Airports      ,ABERDEEN                      ,DURHAM TEES VALLEY            , 2311 , 2311 , 0 , 2145 , 2145 , 0 , 7.738928 ,N,N
13-Apr-2011 14:01,201101,201001,Other Reporting Airports      ,ABERDEEN                      ,EAST MIDLANDS INTERNATIONAL   , 1690 , 1690 , 0 , 1286 , 1286 , 0 , 31.41524 ,N,N
13-Apr-2011 14:01,201101,201001,Other Reporting Airports      ,ABERDEEN                      ,EXETER                        , 1453 , 1453 , 0 , 1816 , 1816 , 0 ,-19.98899 ,N,N
13-Apr-2011 14:01,201101,201001,Other Reporting Airports      ,ABERDEEN                      ,HUMBERSIDE                    , 2328 , 2328 , 0 , 1972 , 1972 , 0 , 18.05274 ,N,N
13-Apr-2011 14:01,201101,201001,Other Reporting Airports      ,ABERDEEN                      ,KIRKWALL                      , 2441 , 2441 , 0 , 2600 , 2600 , 0 ,-6.115385 ,N,N
13-Apr-2011 14:01,201101,201001,Other Reporting Airports      ,ABERDEEN                      ,LEEDS BRADFORD                , 401 , 401 , 0 , 748 , 748 , 0 ,-46.39037 ,N,N
13-Apr-2011 14:01,201101,201001,Other Reporting Airports      ,ABERDEEN                      ,LIVERPOOL (JOHN LENNON)       , 725 , 725 , 0 , 594 , 594 , 0 , 22.05387 ,N,N
13-Apr-2011 14:01,201101,201001,Other Reporting Airports      ,ABERDEEN                      ,MANCHESTER                    , 9479 , 9181 , 298 , 6775 , 6477 , 298 , 39.91144 ,N,N
13-Apr-2011 14:01,201101,201001,Other Reporting Airports      ,ABERDEEN                      ,NEWCASTLE                     , 2296 , 2296 , 0 , 1673 , 1673 , 0 , 37.23849 ,N,N
13-Apr-2011 14:01,201101,201001,Other Reporting Airports      ,ABERDEEN                      ,NORWICH                       , 4285 , 4285 , 0 , 4091 , 4091 , 0 , 4.742117 ,N,N
13-Apr-2011 14:01,201101,201001,Other Reporting Airports      ,ABERDEEN                      ,SCATSTA                       , 11477 , 0 , 11477 , 10519 , 0 , 10519 , 9.107329 ,N,N
13-Apr-2011 14:01,201101,201001,Other Reporting Airports      ,ABERDEEN                      ,SOUTHAMPTON                   , 1989 , 1989 , 0 , 2075 , 2075 , 0 ,-4.144578 ,N,N
13-Apr-2011 14:01,201101,201001,Other Reporting Airports      ,ABERDEEN                      ,STORNOWAY                     , 482 , 482 , 0 , 456 , 456 , 0 , 5.701755 ,N,N
13-Apr-2011 14:01,201101,201001,Other Reporting Airports      ,ABERDEEN                      ,SUMBURGH                      , 3998 , 3959 , 39 , 4095 , 3898 , 197 ,-2.368742 ,N,N
13-Apr-2011 14:01,201101,201001,Other Reporting Airports      ,ABERDEEN                      ,WICK                          , 1088 , 1088 , 0 , 1028 , 1028 , 0 , 5.836576 ,N,N
13-Apr-2011 14:01,201101,201001,Other Reporting Airports      ,ALDERNEY                      ,GUERNSEY                      , 2422 , 2422 , 0 , 2040 , 2040 , 0 , 18.72549 ,N,N
13-Apr-2011 14:01,201101,201001,Other Reporting Airports      ,ALDERNEY                      ,JERSEY                        , 14 , 14 , 0 , 53 , 53 , 0 ,-73.58491 ,N,N
13-Apr-2011 14:01,201101,201001,Other Reporting Airports      ,ALDERNEY                      ,SOUTHAMPTON                   , 1299 , 1299 , 0 , 1187 , 1187 , 0 , 9.435552 ,N,N
13-Apr-2011 14:01,201101,201001,Other Reporting Airports      ,ANGLESEY (VALLEY)             ,CARDIFF WALES                 , 660 , 660 , 0 , 524 , 524 , 0 , 25.9542 ,N,N
13-Apr-2011 14:01,201101,201001,Other Reporting Airports      ,BARRA                         ,BENBECULA                     , 44 , 44 , 0 , 36 , 36 , 0 , 22.22222 ,N,N
13-Apr-2011 14:01,201101,201001,Other Reporting Airports      ,BARRA                         ,GLASGOW                       , 503 , 503 , 0 , 391 , 391 , 0 , 28.6445 ,N,N
13-Apr-2011 14:01,201101,201001,Other Reporting Airports      ,BELFAST CITY (GEORGE BEST)    ,BIRMINGHAM                    , 21261 , 21261 , 0 , 12287 , 12287 , 0 , 73.03654 ,N,N
13-Apr-2011 14:01,201101,201001,Other Reporting Airports      ,BELFAST CITY (GEORGE BEST)    ,BLACKPOOL                     , 645 , 645 , 0 , 1268 , 1268 , 0 ,-49.13249 ,N,N
13-Apr-2011 14:01,201101,201001,Other Reporting Airports      ,BELFAST CITY (GEORGE BEST)    ,BRISTOL                       , 1958 , 1958 , 0 , 7592 , 7592 , 0 ,-74.20969 ,N,N
13-Apr-2011 14:01,201101,201001,Other Reporting Airports      ,BELFAST CITY (GEORGE BEST)    ,CARDIFF WALES                 , 3807 , 3807 , 0 , 1534 , 1534 , 0 , 148.1747 ,N,N
13-Apr-2011 14:01,201101,201001,Other Reporting Airports      ,BELFAST CITY (GEORGE BEST)    ,DONCASTER SHEFFIELD           , 1298 , 1298 , 0 , 1173 , 1173 , 0 , 10.65644 ,N,N
13-Apr-2011 14:01,201101,201001,Other Reporting Airports      ,BELFAST CITY (GEORGE BEST)    ,DUNDEE                        , 713 , 713 , 0 , 654 , 654 , 0 , 9.021407 ,N,N
13-Apr-2011 14:01,201101,201001,Other Reporting Airports      ,BELFAST CITY (GEORGE BEST)    ,EAST MIDLANDS INTERNATIONAL   , 12684 , 12684 , 0 , 13696 , 13694 , 2 ,-7.389019 ,N,N
13-Apr-2011 14:01,201101,201001,Other Reporting Airports      ,BELFAST CITY (GEORGE BEST)    ,EDINBURGH                     , 6805 , 6805 , 0 , 6417 , 6417 , 0 , 6.046439 ,N,N
13-Apr-2011 14:01,201101,201001,Other Reporting Airports      ,BELFAST CITY (GEORGE BEST)    ,EXETER                        , 710 , 710 , 0 , 0 , 0 , 0 ,Null,N,N
13-Apr-2011 14:01,201101,201001,Other Reporting Airports      ,BELFAST CITY (GEORGE BEST)    ,GLASGOW                       , 6488 , 6488 , 0 , 5795 , 5795 , 0 , 11.95858 ,N,N
13-Apr-2011 14:01,201101,201001,Other Reporting Airports      ,BELFAST CITY (GEORGE BEST)    ,INVERNESS                     , 894 , 894 , 0 , 946 , 946 , 0 ,-5.496829 ,N,N
13-Apr-2011 14:01,201101,201001,Other Reporting Airports      ,BELFAST CITY (GEORGE BEST)    ,ISLE OF MAN                   , 1593 , 1593 , 0 , 289 , 289 , 0 , 451.2111 ,N,N
13-Apr-2011 14:01,201101,201001,Other Reporting Airports      ,BELFAST CITY (GEORGE BEST)    ,LEEDS BRADFORD                , 4741 , 4741 , 0 , 4615 , 4615 , 0 , 2.730227 ,N,N
13-Apr-2011 14:01,201101,201001,Other Reporting Airports      ,BELFAST CITY (GEORGE BEST)    ,LIVERPOOL (JOHN LENNON)       , 4506 , 4506 , 0 , 15138 , 15138 , 0 ,-70.23385 ,N,N
13-Apr-2011 14:01,201101,201001,Other Reporting Airports      ,BELFAST CITY (GEORGE BEST)    ,MANCHESTER                    , 23732 , 23732 , 0 , 14419 , 14419 , 0 , 64.58839 ,N,N
13-Apr-2011 14:01,201101,201001,Other Reporting Airports      ,BELFAST CITY (GEORGE BEST)    ,NEWCASTLE                     , 2477 , 2477 , 0 , 2545 , 2545 , 0 ,-2.671906 ,N,N
13-Apr-2011 14:01,201101,201001,Other Reporting Airports      ,BELFAST CITY (GEORGE BEST)    ,PRESTWICK                     , 0 , 0 , 0 , 5519 , 5519 , 0 ,-100 ,N,N
13-Apr-2011 14:01,201101,201001,Other Reporting Airports      ,BELFAST CITY (GEORGE BEST)    ,SOUTHAMPTON                   , 4792 , 4792 , 0 , 4530 , 4530 , 0 , 5.783664 ,N,N
13-Apr-2011 14:01,201101,201001,Other Reporting Airports      ,BELFAST INTERNATIONAL         ,BIRMINGHAM                    , 0 , 0 , 0 , 7726 , 7726 , 0 ,-100 ,N,N
13-Apr-2011 14:01,201101,201001,Other Reporting Airports      ,BELFAST INTERNATIONAL         ,BRISTOL                       , 13177 , 13177 , 0 , 9947 , 9947 , 0 , 32.4721 ,N,N
13-Apr-2011 14:01,201101,201001,Other Reporting Airports      ,BELFAST INTERNATIONAL         ,CARDIFF WALES                 , 0 , 0 , 0 , 2439 , 2439 , 0 ,-100 ,N,N
13-Apr-2011 14:01,201101,201001,Other Reporting Airports      ,BELFAST INTERNATIONAL         ,EAST MIDLANDS INTERNATIONAL   , 0 , 0 , 0 , 4749 , 4749 , 0 ,-100 ,N,N
13-Apr-2011 14:01,201101,201001,Other Reporting Airports      ,BELFAST INTERNATIONAL         ,EDINBURGH                     , 16853 , 16853 , 0 , 15651 , 15651 , 0 , 7.68002 ,N,N
13-Apr-2011 14:01,201101,201001,Other Reporting Airports      ,BELFAST INTERNATIONAL         ,GLASGOW                       , 17725 , 17725 , 0 , 15509 , 15509 , 0 , 14.28848 ,N,N
13-Apr-2011 14:01,201101,201001,Other Reporting Airports      ,BELFAST INTERNATIONAL         ,ISLE OF MAN                   , 0 , 0 , 0 , 532 , 532 , 0 ,-100 ,N,N
13-Apr-2011 14:01,201101,201001,Other Reporting Airports      ,BELFAST INTERNATIONAL         ,LEEDS BRADFORD                , 6017 , 6017 , 0 , 5273 , 5273 , 0 , 14.10962 ,N,N
13-Apr-2011 14:01,201101,201001,Other Reporting Airports      ,BELFAST INTERNATIONAL         ,LIVERPOOL (JOHN LENNON)       , 30258 , 30258 , 0 , 24371 , 24371 , 0 , 24.15576 ,N,N
13-Apr-2011 14:01,201101,201001,Other Reporting Airports      ,BELFAST INTERNATIONAL         ,MANCHESTER                    , 0 , 0 , 0 , 6634 , 6634 , 0 ,-100 ,N,N
13-Apr-2011 14:01,201101,201001,Other Reporting Airports      ,BELFAST INTERNATIONAL         ,NEWCASTLE                     , 13298 , 13298 , 0 , 13211 , 13211 , 0 , 0.6585421 ,N,N
13-Apr-2011 14:01,201101,201001,Other Reporting Airports      ,BENBECULA                     ,GLASGOW                       , 1535 , 1535 , 0 , 1373 , 1373 , 0 , 11.79898 ,N,N
13-Apr-2011 14:01,201101,201001,Other Reporting Airports      ,BENBECULA                     ,STORNOWAY                     , 778 , 778 , 0 , 445 , 445 , 0 , 74.83146 ,N,N
13-Apr-2011 14:01,201101,201001,Other Reporting Airports      ,BIRMINGHAM                    ,CITY OF DERRY (EGLINTON)      , 3532 , 3532 , 0 , 3239 , 3239 , 0 , 9.046001 ,N,N
13-Apr-2011 14:01,201101,201001,Other Reporting Airports      ,BIRMINGHAM                    ,DUNDEE                        , 1515 , 1515 , 0 , 1186 , 1186 , 0 , 27.7403 ,N,N
13-Apr-2011 14:01,201101,201001,Other Reporting Airports      ,BIRMINGHAM                    ,EDINBURGH                     , 19459 , 19459 , 0 , 19304 , 19304 , 0 , 0.8029424 ,N,N
13-Apr-2011 14:01,201101,201001,Other Reporting Airports      ,BIRMINGHAM                    ,GLASGOW                       , 15517 , 15517 , 0 , 15748 , 15748 , 0 ,-1.466853 ,N,N
13-Apr-2011 14:01,201101,201001,Other Reporting Airports      ,BIRMINGHAM                    ,GUERNSEY                      , 1859 , 1859 , 0 , 1960 , 1960 , 0 ,-5.153061 ,N,N
13-Apr-2011 14:01,201101,201001,Other Reporting Airports      ,BIRMINGHAM                    ,INVERNESS                     , 1700 , 1700 , 0 , 1478 , 1478 , 0 , 15.0203 ,N,N
13-Apr-2011 14:01,201101,201001,Other Reporting Airports      ,BIRMINGHAM                    ,ISLE OF MAN                   , 2881 , 2881 , 0 , 3009 , 3009 , 0 ,-4.253905 ,N,N
13-Apr-2011 14:01,201101,201001,Other Reporting Airports      ,BIRMINGHAM                    ,JERSEY                        , 2284 , 2284 , 0 , 2379 , 2379 , 0 ,-3.993274 ,N,N
13-Apr-2011 14:01,201101,201001,Other Reporting Airports      ,BIRMINGHAM                    ,NEWCASTLE                     , 1062 , 1062 , 0 , 1005 , 1005 , 0 , 5.671642 ,N,N
13-Apr-2011 14:01,201101,201001,Other Reporting Airports      ,BLACKPOOL                     ,ISLE OF MAN                   , 1555 , 1555 , 0 , 1462 , 1462 , 0 , 6.361149 ,N,N
13-Apr-2011 14:01,201101,201001,Other Reporting Airports      ,BLACKPOOL                     ,SOUTH MARSTON                 , 0 , 0 , 0 , 74 , 0 , 74 ,-100 ,N,N
13-Apr-2011 14:01,201101,201001,Other Reporting Airports      ,BOURNEMOUTH                   ,EDINBURGH                     , 0 , 0 , 0 , 5182 , 5182 , 0 ,-100 ,N,N
13-Apr-2011 14:01,201101,201001,Other Reporting Airports      ,BOURNEMOUTH                   ,JERSEY                        , 0 , 0 , 0 , 455 , 0 , 455 ,-100 ,N,N
13-Apr-2011 14:01,201101,201001,Other Reporting Airports      ,BRISTOL                       ,EDINBURGH                     , 20850 , 20850 , 0 , 15113 , 15113 , 0 , 37.9607 ,N,N
13-Apr-2011 14:01,201101,201001,Other Reporting Airports      ,BRISTOL                       ,GLASGOW                       , 15448 , 15448 , 0 , 13425 , 13425 , 0 , 15.0689 ,N,N
13-Apr-2011 14:01,201101,201001,Other Reporting Airports      ,BRISTOL                       ,GUERNSEY                      , 583 , 583 , 0 , 746 , 746 , 0 ,-21.84987 ,N,N
13-Apr-2011 14:01,201101,201001,Other Reporting Airports      ,BRISTOL                       ,HAWARDEN                      , 0 , 0 , 0 , 22 , 0 , 22 ,-100 ,N,N
13-Apr-2011 14:01,201101,201001,Other Reporting Airports      ,BRISTOL                       ,INVERNESS                     , 3524 , 3524 , 0 , 3089 , 3089 , 0 , 14.08223 ,N,N
13-Apr-2011 14:01,201101,201001,Other Reporting Airports      ,BRISTOL                       ,ISLE OF MAN                   , 164 , 164 , 0 , 0 , 0 , 0 ,Null,N,N
13-Apr-2011 14:01,201101,201001,Other Reporting Airports      ,BRISTOL                       ,JERSEY                        , 1174 , 1172 , 2 , 1166 , 1166 , 0 , 0.6861063 ,N,N
13-Apr-2011 14:01,201101,201001,Other Reporting Airports      ,BRISTOL                       ,LEEDS BRADFORD                , 1402 , 1402 , 0 , 1540 , 1540 , 0 ,-8.961039 ,N,N
13-Apr-2011 14:01,201101,201001,Other Reporting Airports      ,BRISTOL                       ,MANCHESTER                    , 1200 , 1200 , 0 , 1170 , 1170 , 0 , 2.564103 ,N,N
13-Apr-2011 14:01,201101,201001,Other Reporting Airports      ,BRISTOL                       ,NEWCASTLE                     , 13015 , 13015 , 0 , 11540 , 11540 , 0 , 12.78163 ,N,N
13-Apr-2011 14:01,201101,201001,Other Reporting Airports      ,BRISTOL                       ,NEWQUAY                       , 798 , 798 , 0 , 849 , 849 , 0 ,-6.007067 ,N,N
13-Apr-2011 14:01,201101,201001,Other Reporting Airports      ,BRISTOL                       ,PLYMOUTH                      , 536 , 536 , 0 , 524 , 524 , 0 , 2.290076 ,N,N
13-Apr-2011 14:01,201101,201001,Other Reporting Airports      ,CAMPBELTOWN                   ,GLASGOW                       , 606 , 606 , 0 , 441 , 441 , 0 , 37.41497 ,N,N
13-Apr-2011 14:01,201101,201001,Other Reporting Airports      ,CARDIFF WALES                 ,EDINBURGH                     , 5956 , 5786 , 170 , 7860 , 7820 , 40 ,-24.22392 ,N,N
13-Apr-2011 14:01,201101,201001,Other Reporting Airports      ,CARDIFF WALES                 ,GLASGOW                       , 3199 , 3199 , 0 , 3673 , 3673 , 0 ,-12.90498 ,N,N
13-Apr-2011 14:01,201101,201001,Other Reporting Airports      ,CARDIFF WALES                 ,JERSEY                        , 209 , 209 , 0 , 313 , 313 , 0 ,-33.22684 ,N,N
13-Apr-2011 14:01,201101,201001,Other Reporting Airports      ,CARDIFF WALES                 ,NEWCASTLE                     , 897 , 897 , 0 , 1583 , 1583 , 0 ,-43.33544 ,N,N
13-Apr-2011 14:01,201101,201001,Other Reporting Airports      ,CARDIFF WALES                 ,NEWQUAY                       , 152 , 152 , 0 , 0 , 0 , 0 ,Null,N,N
13-Apr-2011 14:01,201101,201001,Other Reporting Airports      ,CARDIFF WALES                 ,NORWICH                       , 95 , 0 , 95 , 0 , 0 , 0 ,Null,N,N
13-Apr-2011 14:01,201101,201001,Other Reporting Airports      ,CITY OF DERRY (EGLINTON)      ,LIVERPOOL (JOHN LENNON)       , 6048 , 6048 , 0 , 5979 , 5979 , 0 , 1.154039 ,N,N
13-Apr-2011 14:01,201101,201001,Other Reporting Airports      ,CITY OF DERRY (EGLINTON)      ,PRESTWICK                     , 4762 , 4762 , 0 , 4339 , 4339 , 0 , 9.74879 ,N,N
13-Apr-2011 14:01,201101,201001,Other Reporting Airports      ,DONCASTER SHEFFIELD           ,JERSEY                        , 266 , 266 , 0 , 148 , 148 , 0 , 79.72973 ,N,N
13-Apr-2011 14:01,201101,201001,Other Reporting Airports      ,DUNDEE                        ,SCATSTA                       , 0 , 0 , 0 , 45 , 0 , 45 ,-100 ,N,N
13-Apr-2011 14:01,201101,201001,Other Reporting Airports      ,DURHAM TEES VALLEY            ,SOUTHAMPTON                   , 581 , 581 , 0 , 184 , 184 , 0 , 215.7609 ,N,N
13-Apr-2011 14:01,201101,201001,Other Reporting Airports      ,EAST MIDLANDS INTERNATIONAL   ,EDINBURGH                     , 8538 , 8538 , 0 , 7574 , 7574 , 0 , 12.72775 ,N,N
13-Apr-2011 14:01,201101,201001,Other Reporting Airports      ,EAST MIDLANDS INTERNATIONAL   ,GLASGOW                       , 7613 , 7613 , 0 , 7191 , 7191 , 0 , 5.868447 ,N,N
13-Apr-2011 14:01,201101,201001,Other Reporting Airports      ,EAST MIDLANDS INTERNATIONAL   ,GUERNSEY                      , 778 , 711 , 67 , 700 , 700 , 0 , 11.14286 ,N,N
13-Apr-2011 14:01,201101,201001,Other Reporting Airports      ,EAST MIDLANDS INTERNATIONAL   ,ISLE OF MAN                   , 0 , 0 , 0 , 330 , 330 , 0 ,-100 ,N,N
13-Apr-2011 14:01,201101,201001,Other Reporting Airports      ,EAST MIDLANDS INTERNATIONAL   ,JERSEY                        , 1391 , 1391 , 0 , 1408 , 1408 , 0 ,-1.207386 ,N,N
13-Apr-2011 14:01,201101,201001,Other Reporting Airports      ,EDAY                          ,KIRKWALL                      , 51 , 51 , 0 , 48 , 48 , 0 , 6.25 ,N,N
13-Apr-2011 14:01,201101,201001,Other Reporting Airports      ,EDINBURGH                     ,EXETER                        , 2482 , 2482 , 0 , 3168 , 3168 , 0 ,-21.65404 ,N,N
13-Apr-2011 14:01,201101,201001,Other Reporting Airports      ,EDINBURGH                     ,FARNBOROUGH                   , 5 , 0 , 5 , 0 , 0 , 0 ,Null,Y,N
13-Apr-2011 14:01,201101,201001,Other Reporting Airports      ,EDINBURGH                     ,INVERNESS                     , 0 , 0 , 0 , 435 , 435 , 0 ,-100 ,N,N
13-Apr-2011 14:01,201101,201001,Other Reporting Airports      ,EDINBURGH                     ,ISLE OF MAN                   , 764 , 764 , 0 , 629 , 629 , 0 , 21.46264 ,N,N
13-Apr-2011 14:01,201101,201001,Other Reporting Airports      ,EDINBURGH                     ,JERSEY                        , 130 , 130 , 0 , 254 , 254 , 0 ,-48.8189 ,N,N
13-Apr-2011 14:01,201101,201001,Other Reporting Airports      ,EDINBURGH                     ,KIRKWALL                      , 2110 , 2110 , 0 , 2250 , 2250 , 0 ,-6.222222 ,N,N
13-Apr-2011 14:01,201101,201001,Other Reporting Airports      ,EDINBURGH                     ,LEEDS BRADFORD                , 910 , 910 , 0 , 1030 , 1030 , 0 ,-11.65049 ,N,N
13-Apr-2011 14:01,201101,201001,Other Reporting Airports      ,EDINBURGH                     ,MANCHESTER                    , 8795 , 8795 , 0 , 9039 , 9039 , 0 ,-2.699414 ,N,N
13-Apr-2011 14:01,201101,201001,Other Reporting Airports      ,EDINBURGH                     ,MANSTON (KENT INT)            , 1211 , 1211 , 0 , 0 , 0 , 0 ,Null,N,N
13-Apr-2011 14:01,201101,201001,Other Reporting Airports      ,EDINBURGH                     ,NORWICH                       , 2869 , 2869 , 0 , 2907 , 2907 , 0 ,-1.30719 ,N,N
13-Apr-2011 14:01,201101,201001,Other Reporting Airports      ,EDINBURGH                     ,SOUTHAMPTON                   , 12120 , 12120 , 0 , 11148 , 11148 , 0 , 8.719052 ,N,N
13-Apr-2011 14:01,201101,201001,Other Reporting Airports      ,EDINBURGH                     ,STORNOWAY                     , 1598 , 1598 , 0 , 1505 , 1505 , 0 , 6.179402 ,N,N
13-Apr-2011 14:01,201101,201001,Other Reporting Airports      ,EDINBURGH                     ,SUMBURGH                      , 2124 , 2124 , 0 , 1855 , 1855 , 0 , 14.50135 ,N,N
13-Apr-2011 14:01,201101,201001,Other Reporting Airports      ,EDINBURGH                     ,WICK                          , 527 , 527 , 0 , 499 , 499 , 0 , 5.611222 ,N,N
13-Apr-2011 14:01,201101,201001,Other Reporting Airports      ,EXETER                        ,GLASGOW                       , 1042 , 1042 , 0 , 1858 , 1858 , 0 ,-43.91819 ,N,N
13-Apr-2011 14:01,201101,201001,Other Reporting Airports      ,EXETER                        ,GUERNSEY                      , 1385 , 1385 , 0 , 1251 , 1251 , 0 , 10.71143 ,N,N
13-Apr-2011 14:01,201101,201001,Other Reporting Airports      ,EXETER                        ,JERSEY                        , 1955 , 1955 , 0 , 1860 , 1860 , 0 , 5.107527 ,N,N
13-Apr-2011 14:01,201101,201001,Other Reporting Airports      ,EXETER                        ,LEEDS BRADFORD                , 658 , 658 , 0 , 814 , 814 , 0 ,-19.16462 ,N,N
13-Apr-2011 14:01,201101,201001,Other Reporting Airports      ,EXETER                        ,MANCHESTER                    , 2568 , 2568 , 0 , 2553 , 2553 , 0 , 0.5875441 ,N,N
13-Apr-2011 14:01,201101,201001,Other Reporting Airports      ,EXETER                        ,NEWCASTLE                     , 1383 , 1383 , 0 , 2045 , 2045 , 0 ,-32.37164 ,N,N
13-Apr-2011 14:01,201101,201001,Other Reporting Airports      ,FAIR ISLE                     ,LERWICK (TINGWALL)            , 125 , 125 , 0 , 51 , 51 , 0 , 145.098 ,N,N
13-Apr-2011 14:01,201101,201001,Other Reporting Airports      ,FARNBOROUGH                   ,GUERNSEY                      , 8 , 0 , 8 , 2 , 0 , 2 , 300 ,Y,Y
13-Apr-2011 14:01,201101,201001,Other Reporting Airports      ,FARNBOROUGH                   ,LIVERPOOL (JOHN LENNON)       , 78 , 0 , 78 , 31 , 0 , 31 , 151.6129 ,N,N
13-Apr-2011 14:01,201101,201001,Other Reporting Airports      ,FARNBOROUGH                   ,MANCHESTER                    , 37 , 0 , 37 , 0 , 0 , 0 ,Null,N,N
13-Apr-2011 14:01,201101,201001,Other Reporting Airports      ,FARNBOROUGH                   ,MANSTON (KENT INT)            , 0 , 0 , 0 , 1 , 0 , 1 ,-100 ,N,Y
13-Apr-2011 14:01,201101,201001,Other Reporting Airports      ,FARNBOROUGH                   ,NEWCASTLE                     , 40 , 0 , 40 , 0 , 0 , 0 ,Null,N,N
13-Apr-2011 14:01,201101,201001,Other Reporting Airports      ,FILTON                        ,MANCHESTER                    , 28 , 0 , 28 , 0 , 0 , 0 ,Null,N,N
13-Apr-2011 14:01,201101,201001,Other Reporting Airports      ,FOULA                         ,LERWICK (TINGWALL)            , 69 , 69 , 0 , 6 , 6 , 0 , 1050 ,N,N
13-Apr-2011 14:01,201101,201001,London Area Airports          ,GATWICK                       ,ABERDEEN                      , 6760 , 6760 , 0 , 8180 , 8180 , 0 ,-17.35941 ,N,N
13-Apr-2011 14:01,201101,201001,London Area Airports          ,GATWICK                       ,BELFAST CITY (GEORGE BEST)    , 13985 , 13985 , 0 , 12599 , 12599 , 0 , 11.00087 ,N,N
13-Apr-2011 14:01,201101,201001,London Area Airports          ,GATWICK                       ,BELFAST INTERNATIONAL         , 24275 , 24275 , 0 , 18131 , 18131 , 0 , 33.88671 ,N,N
13-Apr-2011 14:01,201101,201001,London Area Airports          ,GATWICK                       ,BLACKPOOL                     , 0 , 0 , 0 , 103 , 0 , 103 ,-100 ,N,N
13-Apr-2011 14:01,201101,201001,London Area Airports          ,GATWICK                       ,EDINBURGH                     , 45137 , 45137 , 0 , 39084 , 39084 , 0 , 15.48716 ,N,N
13-Apr-2011 14:01,201101,201001,London Area Airports          ,GATWICK                       ,GLASGOW                       , 36924 , 36924 , 0 , 32530 , 32530 , 0 , 13.50753 ,N,N
13-Apr-2011 14:01,201101,201001,London Area Airports          ,GATWICK                       ,GUERNSEY                      , 22284 , 22284 , 0 , 20000 , 20000 , 0 , 11.42 ,N,N
13-Apr-2011 14:01,201101,201001,London Area Airports          ,GATWICK                       ,INVERNESS                     , 12607 , 12607 , 0 , 11240 , 11240 , 0 , 12.16192 ,N,N
13-Apr-2011 14:01,201101,201001,London Area Airports          ,GATWICK                       ,ISLE OF MAN                   , 9289 , 9289 , 0 , 7434 , 7434 , 0 , 24.95292 ,N,N
13-Apr-2011 14:01,201101,201001,London Area Airports          ,GATWICK                       ,JERSEY                        , 36656 , 36656 , 0 , 32880 , 32880 , 0 , 11.48419 ,N,N
13-Apr-2011 14:01,201101,201001,London Area Airports          ,GATWICK                       ,LEEDS BRADFORD                , 3202 , 3202 , 0 , 2737 , 2737 , 0 , 16.9894 ,N,N
13-Apr-2011 14:01,201101,201001,London Area Airports          ,GATWICK                       ,LIVERPOOL (JOHN LENNON)       , 37 , 0 , 37 , 0 , 0 , 0 ,Null,N,N
13-Apr-2011 14:01,201101,201001,London Area Airports          ,GATWICK                       ,MANCHESTER                    , 17336 , 17336 , 0 , 17336 , 17242 , 94 , 0 ,N,N
13-Apr-2011 14:01,201101,201001,London Area Airports          ,GATWICK                       ,NEWCASTLE                     , 6027 , 6027 , 0 , 6594 , 6594 , 0 ,-8.598726 ,N,N
13-Apr-2011 14:01,201101,201001,London Area Airports          ,GATWICK                       ,NEWQUAY                       , 5651 , 5586 , 65 , 4476 , 4476 , 0 , 26.25112 ,N,N
13-Apr-2011 14:01,201101,201001,London Area Airports          ,GATWICK                       ,PLYMOUTH                      , 2765 , 2765 , 0 , 3882 , 3882 , 0 ,-28.77383 ,N,N
13-Apr-2011 14:01,201101,201001,Other Reporting Airports      ,GLASGOW                       ,ISLAY                         , 1574 , 1574 , 0 , 1243 , 1243 , 0 , 26.62912 ,N,N
13-Apr-2011 14:01,201101,201001,Other Reporting Airports      ,GLASGOW                       ,ISLE OF MAN                   , 589 , 589 , 0 , 751 , 751 , 0 ,-21.57124 ,N,N
13-Apr-2011 14:01,201101,201001,Other Reporting Airports      ,GLASGOW                       ,KIRKWALL                      , 982 , 982 , 0 , 1104 , 1104 , 0 ,-11.05072 ,N,N
13-Apr-2011 14:01,201101,201001,Other Reporting Airports      ,GLASGOW                       ,LEEDS BRADFORD                , 993 , 993 , 0 , 909 , 909 , 0 , 9.240924 ,N,N
13-Apr-2011 14:01,201101,201001,Other Reporting Airports      ,GLASGOW                       ,MANCHESTER                    , 3478 , 3478 , 0 , 5062 , 5062 , 0 ,-31.29198 ,N,N
13-Apr-2011 14:01,201101,201001,Other Reporting Airports      ,GLASGOW                       ,NEWQUAY                       , 0 , 0 , 0 , 178 , 178 , 0 ,-100 ,N,N
13-Apr-2011 14:01,201101,201001,Other Reporting Airports      ,GLASGOW                       ,PLYMOUTH                      , 1625 , 1625 , 0 , 1452 , 1452 , 0 , 11.9146 ,N,N
13-Apr-2011 14:01,201101,201001,Other Reporting Airports      ,GLASGOW                       ,SOUTHAMPTON                   , 8209 , 8209 , 0 , 9852 , 9852 , 0 ,-16.67682 ,N,N
13-Apr-2011 14:01,201101,201001,Other Reporting Airports      ,GLASGOW                       ,STORNOWAY                     , 3473 , 3473 , 0 , 3134 , 3134 , 0 , 10.81685 ,N,N
13-Apr-2011 14:01,201101,201001,Other Reporting Airports      ,GLASGOW                       ,SUMBURGH                      , 1095 , 1095 , 0 , 1095 , 1095 , 0 , 0 ,N,N
13-Apr-2011 14:01,201101,201001,Other Reporting Airports      ,GLASGOW                       ,TIREE                         , 482 , 482 , 0 , 403 , 403 , 0 , 19.60298 ,N,N
13-Apr-2011 14:01,201101,201001,Other Reporting Airports      ,GLOUCESTERSHIRE               ,ISLE OF MAN                   , 1022 , 1022 , 0 , 992 , 992 , 0 , 3.024194 ,N,N
13-Apr-2011 14:01,201101,201001,Other Reporting Airports      ,GLOUCESTERSHIRE               ,JERSEY                        , 0 , 0 , 0 , 124 , 124 , 0 ,-100 ,N,N
13-Apr-2011 14:01,201101,201001,Other Reporting Airports      ,GUERNSEY                      ,ISLE OF MAN                   , 288 , 288 , 0 , 243 , 243 , 0 , 18.51852 ,N,N
13-Apr-2011 14:01,201101,201001,Other Reporting Airports      ,GUERNSEY                      ,JERSEY                        , 9491 , 9491 , 0 , 7867 , 7867 , 0 , 20.64319 ,N,N
13-Apr-2011 14:01,201101,201001,Other Reporting Airports      ,GUERNSEY                      ,MANCHESTER                    , 3481 , 3481 , 0 , 3211 , 3211 , 0 , 8.408595 ,N,N
13-Apr-2011 14:01,201101,201001,Other Reporting Airports      ,GUERNSEY                      ,PLYMOUTH                      , 169 , 169 , 0 , 174 , 174 , 0 ,-2.873563 ,N,N
13-Apr-2011 14:01,201101,201001,Other Reporting Airports      ,GUERNSEY                      ,SOUTHAMPTON                   , 7832 , 7832 , 0 , 7293 , 7293 , 0 , 7.390648 ,N,N
13-Apr-2011 14:01,201101,201001,London Area Airports          ,HEATHROW                      ,ABERDEEN                      , 47167 , 47167 , 0 , 42437 , 42437 , 0 , 11.14593 ,N,N
13-Apr-2011 14:01,201101,201001,London Area Airports          ,HEATHROW                      ,BELFAST CITY (GEORGE BEST)    , 37682 , 37682 , 0 , 37513 , 37513 , 0 , 0.4505105 ,N,N
13-Apr-2011 14:01,201101,201001,London Area Airports          ,HEATHROW                      ,BELFAST INTERNATIONAL         , 17472 , 17472 , 0 , 18731 , 18731 , 0 ,-6.721478 ,N,N
13-Apr-2011 14:01,201101,201001,London Area Airports          ,HEATHROW                      ,BIRMINGHAM                    , 45 , 0 , 45 , 0 , 0 , 0 ,Null,N,N
13-Apr-2011 14:01,201101,201001,London Area Airports          ,HEATHROW                      ,EDINBURGH                     , 91420 , 91420 , 0 , 78040 , 78040 , 0 , 17.14505 ,N,N
13-Apr-2011 14:01,201101,201001,London Area Airports          ,HEATHROW                      ,FARNBOROUGH                   , 0 , 0 , 0 , 1 , 0 , 1 ,-100 ,N,Y
13-Apr-2011 14:01,201101,201001,London Area Airports          ,HEATHROW                      ,GLASGOW                       , 76499 , 76499 , 0 , 66265 , 66265 , 0 , 15.44405 ,N,N
13-Apr-2011 14:01,201101,201001,London Area Airports          ,HEATHROW                      ,MANCHESTER                    , 65978 , 65978 , 0 , 59766 , 59766 , 0 , 10.39387 ,N,N
13-Apr-2011 14:01,201101,201001,London Area Airports          ,HEATHROW                      ,NEWCASTLE                     , 35398 , 35398 , 0 , 26536 , 26536 , 0 , 33.39614 ,N,N
13-Apr-2011 14:01,201101,201001,Other Reporting Airports      ,HUMBERSIDE                    ,NORWICH                       , 126 , 126 , 0 , 204 , 204 , 0 ,-38.23529 ,N,N
13-Apr-2011 14:01,201101,201001,Other Reporting Airports      ,INVERNESS                     ,KIRKWALL                      , 1305 , 1305 , 0 , 1293 , 1293 , 0 , 0.9280742 ,N,N
13-Apr-2011 14:01,201101,201001,Other Reporting Airports      ,INVERNESS                     ,MANCHESTER                    , 2885 , 2885 , 0 , 2890 , 2890 , 0 ,-0.1730104 ,N,N
13-Apr-2011 14:01,201101,201001,Other Reporting Airports      ,INVERNESS                     ,SOUTHAMPTON                   , 0 , 0 , 0 , 82 , 82 , 0 ,-100 ,N,N
13-Apr-2011 14:01,201101,201001,Other Reporting Airports      ,INVERNESS                     ,STORNOWAY                     , 2367 , 2367 , 0 , 2082 , 2082 , 0 , 13.68876 ,N,N
13-Apr-2011 14:01,201101,201001,Other Reporting Airports      ,INVERNESS                     ,SUMBURGH                      , 0 , 0 , 0 , 15 , 15 , 0 ,-100 ,N,N
13-Apr-2011 14:01,201101,201001,Other Reporting Airports      ,ISLE OF MAN                   ,JERSEY                        , 253 , 253 , 0 , 306 , 306 , 0 ,-17.32026 ,N,N
13-Apr-2011 14:01,201101,201001,Other Reporting Airports      ,ISLE OF MAN                   ,LEEDS BRADFORD                , 519 , 519 , 0 , 598 , 598 , 0 ,-13.2107 ,N,N
13-Apr-2011 14:01,201101,201001,Other Reporting Airports      ,ISLE OF MAN                   ,LIVERPOOL (JOHN LENNON)       , 11043 , 11043 , 0 , 8314 , 8314 , 0 , 32.82415 ,N,N
13-Apr-2011 14:01,201101,201001,Other Reporting Airports      ,ISLE OF MAN                   ,MANCHESTER                    , 8292 , 8292 , 0 , 9047 , 9047 , 0 ,-8.345308 ,N,N
13-Apr-2011 14:01,201101,201001,Other Reporting Airports      ,ISLE OF MAN                   ,NEWCASTLE                     , 362 , 362 , 0 , 380 , 380 , 0 ,-4.736842 ,N,N
13-Apr-2011 14:01,201101,201001,Other Reporting Airports      ,ISLES OF SCILLY (ST.MARYS)    ,NEWQUAY                       , 383 , 383 , 0 , 0 , 0 , 0 ,Null,N,N
13-Apr-2011 14:01,201101,201001,Other Reporting Airports      ,JERSEY                        ,LIVERPOOL (JOHN LENNON)       , 3641 , 3641 , 0 , 3016 , 3016 , 0 , 20.72281 ,N,N
13-Apr-2011 14:01,201101,201001,Other Reporting Airports      ,JERSEY                        ,MANCHESTER                    , 4243 , 4243 , 0 , 3449 , 3449 , 0 , 23.02117 ,N,N
13-Apr-2011 14:01,201101,201001,Other Reporting Airports      ,JERSEY                        ,PLYMOUTH                      , 300 , 300 , 0 , 350 , 350 , 0 ,-14.28571 ,N,N
13-Apr-2011 14:01,201101,201001,Other Reporting Airports      ,JERSEY                        ,SOUTHAMPTON                   , 9165 , 9165 , 0 , 8008 , 8008 , 0 , 14.44805 ,N,N
13-Apr-2011 14:01,201101,201001,Other Reporting Airports      ,KIRKWALL                      ,NORTH RONALDSAY               , 398 , 398 , 0 , 456 , 456 , 0 ,-12.7193 ,N,N
13-Apr-2011 14:01,201101,201001,Other Reporting Airports      ,KIRKWALL                      ,PAPA WESTRAY                  , 270 , 270 , 0 , 247 , 247 , 0 , 9.311741 ,N,N
13-Apr-2011 14:01,201101,201001,Other Reporting Airports      ,KIRKWALL                      ,SANDAY                        , 237 , 237 , 0 , 262 , 262 , 0 ,-9.541985 ,N,N
13-Apr-2011 14:01,201101,201001,Other Reporting Airports      ,KIRKWALL                      ,STRONSAY                      , 276 , 276 , 0 , 257 , 257 , 0 , 7.392996 ,N,N
13-Apr-2011 14:01,201101,201001,Other Reporting Airports      ,KIRKWALL                      ,SUMBURGH                      , 558 , 558 , 0 , 461 , 461 , 0 , 21.04121 ,N,N
13-Apr-2011 14:01,201101,201001,Other Reporting Airports      ,KIRKWALL                      ,WESTRAY                       , 233 , 233 , 0 , 210 , 210 , 0 , 10.95238 ,N,N
13-Apr-2011 14:01,201101,201001,Other Reporting Airports      ,LEEDS BRADFORD                ,NEWQUAY                       , 785 , 785 , 0 , 779 , 683 , 96 , 0.7702183 ,N,N
13-Apr-2011 14:01,201101,201001,Other Reporting Airports      ,LEEDS BRADFORD                ,PLYMOUTH                      , 539 , 539 , 0 , 671 , 671 , 0 ,-19.67213 ,N,N
13-Apr-2011 14:01,201101,201001,Other Reporting Airports      ,LEEDS BRADFORD                ,SOUTHAMPTON                   , 4614 , 4585 , 29 , 3819 , 3819 , 0 , 20.81697 ,N,N
13-Apr-2011 14:01,201101,201001,Other Reporting Airports      ,LERWICK (TINGWALL)            ,OUT SKERRIES                  , 37 , 37 , 0 , 7 , 7 , 0 , 428.5714 ,N,N
13-Apr-2011 14:01,201101,201001,Other Reporting Airports      ,LERWICK (TINGWALL)            ,PAPA STOUR                    , 2 , 2 , 0 , 0 , 0 , 0 ,Null,N,N
13-Apr-2011 14:01,201101,201001,Other Reporting Airports      ,LIVERPOOL (JOHN LENNON)       ,SOUTHAMPTON                   , 767 , 767 , 0 , 474 , 474 , 0 , 61.81435 ,N,N
13-Apr-2011 14:01,201101,201001,London Area Airports          ,LONDON CITY                   ,DUNDEE                        , 2706 , 2706 , 0 , 3021 , 3021 , 0 ,-10.42701 ,N,N
13-Apr-2011 14:01,201101,201001,London Area Airports          ,LONDON CITY                   ,EDINBURGH                     , 24578 , 24578 , 0 , 23198 , 23198 , 0 , 5.948789 ,N,N
13-Apr-2011 14:01,201101,201001,London Area Airports          ,LONDON CITY                   ,GLASGOW                       , 8719 , 8719 , 0 , 8268 , 8268 , 0 , 5.454765 ,N,N
13-Apr-2011 14:01,201101,201001,London Area Airports          ,LONDON CITY                   ,ISLE OF MAN                   , 3195 , 3195 , 0 , 4376 , 4376 , 0 ,-26.98812 ,N,N
13-Apr-2011 14:01,201101,201001,London Area Airports          ,LONDON CITY                   ,JERSEY                        , 0 , 0 , 0 , 543 , 543 , 0 ,-100 ,N,N
13-Apr-2011 14:01,201101,201001,London Area Airports          ,LONDON CITY                   ,NEWQUAY                       , 0 , 0 , 0 , 1715 , 1715 , 0 ,-100 ,N,N
13-Apr-2011 14:01,201101,201001,London Area Airports          ,LUTON                         ,ABERDEEN                      , 8866 , 8866 , 0 , 6709 , 6705 , 4 , 32.15084 ,N,N
13-Apr-2011 14:01,201101,201001,London Area Airports          ,LUTON                         ,BELFAST CITY (GEORGE BEST)    , 16910 , 16910 , 0 , 8408 , 8408 , 0 , 101.118 ,N,N
13-Apr-2011 14:01,201101,201001,London Area Airports          ,LUTON                         ,BELFAST INTERNATIONAL         , 0 , 0 , 0 , 3248 , 3248 , 0 ,-100 ,N,N
13-Apr-2011 14:01,201101,201001,London Area Airports          ,LUTON                         ,BLACKPOOL                     , 0 , 0 , 0 , 27 , 0 , 27 ,-100 ,N,N
13-Apr-2011 14:01,201101,201001,London Area Airports          ,LUTON                         ,CITY OF DERRY (EGLINTON)      , 0 , 0 , 0 , 2300 , 2300 , 0 ,-100 ,N,N
13-Apr-2011 14:01,201101,201001,London Area Airports          ,LUTON                         ,EDINBURGH                     , 17695 , 17692 , 3 , 18558 , 18542 , 16 ,-4.650286 ,N,N
13-Apr-2011 14:01,201101,201001,London Area Airports          ,LUTON                         ,GLASGOW                       , 18826 , 18826 , 0 , 19201 , 19194 , 7 ,-1.953023 ,N,N
13-Apr-2011 14:01,201101,201001,London Area Airports          ,LUTON                         ,INVERNESS                     , 5942 , 5942 , 0 , 5224 , 5224 , 0 , 13.74426 ,N,N
13-Apr-2011 14:01,201101,201001,London Area Airports          ,LUTON                         ,ISLE OF MAN                   , 1288 , 1288 , 0 , 1489 , 1489 , 0 ,-13.49899 ,N,N
13-Apr-2011 14:01,201101,201001,London Area Airports          ,LUTON                         ,JERSEY                        , 168 , 168 , 0 , 190 , 190 , 0 ,-11.57895 ,N,N
13-Apr-2011 14:01,201101,201001,London Area Airports          ,LUTON                         ,LIVERPOOL (JOHN LENNON)       , 0 , 0 , 0 , 35 , 0 , 35 ,-100 ,N,N
13-Apr-2011 14:01,201101,201001,London Area Airports          ,LUTON                         ,MANCHESTER                    , 29 , 0 , 29 , 87 , 0 , 87 ,-66.66666 ,N,N
13-Apr-2011 14:01,201101,201001,London Area Airports          ,LUTON                         ,NEWCASTLE                     , 0 , 0 , 0 , 14 , 0 , 14 ,-100 ,N,Y
13-Apr-2011 14:01,201101,201001,Other Reporting Airports      ,MANCHESTER                    ,MANSTON (KENT INT)            , 715 , 615 , 100 , 0 , 0 , 0 ,Null,N,N
13-Apr-2011 14:01,201101,201001,Other Reporting Airports      ,MANCHESTER                    ,NEWQUAY                       , 553 , 553 , 0 , 647 , 647 , 0 ,-14.52859 ,N,N
13-Apr-2011 14:01,201101,201001,Other Reporting Airports      ,MANCHESTER                    ,NORWICH                       , 1912 , 1912 , 0 , 2079 , 2079 , 0 ,-8.032708 ,N,N
13-Apr-2011 14:01,201101,201001,Other Reporting Airports      ,MANCHESTER                    ,PLYMOUTH                      , 1547 , 1547 , 0 , 1376 , 1376 , 0 , 12.42733 ,N,N
13-Apr-2011 14:01,201101,201001,Other Reporting Airports      ,MANCHESTER                    ,SOUTHAMPTON                   , 7376 , 7376 , 0 , 7721 , 7660 , 61 ,-4.468333 ,N,N
13-Apr-2011 14:01,201101,201001,Other Reporting Airports      ,NEWCASTLE                     ,NEWQUAY                       , 388 , 388 , 0 , 311 , 311 , 0 , 24.75884 ,N,N
13-Apr-2011 14:01,201101,201001,Other Reporting Airports      ,NEWCASTLE                     ,PLYMOUTH                      , 227 , 227 , 0 , 786 , 701 , 85 ,-71.11959 ,N,N
13-Apr-2011 14:01,201101,201001,Other Reporting Airports      ,NEWCASTLE                     ,SOUTHAMPTON                   , 6048 , 6048 , 0 , 6830 , 6830 , 0 ,-11.44949 ,N,N
13-Apr-2011 14:01,201101,201001,Other Reporting Airports      ,NEWQUAY                       ,PLYMOUTH                      , 122 , 122 , 0 , 128 , 128 , 0 ,-4.6875 ,N,N
13-Apr-2011 14:01,201101,201001,Other Reporting Airports      ,OBAN (NORTH CONNEL)           ,TIREE                         , 0 , 0 , 0 , 46 , 46 , 0 ,-100 ,N,N
13-Apr-2011 14:01,201101,201001,London Area Airports          ,STANSTED                      ,ABERDEEN                      , 49 , 0 , 49 , 0 , 0 , 0 ,Null,N,N
13-Apr-2011 14:01,201101,201001,London Area Airports          ,STANSTED                      ,BELFAST CITY (GEORGE BEST)    , 0 , 0 , 0 , 24374 , 24374 , 0 ,-100 ,N,N
13-Apr-2011 14:01,201101,201001,London Area Airports          ,STANSTED                      ,BELFAST INTERNATIONAL         , 27152 , 27152 , 0 , 20432 , 20432 , 0 , 32.88958 ,N,N
13-Apr-2011 14:01,201101,201001,London Area Airports          ,STANSTED                      ,CITY OF DERRY (EGLINTON)      , 7799 , 7799 , 0 , 4274 , 4274 , 0 , 82.47543 ,N,N
13-Apr-2011 14:01,201101,201001,London Area Airports          ,STANSTED                      ,EDINBURGH                     , 30027 , 30027 , 0 , 23400 , 23400 , 0 , 28.32051 ,N,N
13-Apr-2011 14:01,201101,201001,London Area Airports          ,STANSTED                      ,GLASGOW                       , 25044 , 25044 , 0 , 19795 , 19795 , 0 , 26.5168 ,N,N
13-Apr-2011 14:01,201101,201001,London Area Airports          ,STANSTED                      ,GUERNSEY                      , 1168 , 1168 , 0 , 366 , 366 , 0 , 219.1257 ,N,N
13-Apr-2011 14:01,201101,201001,London Area Airports          ,STANSTED                      ,JERSEY                        , 355 , 355 , 0 , 1795 , 1795 , 0 ,-80.22284 ,N,N
13-Apr-2011 14:01,201101,201001,London Area Airports          ,STANSTED                      ,LUTON                         , 3 , 0 , 3 , 0 , 0 , 0 ,Null,Y,N
13-Apr-2011 14:01,201101,201001,London Area Airports          ,STANSTED                      ,NEWCASTLE                     , 8812 , 8812 , 0 , 9218 , 9218 , 0 ,-4.404426 ,N,N
13-Apr-2011 14:01,201101,201001,London Area Airports          ,STANSTED                      ,PRESTWICK                     , 8645 , 8645 , 0 , 15995 , 15995 , 0 ,-45.95186 ,N,N
