rundate,this_period,last_period,group_name,airport_1_name,airport_2_name,total_pax_this_period,total_pax_scheduled_this_period,total_pax_charter_this_period,total_pax_last_period,total_pax_scheduled_last_period,total_pax_charter_last_period,total_pax_percent,charters_tm_only_small_acf,charters_lm_only_small_acf
25-Aug-2009 08:36,200906,200806,Other Reporting Airports      ,ABERDEEN                      ,BELFAST CITY (GEORGE BEST)    , 2175 , 2175 , 0 , 2242 , 2242 , 0 ,-2.988403 ,N,N
25-Aug-2009 08:36,200906,200806,Other Reporting Airports      ,ABERDEEN                      ,BIRMINGHAM                    , 9719 , 9669 , 50 , 13186 , 13186 , 0 ,-26.29304 ,N,N
25-Aug-2009 08:36,200906,200806,Other Reporting Airports      ,ABERDEEN                      ,BRISTOL                       , 2057 , 2057 , 0 , 2281 , 2281 , 0 ,-9.820254 ,N,N
25-Aug-2009 08:36,200906,200806,Other Reporting Airports      ,ABERDEEN                      ,CARDIFF WALES                 , 841 , 841 , 0 , 0 , 0 , 0 ,Null,N,N
25-Aug-2009 08:36,200906,200806,Other Reporting Airports      ,ABERDEEN                      ,DURHAM TEES VALLEY            , 2850 , 2850 , 0 , 2869 , 2869 , 0 ,-0.6622517 ,N,N
25-Aug-2009 08:36,200906,200806,Other Reporting Airports      ,ABERDEEN                      ,EAST MIDLANDS INTERNATIONAL   , 1752 , 1752 , 0 , 1854 , 1854 , 0 ,-5.501618 ,N,N
25-Aug-2009 08:36,200906,200806,Other Reporting Airports      ,ABERDEEN                      ,EXETER                        , 2409 , 2409 , 0 , 1530 , 1530 , 0 , 57.45098 ,N,N
25-Aug-2009 08:36,200906,200806,Other Reporting Airports      ,ABERDEEN                      ,HUMBERSIDE                    , 2940 , 2940 , 0 , 2801 , 2801 , 0 , 4.962513 ,N,N
25-Aug-2009 08:36,200906,200806,Other Reporting Airports      ,ABERDEEN                      ,JERSEY                        , 416 , 416 , 0 , 367 , 367 , 0 , 13.3515 ,N,N
25-Aug-2009 08:36,200906,200806,Other Reporting Airports      ,ABERDEEN                      ,KIRKWALL                      , 3695 , 3695 , 0 , 4405 , 4353 , 52 ,-16.11805 ,N,N
25-Aug-2009 08:36,200906,200806,Other Reporting Airports      ,ABERDEEN                      ,LEEDS BRADFORD                , 1505 , 1505 , 0 , 2051 , 2051 , 0 ,-26.62116 ,N,N
25-Aug-2009 08:36,200906,200806,Other Reporting Airports      ,ABERDEEN                      ,MANCHESTER                    , 9032 , 9032 , 0 , 11507 , 11507 , 0 ,-21.50865 ,N,N
25-Aug-2009 08:36,200906,200806,Other Reporting Airports      ,ABERDEEN                      ,NEWCASTLE                     , 1646 , 1646 , 0 , 2598 , 2598 , 0 ,-36.64357 ,N,N
25-Aug-2009 08:36,200906,200806,Other Reporting Airports      ,ABERDEEN                      ,NORWICH                       , 5385 , 5385 , 0 , 5469 , 5469 , 0 ,-1.53593 ,N,N
25-Aug-2009 08:36,200906,200806,Other Reporting Airports      ,ABERDEEN                      ,SCATSTA                       , 13117 , 0 , 13117 , 10250 , 0 , 10250 , 27.97073 ,N,N
25-Aug-2009 08:36,200906,200806,Other Reporting Airports      ,ABERDEEN                      ,SOUTHAMPTON                   , 3813 , 3813 , 0 , 5367 , 5367 , 0 ,-28.95472 ,N,N
25-Aug-2009 08:36,200906,200806,Other Reporting Airports      ,ABERDEEN                      ,STORNOWAY                     , 533 , 533 , 0 , 550 , 550 , 0 ,-3.090909 ,N,N
25-Aug-2009 08:36,200906,200806,Other Reporting Airports      ,ABERDEEN                      ,SUMBURGH                      , 5356 , 5337 , 19 , 6938 , 6659 , 279 ,-22.80196 ,N,N
25-Aug-2009 08:36,200906,200806,Other Reporting Airports      ,ABERDEEN                      ,WICK                          , 1209 , 1209 , 0 , 1378 , 1378 , 0 ,-12.26415 ,N,N
25-Aug-2009 08:36,200906,200806,Other Reporting Airports      ,ALDERNEY                      ,BOURNEMOUTH                   , 0 , 0 , 0 , 424 , 424 , 0 ,-100 ,N,N
25-Aug-2009 08:36,200906,200806,Other Reporting Airports      ,ALDERNEY                      ,GUERNSEY                      , 4673 , 4673 , 0 , 4070 , 4070 , 0 , 14.81572 ,N,N
25-Aug-2009 08:36,200906,200806,Other Reporting Airports      ,ALDERNEY                      ,JERSEY                        , 134 , 134 , 0 , 140 , 140 , 0 ,-4.285714 ,N,N
25-Aug-2009 08:36,200906,200806,Other Reporting Airports      ,ALDERNEY                      ,SOUTHAMPTON                   , 2693 , 2693 , 0 , 2690 , 2690 , 0 , 0.1115242 ,N,N
25-Aug-2009 08:36,200906,200806,Other Reporting Airports      ,ANGLESEY (VALLEY)             ,CARDIFF WALES                 , 1084 , 1084 , 0 , 1221 , 1221 , 0 ,-11.22031 ,N,N
25-Aug-2009 08:36,200906,200806,Other Reporting Airports      ,BARRA                         ,BENBECULA                     , 209 , 209 , 0 , 165 , 165 , 0 , 26.66667 ,N,N
25-Aug-2009 08:36,200906,200806,Other Reporting Airports      ,BARRA                         ,GLASGOW                       , 943 , 943 , 0 , 941 , 941 , 0 , 0.2125399 ,N,N
25-Aug-2009 08:36,200906,200806,Other Reporting Airports      ,BELFAST CITY (GEORGE BEST)    ,BIRMINGHAM                    , 17406 , 17406 , 0 , 19555 , 19555 , 0 ,-10.98952 ,N,N
25-Aug-2009 08:36,200906,200806,Other Reporting Airports      ,BELFAST CITY (GEORGE BEST)    ,BLACKPOOL                     , 915 , 915 , 0 , 0 , 0 , 0 ,Null,N,N
25-Aug-2009 08:36,200906,200806,Other Reporting Airports      ,BELFAST CITY (GEORGE BEST)    ,BRISTOL                       , 6022 , 6022 , 0 , 0 , 0 , 0 ,Null,N,N
25-Aug-2009 08:36,200906,200806,Other Reporting Airports      ,BELFAST CITY (GEORGE BEST)    ,CARDIFF WALES                 , 3201 , 3201 , 0 , 4058 , 4058 , 0 ,-21.11878 ,N,N
25-Aug-2009 08:36,200906,200806,Other Reporting Airports      ,BELFAST CITY (GEORGE BEST)    ,DONCASTER SHEFFIELD           , 1818 , 1818 , 0 , 2389 , 2389 , 0 ,-23.90121 ,N,N
25-Aug-2009 08:36,200906,200806,Other Reporting Airports      ,BELFAST CITY (GEORGE BEST)    ,DUNDEE                        , 903 , 903 , 0 , 723 , 723 , 0 , 24.89627 ,N,N
25-Aug-2009 08:36,200906,200806,Other Reporting Airports      ,BELFAST CITY (GEORGE BEST)    ,EAST MIDLANDS INTERNATIONAL   , 11837 , 11837 , 0 , 11670 , 11670 , 0 , 1.43102 ,N,N
25-Aug-2009 08:36,200906,200806,Other Reporting Airports      ,BELFAST CITY (GEORGE BEST)    ,EDINBURGH                     , 11132 , 11132 , 0 , 11214 , 11214 , 0 ,-0.7312288 ,N,N
25-Aug-2009 08:36,200906,200806,Other Reporting Airports      ,BELFAST CITY (GEORGE BEST)    ,EXETER                        , 2574 , 2574 , 0 , 2923 , 2923 , 0 ,-11.93979 ,N,N
25-Aug-2009 08:36,200906,200806,Other Reporting Airports      ,BELFAST CITY (GEORGE BEST)    ,FARNBOROUGH                   , 0 , 0 , 0 , 1 , 0 , 1 ,-100 ,N,Y
25-Aug-2009 08:36,200906,200806,Other Reporting Airports      ,BELFAST CITY (GEORGE BEST)    ,GLASGOW                       , 8840 , 8840 , 0 , 9031 , 9031 , 0 ,-2.114938 ,N,N
25-Aug-2009 08:36,200906,200806,Other Reporting Airports      ,BELFAST CITY (GEORGE BEST)    ,INVERNESS                     , 1672 , 1672 , 0 , 1953 , 1953 , 0 ,-14.38812 ,N,N
25-Aug-2009 08:36,200906,200806,Other Reporting Airports      ,BELFAST CITY (GEORGE BEST)    ,ISLE OF MAN                   , 2650 , 2650 , 0 , 2269 , 2269 , 0 , 16.79154 ,N,N
25-Aug-2009 08:36,200906,200806,Other Reporting Airports      ,BELFAST CITY (GEORGE BEST)    ,JERSEY                        , 276 , 276 , 0 , 947 , 947 , 0 ,-70.85533 ,N,N
25-Aug-2009 08:36,200906,200806,Other Reporting Airports      ,BELFAST CITY (GEORGE BEST)    ,LEEDS BRADFORD                , 6606 , 6606 , 0 , 6586 , 6536 , 50 , 0.3036745 ,N,N
25-Aug-2009 08:36,200906,200806,Other Reporting Airports      ,BELFAST CITY (GEORGE BEST)    ,LIVERPOOL                     , 11013 , 11013 , 0 , 13147 , 13147 , 0 ,-16.23184 ,N,N
25-Aug-2009 08:36,200906,200806,Other Reporting Airports      ,BELFAST CITY (GEORGE BEST)    ,MANCHESTER                    , 18903 , 18903 , 0 , 19696 , 19696 , 0 ,-4.026198 ,N,N
25-Aug-2009 08:36,200906,200806,Other Reporting Airports      ,BELFAST CITY (GEORGE BEST)    ,NEWCASTLE                     , 4023 , 4023 , 0 , 3504 , 3504 , 0 , 14.81164 ,N,N
25-Aug-2009 08:36,200906,200806,Other Reporting Airports      ,BELFAST CITY (GEORGE BEST)    ,NEWQUAY                       , 0 , 0 , 0 , 445 , 445 , 0 ,-100 ,N,N
25-Aug-2009 08:36,200906,200806,Other Reporting Airports      ,BELFAST CITY (GEORGE BEST)    ,PRESTWICK                     , 6680 , 6680 , 0 , 6156 , 6156 , 0 , 8.512021 ,N,N
25-Aug-2009 08:36,200906,200806,Other Reporting Airports      ,BELFAST CITY (GEORGE BEST)    ,SOUTHAMPTON                   , 7927 , 7927 , 0 , 8300 , 8300 , 0 ,-4.493976 ,N,N
25-Aug-2009 08:36,200906,200806,Other Reporting Airports      ,BELFAST INTERNATIONAL         ,BIRMINGHAM                    , 10408 , 10408 , 0 , 11954 , 11954 , 0 ,-12.93291 ,N,N
25-Aug-2009 08:36,200906,200806,Other Reporting Airports      ,BELFAST INTERNATIONAL         ,BLACKPOOL                     , 3064 , 3064 , 0 , 4154 , 4154 , 0 ,-26.23977 ,N,N
25-Aug-2009 08:36,200906,200806,Other Reporting Airports      ,BELFAST INTERNATIONAL         ,BRISTOL                       , 13597 , 13597 , 0 , 18413 , 18413 , 0 ,-26.15543 ,N,N
25-Aug-2009 08:36,200906,200806,Other Reporting Airports      ,BELFAST INTERNATIONAL         ,CARDIFF WALES                 , 3719 , 3719 , 0 , 3761 , 3761 , 0 ,-1.116724 ,N,N
25-Aug-2009 08:36,200906,200806,Other Reporting Airports      ,BELFAST INTERNATIONAL         ,EAST MIDLANDS INTERNATIONAL   , 8633 , 8633 , 0 , 11748 , 11748 , 0 ,-26.51515 ,N,N
25-Aug-2009 08:36,200906,200806,Other Reporting Airports      ,BELFAST INTERNATIONAL         ,EDINBURGH                     , 19260 , 19260 , 0 , 20993 , 20993 , 0 ,-8.255133 ,N,N
25-Aug-2009 08:36,200906,200806,Other Reporting Airports      ,BELFAST INTERNATIONAL         ,GLASGOW                       , 18735 , 18735 , 0 , 17357 , 17357 , 0 , 7.93916 ,N,N
25-Aug-2009 08:36,200906,200806,Other Reporting Airports      ,BELFAST INTERNATIONAL         ,ISLE OF MAN                   , 1060 , 1060 , 0 , 1163 , 1163 , 0 ,-8.856406 ,N,N
25-Aug-2009 08:36,200906,200806,Other Reporting Airports      ,BELFAST INTERNATIONAL         ,JERSEY                        , 1911 , 1911 , 0 , 0 , 0 , 0 ,Null,N,N
25-Aug-2009 08:36,200906,200806,Other Reporting Airports      ,BELFAST INTERNATIONAL         ,LEEDS BRADFORD                , 7187 , 7187 , 0 , 8874 , 8874 , 0 ,-19.01059 ,N,N
25-Aug-2009 08:36,200906,200806,Other Reporting Airports      ,BELFAST INTERNATIONAL         ,LIVERPOOL                     , 29008 , 29008 , 0 , 28874 , 28874 , 0 , 0.4640853 ,N,N
25-Aug-2009 08:36,200906,200806,Other Reporting Airports      ,BELFAST INTERNATIONAL         ,MANCHESTER                    , 9088 , 9086 , 2 , 12668 , 12668 , 0 ,-28.26018 ,N,N
25-Aug-2009 08:36,200906,200806,Other Reporting Airports      ,BELFAST INTERNATIONAL         ,NEWCASTLE                     , 15513 , 15513 , 0 , 16474 , 16474 , 0 ,-5.833435 ,N,N
25-Aug-2009 08:36,200906,200806,Other Reporting Airports      ,BELFAST INTERNATIONAL         ,NEWQUAY                       , 998 , 998 , 0 , 0 , 0 , 0 ,Null,N,N
25-Aug-2009 08:36,200906,200806,Other Reporting Airports      ,BENBECULA                     ,GLASGOW                       , 2196 , 2196 , 0 , 2161 , 2161 , 0 , 1.619621 ,N,N
25-Aug-2009 08:36,200906,200806,Other Reporting Airports      ,BENBECULA                     ,INVERNESS                     , 0 , 0 , 0 , 4 , 4 , 0 ,-100 ,N,N
25-Aug-2009 08:36,200906,200806,Other Reporting Airports      ,BENBECULA                     ,STORNOWAY                     , 557 , 557 , 0 , 651 , 651 , 0 ,-14.43932 ,N,N
25-Aug-2009 08:36,200906,200806,Other Reporting Airports      ,BIGGIN HILL                   ,GUERNSEY                      , 0 , 0 , 0 , 24 , 0 , 24 ,-100 ,N,N
25-Aug-2009 08:36,200906,200806,Other Reporting Airports      ,BIGGIN HILL                   ,JERSEY                        , 0 , 0 , 0 , 2 , 0 , 2 ,-100 ,N,Y
25-Aug-2009 08:36,200906,200806,Other Reporting Airports      ,BIRMINGHAM                    ,CITY OF DERRY (EGLINTON)      , 6316 , 6316 , 0 , 0 , 0 , 0 ,Null,N,N
25-Aug-2009 08:36,200906,200806,Other Reporting Airports      ,BIRMINGHAM                    ,DUNDEE                        , 1796 , 1796 , 0 , 2107 , 2107 , 0 ,-14.76032 ,N,N
25-Aug-2009 08:36,200906,200806,Other Reporting Airports      ,BIRMINGHAM                    ,EDINBURGH                     , 30007 , 30007 , 0 , 34610 , 34610 , 0 ,-13.29962 ,N,N
25-Aug-2009 08:36,200906,200806,Other Reporting Airports      ,BIRMINGHAM                    ,GLASGOW                       , 24332 , 24332 , 0 , 29611 , 29611 , 0 ,-17.82784 ,N,N
25-Aug-2009 08:36,200906,200806,Other Reporting Airports      ,BIRMINGHAM                    ,GUERNSEY                      , 2881 , 2881 , 0 , 2627 , 2627 , 0 , 9.668824 ,N,N
25-Aug-2009 08:36,200906,200806,Other Reporting Airports      ,BIRMINGHAM                    ,INVERNESS                     , 2544 , 2544 , 0 , 2341 , 2341 , 0 , 8.671508 ,N,N
25-Aug-2009 08:36,200906,200806,Other Reporting Airports      ,BIRMINGHAM                    ,ISLE OF MAN                   , 4274 , 4274 , 0 , 4506 , 4506 , 0 ,-5.148691 ,N,N
25-Aug-2009 08:36,200906,200806,Other Reporting Airports      ,BIRMINGHAM                    ,JERSEY                        , 6315 , 6315 , 0 , 6337 , 6337 , 0 ,-0.3471674 ,N,N
25-Aug-2009 08:36,200906,200806,Other Reporting Airports      ,BIRMINGHAM                    ,NEWCASTLE                     , 1557 , 1557 , 0 , 1903 , 1903 , 0 ,-18.18182 ,N,N
25-Aug-2009 08:36,200906,200806,Other Reporting Airports      ,BIRMINGHAM                    ,NEWQUAY                       , 2152 , 2152 , 0 , 953 , 953 , 0 , 125.8132 ,N,N
25-Aug-2009 08:36,200906,200806,Other Reporting Airports      ,BLACKPOOL                     ,CITY OF DERRY (EGLINTON)      , 200 , 0 , 200 , 0 , 0 , 0 ,Null,N,N
25-Aug-2009 08:36,200906,200806,Other Reporting Airports      ,BLACKPOOL                     ,ISLE OF MAN                   , 3718 , 3718 , 0 , 1943 , 1943 , 0 , 91.35358 ,N,N
25-Aug-2009 08:36,200906,200806,Other Reporting Airports      ,BOURNEMOUTH                   ,EDINBURGH                     , 6549 , 6549 , 0 , 0 , 0 , 0 ,Null,N,N
25-Aug-2009 08:36,200906,200806,Other Reporting Airports      ,BOURNEMOUTH                   ,GUERNSEY                      , 0 , 0 , 0 , 95 , 95 , 0 ,-100 ,N,N
25-Aug-2009 08:36,200906,200806,Other Reporting Airports      ,BOURNEMOUTH                   ,JERSEY                        , 0 , 0 , 0 , 721 , 361 , 360 ,-100 ,N,N
25-Aug-2009 08:36,200906,200806,Other Reporting Airports      ,BOURNEMOUTH                   ,PRESTWICK                     , 5426 , 5426 , 0 , 12753 , 12753 , 0 ,-57.45315 ,N,N
25-Aug-2009 08:36,200906,200806,Other Reporting Airports      ,BRISTOL                       ,CITY OF DERRY (EGLINTON)      , 0 , 0 , 0 , 2957 , 2957 , 0 ,-100 ,N,N
25-Aug-2009 08:36,200906,200806,Other Reporting Airports      ,BRISTOL                       ,EDINBURGH                     , 20146 , 20146 , 0 , 22517 , 22517 , 0 ,-10.52982 ,N,N
25-Aug-2009 08:36,200906,200806,Other Reporting Airports      ,BRISTOL                       ,GLASGOW                       , 19242 , 19242 , 0 , 19683 , 19683 , 0 ,-2.240512 ,N,N
25-Aug-2009 08:36,200906,200806,Other Reporting Airports      ,BRISTOL                       ,GUERNSEY                      , 2714 , 2714 , 0 , 2430 , 2430 , 0 , 11.68724 ,N,N
25-Aug-2009 08:36,200906,200806,Other Reporting Airports      ,BRISTOL                       ,INVERNESS                     , 7253 , 7253 , 0 , 7340 , 7340 , 0 ,-1.185286 ,N,N
25-Aug-2009 08:36,200906,200806,Other Reporting Airports      ,BRISTOL                       ,ISLES OF SCILLY (ST.MARYS)    , 629 , 629 , 0 , 674 , 674 , 0 ,-6.676558 ,N,N
25-Aug-2009 08:36,200906,200806,Other Reporting Airports      ,BRISTOL                       ,JERSEY                        , 2852 , 2852 , 0 , 3402 , 3402 , 0 ,-16.16696 ,N,N
25-Aug-2009 08:36,200906,200806,Other Reporting Airports      ,BRISTOL                       ,LEEDS BRADFORD                , 2416 , 2416 , 0 , 2800 , 2800 , 0 ,-13.71429 ,N,N
25-Aug-2009 08:36,200906,200806,Other Reporting Airports      ,BRISTOL                       ,MANCHESTER                    , 1901 , 1901 , 0 , 2666 , 2666 , 0 ,-28.69467 ,N,N
25-Aug-2009 08:36,200906,200806,Other Reporting Airports      ,BRISTOL                       ,NEWCASTLE                     , 16343 , 16343 , 0 , 17795 , 17795 , 0 ,-8.159595 ,N,N
25-Aug-2009 08:36,200906,200806,Other Reporting Airports      ,BRISTOL                       ,NEWQUAY                       , 1458 , 1458 , 0 , 1686 , 1686 , 0 ,-13.52313 ,N,N
25-Aug-2009 08:36,200906,200806,Other Reporting Airports      ,BRISTOL                       ,PLYMOUTH                      , 952 , 952 , 0 , 761 , 761 , 0 , 25.09855 ,N,N
25-Aug-2009 08:36,200906,200806,Other Reporting Airports      ,CAMPBELTOWN                   ,GLASGOW                       , 919 , 919 , 0 , 860 , 860 , 0 , 6.860465 ,N,N
25-Aug-2009 08:36,200906,200806,Other Reporting Airports      ,CARDIFF WALES                 ,EDINBURGH                     , 14329 , 14329 , 0 , 15282 , 15218 , 64 ,-6.236095 ,N,N
25-Aug-2009 08:36,200906,200806,Other Reporting Airports      ,CARDIFF WALES                 ,GLASGOW                       , 4522 , 4449 , 73 , 8123 , 8123 , 0 ,-44.33091 ,N,N
25-Aug-2009 08:36,200906,200806,Other Reporting Airports      ,CARDIFF WALES                 ,JERSEY                        , 3353 , 3353 , 0 , 2638 , 2638 , 0 , 27.10387 ,N,N
25-Aug-2009 08:36,200906,200806,Other Reporting Airports      ,CARDIFF WALES                 ,NEWCASTLE                     , 2738 , 2738 , 0 , 3171 , 3171 , 0 ,-13.655 ,N,N
25-Aug-2009 08:36,200906,200806,Other Reporting Airports      ,CARDIFF WALES                 ,NEWQUAY                       , 0 , 0 , 0 , 197 , 197 , 0 ,-100 ,N,N
25-Aug-2009 08:36,200906,200806,Other Reporting Airports      ,CITY OF DERRY (EGLINTON)      ,EAST MIDLANDS INTERNATIONAL   , 0 , 0 , 0 , 5040 , 5040 , 0 ,-100 ,N,N
25-Aug-2009 08:36,200906,200806,Other Reporting Airports      ,CITY OF DERRY (EGLINTON)      ,GLASGOW                       , 0 , 0 , 0 , 1082 , 1082 , 0 ,-100 ,N,N
25-Aug-2009 08:36,200906,200806,Other Reporting Airports      ,CITY OF DERRY (EGLINTON)      ,LIVERPOOL                     , 5547 , 5547 , 0 , 6317 , 6317 , 0 ,-12.18933 ,N,N
25-Aug-2009 08:36,200906,200806,Other Reporting Airports      ,CITY OF DERRY (EGLINTON)      ,PRESTWICK                     , 3962 , 3962 , 0 , 5163 , 5163 , 0 ,-23.26167 ,N,N
25-Aug-2009 08:36,200906,200806,Other Reporting Airports      ,COVENTRY                      ,JERSEY                        , 0 , 0 , 0 , 5524 , 5524 , 0 ,-100 ,N,N
25-Aug-2009 08:36,200906,200806,Other Reporting Airports      ,DONCASTER SHEFFIELD           ,JERSEY                        , 1696 , 1696 , 0 , 939 , 939 , 0 , 80.61768 ,N,N
25-Aug-2009 08:36,200906,200806,Other Reporting Airports      ,DUNDEE                        ,GUERNSEY                      , 0 , 0 , 0 , 15 , 0 , 15 ,-100 ,N,N
25-Aug-2009 08:36,200906,200806,Other Reporting Airports      ,DUNDEE                        ,JERSEY                        , 435 , 435 , 0 , 358 , 0 , 358 , 21.50838 ,N,N
25-Aug-2009 08:36,200906,200806,Other Reporting Airports      ,DURHAM TEES VALLEY            ,JERSEY                        , 0 , 0 , 0 , 976 , 976 , 0 ,-100 ,N,N
25-Aug-2009 08:36,200906,200806,Other Reporting Airports      ,EAST MIDLANDS INTERNATIONAL   ,EDINBURGH                     , 11673 , 11673 , 0 , 15714 , 15714 , 0 ,-25.71592 ,N,N
25-Aug-2009 08:36,200906,200806,Other Reporting Airports      ,EAST MIDLANDS INTERNATIONAL   ,GLASGOW                       , 10164 , 10164 , 0 , 13121 , 13121 , 0 ,-22.53639 ,N,N
25-Aug-2009 08:36,200906,200806,Other Reporting Airports      ,EAST MIDLANDS INTERNATIONAL   ,GUERNSEY                      , 2379 , 2379 , 0 , 0 , 0 , 0 ,Null,N,N
25-Aug-2009 08:36,200906,200806,Other Reporting Airports      ,EAST MIDLANDS INTERNATIONAL   ,INVERNESS                     , 3683 , 3683 , 0 , 3462 , 3462 , 0 , 6.383593 ,N,N
25-Aug-2009 08:36,200906,200806,Other Reporting Airports      ,EAST MIDLANDS INTERNATIONAL   ,ISLE OF MAN                   , 769 , 769 , 0 , 704 , 704 , 0 , 9.232955 ,N,N
25-Aug-2009 08:36,200906,200806,Other Reporting Airports      ,EAST MIDLANDS INTERNATIONAL   ,JERSEY                        , 6994 , 6994 , 0 , 6172 , 6172 , 0 , 13.31821 ,N,N
25-Aug-2009 08:36,200906,200806,Other Reporting Airports      ,EDAY                          ,KIRKWALL                      , 26 , 26 , 0 , 23 , 23 , 0 , 13.04348 ,N,N
25-Aug-2009 08:36,200906,200806,Other Reporting Airports      ,EDINBURGH                     ,EXETER                        , 5812 , 5812 , 0 , 6661 , 6661 , 0 ,-12.74583 ,N,N
25-Aug-2009 08:36,200906,200806,Other Reporting Airports      ,EDINBURGH                     ,FARNBOROUGH                   , 8 , 0 , 8 , 0 , 0 , 0 ,Null,Y,N
25-Aug-2009 08:36,200906,200806,Other Reporting Airports      ,EDINBURGH                     ,INVERNESS                     , 0 , 0 , 0 , 649 , 649 , 0 ,-100 ,N,N
25-Aug-2009 08:36,200906,200806,Other Reporting Airports      ,EDINBURGH                     ,ISLE OF MAN                   , 1183 , 1183 , 0 , 1169 , 1169 , 0 , 1.197605 ,N,N
25-Aug-2009 08:36,200906,200806,Other Reporting Airports      ,EDINBURGH                     ,JERSEY                        , 3100 , 3100 , 0 , 3278 , 3278 , 0 ,-5.43014 ,N,N
25-Aug-2009 08:36,200906,200806,Other Reporting Airports      ,EDINBURGH                     ,KIRKWALL                      , 4163 , 4163 , 0 , 3730 , 3730 , 0 , 11.60858 ,N,N
25-Aug-2009 08:36,200906,200806,Other Reporting Airports      ,EDINBURGH                     ,LEEDS BRADFORD                , 1699 , 1699 , 0 , 3234 , 3234 , 0 ,-47.46444 ,N,N
25-Aug-2009 08:36,200906,200806,Other Reporting Airports      ,EDINBURGH                     ,MANCHESTER                    , 14083 , 14068 , 15 , 20491 , 20491 , 0 ,-31.27227 ,N,N
25-Aug-2009 08:36,200906,200806,Other Reporting Airports      ,EDINBURGH                     ,NEWQUAY                       , 1929 , 1929 , 0 , 2293 , 2234 , 59 ,-15.8744 ,N,N
25-Aug-2009 08:36,200906,200806,Other Reporting Airports      ,EDINBURGH                     ,NORWICH                       , 4501 , 4501 , 0 , 5348 , 5348 , 0 ,-15.8377 ,N,N
25-Aug-2009 08:36,200906,200806,Other Reporting Airports      ,EDINBURGH                     ,SOUTHAMPTON                   , 17814 , 17814 , 0 , 18192 , 18192 , 0 ,-2.077837 ,N,N
25-Aug-2009 08:36,200906,200806,Other Reporting Airports      ,EDINBURGH                     ,STORNOWAY                     , 2830 , 2830 , 0 , 2696 , 2696 , 0 , 4.970326 ,N,N
25-Aug-2009 08:36,200906,200806,Other Reporting Airports      ,EDINBURGH                     ,SUMBURGH                      , 3366 , 3366 , 0 , 2723 , 2723 , 0 , 23.61366 ,N,N
25-Aug-2009 08:36,200906,200806,Other Reporting Airports      ,EDINBURGH                     ,WICK                          , 558 , 558 , 0 , 772 , 691 , 81 ,-27.72021 ,N,N
25-Aug-2009 08:36,200906,200806,Other Reporting Airports      ,EXETER                        ,GLASGOW                       , 2955 , 2955 , 0 , 3761 , 3761 , 0 ,-21.43047 ,N,N
25-Aug-2009 08:36,200906,200806,Other Reporting Airports      ,EXETER                        ,GUERNSEY                      , 2122 , 2122 , 0 , 2306 , 2306 , 0 ,-7.979185 ,N,N
25-Aug-2009 08:36,200906,200806,Other Reporting Airports      ,EXETER                        ,INVERNESS                     , 0 , 0 , 0 , 1111 , 1111 , 0 ,-100 ,N,N
25-Aug-2009 08:36,200906,200806,Other Reporting Airports      ,EXETER                        ,ISLES OF SCILLY (ST.MARYS)    , 725 , 725 , 0 , 678 , 678 , 0 , 6.932153 ,N,N
25-Aug-2009 08:36,200906,200806,Other Reporting Airports      ,EXETER                        ,JERSEY                        , 3040 , 3040 , 0 , 3269 , 3269 , 0 ,-7.0052 ,N,N
25-Aug-2009 08:36,200906,200806,Other Reporting Airports      ,EXETER                        ,LEEDS BRADFORD                , 1376 , 1376 , 0 , 1914 , 1914 , 0 ,-28.10867 ,N,N
25-Aug-2009 08:36,200906,200806,Other Reporting Airports      ,EXETER                        ,MANCHESTER                    , 4237 , 4237 , 0 , 4708 , 4708 , 0 ,-10.00425 ,N,N
25-Aug-2009 08:36,200906,200806,Other Reporting Airports      ,EXETER                        ,NEWCASTLE                     , 3254 , 3254 , 0 , 4251 , 4251 , 0 ,-23.4533 ,N,N
25-Aug-2009 08:36,200906,200806,Other Reporting Airports      ,EXETER                        ,NORWICH                       , 1271 , 1271 , 0 , 1393 , 1393 , 0 ,-8.758076 ,N,N
25-Aug-2009 08:36,200906,200806,Other Reporting Airports      ,FAIR ISLE                     ,LERWICK (TINGWALL)            , 365 , 365 , 0 , 371 , 371 , 0 ,-1.617251 ,N,N
25-Aug-2009 08:36,200906,200806,Other Reporting Airports      ,FAIR ISLE                     ,SUMBURGH                      , 15 , 15 , 0 , 27 , 27 , 0 ,-44.44444 ,N,N
25-Aug-2009 08:36,200906,200806,Other Reporting Airports      ,FARNBOROUGH                   ,GLASGOW                       , 24 , 0 , 24 , 0 , 0 , 0 ,Null,N,N
25-Aug-2009 08:36,200906,200806,Other Reporting Airports      ,FARNBOROUGH                   ,JERSEY                        , 0 , 0 , 0 , 2 , 0 , 2 ,-100 ,N,Y
25-Aug-2009 08:36,200906,200806,Other Reporting Airports      ,FARNBOROUGH                   ,NEWCASTLE                     , 14 , 0 , 14 , 37 , 0 , 37 ,-62.16216 ,Y,Y
25-Aug-2009 08:36,200906,200806,Other Reporting Airports      ,FOULA                         ,LERWICK (TINGWALL)            , 173 , 173 , 0 , 130 , 130 , 0 , 33.07692 ,N,N
25-Aug-2009 08:36,200906,200806,London Area Airports          ,GATWICK                       ,ABERDEEN                      , 11527 , 11527 , 0 , 12130 , 12130 , 0 ,-4.971146 ,N,N
25-Aug-2009 08:36,200906,200806,London Area Airports          ,GATWICK                       ,BELFAST CITY (GEORGE BEST)    , 20304 , 20304 , 0 , 16087 , 16087 , 0 , 26.21371 ,N,N
25-Aug-2009 08:36,200906,200806,London Area Airports          ,GATWICK                       ,BELFAST INTERNATIONAL         , 25173 , 25173 , 0 , 32434 , 32434 , 0 ,-22.387 ,N,N
25-Aug-2009 08:36,200906,200806,London Area Airports          ,GATWICK                       ,EDINBURGH                     , 57142 , 57142 , 0 , 63876 , 63876 , 0 ,-10.5423 ,N,N
25-Aug-2009 08:36,200906,200806,London Area Airports          ,GATWICK                       ,GLASGOW                       , 47543 , 47543 , 0 , 48346 , 48346 , 0 ,-1.660944 ,N,N
25-Aug-2009 08:36,200906,200806,London Area Airports          ,GATWICK                       ,GUERNSEY                      , 29248 , 29248 , 0 , 29212 , 29212 , 0 , 0.123237 ,N,N
25-Aug-2009 08:36,200906,200806,London Area Airports          ,GATWICK                       ,INVERNESS                     , 19975 , 19975 , 0 , 22128 , 22128 , 0 ,-9.729754 ,N,N
25-Aug-2009 08:36,200906,200806,London Area Airports          ,GATWICK                       ,ISLE OF MAN                   , 11302 , 11188 , 114 , 13217 , 13217 , 0 ,-14.48892 ,N,N
25-Aug-2009 08:36,200906,200806,London Area Airports          ,GATWICK                       ,JERSEY                        , 48220 , 48220 , 0 , 44066 , 44066 , 0 , 9.426769 ,N,N
25-Aug-2009 08:36,200906,200806,London Area Airports          ,GATWICK                       ,LEEDS BRADFORD                , 362 , 362 , 0 , 0 , 0 , 0 ,Null,N,N
25-Aug-2009 08:36,200906,200806,London Area Airports          ,GATWICK                       ,MANCHESTER                    , 24827 , 24827 , 0 , 28990 , 28990 , 0 ,-14.36012 ,N,N
25-Aug-2009 08:36,200906,200806,London Area Airports          ,GATWICK                       ,NEWCASTLE                     , 10209 , 10209 , 0 , 8268 , 8268 , 0 , 23.47605 ,N,N
25-Aug-2009 08:36,200906,200806,London Area Airports          ,GATWICK                       ,NEWQUAY                       , 9722 , 9722 , 0 , 6595 , 6595 , 0 , 47.41471 ,N,N
25-Aug-2009 08:36,200906,200806,London Area Airports          ,GATWICK                       ,PLYMOUTH                      , 4842 , 4842 , 0 , 5712 , 5712 , 0 ,-15.23109 ,N,N
25-Aug-2009 08:36,200906,200806,Other Reporting Airports      ,GLASGOW                       ,ISLAY                         , 2758 , 2758 , 0 , 3126 , 3126 , 0 ,-11.77223 ,N,N
25-Aug-2009 08:36,200906,200806,Other Reporting Airports      ,GLASGOW                       ,ISLE OF MAN                   , 1491 , 1491 , 0 , 1668 , 1668 , 0 ,-10.61151 ,N,N
25-Aug-2009 08:36,200906,200806,Other Reporting Airports      ,GLASGOW                       ,JERSEY                        , 956 , 956 , 0 , 948 , 948 , 0 , 0.8438818 ,N,N
25-Aug-2009 08:36,200906,200806,Other Reporting Airports      ,GLASGOW                       ,KIRKWALL                      , 1598 , 1598 , 0 , 1385 , 1385 , 0 , 15.37906 ,N,N
25-Aug-2009 08:36,200906,200806,Other Reporting Airports      ,GLASGOW                       ,LEEDS BRADFORD                , 1770 , 1770 , 0 , 2799 , 2799 , 0 ,-36.76313 ,N,N
25-Aug-2009 08:36,200906,200806,Other Reporting Airports      ,GLASGOW                       ,MANCHESTER                    , 9626 , 9626 , 0 , 13969 , 13969 , 0 ,-31.09027 ,N,N
25-Aug-2009 08:36,200906,200806,Other Reporting Airports      ,GLASGOW                       ,NEWQUAY                       , 0 , 0 , 0 , 611 , 611 , 0 ,-100 ,N,N
25-Aug-2009 08:36,200906,200806,Other Reporting Airports      ,GLASGOW                       ,PLYMOUTH                      , 2246 , 2246 , 0 , 2390 , 2390 , 0 ,-6.025105 ,N,N
25-Aug-2009 08:36,200906,200806,Other Reporting Airports      ,GLASGOW                       ,SOUTHAMPTON                   , 14551 , 14551 , 0 , 15541 , 15541 , 0 ,-6.370246 ,N,N
25-Aug-2009 08:36,200906,200806,Other Reporting Airports      ,GLASGOW                       ,STORNOWAY                     , 4719 , 4719 , 0 , 5588 , 5588 , 0 ,-15.55118 ,N,N
25-Aug-2009 08:36,200906,200806,Other Reporting Airports      ,GLASGOW                       ,SUMBURGH                      , 1541 , 1541 , 0 , 1542 , 1542 , 0 ,-6.485084E-02 ,N,N
25-Aug-2009 08:36,200906,200806,Other Reporting Airports      ,GLASGOW                       ,TIREE                         , 665 , 665 , 0 , 589 , 589 , 0 , 12.90323 ,N,N
25-Aug-2009 08:36,200906,200806,Other Reporting Airports      ,GLOUCESTERSHIRE               ,ISLE OF MAN                   , 1498 , 1498 , 0 , 1415 , 1415 , 0 , 5.865725 ,N,N
25-Aug-2009 08:36,200906,200806,Other Reporting Airports      ,GLOUCESTERSHIRE               ,JERSEY                        , 313 , 313 , 0 , 280 , 280 , 0 , 11.78571 ,N,N
25-Aug-2009 08:36,200906,200806,Other Reporting Airports      ,GUERNSEY                      ,ISLE OF MAN                   , 352 , 313 , 39 , 136 , 136 , 0 , 158.8235 ,N,N
25-Aug-2009 08:36,200906,200806,Other Reporting Airports      ,GUERNSEY                      ,JERSEY                        , 13331 , 13331 , 0 , 14102 , 14088 , 14 ,-5.467309 ,N,N
25-Aug-2009 08:36,200906,200806,Other Reporting Airports      ,GUERNSEY                      ,MANCHESTER                    , 6869 , 6869 , 0 , 7663 , 7663 , 0 ,-10.36148 ,N,N
25-Aug-2009 08:36,200906,200806,Other Reporting Airports      ,GUERNSEY                      ,NORWICH                       , 0 , 0 , 0 , 290 , 290 , 0 ,-100 ,N,N
25-Aug-2009 08:36,200906,200806,Other Reporting Airports      ,GUERNSEY                      ,PLYMOUTH                      , 385 , 385 , 0 , 0 , 0 , 0 ,Null,N,N
25-Aug-2009 08:36,200906,200806,Other Reporting Airports      ,GUERNSEY                      ,SOUTHAMPTON                   , 12146 , 12146 , 0 , 12143 , 12143 , 0 , 2.470559E-02 ,N,N
25-Aug-2009 08:36,200906,200806,London Area Airports          ,HEATHROW                      ,ABERDEEN                      , 56421 , 56421 , 0 , 56996 , 56996 , 0 ,-1.008843 ,N,N
25-Aug-2009 08:36,200906,200806,London Area Airports          ,HEATHROW                      ,BELFAST CITY (GEORGE BEST)    , 45314 , 45314 , 0 , 44773 , 44773 , 0 , 1.208318 ,N,N
25-Aug-2009 08:36,200906,200806,London Area Airports          ,HEATHROW                      ,BELFAST INTERNATIONAL         , 23921 , 23921 , 0 , 22012 , 22012 , 0 , 8.672543 ,N,N
25-Aug-2009 08:36,200906,200806,London Area Airports          ,HEATHROW                      ,DURHAM TEES VALLEY            , 0 , 0 , 0 , 7759 , 7759 , 0 ,-100 ,N,N
25-Aug-2009 08:36,200906,200806,London Area Airports          ,HEATHROW                      ,EDINBURGH                     , 121538 , 121538 , 0 , 123061 , 123061 , 0 ,-1.237598 ,N,N
25-Aug-2009 08:36,200906,200806,London Area Airports          ,HEATHROW                      ,GLASGOW                       , 100691 , 100691 , 0 , 103307 , 103307 , 0 ,-2.532258 ,N,N
25-Aug-2009 08:36,200906,200806,London Area Airports          ,HEATHROW                      ,JERSEY                        , 0 , 0 , 0 , 6251 , 6251 , 0 ,-100 ,N,N
25-Aug-2009 08:36,200906,200806,London Area Airports          ,HEATHROW                      ,LEEDS BRADFORD                , 0 , 0 , 0 , 11615 , 11615 , 0 ,-100 ,N,N
25-Aug-2009 08:36,200906,200806,London Area Airports          ,HEATHROW                      ,MANCHESTER                    , 72694 , 72694 , 0 , 72207 , 72207 , 0 , 0.6744499 ,N,N
25-Aug-2009 08:36,200906,200806,London Area Airports          ,HEATHROW                      ,NEWCASTLE                     , 42194 , 42194 , 0 , 38558 , 38558 , 0 , 9.42995 ,N,N
25-Aug-2009 08:36,200906,200806,Other Reporting Airports      ,HUMBERSIDE                    ,JERSEY                        , 432 , 432 , 0 , 330 , 0 , 330 , 30.90909 ,N,N
25-Aug-2009 08:36,200906,200806,Other Reporting Airports      ,HUMBERSIDE                    ,NORWICH                       , 0 , 0 , 0 , 84 , 0 , 84 ,-100 ,N,N
25-Aug-2009 08:36,200906,200806,Other Reporting Airports      ,INVERNESS                     ,ISLAY                         , 0 , 0 , 0 , 29 , 0 , 29 ,-100 ,N,N
25-Aug-2009 08:36,200906,200806,Other Reporting Airports      ,INVERNESS                     ,ISLE OF MAN                   , 0 , 0 , 0 , 131 , 0 , 131 ,-100 ,N,N
25-Aug-2009 08:36,200906,200806,Other Reporting Airports      ,INVERNESS                     ,JERSEY                        , 184 , 184 , 0 , 43 , 0 , 43 , 327.907 ,N,N
25-Aug-2009 08:36,200906,200806,Other Reporting Airports      ,INVERNESS                     ,KIRKWALL                      , 2496 , 2496 , 0 , 2233 , 2233 , 0 , 11.77788 ,N,N
25-Aug-2009 08:36,200906,200806,Other Reporting Airports      ,INVERNESS                     ,LEEDS BRADFORD                , 0 , 0 , 0 , 191 , 191 , 0 ,-100 ,N,N
25-Aug-2009 08:36,200906,200806,Other Reporting Airports      ,INVERNESS                     ,MANCHESTER                    , 4736 , 4736 , 0 , 4810 , 4810 , 0 ,-1.538462 ,N,N
25-Aug-2009 08:36,200906,200806,Other Reporting Airports      ,INVERNESS                     ,SOUTHAMPTON                   , 470 , 470 , 0 , 1943 , 1943 , 0 ,-75.8106 ,N,N
25-Aug-2009 08:36,200906,200806,Other Reporting Airports      ,INVERNESS                     ,STORNOWAY                     , 2956 , 2956 , 0 , 2971 , 2971 , 0 ,-0.5048805 ,N,N
25-Aug-2009 08:36,200906,200806,Other Reporting Airports      ,INVERNESS                     ,SUMBURGH                      , 0 , 0 , 0 , 2 , 2 , 0 ,-100 ,N,N
25-Aug-2009 08:36,200906,200806,Other Reporting Airports      ,ISLE OF MAN                   ,JERSEY                        , 666 , 666 , 0 , 810 , 810 , 0 ,-17.77778 ,N,N
25-Aug-2009 08:36,200906,200806,Other Reporting Airports      ,ISLE OF MAN                   ,LEEDS BRADFORD                , 1045 , 1045 , 0 , 1177 , 1177 , 0 ,-11.21495 ,N,N
25-Aug-2009 08:36,200906,200806,Other Reporting Airports      ,ISLE OF MAN                   ,LIVERPOOL                     , 9319 , 9319 , 0 , 10993 , 10993 , 0 ,-15.22787 ,N,N
25-Aug-2009 08:36,200906,200806,Other Reporting Airports      ,ISLE OF MAN                   ,MANCHESTER                    , 13145 , 13145 , 0 , 14008 , 14008 , 0 ,-6.160765 ,N,N
25-Aug-2009 08:36,200906,200806,Other Reporting Airports      ,ISLE OF MAN                   ,NEWCASTLE                     , 512 , 512 , 0 , 528 , 528 , 0 ,-3.030303 ,N,N
25-Aug-2009 08:36,200906,200806,Other Reporting Airports      ,ISLE OF MAN                   ,NEWQUAY                       , 393 , 393 , 0 , 246 , 246 , 0 , 59.7561 ,N,N
25-Aug-2009 08:36,200906,200806,Other Reporting Airports      ,ISLE OF MAN                   ,SOUTHAMPTON                   , 1423 , 1423 , 0 , 2028 , 2028 , 0 ,-29.83235 ,N,N
25-Aug-2009 08:36,200906,200806,Other Reporting Airports      ,ISLES OF SCILLY (ST.MARYS)    ,NEWQUAY                       , 1875 , 1875 , 0 , 2218 , 2218 , 0 ,-15.46438 ,N,N
25-Aug-2009 08:36,200906,200806,Other Reporting Airports      ,ISLES OF SCILLY (ST.MARYS)    ,SOUTHAMPTON                   , 0 , 0 , 0 , 28 , 28 , 0 ,-100 ,N,N
25-Aug-2009 08:36,200906,200806,Other Reporting Airports      ,JERSEY                        ,KENT INTERNATIONAL            , 342 , 342 , 0 , 267 , 0 , 267 , 28.08989 ,N,N
25-Aug-2009 08:36,200906,200806,Other Reporting Airports      ,JERSEY                        ,LEEDS BRADFORD                , 3004 , 3004 , 0 , 2656 , 2656 , 0 , 13.10241 ,N,N
25-Aug-2009 08:36,200906,200806,Other Reporting Airports      ,JERSEY                        ,LIVERPOOL                     , 5012 , 5012 , 0 , 5847 , 5847 , 0 ,-14.28083 ,N,N
25-Aug-2009 08:36,200906,200806,Other Reporting Airports      ,JERSEY                        ,MANCHESTER                    , 8888 , 8886 , 2 , 9840 , 9840 , 0 ,-9.674797 ,N,N
25-Aug-2009 08:36,200906,200806,Other Reporting Airports      ,JERSEY                        ,NEWCASTLE                     , 1897 , 1897 , 0 , 1918 , 1918 , 0 ,-1.09489 ,N,N
25-Aug-2009 08:36,200906,200806,Other Reporting Airports      ,JERSEY                        ,NEWQUAY                       , 0 , 0 , 0 , 38 , 38 , 0 ,-100 ,N,N
25-Aug-2009 08:36,200906,200806,Other Reporting Airports      ,JERSEY                        ,NORWICH                       , 1422 , 1422 , 0 , 1988 , 1988 , 0 ,-28.47083 ,N,N
25-Aug-2009 08:36,200906,200806,Other Reporting Airports      ,JERSEY                        ,PLYMOUTH                      , 1430 , 1430 , 0 , 1426 , 1426 , 0 , 0.2805049 ,N,N
25-Aug-2009 08:36,200906,200806,Other Reporting Airports      ,JERSEY                        ,SOUTHAMPTON                   , 12421 , 12419 , 2 , 12544 , 12544 , 0 ,-0.9805484 ,N,N
25-Aug-2009 08:36,200906,200806,Other Reporting Airports      ,KIRKWALL                      ,NORTH RONALDSAY               , 766 , 766 , 0 , 643 , 643 , 0 , 19.12908 ,N,N
25-Aug-2009 08:36,200906,200806,Other Reporting Airports      ,KIRKWALL                      ,PAPA WESTRAY                  , 394 , 394 , 0 , 367 , 367 , 0 , 7.356948 ,N,N
25-Aug-2009 08:36,200906,200806,Other Reporting Airports      ,KIRKWALL                      ,SANDAY                        , 222 , 222 , 0 , 202 , 202 , 0 , 9.90099 ,N,N
25-Aug-2009 08:36,200906,200806,Other Reporting Airports      ,KIRKWALL                      ,STRONSAY                      , 252 , 252 , 0 , 185 , 185 , 0 , 36.21622 ,N,N
25-Aug-2009 08:36,200906,200806,Other Reporting Airports      ,KIRKWALL                      ,SUMBURGH                      , 764 , 764 , 0 , 869 , 869 , 0 ,-12.08285 ,N,N
25-Aug-2009 08:36,200906,200806,Other Reporting Airports      ,KIRKWALL                      ,WESTRAY                       , 333 , 333 , 0 , 288 , 288 , 0 , 15.625 ,N,N
25-Aug-2009 08:36,200906,200806,Other Reporting Airports      ,LEEDS BRADFORD                ,MANCHESTER                    , 8 , 0 , 8 , 0 , 0 , 0 ,Null,Y,N
25-Aug-2009 08:36,200906,200806,Other Reporting Airports      ,LEEDS BRADFORD                ,NEWQUAY                       , 2456 , 2456 , 0 , 207 , 203 , 4 , 1086.473 ,N,N
25-Aug-2009 08:36,200906,200806,Other Reporting Airports      ,LEEDS BRADFORD                ,PLYMOUTH                      , 840 , 840 , 0 , 0 , 0 , 0 ,Null,N,N
25-Aug-2009 08:36,200906,200806,Other Reporting Airports      ,LEEDS BRADFORD                ,SOUTHAMPTON                   , 7485 , 7485 , 0 , 7821 , 7821 , 0 ,-4.296126 ,N,N
25-Aug-2009 08:36,200906,200806,Other Reporting Airports      ,LERWICK (TINGWALL)            ,OUT SKERRIES                  , 72 , 72 , 0 , 53 , 53 , 0 , 35.84906 ,N,N
25-Aug-2009 08:36,200906,200806,Other Reporting Airports      ,LERWICK (TINGWALL)            ,PAPA STOUR                    , 37 , 37 , 0 , 14 , 14 , 0 , 164.2857 ,N,N
25-Aug-2009 08:36,200906,200806,Other Reporting Airports      ,LIVERPOOL                     ,MANCHESTER                    , 0 , 0 , 0 , 208 , 0 , 208 ,-100 ,N,N
25-Aug-2009 08:36,200906,200806,London Area Airports          ,LONDON CITY                   ,DUNDEE                        , 3547 , 3547 , 0 , 3655 , 3655 , 0 ,-2.954856 ,N,N
25-Aug-2009 08:36,200906,200806,London Area Airports          ,LONDON CITY                   ,EDINBURGH                     , 29501 , 29501 , 0 , 34067 , 34067 , 0 ,-13.403 ,N,N
25-Aug-2009 08:36,200906,200806,London Area Airports          ,LONDON CITY                   ,GLASGOW                       , 11418 , 11418 , 0 , 10515 , 10515 , 0 , 8.587731 ,N,N
25-Aug-2009 08:36,200906,200806,London Area Airports          ,LONDON CITY                   ,ISLE OF MAN                   , 6041 , 6041 , 0 , 1289 , 1289 , 0 , 368.6579 ,N,N
25-Aug-2009 08:36,200906,200806,London Area Airports          ,LONDON CITY                   ,JERSEY                        , 908 , 908 , 0 , 1308 , 1308 , 0 ,-30.58104 ,N,N
25-Aug-2009 08:36,200906,200806,London Area Airports          ,LONDON CITY                   ,MANCHESTER                    , 0 , 0 , 0 , 7568 , 7568 , 0 ,-100 ,N,N
25-Aug-2009 08:36,200906,200806,London Area Airports          ,LONDON CITY                   ,NEWQUAY                       , 2351 , 2351 , 0 , 0 , 0 , 0 ,Null,N,N
25-Aug-2009 08:36,200906,200806,London Area Airports          ,LUTON                         ,ABERDEEN                      , 12914 , 12853 , 61 , 12673 , 12673 , 0 , 1.901681 ,N,N
25-Aug-2009 08:36,200906,200806,London Area Airports          ,LUTON                         ,BELFAST INTERNATIONAL         , 20926 , 20926 , 0 , 22413 , 22413 , 0 ,-6.634542 ,N,N
25-Aug-2009 08:36,200906,200806,London Area Airports          ,LUTON                         ,CITY OF DERRY (EGLINTON)      , 2559 , 2559 , 0 , 0 , 0 , 0 ,Null,N,N
25-Aug-2009 08:36,200906,200806,London Area Airports          ,LUTON                         ,EDINBURGH                     , 27991 , 27991 , 0 , 33655 , 33634 , 21 ,-16.82959 ,N,N
25-Aug-2009 08:36,200906,200806,London Area Airports          ,LUTON                         ,GLASGOW                       , 29012 , 29012 , 0 , 30923 , 30923 , 0 ,-6.179866 ,N,N
25-Aug-2009 08:36,200906,200806,London Area Airports          ,LUTON                         ,INVERNESS                     , 8679 , 8679 , 0 , 9829 , 9829 , 0 ,-11.70007 ,N,N
25-Aug-2009 08:36,200906,200806,London Area Airports          ,LUTON                         ,ISLE OF MAN                   , 2825 , 2681 , 144 , 4261 , 4261 , 0 ,-33.70101 ,N,N
25-Aug-2009 08:36,200906,200806,London Area Airports          ,LUTON                         ,JERSEY                        , 1492 , 1489 , 3 , 6402 , 6402 , 0 ,-76.69479 ,N,N
25-Aug-2009 08:36,200906,200806,London Area Airports          ,LUTON                         ,MANCHESTER                    , 5 , 0 , 5 , 46 , 0 , 46 ,-89.13043 ,Y,N
25-Aug-2009 08:36,200906,200806,Other Reporting Airports      ,MANCHESTER                    ,NEWQUAY                       , 5484 , 5484 , 0 , 6087 , 6087 , 0 ,-9.906358 ,N,N
25-Aug-2009 08:36,200906,200806,Other Reporting Airports      ,MANCHESTER                    ,NORWICH                       , 3163 , 3163 , 0 , 3809 , 3809 , 0 ,-16.95983 ,N,N
25-Aug-2009 08:36,200906,200806,Other Reporting Airports      ,MANCHESTER                    ,PLYMOUTH                      , 2109 , 2109 , 0 , 3046 , 3046 , 0 ,-30.76165 ,N,N
25-Aug-2009 08:36,200906,200806,Other Reporting Airports      ,MANCHESTER                    ,SOUTHAMPTON                   , 12537 , 12537 , 0 , 14040 , 14040 , 0 ,-10.70513 ,N,N
25-Aug-2009 08:36,200906,200806,Other Reporting Airports      ,NEWCASTLE                     ,NEWQUAY                       , 864 , 864 , 0 , 1130 , 1130 , 0 ,-23.53982 ,N,N
25-Aug-2009 08:36,200906,200806,Other Reporting Airports      ,NEWCASTLE                     ,PLYMOUTH                      , 1596 , 1596 , 0 , 1976 , 1976 , 0 ,-19.23077 ,N,N
25-Aug-2009 08:36,200906,200806,Other Reporting Airports      ,NEWCASTLE                     ,SOUTHAMPTON                   , 9632 , 9632 , 0 , 10088 , 10088 , 0 ,-4.520222 ,N,N
25-Aug-2009 08:36,200906,200806,Other Reporting Airports      ,NEWQUAY                       ,PLYMOUTH                      , 51 , 51 , 0 , 3 , 3 , 0 , 1600 ,N,N
25-Aug-2009 08:36,200906,200806,Other Reporting Airports      ,OBAN (NORTH CONNEL)           ,TIREE                         , 82 , 82 , 0 , 19 , 19 , 0 , 331.5789 ,N,N
25-Aug-2009 08:36,200906,200806,London Area Airports          ,SOUTHEND                      ,JERSEY                        , 554 , 554 , 0 , 473 , 473 , 0 , 17.12473 ,N,N
25-Aug-2009 08:36,200906,200806,London Area Airports          ,STANSTED                      ,BELFAST CITY (GEORGE BEST)    , 28477 , 28477 , 0 , 31474 , 31474 , 0 ,-9.522145 ,N,N
25-Aug-2009 08:36,200906,200806,London Area Airports          ,STANSTED                      ,BELFAST INTERNATIONAL         , 22824 , 22824 , 0 , 27213 , 27213 , 0 ,-16.12832 ,N,N
25-Aug-2009 08:36,200906,200806,London Area Airports          ,STANSTED                      ,CITY OF DERRY (EGLINTON)      , 7999 , 7999 , 0 , 13491 , 13491 , 0 ,-40.70862 ,N,N
25-Aug-2009 08:36,200906,200806,London Area Airports          ,STANSTED                      ,EDINBURGH                     , 33056 , 33056 , 0 , 37495 , 37495 , 0 ,-11.83891 ,N,N
25-Aug-2009 08:36,200906,200806,London Area Airports          ,STANSTED                      ,GLASGOW                       , 26251 , 26251 , 0 , 33083 , 33083 , 0 ,-20.65109 ,N,N
25-Aug-2009 08:36,200906,200806,London Area Airports          ,STANSTED                      ,GUERNSEY                      , 2583 , 2583 , 0 , 2974 , 2974 , 0 ,-13.14728 ,N,N
25-Aug-2009 08:36,200906,200806,London Area Airports          ,STANSTED                      ,JERSEY                        , 2308 , 2308 , 0 , 316 , 0 , 316 , 630.3798 ,N,N
25-Aug-2009 08:36,200906,200806,London Area Airports          ,STANSTED                      ,KENT INTERNATIONAL            , 4 , 0 , 4 , 0 , 0 , 0 ,Null,N,N
25-Aug-2009 08:36,200906,200806,London Area Airports          ,STANSTED                      ,MANCHESTER                    , 0 , 0 , 0 , 1854 , 1818 , 36 ,-100 ,N,N
25-Aug-2009 08:36,200906,200806,London Area Airports          ,STANSTED                      ,NEWCASTLE                     , 12554 , 12550 , 4 , 17938 , 17938 , 0 ,-30.01449 ,N,N
25-Aug-2009 08:36,200906,200806,London Area Airports          ,STANSTED                      ,NEWQUAY                       , 7134 , 7134 , 0 , 14519 , 14519 , 0 ,-50.86438 ,N,N
25-Aug-2009 08:36,200906,200806,London Area Airports          ,STANSTED                      ,PRESTWICK                     , 24995 , 24995 , 0 , 37224 , 37224 , 0 ,-32.85246 ,N,N
25-Aug-2009 08:36,200906,200806,London Area Airports          ,STANSTED                      ,SUMBURGH                      , 0 , 0 , 0 , 534 , 534 , 0 ,-100 ,N,N
