rundate,this_period,last_period,group_name,airport_1_name,airport_2_name,total_pax_this_period,total_pax_scheduled_this_period,total_pax_charter_this_period,total_pax_last_period,total_pax_scheduled_last_period,total_pax_charter_last_period,total_pax_percent,charters_tm_only_small_acf,charters_lm_only_small_acf
11-Jul-2014 15:26,201405,201305,Other Reporting Airports      ,ABERDEEN                      ,BELFAST CITY (GEORGE BEST)    , 2803 , 2803 , 0 , 2313 , 2313 , 0 , 21.18461 ,N,N
11-Jul-2014 15:26,201405,201305,Other Reporting Airports      ,ABERDEEN                      ,BIRMINGHAM                    , 11153 , 11153 , 0 , 8671 , 8671 , 0 , 28.62415 ,N,N
11-Jul-2014 15:26,201405,201305,Other Reporting Airports      ,ABERDEEN                      ,BRISTOL                       , 2743 , 2743 , 0 , 2926 , 2926 , 0 ,-6.254272 ,N,N
11-Jul-2014 15:26,201405,201305,Other Reporting Airports      ,ABERDEEN                      ,CARDIFF WALES                 , 990 , 990 , 0 , 1138 , 1138 , 0 ,-13.00527 ,N,N
11-Jul-2014 15:26,201405,201305,Other Reporting Airports      ,ABERDEEN                      ,DURHAM TEES VALLEY            , 3202 , 3202 , 0 , 3078 , 3078 , 0 , 4.02859 ,N,N
11-Jul-2014 15:26,201405,201305,Other Reporting Airports      ,ABERDEEN                      ,EAST MIDLANDS INTERNATIONAL   , 1354 , 1354 , 0 , 1516 , 1516 , 0 ,-10.68602 ,N,N
11-Jul-2014 15:26,201405,201305,Other Reporting Airports      ,ABERDEEN                      ,GATWICK                       , 15055 , 15055 , 0 , 16078 , 16078 , 0 ,-6.362731 ,N,N
11-Jul-2014 15:26,201405,201305,Other Reporting Airports      ,ABERDEEN                      ,GLASGOW                       , 0 , 0 , 0 , 16 , 0 , 16 ,-100 ,N,N
11-Jul-2014 15:26,201405,201305,Other Reporting Airports      ,ABERDEEN                      ,HEATHROW                      , 66237 , 66237 , 0 , 59181 , 59181 , 0 , 11.92275 ,N,N
11-Jul-2014 15:26,201405,201305,Other Reporting Airports      ,ABERDEEN                      ,HUMBERSIDE                    , 3156 , 3156 , 0 , 3061 , 3061 , 0 , 3.103561 ,N,N
11-Jul-2014 15:26,201405,201305,Other Reporting Airports      ,ABERDEEN                      ,JERSEY                        , 305 , 305 , 0 , 196 , 196 , 0 , 55.61224 ,N,N
11-Jul-2014 15:26,201405,201305,Other Reporting Airports      ,ABERDEEN                      ,KIRKWALL                      , 4562 , 4562 , 0 , 4638 , 4638 , 0 ,-1.638637 ,N,N
11-Jul-2014 15:26,201405,201305,Other Reporting Airports      ,ABERDEEN                      ,LEEDS BRADFORD                , 556 , 556 , 0 , 1426 , 1426 , 0 ,-61.00982 ,N,N
11-Jul-2014 15:26,201405,201305,Other Reporting Airports      ,ABERDEEN                      ,LONDON CITY                   , 6014 , 6014 , 0 , 7288 , 7288 , 0 ,-17.48079 ,N,N
11-Jul-2014 15:26,201405,201305,Other Reporting Airports      ,ABERDEEN                      ,LUTON                         , 7451 , 7451 , 0 , 7969 , 7969 , 0 ,-6.500188 ,N,N
11-Jul-2014 15:26,201405,201305,Other Reporting Airports      ,ABERDEEN                      ,MANCHESTER                    , 19905 , 19725 , 180 , 18236 , 17841 , 395 , 9.152226 ,N,N
11-Jul-2014 15:26,201405,201305,Other Reporting Airports      ,ABERDEEN                      ,NEWCASTLE                     , 2646 , 2646 , 0 , 2860 , 2860 , 0 ,-7.482518 ,N,N
11-Jul-2014 15:26,201405,201305,Other Reporting Airports      ,ABERDEEN                      ,NORWICH                       , 5160 , 5160 , 0 , 5785 , 5785 , 0 ,-10.8038 ,N,N
11-Jul-2014 15:26,201405,201305,Other Reporting Airports      ,ABERDEEN                      ,SCATSTA                       , 13155 , 0 , 13155 , 13933 , 0 , 13933 ,-5.583866 ,N,N
11-Jul-2014 15:26,201405,201305,Other Reporting Airports      ,ABERDEEN                      ,SOUTHAMPTON                   , 1159 , 1159 , 0 , 707 , 707 , 0 , 63.93211 ,N,N
11-Jul-2014 15:26,201405,201305,Other Reporting Airports      ,ABERDEEN                      ,STORNOWAY                     , 530 , 530 , 0 , 484 , 484 , 0 , 9.504132 ,N,N
11-Jul-2014 15:26,201405,201305,Other Reporting Airports      ,ABERDEEN                      ,SUMBURGH                      , 12559 , 7327 , 5232 , 9741 , 6384 , 3357 , 28.92927 ,N,N
11-Jul-2014 15:26,201405,201305,Other Reporting Airports      ,ABERDEEN                      ,WICK JOHN O GROATS            , 1083 , 1083 , 0 , 1096 , 1096 , 0 ,-1.186131 ,N,N
11-Jul-2014 15:26,201405,201305,Other Reporting Airports      ,ALDERNEY                      ,GUERNSEY                      , 3441 , 3441 , 0 , 3435 , 3435 , 0 , 0.1746725 ,N,N
11-Jul-2014 15:26,201405,201305,Other Reporting Airports      ,ALDERNEY                      ,SOUTHAMPTON                   , 2366 , 2366 , 0 , 2346 , 2346 , 0 , 0.8525149 ,N,N
11-Jul-2014 15:26,201405,201305,Other Reporting Airports      ,BARRA                         ,GLASGOW                       , 1035 , 1035 , 0 , 795 , 795 , 0 , 30.18868 ,N,N
11-Jul-2014 15:26,201405,201305,Other Reporting Airports      ,BELFAST CITY (GEORGE BEST)    ,ABERDEEN                      , 2783 , 2783 , 0 , 2326 , 2326 , 0 , 19.64746 ,N,N
11-Jul-2014 15:26,201405,201305,Other Reporting Airports      ,BELFAST CITY (GEORGE BEST)    ,BIRMINGHAM                    , 21690 , 21690 , 0 , 23727 , 23727 , 0 ,-8.585156 ,N,N
11-Jul-2014 15:26,201405,201305,Other Reporting Airports      ,BELFAST CITY (GEORGE BEST)    ,BLACKPOOL                     , 0 , 0 , 0 , 864 , 864 , 0 ,-100 ,N,N
11-Jul-2014 15:26,201405,201305,Other Reporting Airports      ,BELFAST CITY (GEORGE BEST)    ,CARDIFF WALES                 , 3560 , 3560 , 0 , 3371 , 3371 , 0 , 5.606645 ,N,N
11-Jul-2014 15:26,201405,201305,Other Reporting Airports      ,BELFAST CITY (GEORGE BEST)    ,DONCASTER SHEFFIELD           , 718 , 718 , 0 , 0 , 0 , 0 ,Null,N,N
11-Jul-2014 15:26,201405,201305,Other Reporting Airports      ,BELFAST CITY (GEORGE BEST)    ,EAST MIDLANDS INTERNATIONAL   , 11628 , 11628 , 0 , 12615 , 12615 , 0 ,-7.824019 ,N,N
11-Jul-2014 15:26,201405,201305,Other Reporting Airports      ,BELFAST CITY (GEORGE BEST)    ,EDINBURGH                     , 12499 , 12499 , 0 , 11623 , 11623 , 0 , 7.53678 ,N,N
11-Jul-2014 15:26,201405,201305,Other Reporting Airports      ,BELFAST CITY (GEORGE BEST)    ,EXETER                        , 3201 , 3201 , 0 , 976 , 976 , 0 , 227.9713 ,N,N
11-Jul-2014 15:26,201405,201305,Other Reporting Airports      ,BELFAST CITY (GEORGE BEST)    ,GATWICK                       , 19999 , 19999 , 0 , 33612 , 33612 , 0 ,-40.50042 ,N,N
11-Jul-2014 15:26,201405,201305,Other Reporting Airports      ,BELFAST CITY (GEORGE BEST)    ,GLASGOW                       , 12320 , 12320 , 0 , 11064 , 11064 , 0 , 11.35213 ,N,N
11-Jul-2014 15:26,201405,201305,Other Reporting Airports      ,BELFAST CITY (GEORGE BEST)    ,HEATHROW                      , 59009 , 59009 , 0 , 55030 , 55030 , 0 , 7.230601 ,N,N
11-Jul-2014 15:26,201405,201305,Other Reporting Airports      ,BELFAST CITY (GEORGE BEST)    ,INVERNESS                     , 2317 , 2317 , 0 , 2055 , 2055 , 0 , 12.74939 ,N,N
11-Jul-2014 15:26,201405,201305,Other Reporting Airports      ,BELFAST CITY (GEORGE BEST)    ,ISLE OF MAN                   , 2609 , 2609 , 0 , 1777 , 1777 , 0 , 46.82048 ,N,N
11-Jul-2014 15:26,201405,201305,Other Reporting Airports      ,BELFAST CITY (GEORGE BEST)    ,JERSEY                        , 0 , 0 , 0 , 105 , 105 , 0 ,-100 ,N,N
11-Jul-2014 15:26,201405,201305,Other Reporting Airports      ,BELFAST CITY (GEORGE BEST)    ,LEEDS BRADFORD                , 13871 , 13871 , 0 , 10680 , 10680 , 0 , 29.87828 ,N,N
11-Jul-2014 15:26,201405,201305,Other Reporting Airports      ,BELFAST CITY (GEORGE BEST)    ,MANCHESTER                    , 25944 , 25944 , 0 , 23840 , 23840 , 0 , 8.825503 ,N,N
11-Jul-2014 15:26,201405,201305,Other Reporting Airports      ,BELFAST CITY (GEORGE BEST)    ,NEWCASTLE                     , 2069 , 2069 , 0 , 3987 , 3987 , 0 ,-48.10635 ,N,N
11-Jul-2014 15:26,201405,201305,Other Reporting Airports      ,BELFAST CITY (GEORGE BEST)    ,NEWQUAY                       , 0 , 0 , 0 , 77 , 77 , 0 ,-100 ,N,N
11-Jul-2014 15:26,201405,201305,Other Reporting Airports      ,BELFAST CITY (GEORGE BEST)    ,SOUTHAMPTON                   , 9720 , 9720 , 0 , 7804 , 7804 , 0 , 24.55151 ,N,N
11-Jul-2014 15:26,201405,201305,Other Reporting Airports      ,BELFAST INTERNATIONAL         ,BIRMINGHAM                    , 16581 , 16581 , 0 , 12921 , 12921 , 0 , 28.32598 ,N,N
11-Jul-2014 15:26,201405,201305,Other Reporting Airports      ,BELFAST INTERNATIONAL         ,BLACKPOOL                     , 0 , 0 , 0 , 1099 , 1099 , 0 ,-100 ,N,N
11-Jul-2014 15:26,201405,201305,Other Reporting Airports      ,BELFAST INTERNATIONAL         ,BRISTOL                       , 19247 , 19247 , 0 , 20024 , 20024 , 0 ,-3.880344 ,N,N
11-Jul-2014 15:26,201405,201305,Other Reporting Airports      ,BELFAST INTERNATIONAL         ,EDINBURGH                     , 19564 , 19564 , 0 , 19518 , 19518 , 0 , 0.2356799 ,N,N
11-Jul-2014 15:26,201405,201305,Other Reporting Airports      ,BELFAST INTERNATIONAL         ,GATWICK                       , 39458 , 39458 , 0 , 34850 , 34850 , 0 , 13.22238 ,N,N
11-Jul-2014 15:26,201405,201305,Other Reporting Airports      ,BELFAST INTERNATIONAL         ,GLASGOW                       , 20568 , 20568 , 0 , 21009 , 21009 , 0 ,-2.0991 ,N,N
11-Jul-2014 15:26,201405,201305,Other Reporting Airports      ,BELFAST INTERNATIONAL         ,JERSEY                        , 0 , 0 , 0 , 733 , 733 , 0 ,-100 ,N,N
11-Jul-2014 15:26,201405,201305,Other Reporting Airports      ,BELFAST INTERNATIONAL         ,LEEDS BRADFORD                , 0 , 0 , 0 , 3542 , 3542 , 0 ,-100 ,N,N
11-Jul-2014 15:26,201405,201305,Other Reporting Airports      ,BELFAST INTERNATIONAL         ,LIVERPOOL (JOHN LENNON)       , 34463 , 34463 , 0 , 34948 , 34948 , 0 ,-1.387776 ,N,N
11-Jul-2014 15:26,201405,201305,Other Reporting Airports      ,BELFAST INTERNATIONAL         ,LUTON                         , 21296 , 21296 , 0 , 21418 , 21418 , 0 ,-0.5696144 ,N,N
11-Jul-2014 15:26,201405,201305,Other Reporting Airports      ,BELFAST INTERNATIONAL         ,MANCHESTER                    , 17527 , 17527 , 0 , 15446 , 15446 , 0 , 13.47274 ,N,N
11-Jul-2014 15:26,201405,201305,Other Reporting Airports      ,BELFAST INTERNATIONAL         ,NEWCASTLE                     , 16631 , 16631 , 0 , 16066 , 16066 , 0 , 3.516743 ,N,N
11-Jul-2014 15:26,201405,201305,Other Reporting Airports      ,BELFAST INTERNATIONAL         ,SOUTHEND                      , 0 , 0 , 0 , 7653 , 7653 , 0 ,-100 ,N,N
11-Jul-2014 15:26,201405,201305,Other Reporting Airports      ,BELFAST INTERNATIONAL         ,STANSTED                      , 25653 , 25653 , 0 , 23863 , 23863 , 0 , 7.501153 ,N,N
11-Jul-2014 15:26,201405,201305,Other Reporting Airports      ,BENBECULA                     ,GLASGOW                       , 1939 , 1939 , 0 , 1884 , 1884 , 0 , 2.919321 ,N,N
11-Jul-2014 15:26,201405,201305,Other Reporting Airports      ,BENBECULA                     ,STORNOWAY                     , 635 , 635 , 0 , 692 , 692 , 0 ,-8.236994 ,N,N
11-Jul-2014 15:26,201405,201305,Other Reporting Airports      ,BIRMINGHAM                    ,ABERDEEN                      , 11056 , 11056 , 0 , 8676 , 8676 , 0 , 27.432 ,N,N
11-Jul-2014 15:26,201405,201305,Other Reporting Airports      ,BIRMINGHAM                    ,BELFAST CITY (GEORGE BEST)    , 21618 , 21618 , 0 , 23708 , 23708 , 0 ,-8.81559 ,N,N
11-Jul-2014 15:26,201405,201305,Other Reporting Airports      ,BIRMINGHAM                    ,BELFAST INTERNATIONAL         , 16458 , 16458 , 0 , 12874 , 12874 , 0 , 27.83906 ,N,N
11-Jul-2014 15:26,201405,201305,Other Reporting Airports      ,BIRMINGHAM                    ,CITY OF DERRY (EGLINTON)      , 4213 , 4213 , 0 , 4668 , 4616 , 52 ,-9.747215 ,N,N
11-Jul-2014 15:26,201405,201305,Other Reporting Airports      ,BIRMINGHAM                    ,EDINBURGH                     , 23955 , 23955 , 0 , 24100 , 24100 , 0 ,-0.6016598 ,N,N
11-Jul-2014 15:26,201405,201305,Other Reporting Airports      ,BIRMINGHAM                    ,GLASGOW                       , 19500 , 19500 , 0 , 17959 , 17959 , 0 , 8.580656 ,N,N
11-Jul-2014 15:26,201405,201305,Other Reporting Airports      ,BIRMINGHAM                    ,GUERNSEY                      , 1759 , 1759 , 0 , 3565 , 3565 , 0 ,-50.65919 ,N,N
11-Jul-2014 15:26,201405,201305,Other Reporting Airports      ,BIRMINGHAM                    ,INVERNESS                     , 3606 , 3606 , 0 , 3005 , 3005 , 0 , 20 ,N,N
11-Jul-2014 15:26,201405,201305,Other Reporting Airports      ,BIRMINGHAM                    ,ISLE OF MAN                   , 4370 , 4370 , 0 , 3927 , 3927 , 0 , 11.28088 ,N,N
11-Jul-2014 15:26,201405,201305,Other Reporting Airports      ,BIRMINGHAM                    ,JERSEY                        , 5761 , 5761 , 0 , 2732 , 2732 , 0 , 110.8712 ,N,N
11-Jul-2014 15:26,201405,201305,Other Reporting Airports      ,BIRMINGHAM                    ,NEWCASTLE                     , 624 , 585 , 39 , 720 , 720 , 0 ,-13.33333 ,N,N
11-Jul-2014 15:26,201405,201305,Other Reporting Airports      ,BIRMINGHAM                    ,NEWQUAY                       , 1962 , 1962 , 0 , 0 , 0 , 0 ,Null,N,N
11-Jul-2014 15:26,201405,201305,Other Reporting Airports      ,BLACKPOOL                     ,BELFAST INTERNATIONAL         , 0 , 0 , 0 , 1183 , 1183 , 0 ,-100 ,N,N
11-Jul-2014 15:26,201405,201305,Other Reporting Airports      ,BLACKPOOL                     ,ISLE OF MAN                   , 1867 , 1867 , 0 , 1714 , 1714 , 0 , 8.926488 ,N,N
11-Jul-2014 15:26,201405,201305,Other Reporting Airports      ,BRISTOL                       ,ABERDEEN                      , 2734 , 2734 , 0 , 2904 , 2904 , 0 ,-5.853994 ,N,N
11-Jul-2014 15:26,201405,201305,Other Reporting Airports      ,BRISTOL                       ,BELFAST INTERNATIONAL         , 19241 , 19241 , 0 , 20011 , 20011 , 0 ,-3.847884 ,N,N
11-Jul-2014 15:26,201405,201305,Other Reporting Airports      ,BRISTOL                       ,EDINBURGH                     , 28565 , 28565 , 0 , 26261 , 26261 , 0 , 8.773466 ,N,N
11-Jul-2014 15:26,201405,201305,Other Reporting Airports      ,BRISTOL                       ,GLASGOW                       , 20900 , 20900 , 0 , 22956 , 22956 , 0 ,-8.956264 ,N,N
11-Jul-2014 15:26,201405,201305,Other Reporting Airports      ,BRISTOL                       ,GUERNSEY                      , 2399 , 2399 , 0 , 2459 , 2459 , 0 ,-2.440016 ,N,N
11-Jul-2014 15:26,201405,201305,Other Reporting Airports      ,BRISTOL                       ,HAWARDEN                      , 454 , 0 , 454 , 724 , 0 , 724 ,-37.29282 ,N,N
11-Jul-2014 15:26,201405,201305,Other Reporting Airports      ,BRISTOL                       ,INVERNESS                     , 8265 , 8265 , 0 , 8117 , 8117 , 0 , 1.823334 ,N,N
11-Jul-2014 15:26,201405,201305,Other Reporting Airports      ,BRISTOL                       ,ISLE OF MAN                   , 0 , 0 , 0 , 700 , 700 , 0 ,-100 ,N,N
11-Jul-2014 15:26,201405,201305,Other Reporting Airports      ,BRISTOL                       ,JERSEY                        , 3347 , 3347 , 0 , 3520 , 3520 , 0 ,-4.914773 ,N,N
11-Jul-2014 15:26,201405,201305,Other Reporting Airports      ,BRISTOL                       ,NEWCASTLE                     , 16152 , 16152 , 0 , 14717 , 14717 , 0 , 9.750628 ,N,N
11-Jul-2014 15:26,201405,201305,Other Reporting Airports      ,CAMBRIDGE                     ,JERSEY                        , 313 , 0 , 313 , 115 , 0 , 115 , 172.1739 ,N,N
11-Jul-2014 15:26,201405,201305,Other Reporting Airports      ,CAMPBELTOWN                   ,GLASGOW                       , 797 , 797 , 0 , 805 , 805 , 0 ,-0.9937888 ,N,N
11-Jul-2014 15:26,201405,201305,Other Reporting Airports      ,CAMPBELTOWN                   ,ISLAY                         , 0 , 0 , 0 , 12 , 12 , 0 ,-100 ,N,N
11-Jul-2014 15:26,201405,201305,Other Reporting Airports      ,CARDIFF WALES                 ,ABERDEEN                      , 96 , 96 , 0 , 130 , 130 , 0 ,-26.15385 ,N,N
11-Jul-2014 15:26,201405,201305,Other Reporting Airports      ,CARDIFF WALES                 ,ANGLESEY (VALLEY)             , 679 , 679 , 0 , 765 , 765 , 0 ,-11.24183 ,N,N
11-Jul-2014 15:26,201405,201305,Other Reporting Airports      ,CARDIFF WALES                 ,BELFAST CITY (GEORGE BEST)    , 3551 , 3551 , 0 , 3368 , 3368 , 0 , 5.433492 ,N,N
11-Jul-2014 15:26,201405,201305,Other Reporting Airports      ,CARDIFF WALES                 ,EDINBURGH                     , 4577 , 4577 , 0 , 7024 , 7024 , 0 ,-34.8377 ,N,N
11-Jul-2014 15:26,201405,201305,Other Reporting Airports      ,CARDIFF WALES                 ,FARNBOROUGH                   , 34 , 0 , 34 , 34 , 0 , 34 , 0 ,N,N
11-Jul-2014 15:26,201405,201305,Other Reporting Airports      ,CARDIFF WALES                 ,GATWICK                       , 0 , 0 , 0 , 32 , 0 , 32 ,-100 ,N,N
11-Jul-2014 15:26,201405,201305,Other Reporting Airports      ,CARDIFF WALES                 ,GLASGOW                       , 3191 , 3191 , 0 , 4120 , 4120 , 0 ,-22.54854 ,N,N
11-Jul-2014 15:26,201405,201305,Other Reporting Airports      ,CARDIFF WALES                 ,HUMBERSIDE                    , 0 , 0 , 0 , 86 , 0 , 86 ,-100 ,N,N
11-Jul-2014 15:26,201405,201305,Other Reporting Airports      ,CARDIFF WALES                 ,JERSEY                        , 1129 , 1129 , 0 , 1730 , 1730 , 0 ,-34.73988 ,N,N
11-Jul-2014 15:26,201405,201305,Other Reporting Airports      ,CARDIFF WALES                 ,MANCHESTER                    , 0 , 0 , 0 , 175 , 0 , 175 ,-100 ,N,N
11-Jul-2014 15:26,201405,201305,Other Reporting Airports      ,CARDIFF WALES                 ,NEWCASTLE                     , 1077 , 905 , 172 , 1066 , 1066 , 0 , 1.031895 ,N,N
11-Jul-2014 15:26,201405,201305,Other Reporting Airports      ,CITY OF DERRY (EGLINTON)      ,BIRMINGHAM                    , 4244 , 4244 , 0 , 4719 , 4668 , 51 ,-10.06569 ,N,N
11-Jul-2014 15:26,201405,201305,Other Reporting Airports      ,CITY OF DERRY (EGLINTON)      ,LIVERPOOL (JOHN LENNON)       , 6695 , 6695 , 0 , 8025 , 8025 , 0 ,-16.57321 ,N,N
11-Jul-2014 15:26,201405,201305,Other Reporting Airports      ,CITY OF DERRY (EGLINTON)      ,PRESTWICK                     , 5280 , 5280 , 0 , 5944 , 5944 , 0 ,-11.17093 ,N,N
11-Jul-2014 15:26,201405,201305,Other Reporting Airports      ,CITY OF DERRY (EGLINTON)      ,STANSTED                      , 9797 , 9797 , 0 , 11676 , 11676 , 0 ,-16.09284 ,N,N
11-Jul-2014 15:26,201405,201305,Other Reporting Airports      ,DONCASTER SHEFFIELD           ,BELFAST CITY (GEORGE BEST)    , 751 , 751 , 0 , 0 , 0 , 0 ,Null,N,N
11-Jul-2014 15:26,201405,201305,Other Reporting Airports      ,DONCASTER SHEFFIELD           ,ISLE OF MAN                   , 244 , 244 , 0 , 0 , 0 , 0 ,Null,N,N
11-Jul-2014 15:26,201405,201305,Other Reporting Airports      ,DONCASTER SHEFFIELD           ,JERSEY                        , 623 , 623 , 0 , 455 , 455 , 0 , 36.92308 ,N,N
11-Jul-2014 15:26,201405,201305,Other Reporting Airports      ,DUNDEE                        ,JERSEY                        , 280 , 0 , 280 , 308 , 0 , 308 ,-9.090909 ,N,N
11-Jul-2014 15:26,201405,201305,Other Reporting Airports      ,DUNDEE                        ,LONDON CITY                   , 0 , 0 , 0 , 2267 , 2267 , 0 ,-100 ,N,N
11-Jul-2014 15:26,201405,201305,Other Reporting Airports      ,DUNDEE                        ,STANSTED                      , 1469 , 1469 , 0 , 0 , 0 , 0 ,Null,N,N
11-Jul-2014 15:26,201405,201305,Other Reporting Airports      ,DURHAM TEES VALLEY            ,ABERDEEN                      , 3182 , 3182 , 0 , 3222 , 3222 , 0 ,-1.241465 ,N,N
11-Jul-2014 15:26,201405,201305,Other Reporting Airports      ,DURHAM TEES VALLEY            ,JERSEY                        , 194 , 194 , 0 , 76 , 76 , 0 , 155.2632 ,N,N
11-Jul-2014 15:26,201405,201305,Other Reporting Airports      ,EAST MIDLANDS INTERNATIONAL   ,ABERDEEN                      , 1350 , 1350 , 0 , 1525 , 1525 , 0 ,-11.47541 ,N,N
11-Jul-2014 15:26,201405,201305,Other Reporting Airports      ,EAST MIDLANDS INTERNATIONAL   ,BELFAST CITY (GEORGE BEST)    , 11567 , 11567 , 0 , 12472 , 12472 , 0 ,-7.256254 ,N,N
11-Jul-2014 15:26,201405,201305,Other Reporting Airports      ,EAST MIDLANDS INTERNATIONAL   ,EDINBURGH                     , 7522 , 7522 , 0 , 7822 , 7822 , 0 ,-3.835336 ,N,N
11-Jul-2014 15:26,201405,201305,Other Reporting Airports      ,EAST MIDLANDS INTERNATIONAL   ,GLASGOW                       , 7852 , 7852 , 0 , 8428 , 8428 , 0 ,-6.834362 ,N,N
11-Jul-2014 15:26,201405,201305,Other Reporting Airports      ,EAST MIDLANDS INTERNATIONAL   ,GUERNSEY                      , 2601 , 2601 , 0 , 3181 , 3181 , 0 ,-18.23326 ,N,N
11-Jul-2014 15:26,201405,201305,Other Reporting Airports      ,EAST MIDLANDS INTERNATIONAL   ,JERSEY                        , 3571 , 3571 , 0 , 3074 , 3074 , 0 , 16.16786 ,N,N
11-Jul-2014 15:26,201405,201305,Other Reporting Airports      ,EDINBURGH                     ,BELFAST CITY (GEORGE BEST)    , 12580 , 12580 , 0 , 11694 , 11694 , 0 , 7.576535 ,N,N
11-Jul-2014 15:26,201405,201305,Other Reporting Airports      ,EDINBURGH                     ,BELFAST INTERNATIONAL         , 19584 , 19584 , 0 , 19506 , 19506 , 0 , 0.399877 ,N,N
11-Jul-2014 15:26,201405,201305,Other Reporting Airports      ,EDINBURGH                     ,BIRMINGHAM                    , 24134 , 24084 , 50 , 24226 , 24226 , 0 ,-0.3797573 ,N,N
11-Jul-2014 15:26,201405,201305,Other Reporting Airports      ,EDINBURGH                     ,BRISTOL                       , 28542 , 28542 , 0 , 26240 , 26240 , 0 , 8.772866 ,N,N
11-Jul-2014 15:26,201405,201305,Other Reporting Airports      ,EDINBURGH                     ,CARDIFF WALES                 , 4595 , 4595 , 0 , 7059 , 7059 , 0 ,-34.90579 ,N,N
11-Jul-2014 15:26,201405,201305,Other Reporting Airports      ,EDINBURGH                     ,EAST MIDLANDS INTERNATIONAL   , 7545 , 7545 , 0 , 7873 , 7873 , 0 ,-4.166137 ,N,N
11-Jul-2014 15:26,201405,201305,Other Reporting Airports      ,EDINBURGH                     ,EXETER                        , 3489 , 3489 , 0 , 3290 , 3290 , 0 , 6.048632 ,N,N
11-Jul-2014 15:26,201405,201305,Other Reporting Airports      ,EDINBURGH                     ,FARNBOROUGH                   , 54 , 0 , 54 , 0 , 0 , 0 ,Null,N,N
11-Jul-2014 15:26,201405,201305,Other Reporting Airports      ,EDINBURGH                     ,GATWICK                       , 60602 , 60602 , 0 , 61376 , 61376 , 0 ,-1.261079 ,N,N
11-Jul-2014 15:26,201405,201305,Other Reporting Airports      ,EDINBURGH                     ,HEATHROW                      , 133625 , 133625 , 0 , 120418 , 120418 , 0 , 10.96763 ,N,N
11-Jul-2014 15:26,201405,201305,Other Reporting Airports      ,EDINBURGH                     ,ISLE OF MAN                   , 0 , 0 , 0 , 750 , 750 , 0 ,-100 ,N,N
11-Jul-2014 15:26,201405,201305,Other Reporting Airports      ,EDINBURGH                     ,JERSEY                        , 459 , 459 , 0 , 1087 , 1087 , 0 ,-57.77369 ,N,N
11-Jul-2014 15:26,201405,201305,Other Reporting Airports      ,EDINBURGH                     ,KIRKWALL                      , 4373 , 4373 , 0 , 4124 , 4124 , 0 , 6.037827 ,N,N
11-Jul-2014 15:26,201405,201305,Other Reporting Airports      ,EDINBURGH                     ,LONDON CITY                   , 25408 , 25408 , 0 , 30916 , 30916 , 0 ,-17.81602 ,N,N
11-Jul-2014 15:26,201405,201305,Other Reporting Airports      ,EDINBURGH                     ,LUTON                         , 22335 , 22335 , 0 , 23843 , 23843 , 0 ,-6.324708 ,N,N
11-Jul-2014 15:26,201405,201305,Other Reporting Airports      ,EDINBURGH                     ,MANCHESTER                    , 9494 , 9494 , 0 , 11037 , 11037 , 0 ,-13.98025 ,N,N
11-Jul-2014 15:26,201405,201305,Other Reporting Airports      ,EDINBURGH                     ,NEWQUAY                       , 230 , 230 , 0 , 524 , 524 , 0 ,-56.10687 ,N,N
11-Jul-2014 15:26,201405,201305,Other Reporting Airports      ,EDINBURGH                     ,NORWICH                       , 2601 , 2601 , 0 , 2158 , 2158 , 0 , 20.52827 ,N,N
11-Jul-2014 15:26,201405,201305,Other Reporting Airports      ,EDINBURGH                     ,OXFORD (KIDLINGTON)           , 0 , 0 , 0 , 948 , 948 , 0 ,-100 ,N,N
11-Jul-2014 15:26,201405,201305,Other Reporting Airports      ,EDINBURGH                     ,SOUTHAMPTON                   , 18030 , 18030 , 0 , 18764 , 18764 , 0 ,-3.911746 ,N,N
11-Jul-2014 15:26,201405,201305,Other Reporting Airports      ,EDINBURGH                     ,SOUTHEND                      , 5378 , 5378 , 0 , 3635 , 3635 , 0 , 47.95048 ,N,N
11-Jul-2014 15:26,201405,201305,Other Reporting Airports      ,EDINBURGH                     ,STANSTED                      , 28256 , 28256 , 0 , 29186 , 29186 , 0 ,-3.186459 ,N,N
11-Jul-2014 15:26,201405,201305,Other Reporting Airports      ,EDINBURGH                     ,STORNOWAY                     , 1820 , 1820 , 0 , 1565 , 1565 , 0 , 16.29393 ,N,N
11-Jul-2014 15:26,201405,201305,Other Reporting Airports      ,EDINBURGH                     ,SUMBURGH                      , 4120 , 4120 , 0 , 3764 , 3764 , 0 , 9.458023 ,N,N
11-Jul-2014 15:26,201405,201305,Other Reporting Airports      ,EDINBURGH                     ,WICK JOHN O GROATS            , 989 , 989 , 0 , 1013 , 1013 , 0 ,-2.3692 ,N,N
11-Jul-2014 15:26,201405,201305,Other Reporting Airports      ,EXETER                        ,BELFAST CITY (GEORGE BEST)    , 3252 , 3252 , 0 , 2386 , 2386 , 0 , 36.29506 ,N,N
11-Jul-2014 15:26,201405,201305,Other Reporting Airports      ,EXETER                        ,EDINBURGH                     , 3488 , 3488 , 0 , 3289 , 3289 , 0 , 6.050471 ,N,N
11-Jul-2014 15:26,201405,201305,Other Reporting Airports      ,EXETER                        ,GLASGOW                       , 2546 , 2546 , 0 , 2634 , 2634 , 0 ,-3.340926 ,N,N
11-Jul-2014 15:26,201405,201305,Other Reporting Airports      ,EXETER                        ,GUERNSEY                      , 2045 , 2045 , 0 , 2076 , 2076 , 0 ,-1.493256 ,N,N
11-Jul-2014 15:26,201405,201305,Other Reporting Airports      ,EXETER                        ,ISLES OF SCILLY (ST.MARYS)    , 2211 , 2211 , 0 , 2348 , 2348 , 0 ,-5.834753 ,N,N
11-Jul-2014 15:26,201405,201305,Other Reporting Airports      ,EXETER                        ,JERSEY                        , 3247 , 3247 , 0 , 3026 , 3026 , 0 , 7.303371 ,N,N
11-Jul-2014 15:26,201405,201305,Other Reporting Airports      ,EXETER                        ,MANCHESTER                    , 8448 , 8448 , 0 , 7660 , 7659 , 1 , 10.28721 ,N,N
11-Jul-2014 15:26,201405,201305,Other Reporting Airports      ,EXETER                        ,NEWCASTLE                     , 0 , 0 , 0 , 2319 , 2319 , 0 ,-100 ,N,N
11-Jul-2014 15:26,201405,201305,London Area Airports          ,GATWICK                       ,ABERDEEN                      , 14935 , 14935 , 0 , 15910 , 15910 , 0 ,-6.128221 ,N,N
11-Jul-2014 15:26,201405,201305,London Area Airports          ,GATWICK                       ,BELFAST CITY (GEORGE BEST)    , 20032 , 20032 , 0 , 33633 , 33633 , 0 ,-40.43945 ,N,N
11-Jul-2014 15:26,201405,201305,London Area Airports          ,GATWICK                       ,BELFAST INTERNATIONAL         , 39106 , 39106 , 0 , 34553 , 34553 , 0 , 13.17686 ,N,N
11-Jul-2014 15:26,201405,201305,London Area Airports          ,GATWICK                       ,EDINBURGH                     , 60394 , 60394 , 0 , 61213 , 61213 , 0 ,-1.337951 ,N,N
11-Jul-2014 15:26,201405,201305,London Area Airports          ,GATWICK                       ,GLASGOW                       , 56920 , 56920 , 0 , 55747 , 55747 , 0 , 2.104149 ,N,N
11-Jul-2014 15:26,201405,201305,London Area Airports          ,GATWICK                       ,GUERNSEY                      , 27463 , 27463 , 0 , 32567 , 32567 , 0 ,-15.67231 ,N,N
11-Jul-2014 15:26,201405,201305,London Area Airports          ,GATWICK                       ,INVERNESS                     , 17599 , 17599 , 0 , 21007 , 21007 , 0 ,-16.22316 ,N,N
11-Jul-2014 15:26,201405,201305,London Area Airports          ,GATWICK                       ,ISLE OF MAN                   , 13249 , 13249 , 0 , 15720 , 15720 , 0 ,-15.71883 ,N,N
11-Jul-2014 15:26,201405,201305,London Area Airports          ,GATWICK                       ,JERSEY                        , 57057 , 57057 , 0 , 48168 , 48168 , 0 , 18.45416 ,N,N
11-Jul-2014 15:26,201405,201305,London Area Airports          ,GATWICK                       ,LIVERPOOL (JOHN LENNON)       , 79 , 0 , 79 , 0 , 0 , 0 ,Null,N,N
11-Jul-2014 15:26,201405,201305,London Area Airports          ,GATWICK                       ,MANCHESTER                    , 251 , 0 , 251 , 38 , 0 , 38 , 560.5263 ,N,N
11-Jul-2014 15:26,201405,201305,London Area Airports          ,GATWICK                       ,NEWCASTLE                     , 10920 , 10920 , 0 , 7545 , 7545 , 0 , 44.73161 ,N,N
11-Jul-2014 15:26,201405,201305,London Area Airports          ,GATWICK                       ,NEWQUAY                       , 7765 , 7765 , 0 , 9012 , 9012 , 0 ,-13.83711 ,N,N
11-Jul-2014 15:26,201405,201305,Other Reporting Airports      ,GLASGOW                       ,BARRA                         , 1062 , 1062 , 0 , 796 , 796 , 0 , 33.41708 ,N,N
11-Jul-2014 15:26,201405,201305,Other Reporting Airports      ,GLASGOW                       ,BELFAST CITY (GEORGE BEST)    , 12393 , 12393 , 0 , 11097 , 11097 , 0 , 11.67883 ,N,N
11-Jul-2014 15:26,201405,201305,Other Reporting Airports      ,GLASGOW                       ,BELFAST INTERNATIONAL         , 20642 , 20642 , 0 , 20905 , 20905 , 0 ,-1.258072 ,N,N
11-Jul-2014 15:26,201405,201305,Other Reporting Airports      ,GLASGOW                       ,BENBECULA                     , 1954 , 1954 , 0 , 1952 , 1952 , 0 , 0.102459 ,N,N
11-Jul-2014 15:26,201405,201305,Other Reporting Airports      ,GLASGOW                       ,BIRMINGHAM                    , 19588 , 19588 , 0 , 18069 , 18069 , 0 , 8.406663 ,N,N
11-Jul-2014 15:26,201405,201305,Other Reporting Airports      ,GLASGOW                       ,BRISTOL                       , 20884 , 20884 , 0 , 23151 , 23151 , 0 ,-9.792233 ,N,N
11-Jul-2014 15:26,201405,201305,Other Reporting Airports      ,GLASGOW                       ,CAMPBELTOWN                   , 796 , 796 , 0 , 819 , 819 , 0 ,-2.808303 ,N,N
11-Jul-2014 15:26,201405,201305,Other Reporting Airports      ,GLASGOW                       ,CARDIFF WALES                 , 3186 , 3186 , 0 , 1535 , 1535 , 0 , 107.557 ,N,N
11-Jul-2014 15:26,201405,201305,Other Reporting Airports      ,GLASGOW                       ,EAST MIDLANDS INTERNATIONAL   , 7943 , 7943 , 0 , 8662 , 8662 , 0 ,-8.300623 ,N,N
11-Jul-2014 15:26,201405,201305,Other Reporting Airports      ,GLASGOW                       ,EXETER                        , 2544 , 2544 , 0 , 2637 , 2637 , 0 ,-3.526735 ,N,N
11-Jul-2014 15:26,201405,201305,Other Reporting Airports      ,GLASGOW                       ,FARNBOROUGH                   , 0 , 0 , 0 , 4 , 0 , 4 ,-100 ,N,Y
11-Jul-2014 15:26,201405,201305,Other Reporting Airports      ,GLASGOW                       ,GATWICK                       , 57102 , 57102 , 0 , 56109 , 56109 , 0 , 1.76977 ,N,N
11-Jul-2014 15:26,201405,201305,Other Reporting Airports      ,GLASGOW                       ,HEATHROW                      , 76347 , 76347 , 0 , 69272 , 69272 , 0 , 10.21336 ,N,N
11-Jul-2014 15:26,201405,201305,Other Reporting Airports      ,GLASGOW                       ,INVERNESS                     , 8 , 0 , 8 , 0 , 0 , 0 ,Null,Y,N
11-Jul-2014 15:26,201405,201305,Other Reporting Airports      ,GLASGOW                       ,ISLAY                         , 2801 , 2801 , 0 , 2652 , 2652 , 0 , 5.618401 ,N,N
11-Jul-2014 15:26,201405,201305,Other Reporting Airports      ,GLASGOW                       ,ISLE OF MAN                   , 846 , 846 , 0 , 905 , 905 , 0 ,-6.519337 ,N,N
11-Jul-2014 15:26,201405,201305,Other Reporting Airports      ,GLASGOW                       ,JERSEY                        , 4055 , 4055 , 0 , 3497 , 3497 , 0 , 15.95653 ,N,N
11-Jul-2014 15:26,201405,201305,Other Reporting Airports      ,GLASGOW                       ,KIRKWALL                      , 1528 , 1528 , 0 , 1640 , 1640 , 0 ,-6.829268 ,N,N
11-Jul-2014 15:26,201405,201305,Other Reporting Airports      ,GLASGOW                       ,LEEDS BRADFORD                , 866 , 866 , 0 , 955 , 955 , 0 ,-9.319372 ,N,N
11-Jul-2014 15:26,201405,201305,Other Reporting Airports      ,GLASGOW                       ,LONDON CITY                   , 15998 , 15998 , 0 , 16392 , 16392 , 0 ,-2.403611 ,N,N
11-Jul-2014 15:26,201405,201305,Other Reporting Airports      ,GLASGOW                       ,LUTON                         , 24856 , 24806 , 50 , 24589 , 24589 , 0 , 1.085851 ,N,N
11-Jul-2014 15:26,201405,201305,Other Reporting Airports      ,GLASGOW                       ,MANCHESTER                    , 5757 , 5757 , 0 , 4682 , 4682 , 0 , 22.96027 ,N,N
11-Jul-2014 15:26,201405,201305,Other Reporting Airports      ,GLASGOW                       ,NEWQUAY                       , 0 , 0 , 0 , 92 , 92 , 0 ,-100 ,N,N
11-Jul-2014 15:26,201405,201305,Other Reporting Airports      ,GLASGOW                       ,SOUTHAMPTON                   , 15271 , 15271 , 0 , 16548 , 16548 , 0 ,-7.716945 ,N,N
11-Jul-2014 15:26,201405,201305,Other Reporting Airports      ,GLASGOW                       ,STANSTED                      , 24222 , 24222 , 0 , 29182 , 29182 , 0 ,-16.99678 ,N,N
11-Jul-2014 15:26,201405,201305,Other Reporting Airports      ,GLASGOW                       ,STORNOWAY                     , 5507 , 5507 , 0 , 5255 , 5255 , 0 , 4.795433 ,N,N
11-Jul-2014 15:26,201405,201305,Other Reporting Airports      ,GLASGOW                       ,SUMBURGH                      , 1899 , 1899 , 0 , 1681 , 1681 , 0 , 12.96847 ,N,N
11-Jul-2014 15:26,201405,201305,Other Reporting Airports      ,GLASGOW                       ,TIREE                         , 723 , 723 , 0 , 669 , 669 , 0 , 8.071749 ,N,N
11-Jul-2014 15:26,201405,201305,Other Reporting Airports      ,GLOUCESTERSHIRE               ,ISLE OF MAN                   , 1397 , 1397 , 0 , 1274 , 1274 , 0 , 9.654631 ,N,N
11-Jul-2014 15:26,201405,201305,Other Reporting Airports      ,GLOUCESTERSHIRE               ,JERSEY                        , 54 , 54 , 0 , 57 , 57 , 0 ,-5.263158 ,N,N
11-Jul-2014 15:26,201405,201305,Other Reporting Airports      ,GUERNSEY                      ,ALDERNEY                      , 3478 , 3478 , 0 , 3412 , 3412 , 0 , 1.934349 ,N,N
11-Jul-2014 15:26,201405,201305,Other Reporting Airports      ,GUERNSEY                      ,BIRMINGHAM                    , 2224 , 2224 , 0 , 1988 , 1988 , 0 , 11.87123 ,N,N
11-Jul-2014 15:26,201405,201305,Other Reporting Airports      ,GUERNSEY                      ,BRISTOL                       , 2394 , 2394 , 0 , 2762 , 2762 , 0 ,-13.32368 ,N,N
11-Jul-2014 15:26,201405,201305,Other Reporting Airports      ,GUERNSEY                      ,EAST MIDLANDS INTERNATIONAL   , 2686 , 2686 , 0 , 3200 , 3200 , 0 ,-16.0625 ,N,N
11-Jul-2014 15:26,201405,201305,Other Reporting Airports      ,GUERNSEY                      ,EXETER                        , 1966 , 1966 , 0 , 2075 , 2075 , 0 ,-5.253012 ,N,N
11-Jul-2014 15:26,201405,201305,Other Reporting Airports      ,GUERNSEY                      ,FARNBOROUGH                   , 11 , 0 , 11 , 2 , 0 , 2 , 450 ,Y,Y
11-Jul-2014 15:26,201405,201305,Other Reporting Airports      ,GUERNSEY                      ,GATWICK                       , 27525 , 27525 , 0 , 32907 , 32907 , 0 ,-16.35518 ,N,N
11-Jul-2014 15:26,201405,201305,Other Reporting Airports      ,GUERNSEY                      ,JERSEY                        , 10752 , 10752 , 0 , 12124 , 12124 , 0 ,-11.3164 ,N,N
11-Jul-2014 15:26,201405,201305,Other Reporting Airports      ,GUERNSEY                      ,LUTON                         , 26 , 0 , 26 , 0 , 0 , 0 ,Null,Y,N
11-Jul-2014 15:26,201405,201305,Other Reporting Airports      ,GUERNSEY                      ,MANCHESTER                    , 5898 , 5898 , 0 , 6078 , 6078 , 0 ,-2.9615 ,N,N
11-Jul-2014 15:26,201405,201305,Other Reporting Airports      ,GUERNSEY                      ,NORWICH                       , 98 , 98 , 0 , 163 , 163 , 0 ,-39.8773 ,N,N
11-Jul-2014 15:26,201405,201305,Other Reporting Airports      ,GUERNSEY                      ,SOUTHAMPTON                   , 17133 , 17133 , 0 , 11857 , 11857 , 0 , 44.49692 ,N,N
11-Jul-2014 15:26,201405,201305,Other Reporting Airports      ,GUERNSEY                      ,STANSTED                      , 1991 , 1991 , 0 , 1738 , 1738 , 0 , 14.55696 ,N,N
11-Jul-2014 15:26,201405,201305,London Area Airports          ,HEATHROW                      ,ABERDEEN                      , 66262 , 66262 , 0 , 59241 , 59241 , 0 , 11.85159 ,N,N
11-Jul-2014 15:26,201405,201305,London Area Airports          ,HEATHROW                      ,BELFAST CITY (GEORGE BEST)    , 59428 , 59428 , 0 , 55492 , 55492 , 0 , 7.092914 ,N,N
11-Jul-2014 15:26,201405,201305,London Area Airports          ,HEATHROW                      ,EDINBURGH                     , 133527 , 133527 , 0 , 120395 , 120395 , 0 , 10.90743 ,N,N
11-Jul-2014 15:26,201405,201305,London Area Airports          ,HEATHROW                      ,GLASGOW                       , 76330 , 76330 , 0 , 69133 , 69133 , 0 , 10.41037 ,N,N
11-Jul-2014 15:26,201405,201305,London Area Airports          ,HEATHROW                      ,LEEDS BRADFORD                , 11354 , 11354 , 0 , 9259 , 9259 , 0 , 22.62663 ,N,N
11-Jul-2014 15:26,201405,201305,London Area Airports          ,HEATHROW                      ,MANCHESTER                    , 69663 , 69663 , 0 , 64129 , 64129 , 0 , 8.629481 ,N,N
11-Jul-2014 15:26,201405,201305,London Area Airports          ,HEATHROW                      ,NEWCASTLE                     , 37541 , 37541 , 0 , 36760 , 36760 , 0 , 2.124592 ,N,N
11-Jul-2014 15:26,201405,201305,Other Reporting Airports      ,HUMBERSIDE                    ,ABERDEEN                      , 3281 , 3281 , 0 , 3093 , 3093 , 0 , 6.078241 ,N,N
11-Jul-2014 15:26,201405,201305,Other Reporting Airports      ,HUMBERSIDE                    ,CARDIFF WALES                 , 0 , 0 , 0 , 84 , 0 , 84 ,-100 ,N,N
11-Jul-2014 15:26,201405,201305,Other Reporting Airports      ,HUMBERSIDE                    ,JERSEY                        , 517 , 517 , 0 , 351 , 351 , 0 , 47.29345 ,N,N
11-Jul-2014 15:26,201405,201305,Other Reporting Airports      ,HUMBERSIDE                    ,LUTON                         , 40 , 0 , 40 , 0 , 0 , 0 ,Null,N,N
11-Jul-2014 15:26,201405,201305,Other Reporting Airports      ,HUMBERSIDE                    ,NORWICH                       , 31 , 31 , 0 , 50 , 50 , 0 ,-38 ,N,N
11-Jul-2014 15:26,201405,201305,Other Reporting Airports      ,INVERNESS                     ,BELFAST CITY (GEORGE BEST)    , 2335 , 2335 , 0 , 2069 , 2069 , 0 , 12.85645 ,N,N
11-Jul-2014 15:26,201405,201305,Other Reporting Airports      ,INVERNESS                     ,BIRMINGHAM                    , 3621 , 3621 , 0 , 3015 , 3015 , 0 , 20.0995 ,N,N
11-Jul-2014 15:26,201405,201305,Other Reporting Airports      ,INVERNESS                     ,BRISTOL                       , 8279 , 8279 , 0 , 8114 , 8114 , 0 , 2.033522 ,N,N
11-Jul-2014 15:26,201405,201305,Other Reporting Airports      ,INVERNESS                     ,GATWICK                       , 17756 , 17756 , 0 , 21211 , 21211 , 0 ,-16.28872 ,N,N
11-Jul-2014 15:26,201405,201305,Other Reporting Airports      ,INVERNESS                     ,KIRKWALL                      , 1702 , 1702 , 0 , 1836 , 1836 , 0 ,-7.298475 ,N,N
11-Jul-2014 15:26,201405,201305,Other Reporting Airports      ,INVERNESS                     ,LUTON                         , 8735 , 8735 , 0 , 8443 , 8443 , 0 , 3.458486 ,N,N
11-Jul-2014 15:26,201405,201305,Other Reporting Airports      ,INVERNESS                     ,MANCHESTER                    , 6157 , 6157 , 0 , 4817 , 4817 , 0 , 27.81814 ,N,N
11-Jul-2014 15:26,201405,201305,Other Reporting Airports      ,INVERNESS                     ,STORNOWAY                     , 2887 , 2887 , 0 , 3044 , 3044 , 0 ,-5.157687 ,N,N
11-Jul-2014 15:26,201405,201305,Other Reporting Airports      ,INVERNESS                     ,SUMBURGH                      , 282 , 282 , 0 , 293 , 293 , 0 ,-3.754266 ,N,N
11-Jul-2014 15:26,201405,201305,Other Reporting Airports      ,INVERNESS                     ,WICK JOHN O GROATS            , 22 , 22 , 0 , 0 , 0 , 0 ,Null,N,N
11-Jul-2014 15:26,201405,201305,Other Reporting Airports      ,ISLAY                         ,CAMPBELTOWN                   , 0 , 0 , 0 , 14 , 14 , 0 ,-100 ,N,N
11-Jul-2014 15:26,201405,201305,Other Reporting Airports      ,ISLAY                         ,GLASGOW                       , 2735 , 2735 , 0 , 2608 , 2608 , 0 , 4.869632 ,N,N
11-Jul-2014 15:26,201405,201305,Other Reporting Airports      ,ISLE OF MAN                   ,BELFAST CITY (GEORGE BEST)    , 2548 , 2548 , 0 , 2598 , 2598 , 0 ,-1.924557 ,N,N
11-Jul-2014 15:26,201405,201305,Other Reporting Airports      ,ISLE OF MAN                   ,BIRMINGHAM                    , 4406 , 4406 , 0 , 3940 , 3940 , 0 , 11.82741 ,N,N
11-Jul-2014 15:26,201405,201305,Other Reporting Airports      ,ISLE OF MAN                   ,BLACKPOOL                     , 1785 , 1785 , 0 , 1645 , 1645 , 0 , 8.510638 ,N,N
11-Jul-2014 15:26,201405,201305,Other Reporting Airports      ,ISLE OF MAN                   ,BRISTOL                       , 0 , 0 , 0 , 702 , 702 , 0 ,-100 ,N,N
11-Jul-2014 15:26,201405,201305,Other Reporting Airports      ,ISLE OF MAN                   ,DONCASTER SHEFFIELD           , 254 , 254 , 0 , 0 , 0 , 0 ,Null,N,N
11-Jul-2014 15:26,201405,201305,Other Reporting Airports      ,ISLE OF MAN                   ,EDINBURGH                     , 0 , 0 , 0 , 737 , 737 , 0 ,-100 ,N,N
11-Jul-2014 15:26,201405,201305,Other Reporting Airports      ,ISLE OF MAN                   ,GATWICK                       , 13361 , 13361 , 0 , 15886 , 15886 , 0 ,-15.8945 ,N,N
11-Jul-2014 15:26,201405,201305,Other Reporting Airports      ,ISLE OF MAN                   ,GLASGOW                       , 867 , 867 , 0 , 889 , 889 , 0 ,-2.474691 ,N,N
11-Jul-2014 15:26,201405,201305,Other Reporting Airports      ,ISLE OF MAN                   ,GLOUCESTERSHIRE               , 1382 , 1382 , 0 , 1268 , 1268 , 0 , 8.990537 ,N,N
11-Jul-2014 15:26,201405,201305,Other Reporting Airports      ,ISLE OF MAN                   ,LEEDS BRADFORD                , 0 , 0 , 0 , 71 , 71 , 0 ,-100 ,N,N
11-Jul-2014 15:26,201405,201305,Other Reporting Airports      ,ISLE OF MAN                   ,LIVERPOOL (JOHN LENNON)       , 17359 , 17359 , 0 , 17142 , 17142 , 0 , 1.265897 ,N,N
11-Jul-2014 15:26,201405,201305,Other Reporting Airports      ,ISLE OF MAN                   ,LONDON CITY                   , 6536 , 6536 , 0 , 5436 , 5436 , 0 , 20.23547 ,N,N
11-Jul-2014 15:26,201405,201305,Other Reporting Airports      ,ISLE OF MAN                   ,LUTON                         , 0 , 0 , 0 , 1411 , 1411 , 0 ,-100 ,N,N
11-Jul-2014 15:26,201405,201305,Other Reporting Airports      ,ISLE OF MAN                   ,MANCHESTER                    , 14820 , 14820 , 0 , 11232 , 11232 , 0 , 31.94444 ,N,N
11-Jul-2014 15:26,201405,201305,Other Reporting Airports      ,ISLE OF MAN                   ,NEWCASTLE                     , 511 , 511 , 0 , 464 , 464 , 0 , 10.12931 ,N,N
11-Jul-2014 15:26,201405,201305,Other Reporting Airports      ,ISLE OF MAN                   ,NORWICH                       , 0 , 0 , 0 , 119 , 119 , 0 ,-100 ,N,N
11-Jul-2014 15:26,201405,201305,Other Reporting Airports      ,ISLE OF MAN                   ,OXFORD (KIDLINGTON)           , 0 , 0 , 0 , 21 , 21 , 0 ,-100 ,N,N
11-Jul-2014 15:26,201405,201305,Other Reporting Airports      ,ISLE OF MAN                   ,SOUTHAMPTON                   , 0 , 0 , 0 , 618 , 618 , 0 ,-100 ,N,N
11-Jul-2014 15:26,201405,201305,Other Reporting Airports      ,JERSEY                        ,ABERDEEN                      , 305 , 305 , 0 , 195 , 195 , 0 , 56.41026 ,N,N
11-Jul-2014 15:26,201405,201305,Other Reporting Airports      ,JERSEY                        ,ALDERNEY                      , 0 , 0 , 0 , 16 , 16 , 0 ,-100 ,N,N
11-Jul-2014 15:26,201405,201305,Other Reporting Airports      ,JERSEY                        ,BELFAST CITY (GEORGE BEST)    , 0 , 0 , 0 , 102 , 102 , 0 ,-100 ,N,N
11-Jul-2014 15:26,201405,201305,Other Reporting Airports      ,JERSEY                        ,BELFAST INTERNATIONAL         , 0 , 0 , 0 , 732 , 732 , 0 ,-100 ,N,N
11-Jul-2014 15:26,201405,201305,Other Reporting Airports      ,JERSEY                        ,BIRMINGHAM                    , 5510 , 5510 , 0 , 4733 , 4733 , 0 , 16.41665 ,N,N
11-Jul-2014 15:26,201405,201305,Other Reporting Airports      ,JERSEY                        ,BRISTOL                       , 3239 , 3239 , 0 , 3474 , 3474 , 0 ,-6.764536 ,N,N
11-Jul-2014 15:26,201405,201305,Other Reporting Airports      ,JERSEY                        ,CAMBRIDGE                     , 313 , 313 , 0 , 118 , 0 , 118 , 165.2542 ,N,N
11-Jul-2014 15:26,201405,201305,Other Reporting Airports      ,JERSEY                        ,CARDIFF WALES                 , 1092 , 1092 , 0 , 1727 , 1727 , 0 ,-36.76896 ,N,N
11-Jul-2014 15:26,201405,201305,Other Reporting Airports      ,JERSEY                        ,DONCASTER SHEFFIELD           , 621 , 621 , 0 , 453 , 453 , 0 , 37.08609 ,N,N
11-Jul-2014 15:26,201405,201305,Other Reporting Airports      ,JERSEY                        ,DUNDEE                        , 280 , 280 , 0 , 308 , 0 , 308 ,-9.090909 ,N,N
11-Jul-2014 15:26,201405,201305,Other Reporting Airports      ,JERSEY                        ,DURHAM TEES VALLEY            , 215 , 215 , 0 , 76 , 76 , 0 , 182.8947 ,N,N
11-Jul-2014 15:26,201405,201305,Other Reporting Airports      ,JERSEY                        ,EAST MIDLANDS INTERNATIONAL   , 3622 , 3250 , 372 , 3079 , 3079 , 0 , 17.6356 ,N,N
11-Jul-2014 15:26,201405,201305,Other Reporting Airports      ,JERSEY                        ,EDINBURGH                     , 457 , 457 , 0 , 1077 , 1077 , 0 ,-57.56732 ,N,N
11-Jul-2014 15:26,201405,201305,Other Reporting Airports      ,JERSEY                        ,EXETER                        , 3495 , 3495 , 0 , 3156 , 3156 , 0 , 10.74144 ,N,N
11-Jul-2014 15:26,201405,201305,Other Reporting Airports      ,JERSEY                        ,GATWICK                       , 56569 , 56560 , 9 , 47821 , 47821 , 0 , 18.29322 ,N,N
11-Jul-2014 15:26,201405,201305,Other Reporting Airports      ,JERSEY                        ,GLASGOW                       , 4019 , 4019 , 0 , 3439 , 3439 , 0 , 16.86537 ,N,N
11-Jul-2014 15:26,201405,201305,Other Reporting Airports      ,JERSEY                        ,GLOUCESTERSHIRE               , 54 , 54 , 0 , 60 , 60 , 0 ,-10 ,N,N
11-Jul-2014 15:26,201405,201305,Other Reporting Airports      ,JERSEY                        ,GUERNSEY                      , 10468 , 10468 , 0 , 12192 , 12192 , 0 ,-14.14042 ,N,N
11-Jul-2014 15:26,201405,201305,Other Reporting Airports      ,JERSEY                        ,HUMBERSIDE                    , 528 , 528 , 0 , 403 , 403 , 0 , 31.01737 ,N,N
11-Jul-2014 15:26,201405,201305,Other Reporting Airports      ,JERSEY                        ,LEEDS BRADFORD                , 2108 , 2108 , 0 , 1316 , 1316 , 0 , 60.18237 ,N,N
11-Jul-2014 15:26,201405,201305,Other Reporting Airports      ,JERSEY                        ,LIVERPOOL (JOHN LENNON)       , 8167 , 8167 , 0 , 8210 , 8210 , 0 ,-0.5237515 ,N,N
11-Jul-2014 15:26,201405,201305,Other Reporting Airports      ,JERSEY                        ,LONDON CITY                   , 3080 , 3080 , 0 , 3207 , 3207 , 0 ,-3.960087 ,N,N
11-Jul-2014 15:26,201405,201305,Other Reporting Airports      ,JERSEY                        ,LUTON                         , 0 , 0 , 0 , 1440 , 1408 , 32 ,-100 ,N,N
11-Jul-2014 15:26,201405,201305,Other Reporting Airports      ,JERSEY                        ,MANCHESTER                    , 5639 , 4854 , 785 , 5469 , 5469 , 0 , 3.108429 ,N,N
11-Jul-2014 15:26,201405,201305,Other Reporting Airports      ,JERSEY                        ,NEWCASTLE                     , 2271 , 2271 , 0 , 2373 , 2373 , 0 ,-4.298357 ,N,N
11-Jul-2014 15:26,201405,201305,Other Reporting Airports      ,JERSEY                        ,NORWICH                       , 551 , 551 , 0 , 365 , 365 , 0 , 50.9589 ,N,N
11-Jul-2014 15:26,201405,201305,Other Reporting Airports      ,JERSEY                        ,OXFORD (KIDLINGTON)           , 154 , 154 , 0 , 0 , 0 , 0 ,Null,N,N
11-Jul-2014 15:26,201405,201305,Other Reporting Airports      ,JERSEY                        ,SOUTHAMPTON                   , 15931 , 15931 , 0 , 14761 , 14761 , 0 , 7.926292 ,N,N
11-Jul-2014 15:26,201405,201305,Other Reporting Airports      ,JERSEY                        ,SOUTHEND                      , 2122 , 2122 , 0 , 5310 , 5310 , 0 ,-60.03767 ,N,N
11-Jul-2014 15:26,201405,201305,Other Reporting Airports      ,JERSEY                        ,STANSTED                      , 1152 , 1152 , 0 , 1078 , 1078 , 0 , 6.864564 ,N,N
11-Jul-2014 15:26,201405,201305,Other Reporting Airports      ,KIRKWALL                      ,ABERDEEN                      , 4580 , 4580 , 0 , 4810 , 4810 , 0 ,-4.781705 ,N,N
11-Jul-2014 15:26,201405,201305,Other Reporting Airports      ,KIRKWALL                      ,EDAY                          , 15 , 15 , 0 , 61 , 61 , 0 ,-75.40984 ,N,N
11-Jul-2014 15:26,201405,201305,Other Reporting Airports      ,KIRKWALL                      ,EDINBURGH                     , 4344 , 4344 , 0 , 4180 , 4180 , 0 , 3.923445 ,N,N
11-Jul-2014 15:26,201405,201305,Other Reporting Airports      ,KIRKWALL                      ,GLASGOW                       , 1530 , 1530 , 0 , 1621 , 1621 , 0 ,-5.613819 ,N,N
11-Jul-2014 15:26,201405,201305,Other Reporting Airports      ,KIRKWALL                      ,INVERNESS                     , 872 , 872 , 0 , 1091 , 1091 , 0 ,-20.07333 ,N,N
11-Jul-2014 15:26,201405,201305,Other Reporting Airports      ,KIRKWALL                      ,NORTH RONALDSAY               , 651 , 651 , 0 , 679 , 679 , 0 ,-4.123711 ,N,N
11-Jul-2014 15:26,201405,201305,Other Reporting Airports      ,KIRKWALL                      ,PAPA WESTRAY                  , 410 , 410 , 0 , 426 , 426 , 0 ,-3.755868 ,N,N
11-Jul-2014 15:26,201405,201305,Other Reporting Airports      ,KIRKWALL                      ,SANDAY                        , 210 , 210 , 0 , 212 , 212 , 0 ,-0.9433962 ,N,N
11-Jul-2014 15:26,201405,201305,Other Reporting Airports      ,KIRKWALL                      ,STRONSAY                      , 318 , 318 , 0 , 291 , 291 , 0 , 9.278351 ,N,N
11-Jul-2014 15:26,201405,201305,Other Reporting Airports      ,KIRKWALL                      ,SUMBURGH                      , 764 , 764 , 0 , 803 , 803 , 0 ,-4.856787 ,N,N
11-Jul-2014 15:26,201405,201305,Other Reporting Airports      ,KIRKWALL                      ,WESTRAY                       , 326 , 326 , 0 , 319 , 319 , 0 , 2.194357 ,N,N
11-Jul-2014 15:26,201405,201305,Other Reporting Airports      ,LEEDS BRADFORD                ,ABERDEEN                      , 1359 , 1359 , 0 , 1403 , 1403 , 0 ,-3.136137 ,N,N
11-Jul-2014 15:26,201405,201305,Other Reporting Airports      ,LEEDS BRADFORD                ,BELFAST CITY (GEORGE BEST)    , 13834 , 13834 , 0 , 10701 , 10701 , 0 , 29.27764 ,N,N
11-Jul-2014 15:26,201405,201305,Other Reporting Airports      ,LEEDS BRADFORD                ,BELFAST INTERNATIONAL         , 0 , 0 , 0 , 3503 , 3503 , 0 ,-100 ,N,N
11-Jul-2014 15:26,201405,201305,Other Reporting Airports      ,LEEDS BRADFORD                ,BIRMINGHAM                    , 0 , 0 , 0 , 3 , 0 , 3 ,-100 ,N,Y
11-Jul-2014 15:26,201405,201305,Other Reporting Airports      ,LEEDS BRADFORD                ,GLASGOW                       , 866 , 866 , 0 , 943 , 943 , 0 ,-8.165429 ,N,N
11-Jul-2014 15:26,201405,201305,Other Reporting Airports      ,LEEDS BRADFORD                ,HEATHROW                      , 11284 , 11284 , 0 , 9226 , 9226 , 0 , 22.30652 ,N,N
11-Jul-2014 15:26,201405,201305,Other Reporting Airports      ,LEEDS BRADFORD                ,ISLE OF MAN                   , 0 , 0 , 0 , 74 , 74 , 0 ,-100 ,N,N
11-Jul-2014 15:26,201405,201305,Other Reporting Airports      ,LEEDS BRADFORD                ,JERSEY                        , 2119 , 2119 , 0 , 1315 , 1315 , 0 , 61.14069 ,N,N
11-Jul-2014 15:26,201405,201305,Other Reporting Airports      ,LEEDS BRADFORD                ,SOUTHAMPTON                   , 1451 , 1451 , 0 , 5751 , 5751 , 0 ,-74.76961 ,N,N
11-Jul-2014 15:26,201405,201305,Other Reporting Airports      ,LERWICK (TINGWALL)            ,FAIR ISLE                     , 355 , 355 , 0 , 351 , 351 , 0 , 1.139601 ,N,N
11-Jul-2014 15:26,201405,201305,Other Reporting Airports      ,LERWICK (TINGWALL)            ,FOULA                         , 129 , 129 , 0 , 173 , 173 , 0 ,-25.43353 ,N,N
11-Jul-2014 15:26,201405,201305,Other Reporting Airports      ,LERWICK (TINGWALL)            ,OUT SKERRIES                  , 12 , 12 , 0 , 23 , 23 , 0 ,-47.82609 ,N,N
11-Jul-2014 15:26,201405,201305,Other Reporting Airports      ,LERWICK (TINGWALL)            ,PAPA STOUR                    , 0 , 0 , 0 , 5 , 5 , 0 ,-100 ,N,N
11-Jul-2014 15:26,201405,201305,Other Reporting Airports      ,LIVERPOOL (JOHN LENNON)       ,BELFAST INTERNATIONAL         , 34266 , 34266 , 0 , 34613 , 34613 , 0 ,-1.002514 ,N,N
11-Jul-2014 15:26,201405,201305,Other Reporting Airports      ,LIVERPOOL (JOHN LENNON)       ,CITY OF DERRY (EGLINTON)      , 6563 , 6563 , 0 , 7971 , 7971 , 0 ,-17.66403 ,N,N
11-Jul-2014 15:26,201405,201305,Other Reporting Airports      ,LIVERPOOL (JOHN LENNON)       ,GATWICK                       , 81 , 0 , 81 , 0 , 0 , 0 ,Null,N,N
11-Jul-2014 15:26,201405,201305,Other Reporting Airports      ,LIVERPOOL (JOHN LENNON)       ,ISLE OF MAN                   , 17203 , 17203 , 0 , 17045 , 17045 , 0 , 0.926958 ,N,N
11-Jul-2014 15:26,201405,201305,Other Reporting Airports      ,LIVERPOOL (JOHN LENNON)       ,JERSEY                        , 8171 , 8171 , 0 , 8303 , 8303 , 0 ,-1.589787 ,N,N
11-Jul-2014 15:26,201405,201305,Other Reporting Airports      ,LIVERPOOL (JOHN LENNON)       ,NEWCASTLE                     , 65 , 0 , 65 , 0 , 0 , 0 ,Null,N,N
11-Jul-2014 15:26,201405,201305,London Area Airports          ,LONDON CITY                   ,ABERDEEN                      , 6032 , 6032 , 0 , 7257 , 7257 , 0 ,-16.88025 ,N,N
11-Jul-2014 15:26,201405,201305,London Area Airports          ,LONDON CITY                   ,DUNDEE                        , 0 , 0 , 0 , 2325 , 2325 , 0 ,-100 ,N,N
11-Jul-2014 15:26,201405,201305,London Area Airports          ,LONDON CITY                   ,EDINBURGH                     , 25307 , 25307 , 0 , 30855 , 30855 , 0 ,-17.98088 ,N,N
11-Jul-2014 15:26,201405,201305,London Area Airports          ,LONDON CITY                   ,GLASGOW                       , 15944 , 15944 , 0 , 16335 , 16335 , 0 ,-2.393633 ,N,N
11-Jul-2014 15:26,201405,201305,London Area Airports          ,LONDON CITY                   ,ISLE OF MAN                   , 6404 , 6404 , 0 , 5265 , 5265 , 0 , 21.63343 ,N,N
11-Jul-2014 15:26,201405,201305,London Area Airports          ,LONDON CITY                   ,JERSEY                        , 3050 , 3050 , 0 , 3196 , 3196 , 0 ,-4.56821 ,N,N
11-Jul-2014 15:26,201405,201305,London Area Airports          ,LUTON                         ,ABERDEEN                      , 7396 , 7396 , 0 , 7907 , 7907 , 0 ,-6.462628 ,N,N
11-Jul-2014 15:26,201405,201305,London Area Airports          ,LUTON                         ,BELFAST INTERNATIONAL         , 21185 , 21185 , 0 , 21144 , 21144 , 0 , 0.1939084 ,N,N
11-Jul-2014 15:26,201405,201305,London Area Airports          ,LUTON                         ,BRISTOL                       , 0 , 0 , 0 , 3 , 0 , 3 ,-100 ,N,Y
11-Jul-2014 15:26,201405,201305,London Area Airports          ,LUTON                         ,CARDIFF WALES                 , 47 , 0 , 47 , 0 , 0 , 0 ,Null,N,N
11-Jul-2014 15:26,201405,201305,London Area Airports          ,LUTON                         ,EDINBURGH                     , 22241 , 22227 , 14 , 23714 , 23708 , 6 ,-6.211521 ,N,N
11-Jul-2014 15:26,201405,201305,London Area Airports          ,LUTON                         ,GLASGOW                       , 24630 , 24587 , 43 , 24447 , 24447 , 0 , 0.7485581 ,N,N
11-Jul-2014 15:26,201405,201305,London Area Airports          ,LUTON                         ,GUERNSEY                      , 9 , 0 , 9 , 0 , 0 , 0 ,Null,Y,N
11-Jul-2014 15:26,201405,201305,London Area Airports          ,LUTON                         ,HUMBERSIDE                    , 40 , 0 , 40 , 0 , 0 , 0 ,Null,N,N
11-Jul-2014 15:26,201405,201305,London Area Airports          ,LUTON                         ,INVERNESS                     , 8652 , 8649 , 3 , 8332 , 8332 , 0 , 3.840615 ,N,N
11-Jul-2014 15:26,201405,201305,London Area Airports          ,LUTON                         ,ISLE OF MAN                   , 4 , 0 , 4 , 1357 , 1357 , 0 ,-99.70523 ,Y,N
11-Jul-2014 15:26,201405,201305,London Area Airports          ,LUTON                         ,JERSEY                        , 0 , 0 , 0 , 1381 , 1350 , 31 ,-100 ,N,N
11-Jul-2014 15:26,201405,201305,London Area Airports          ,LUTON                         ,MANCHESTER                    , 99 , 0 , 99 , 53 , 0 , 53 , 86.79245 ,N,N
11-Jul-2014 15:26,201405,201305,London Area Airports          ,LUTON                         ,NEWCASTLE                     , 0 , 0 , 0 , 139 , 0 , 139 ,-100 ,N,N
11-Jul-2014 15:26,201405,201305,London Area Airports          ,LUTON                         ,NORWICH                       , 73 , 0 , 73 , 0 , 0 , 0 ,Null,N,N
11-Jul-2014 15:26,201405,201305,London Area Airports          ,LUTON                         ,OXFORD (KIDLINGTON)           , 1 , 0 , 1 , 0 , 0 , 0 ,Null,Y,N
11-Jul-2014 15:26,201405,201305,Other Reporting Airports      ,MANCHESTER                    ,ABERDEEN                      , 19617 , 19437 , 180 , 18034 , 17642 , 392 , 8.777864 ,N,N
11-Jul-2014 15:26,201405,201305,Other Reporting Airports      ,MANCHESTER                    ,BELFAST CITY (GEORGE BEST)    , 25733 , 25733 , 0 , 23771 , 23771 , 0 , 8.253755 ,N,N
11-Jul-2014 15:26,201405,201305,Other Reporting Airports      ,MANCHESTER                    ,BELFAST INTERNATIONAL         , 17372 , 17372 , 0 , 15321 , 15321 , 0 , 13.38685 ,N,N
11-Jul-2014 15:26,201405,201305,Other Reporting Airports      ,MANCHESTER                    ,CARDIFF WALES                 , 0 , 0 , 0 , 175 , 0 , 175 ,-100 ,N,N
11-Jul-2014 15:26,201405,201305,Other Reporting Airports      ,MANCHESTER                    ,EDINBURGH                     , 9361 , 9361 , 0 , 11077 , 11077 , 0 ,-15.49156 ,N,N
11-Jul-2014 15:26,201405,201305,Other Reporting Airports      ,MANCHESTER                    ,EXETER                        , 8489 , 8489 , 0 , 7555 , 7555 , 0 , 12.36267 ,N,N
11-Jul-2014 15:26,201405,201305,Other Reporting Airports      ,MANCHESTER                    ,FARNBOROUGH                   , 0 , 0 , 0 , 35 , 0 , 35 ,-100 ,N,N
11-Jul-2014 15:26,201405,201305,Other Reporting Airports      ,MANCHESTER                    ,GLASGOW                       , 5677 , 5677 , 0 , 4686 , 4686 , 0 , 21.1481 ,N,N
11-Jul-2014 15:26,201405,201305,Other Reporting Airports      ,MANCHESTER                    ,GUERNSEY                      , 5894 , 5894 , 0 , 6168 , 6168 , 0 ,-4.442283 ,N,N
11-Jul-2014 15:26,201405,201305,Other Reporting Airports      ,MANCHESTER                    ,HEATHROW                      , 69146 , 69146 , 0 , 64048 , 64013 , 35 , 7.959655 ,N,N
11-Jul-2014 15:26,201405,201305,Other Reporting Airports      ,MANCHESTER                    ,INVERNESS                     , 6102 , 6102 , 0 , 4690 , 4690 , 0 , 30.10661 ,N,N
11-Jul-2014 15:26,201405,201305,Other Reporting Airports      ,MANCHESTER                    ,ISLE OF MAN                   , 14730 , 14730 , 0 , 11187 , 11187 , 0 , 31.67069 ,N,N
11-Jul-2014 15:26,201405,201305,Other Reporting Airports      ,MANCHESTER                    ,JERSEY                        , 5689 , 5689 , 0 , 5440 , 5440 , 0 , 4.577206 ,N,N
11-Jul-2014 15:26,201405,201305,Other Reporting Airports      ,MANCHESTER                    ,LUTON                         , 0 , 0 , 0 , 53 , 0 , 53 ,-100 ,N,N
11-Jul-2014 15:26,201405,201305,Other Reporting Airports      ,MANCHESTER                    ,NEWCASTLE                     , 0 , 0 , 0 , 73 , 0 , 73 ,-100 ,N,N
11-Jul-2014 15:26,201405,201305,Other Reporting Airports      ,MANCHESTER                    ,NEWQUAY                       , 4095 , 4095 , 0 , 3422 , 3422 , 0 , 19.66686 ,N,N
11-Jul-2014 15:26,201405,201305,Other Reporting Airports      ,MANCHESTER                    ,NORWICH                       , 2468 , 2468 , 0 , 2896 , 2829 , 67 ,-14.77901 ,N,N
11-Jul-2014 15:26,201405,201305,Other Reporting Airports      ,MANCHESTER                    ,SOUTHAMPTON                   , 14450 , 14405 , 45 , 11579 , 11579 , 0 , 24.79489 ,N,N
11-Jul-2014 15:26,201405,201305,Other Reporting Airports      ,MANCHESTER                    ,STANSTED                      , 69 , 0 , 69 , 128 , 0 , 128 ,-46.09375 ,N,N
11-Jul-2014 15:26,201405,201305,Other Reporting Airports      ,MANSTON (KENT INT)            ,FARNBOROUGH                   , 0 , 0 , 0 , 7 , 0 , 7 ,-100 ,N,Y
11-Jul-2014 15:26,201405,201305,Other Reporting Airports      ,NEWCASTLE                     ,ABERDEEN                      , 3548 , 3548 , 0 , 3792 , 3792 , 0 ,-6.434599 ,N,N
11-Jul-2014 15:26,201405,201305,Other Reporting Airports      ,NEWCASTLE                     ,BELFAST CITY (GEORGE BEST)    , 2071 , 2071 , 0 , 3961 , 3961 , 0 ,-47.71523 ,N,N
11-Jul-2014 15:26,201405,201305,Other Reporting Airports      ,NEWCASTLE                     ,BELFAST INTERNATIONAL         , 16563 , 16563 , 0 , 16074 , 16074 , 0 , 3.04218 ,N,N
11-Jul-2014 15:26,201405,201305,Other Reporting Airports      ,NEWCASTLE                     ,BIRMINGHAM                    , 661 , 587 , 74 , 721 , 721 , 0 ,-8.321775 ,N,N
11-Jul-2014 15:26,201405,201305,Other Reporting Airports      ,NEWCASTLE                     ,BRISTOL                       , 16049 , 16049 , 0 , 14527 , 14527 , 0 , 10.47704 ,N,N
11-Jul-2014 15:26,201405,201305,Other Reporting Airports      ,NEWCASTLE                     ,CARDIFF WALES                 , 1030 , 856 , 174 , 984 , 984 , 0 , 4.674797 ,N,N
11-Jul-2014 15:26,201405,201305,Other Reporting Airports      ,NEWCASTLE                     ,EXETER                        , 0 , 0 , 0 , 2275 , 2275 , 0 ,-100 ,N,N
11-Jul-2014 15:26,201405,201305,Other Reporting Airports      ,NEWCASTLE                     ,GATWICK                       , 10927 , 10927 , 0 , 7523 , 7523 , 0 , 45.24791 ,N,N
11-Jul-2014 15:26,201405,201305,Other Reporting Airports      ,NEWCASTLE                     ,HEATHROW                      , 37397 , 37397 , 0 , 36737 , 36657 , 80 , 1.796554 ,N,N
11-Jul-2014 15:26,201405,201305,Other Reporting Airports      ,NEWCASTLE                     ,ISLE OF MAN                   , 502 , 502 , 0 , 464 , 464 , 0 , 8.189655 ,N,N
11-Jul-2014 15:26,201405,201305,Other Reporting Airports      ,NEWCASTLE                     ,JERSEY                        , 2271 , 2271 , 0 , 2353 , 2353 , 0 ,-3.484913 ,N,N
11-Jul-2014 15:26,201405,201305,Other Reporting Airports      ,NEWCASTLE                     ,LIVERPOOL (JOHN LENNON)       , 66 , 0 , 66 , 0 , 0 , 0 ,Null,N,N
11-Jul-2014 15:26,201405,201305,Other Reporting Airports      ,NEWCASTLE                     ,LUTON                         , 0 , 0 , 0 , 156 , 0 , 156 ,-100 ,N,N
11-Jul-2014 15:26,201405,201305,Other Reporting Airports      ,NEWCASTLE                     ,MANCHESTER                    , 0 , 0 , 0 , 40 , 0 , 40 ,-100 ,N,N
11-Jul-2014 15:26,201405,201305,Other Reporting Airports      ,NEWCASTLE                     ,NEWQUAY                       , 271 , 271 , 0 , 123 , 123 , 0 , 120.3252 ,N,N
11-Jul-2014 15:26,201405,201305,Other Reporting Airports      ,NEWCASTLE                     ,SOUTHAMPTON                   , 8541 , 8541 , 0 , 8433 , 8349 , 84 , 1.280683 ,N,N
11-Jul-2014 15:26,201405,201305,Other Reporting Airports      ,NEWCASTLE                     ,STANSTED                      , 0 , 0 , 0 , 146 , 0 , 146 ,-100 ,N,N
11-Jul-2014 15:26,201405,201305,Other Reporting Airports      ,NEWQUAY                       ,BELFAST CITY (GEORGE BEST)    , 0 , 0 , 0 , 78 , 78 , 0 ,-100 ,N,N
11-Jul-2014 15:26,201405,201305,Other Reporting Airports      ,NEWQUAY                       ,BIRMINGHAM                    , 1979 , 1979 , 0 , 0 , 0 , 0 ,Null,N,N
11-Jul-2014 15:26,201405,201305,Other Reporting Airports      ,NEWQUAY                       ,EDINBURGH                     , 229 , 229 , 0 , 520 , 520 , 0 ,-55.96154 ,N,N
11-Jul-2014 15:26,201405,201305,Other Reporting Airports      ,NEWQUAY                       ,GATWICK                       , 7637 , 7637 , 0 , 8820 , 8820 , 0 ,-13.4127 ,N,N
11-Jul-2014 15:26,201405,201305,Other Reporting Airports      ,NEWQUAY                       ,GLASGOW                       , 0 , 0 , 0 , 99 , 99 , 0 ,-100 ,N,N
11-Jul-2014 15:26,201405,201305,Other Reporting Airports      ,NEWQUAY                       ,ISLES OF SCILLY (ST.MARYS)    , 2729 , 2729 , 0 , 2948 , 2948 , 0 ,-7.428765 ,N,N
11-Jul-2014 15:26,201405,201305,Other Reporting Airports      ,NEWQUAY                       ,MANCHESTER                    , 4063 , 4063 , 0 , 3500 , 3500 , 0 , 16.08571 ,N,N
11-Jul-2014 15:26,201405,201305,Other Reporting Airports      ,NEWQUAY                       ,NEWCASTLE                     , 271 , 271 , 0 , 125 , 125 , 0 , 116.8 ,N,N
11-Jul-2014 15:26,201405,201305,Other Reporting Airports      ,NEWQUAY                       ,NORWICH                       , 0 , 0 , 0 , 74 , 74 , 0 ,-100 ,N,N
11-Jul-2014 15:26,201405,201305,Other Reporting Airports      ,NEWQUAY                       ,SOUTHEND                      , 821 , 821 , 0 , 0 , 0 , 0 ,Null,N,N
11-Jul-2014 15:26,201405,201305,Other Reporting Airports      ,NORWICH                       ,ABERDEEN                      , 5017 , 5017 , 0 , 5638 , 5638 , 0 ,-11.01454 ,N,N
11-Jul-2014 15:26,201405,201305,Other Reporting Airports      ,NORWICH                       ,BIRMINGHAM                    , 0 , 0 , 0 , 63 , 0 , 63 ,-100 ,N,N
11-Jul-2014 15:26,201405,201305,Other Reporting Airports      ,NORWICH                       ,EDINBURGH                     , 2601 , 2601 , 0 , 2149 , 2149 , 0 , 21.03304 ,N,N
11-Jul-2014 15:26,201405,201305,Other Reporting Airports      ,NORWICH                       ,GUERNSEY                      , 98 , 98 , 0 , 161 , 161 , 0 ,-39.13044 ,N,N
11-Jul-2014 15:26,201405,201305,Other Reporting Airports      ,NORWICH                       ,ISLE OF MAN                   , 0 , 0 , 0 , 119 , 119 , 0 ,-100 ,N,N
11-Jul-2014 15:26,201405,201305,Other Reporting Airports      ,NORWICH                       ,JERSEY                        , 545 , 545 , 0 , 365 , 365 , 0 , 49.31507 ,N,N
11-Jul-2014 15:26,201405,201305,Other Reporting Airports      ,NORWICH                       ,LUTON                         , 57 , 0 , 57 , 0 , 0 , 0 ,Null,N,N
11-Jul-2014 15:26,201405,201305,Other Reporting Airports      ,NORWICH                       ,MANCHESTER                    , 2569 , 2462 , 107 , 2847 , 2847 , 0 ,-9.764665 ,N,N
11-Jul-2014 15:26,201405,201305,Other Reporting Airports      ,NORWICH                       ,NEWQUAY                       , 0 , 0 , 0 , 56 , 53 , 3 ,-100 ,N,N
11-Jul-2014 15:26,201405,201305,Other Reporting Airports      ,OXFORD (KIDLINGTON)           ,EDINBURGH                     , 0 , 0 , 0 , 948 , 948 , 0 ,-100 ,N,N
11-Jul-2014 15:26,201405,201305,Other Reporting Airports      ,OXFORD (KIDLINGTON)           ,ISLE OF MAN                   , 0 , 0 , 0 , 21 , 21 , 0 ,-100 ,N,N
11-Jul-2014 15:26,201405,201305,Other Reporting Airports      ,OXFORD (KIDLINGTON)           ,JERSEY                        , 158 , 158 , 0 , 0 , 0 , 0 ,Null,N,N
11-Jul-2014 15:26,201405,201305,Other Reporting Airports      ,PRESTWICK                     ,CITY OF DERRY (EGLINTON)      , 5268 , 5268 , 0 , 5949 , 5949 , 0 ,-11.4473 ,N,N
11-Jul-2014 15:26,201405,201305,Other Reporting Airports      ,SCATSTA                       ,ABERDEEN                      , 12873 , 0 , 12873 , 13496 , 0 , 13496 ,-4.616183 ,N,N
11-Jul-2014 15:26,201405,201305,Other Reporting Airports      ,SOUTHAMPTON                   ,ABERDEEN                      , 214 , 214 , 0 , 557 , 557 , 0 ,-61.57989 ,N,N
11-Jul-2014 15:26,201405,201305,Other Reporting Airports      ,SOUTHAMPTON                   ,ALDERNEY                      , 2368 , 2368 , 0 , 2307 , 2307 , 0 , 2.644127 ,N,N
11-Jul-2014 15:26,201405,201305,Other Reporting Airports      ,SOUTHAMPTON                   ,BELFAST CITY (GEORGE BEST)    , 9821 , 9821 , 0 , 7851 , 7851 , 0 , 25.09234 ,N,N
11-Jul-2014 15:26,201405,201305,Other Reporting Airports      ,SOUTHAMPTON                   ,EDINBURGH                     , 18045 , 18045 , 0 , 18786 , 18786 , 0 ,-3.944427 ,N,N
11-Jul-2014 15:26,201405,201305,Other Reporting Airports      ,SOUTHAMPTON                   ,GLASGOW                       , 15269 , 15269 , 0 , 16521 , 16521 , 0 ,-7.578234 ,N,N
11-Jul-2014 15:26,201405,201305,Other Reporting Airports      ,SOUTHAMPTON                   ,GUERNSEY                      , 17244 , 17244 , 0 , 11965 , 11965 , 0 , 44.12035 ,N,N
11-Jul-2014 15:26,201405,201305,Other Reporting Airports      ,SOUTHAMPTON                   ,ISLE OF MAN                   , 0 , 0 , 0 , 617 , 617 , 0 ,-100 ,N,N
11-Jul-2014 15:26,201405,201305,Other Reporting Airports      ,SOUTHAMPTON                   ,JERSEY                        , 16099 , 16099 , 0 , 14822 , 14822 , 0 , 8.615571 ,N,N
11-Jul-2014 15:26,201405,201305,Other Reporting Airports      ,SOUTHAMPTON                   ,LEEDS BRADFORD                , 1631 , 1631 , 0 , 5792 , 5792 , 0 ,-71.84047 ,N,N
11-Jul-2014 15:26,201405,201305,Other Reporting Airports      ,SOUTHAMPTON                   ,MANCHESTER                    , 14585 , 14505 , 80 , 11558 , 11558 , 0 , 26.18965 ,N,N
11-Jul-2014 15:26,201405,201305,Other Reporting Airports      ,SOUTHAMPTON                   ,NEWCASTLE                     , 8667 , 8667 , 0 , 8473 , 8387 , 86 , 2.289626 ,N,N
11-Jul-2014 15:26,201405,201305,London Area Airports          ,SOUTHEND                      ,BELFAST INTERNATIONAL         , 0 , 0 , 0 , 7597 , 7597 , 0 ,-100 ,N,N
11-Jul-2014 15:26,201405,201305,London Area Airports          ,SOUTHEND                      ,EDINBURGH                     , 5198 , 5198 , 0 , 3599 , 3599 , 0 , 44.42901 ,N,N
11-Jul-2014 15:26,201405,201305,London Area Airports          ,SOUTHEND                      ,JERSEY                        , 2079 , 2079 , 0 , 5309 , 5309 , 0 ,-60.84008 ,N,N
11-Jul-2014 15:26,201405,201305,London Area Airports          ,SOUTHEND                      ,NEWQUAY                       , 821 , 821 , 0 , 0 , 0 , 0 ,Null,N,N
11-Jul-2014 15:26,201405,201305,London Area Airports          ,STANSTED                      ,BELFAST INTERNATIONAL         , 25553 , 25553 , 0 , 23863 , 23863 , 0 , 7.082094 ,N,N
11-Jul-2014 15:26,201405,201305,London Area Airports          ,STANSTED                      ,CITY OF DERRY (EGLINTON)      , 9842 , 9842 , 0 , 11706 , 11706 , 0 ,-15.92346 ,N,N
11-Jul-2014 15:26,201405,201305,London Area Airports          ,STANSTED                      ,DUNDEE                        , 1474 , 1474 , 0 , 0 , 0 , 0 ,Null,N,N
11-Jul-2014 15:26,201405,201305,London Area Airports          ,STANSTED                      ,EAST MIDLANDS INTERNATIONAL   , 0 , 0 , 0 , 4 , 0 , 4 ,-100 ,N,Y
11-Jul-2014 15:26,201405,201305,London Area Airports          ,STANSTED                      ,EDINBURGH                     , 28260 , 28260 , 0 , 29190 , 29190 , 0 ,-3.186023 ,N,N
11-Jul-2014 15:26,201405,201305,London Area Airports          ,STANSTED                      ,GLASGOW                       , 24220 , 24220 , 0 , 29178 , 29178 , 0 ,-16.99225 ,N,N
11-Jul-2014 15:26,201405,201305,London Area Airports          ,STANSTED                      ,GUERNSEY                      , 3151 , 3151 , 0 , 2774 , 2774 , 0 , 13.59048 ,N,N
11-Jul-2014 15:26,201405,201305,London Area Airports          ,STANSTED                      ,JERSEY                        , 0 , 0 , 0 , 62 , 62 , 0 ,-100 ,N,N
11-Jul-2014 15:26,201405,201305,London Area Airports          ,STANSTED                      ,MANCHESTER                    , 0 , 0 , 0 , 91 , 0 , 91 ,-100 ,N,N
11-Jul-2014 15:26,201405,201305,London Area Airports          ,STANSTED                      ,NEWCASTLE                     , 0 , 0 , 0 , 130 , 0 , 130 ,-100 ,N,N
11-Jul-2014 15:26,201405,201305,Other Reporting Airports      ,STORNOWAY                     ,ABERDEEN                      , 534 , 534 , 0 , 484 , 484 , 0 , 10.33058 ,N,N
11-Jul-2014 15:26,201405,201305,Other Reporting Airports      ,STORNOWAY                     ,BENBECULA                     , 460 , 460 , 0 , 517 , 517 , 0 ,-11.02515 ,N,N
11-Jul-2014 15:26,201405,201305,Other Reporting Airports      ,STORNOWAY                     ,EDINBURGH                     , 1711 , 1711 , 0 , 1433 , 1433 , 0 , 19.39986 ,N,N
11-Jul-2014 15:26,201405,201305,Other Reporting Airports      ,STORNOWAY                     ,GLASGOW                       , 5469 , 5469 , 0 , 5170 , 5170 , 0 , 5.783366 ,N,N
11-Jul-2014 15:26,201405,201305,Other Reporting Airports      ,STORNOWAY                     ,INVERNESS                     , 2776 , 2776 , 0 , 2969 , 2969 , 0 ,-6.500505 ,N,N
11-Jul-2014 15:26,201405,201305,Other Reporting Airports      ,SUMBURGH                      ,ABERDEEN                      , 12224 , 7021 , 5203 , 9594 , 6149 , 3445 , 27.41297 ,N,N
11-Jul-2014 15:26,201405,201305,Other Reporting Airports      ,SUMBURGH                      ,EDINBURGH                     , 3987 , 3987 , 0 , 3661 , 3661 , 0 , 8.904671 ,N,N
11-Jul-2014 15:26,201405,201305,Other Reporting Airports      ,SUMBURGH                      ,FAIR ISLE                     , 13 , 13 , 0 , 22 , 22 , 0 ,-40.90909 ,N,N
11-Jul-2014 15:26,201405,201305,Other Reporting Airports      ,SUMBURGH                      ,GLASGOW                       , 1852 , 1852 , 0 , 1707 , 1707 , 0 , 8.494434 ,N,N
11-Jul-2014 15:26,201405,201305,Other Reporting Airports      ,SUMBURGH                      ,INVERNESS                     , 276 , 276 , 0 , 304 , 304 , 0 ,-9.210526 ,N,N
11-Jul-2014 15:26,201405,201305,Other Reporting Airports      ,SUMBURGH                      ,KIRKWALL                      , 1581 , 1581 , 0 , 1503 , 1503 , 0 , 5.189621 ,N,N
11-Jul-2014 15:26,201405,201305,Other Reporting Airports      ,TIREE                         ,GLASGOW                       , 695 , 695 , 0 , 665 , 665 , 0 , 4.511278 ,N,N
11-Jul-2014 15:26,201405,201305,Other Reporting Airports      ,WICK JOHN O GROATS            ,ABERDEEN                      , 1005 , 1005 , 0 , 1048 , 1048 , 0 ,-4.103054 ,N,N
11-Jul-2014 15:26,201405,201305,Other Reporting Airports      ,WICK JOHN O GROATS            ,EDINBURGH                     , 991 , 991 , 0 , 1013 , 1013 , 0 ,-2.171767 ,N,N
