rundate,this_period,last_period,reporting_airport_group_name,reporting_airport_name,total_mail_passenger_aircraft_this_period,total_mail_passenger_aircraft_last_period,total_mail_passenger_aircraft_percent_change,total_mail_cargo_aircraft_this_period,total_mail_cargo_aircraft_last_period,total_mail_cargo_aircraft_percent_change,total_mail_this_period,total_mail_last_period,total_mail_percent_change
07/11/2001 11:47,200108,200008,London Area Airports,GATWICK,554.005,785.12,-29,389.707,363.562,7,943.712,1148.682,-18
07/11/2001 11:47,200108,200008,London Area Airports,HEATHROW,5742.998,6550.44,-12,442.039,420.019,5,6185.037,6970.459,-11
07/11/2001 11:47,200108,200008,London Area Airports,STANSTED,0.521,0.212,,699.997,993.604,-30,700.518,993.816,-29
07/11/2001 11:47,200108,200008,Other UK Airports,ABERDEEN,4.035,4.026,0,50.581,39.451,31,54.616,43.477,28
07/11/2001 11:47,200108,200008,Other UK Airports,BARRA,3.711,3.763,0,0,0,,3.711,3.763,0
07/11/2001 11:47,200108,200008,Other UK Airports,BELFAST CITY,2.33,7.14,-71,0,0,,2.33,7.14,-71
07/11/2001 11:47,200108,200008,Other UK Airports,BELFAST INTERNATIONAL,39.062,35.527,8,1084.636,899.06,21,1123.698,934.587,20
07/11/2001 11:47,200108,200008,Other UK Airports,BENBECULA,3.267,3.523,-25,0,0,,3.267,3.523,-25
07/11/2001 11:47,200108,200008,Other UK Airports,BIGGIN HILL,0,0,,18.75,22.993,-17,18.75,22.993,-17
07/11/2001 11:47,200108,200008,Other UK Airports,BIRMINGHAM,125.966,108.963,16,0,0,,125.966,108.963,16
07/11/2001 11:47,200108,200008,Other UK Airports,BOURNEMOUTH,105.221,0,,265.963,386.685,-31,371.184,386.685,-4
07/11/2001 11:47,200108,200008,Other UK Airports,BRISTOL,0,0.04,,380.051,409.985,-7,380.051,410.025,-7
07/11/2001 11:47,200108,200008,Other UK Airports,CAMPBELTOWN,0,0.8,,0,0,,0,0.8,
07/11/2001 11:47,200108,200008,Other UK Airports,CARDIFF WALES,0,0,,94.559,108.684,-13,94.559,108.684,-13
07/11/2001 11:47,200108,200008,Other UK Airports,CARLISLE,0,0,,9,13,-31,9,13,-31
07/11/2001 11:47,200108,200008,Other UK Airports,COVENTRY,0,0,,757.532,543.193,40,757.532,543.193,40
07/11/2001 11:47,200108,200008,Other UK Airports,EAST MIDLANDS,0.864,1.236,0,730.248,689.209,6,731.112,690.445,6
07/11/2001 11:47,200108,200008,Other UK Airports,EDINBURGH,12.598,26.206,-50,2965.081,2821.772,5,2977.679,2847.978,5
07/11/2001 11:47,200108,200008,Other UK Airports,EXETER,0,0,,89.674,87.823,2,89.674,87.823,2
07/11/2001 11:47,200108,200008,Other UK Airports,GLASGOW,143.969,167.679,-14,0,6.152,,143.969,173.831,-17
07/11/2001 11:47,200108,200008,Other UK Airports,INVERNESS,6.451,6.733,-14,0,0,,6.451,6.733,-14
07/11/2001 11:47,200108,200008,Other UK Airports,ISLAY,4.347,3.909,0,0,0,,4.347,3.909,0
07/11/2001 11:47,200108,200008,Other UK Airports,ISLE OF MAN,0.002,0,,210.368,187.196,12,210.37,187.196,12
07/11/2001 11:47,200108,200008,Other UK Airports,ISLES OF SCILLY (ST.MARYS),11,16,-31,5,0,,16,16,0
07/11/2001 11:47,200108,200008,Other UK Airports,ISLES OF SCILLY (TRESCO),0.57,1.1,0,0,0,,0.57,1.1,0
07/11/2001 11:47,200108,200008,Other UK Airports,KIRKWALL,2.119,2.455,0,0.06,0,,2.179,2.455,0
07/11/2001 11:47,200108,200008,Other UK Airports,LIVERPOOL,0,0,,1181.68,1011.927,17,1181.68,1011.927,17
07/11/2001 11:47,200108,200008,Other UK Airports,MANCHESTER,303.213,298.479,2,0,0,,303.213,298.479,2
07/11/2001 11:47,200108,200008,Other UK Airports,NEWCASTLE,2.401,2.713,-33,272.404,162.282,68,274.805,164.995,67
07/11/2001 11:47,200108,200008,Other UK Airports,NORWICH,0,131.142,,0,0,,0,131.142,
07/11/2001 11:47,200108,200008,Other UK Airports,PENZANCE HELIPORT,9,10,-10,0,0,,9,10,-10
07/11/2001 11:47,200108,200008,Other UK Airports,PLYMOUTH,0,0,,0,23,,0,23,
07/11/2001 11:47,200108,200008,Other UK Airports,STORNOWAY,3.071,4.945,-40,0,0,,3.071,4.945,-40
07/11/2001 11:47,200108,200008,Other UK Airports,SUMBURGH,0.824,0.506,0,0,0,,0.824,0.506,0
07/11/2001 11:47,200108,200008,Other UK Airports,TEESSIDE,0,0.156,,1.602,0,,1.602,0.156,
07/11/2001 11:47,200108,200008,Other UK Airports,TIREE,2.248,2.195,0,0,0,,2.248,2.195,0
07/11/2001 11:47,200108,200008,Channel Islands Airports,ALDERNEY,8.945,12.943,-31,3.738,0,,12.683,12.943,0
07/11/2001 11:47,200108,200008,Channel Islands Airports,GUERNSEY,24.39,60.671,-61,175.446,173.675,1,199.836,234.346,-15
07/11/2001 11:47,200108,200008,Channel Islands Airports,JERSEY,26.803,33.385,-18,0,0,,26.803,33.385,-18
