rundate,report_period,reporting_reporting_grp_name,reporting_reporting_name,mail_scheduled_passenger_aircraft_foreign_EU,mail_scheduled_cargo_aircraft_foreign_EU,mail_charter_passenger_aircraft_foreign_EU,mail_charter_cargo_aircraft_foreign_EU,mail_scheduled_passenger_aircraft_foreign_non_EU,mail_scheduled_cargo_aircraft_foreign_non_EU,mail_charter_passenger_aircraft_foreign_non_EU,mail_charter_cargo_aircraft_foreign_non_EU,mail_scheduled_passenger_aircraft_uk,mail_scheduled_cargo_aircraft_uk,mail_charter_passenger_aircraft_uk,mail_charter_cargo_aircraft_uk
07/11/2001 11:47,200108,London Area Airports,GATWICK,119.387,0,0.052,0,389.726,0,0,0,44.84,0,0,389.707
07/11/2001 11:47,200108,London Area Airports,HEATHROW,1534.897,0,0,0,4126.303,25.932,0,0,81.798,416.107,0,0
07/11/2001 11:47,200108,London Area Airports,STANSTED,0.521,0,0,0,0,0,0,0,0,5.187,0,694.81
07/11/2001 11:47,200108,Other UK Airports,ABERDEEN,0,0,0,0,0,0,0,0,4.035,0,0,50.581
07/11/2001 11:47,200108,Other UK Airports,BARRA,0,0,0,0,0,0,0,0,3.711,0,0,0
07/11/2001 11:47,200108,Other UK Airports,BELFAST CITY,0,0,0,0,0,0,0,0,2.33,0,0,0
07/11/2001 11:47,200108,Other UK Airports,BELFAST INTERNATIONAL,0,0,0,0,0,0,0,0,39.062,0,0,1084.636
07/11/2001 11:47,200108,Other UK Airports,BENBECULA,0,0,0,0,0,0,0,0,3.267,0,0,0
07/11/2001 11:47,200108,Other UK Airports,BIGGIN HILL,0,0,0,0,0,0,0,0,0,0,0,18.75
07/11/2001 11:47,200108,Other UK Airports,BIRMINGHAM,63.924,0,0.318,0,12.843,0,0.003,0,48.878,0,0,0
07/11/2001 11:47,200108,Other UK Airports,BOURNEMOUTH,0,0,0,0,0,0,0,0,105.221,1.463,0,264.5
07/11/2001 11:47,200108,Other UK Airports,BRISTOL,0,0,0,0,0,0,0,0,0,232.563,0,147.488
07/11/2001 11:47,200108,Other UK Airports,CARDIFF WALES,0,0,0,0,0,0,0,0,0,0,0,94.559
07/11/2001 11:47,200108,Other UK Airports,CARLISLE,0,0,0,9,0,0,0,0,0,0,0,0
07/11/2001 11:47,200108,Other UK Airports,COVENTRY,0,0,0,7.212,0,0,0,0,0,0,0,750.32
07/11/2001 11:47,200108,Other UK Airports,EAST MIDLANDS,0.05,0,0,0,0,0,0,0,0.814,0,0,730.248
07/11/2001 11:47,200108,Other UK Airports,EDINBURGH,4.693,0,0,519.767,0,0,0,0,7.905,405.888,0,2039.426
07/11/2001 11:47,200108,Other UK Airports,EXETER,0,0,0,0,0,0,0,0,0,0,0,89.674
07/11/2001 11:47,200108,Other UK Airports,GLASGOW,49.002,0,0.01,0,1.801,0,0,0,93.156,0,0,0
07/11/2001 11:47,200108,Other UK Airports,INVERNESS,0,0,0,0,0,0,0,0,6.451,0,0,0
07/11/2001 11:47,200108,Other UK Airports,ISLAY,0,0,0,0,0,0,0,0,4.347,0,0,0
07/11/2001 11:47,200108,Other UK Airports,ISLE OF MAN,0,0,0,0,0,0,0,0,0.002,0,0,210.368
07/11/2001 11:47,200108,Other UK Airports,ISLES OF SCILLY (ST.MARYS),0,0,0,0,0,0,0,0,11,5,0,0
07/11/2001 11:47,200108,Other UK Airports,ISLES OF SCILLY (TRESCO),0,0,0,0,0,0,0,0,0.57,0,0,0
07/11/2001 11:47,200108,Other UK Airports,KIRKWALL,0,0,0,0,0,0,0,0,2.119,0.06,0,0
07/11/2001 11:47,200108,Other UK Airports,LIVERPOOL,0,0,0,0,0,0,0,2.084,0,0,0,1179.596
07/11/2001 11:47,200108,Other UK Airports,MANCHESTER,220.339,0,0.024,0,71.54,0,4.349,0,6.961,0,0,0
07/11/2001 11:47,200108,Other UK Airports,NEWCASTLE,0,0,0,0,0,0,0,0,2.401,0,0,272.404
07/11/2001 11:47,200108,Other UK Airports,PENZANCE HELIPORT,0,0,0,0,0,0,0,0,9,0,0,0
07/11/2001 11:47,200108,Other UK Airports,STORNOWAY,0,0,0,0,0,0,0,0,3.071,0,0,0
07/11/2001 11:47,200108,Other UK Airports,SUMBURGH,0,0,0,0,0,0,0,0,0.824,0,0,0
07/11/2001 11:47,200108,Other UK Airports,TEESSIDE,0,0,0,1.602,0,0,0,0,0,0,0,0
07/11/2001 11:47,200108,Other UK Airports,TIREE,0,0,0,0,0,0,0,0,2.248,0,0,0
07/11/2001 11:47,200108,Channel Islands Airports,ALDERNEY,0,0,0,0,0,0,0,0,8.945,3.738,0,0
07/11/2001 11:47,200108,Channel Islands Airports,GUERNSEY,0,0,0,0,0,0,0,0,24.39,4.158,0,171.288
07/11/2001 11:47,200108,Channel Islands Airports,JERSEY,0.068,0,0,0,0,0,0,0,26.735,0,0,0
