rundate,this_period,last_period,group_name,airport_1_name,airport_2_name,total_pax_this_period,total_pax_scheduled_this_period,total_pax_charter_this_period,total_pax_last_period,total_pax_scheduled_last_period,total_pax_charter_last_period,total_pax_percent,charters_tm_only_small_acf,charters_lm_only_small_acf
19-Oct-2011 13:51,201108,201008,Other Reporting Airports      ,ABERDEEN                      ,BELFAST CITY (GEORGE BEST)    , 2145 , 2145 , 0 , 2162 , 2162 , 0 ,-0.7863089 ,N,N
19-Oct-2011 13:51,201108,201008,Other Reporting Airports      ,ABERDEEN                      ,BIRMINGHAM                    , 6903 , 6903 , 0 , 8306 , 8306 , 0 ,-16.8914 ,N,N
19-Oct-2011 13:51,201108,201008,Other Reporting Airports      ,ABERDEEN                      ,BRISTOL                       , 2525 , 2525 , 0 , 2139 , 2139 , 0 , 18.04582 ,N,N
19-Oct-2011 13:51,201108,201008,Other Reporting Airports      ,ABERDEEN                      ,CARDIFF WALES                 , 1084 , 1084 , 0 , 0 , 0 , 0 ,Null,N,N
19-Oct-2011 13:51,201108,201008,Other Reporting Airports      ,ABERDEEN                      ,DURHAM TEES VALLEY            , 2828 , 2828 , 0 , 2530 , 2530 , 0 , 11.77866 ,N,N
19-Oct-2011 13:51,201108,201008,Other Reporting Airports      ,ABERDEEN                      ,EAST MIDLANDS INTERNATIONAL   , 1268 , 1268 , 0 , 1273 , 1273 , 0 ,-0.392773 ,N,N
19-Oct-2011 13:51,201108,201008,Other Reporting Airports      ,ABERDEEN                      ,EXETER                        , 2309 , 2309 , 0 , 3366 , 3366 , 0 ,-31.40226 ,N,N
19-Oct-2011 13:51,201108,201008,Other Reporting Airports      ,ABERDEEN                      ,HUMBERSIDE                    , 2394 , 2394 , 0 , 2415 , 2415 , 0 ,-0.8695652 ,N,N
19-Oct-2011 13:51,201108,201008,Other Reporting Airports      ,ABERDEEN                      ,JERSEY                        , 462 , 462 , 0 , 563 , 563 , 0 ,-17.93961 ,N,N
19-Oct-2011 13:51,201108,201008,Other Reporting Airports      ,ABERDEEN                      ,KIRKWALL                      , 3891 , 3891 , 0 , 3797 , 3797 , 0 , 2.475639 ,N,N
19-Oct-2011 13:51,201108,201008,Other Reporting Airports      ,ABERDEEN                      ,LEEDS BRADFORD                , 0 , 0 , 0 , 486 , 486 , 0 ,-100 ,N,N
19-Oct-2011 13:51,201108,201008,Other Reporting Airports      ,ABERDEEN                      ,LIVERPOOL (JOHN LENNON)       , 0 , 0 , 0 , 726 , 726 , 0 ,-100 ,N,N
19-Oct-2011 13:51,201108,201008,Other Reporting Airports      ,ABERDEEN                      ,MANCHESTER                    , 12152 , 11952 , 200 , 7266 , 7068 , 198 , 67.2447 ,N,N
19-Oct-2011 13:51,201108,201008,Other Reporting Airports      ,ABERDEEN                      ,NEWCASTLE                     , 1864 , 1864 , 0 , 2198 , 2198 , 0 ,-15.19563 ,N,N
19-Oct-2011 13:51,201108,201008,Other Reporting Airports      ,ABERDEEN                      ,NEWQUAY                       , 83 , 83 , 0 , 0 , 0 , 0 ,Null,N,N
19-Oct-2011 13:51,201108,201008,Other Reporting Airports      ,ABERDEEN                      ,NORWICH                       , 5680 , 5680 , 0 , 5811 , 5811 , 0 ,-2.254345 ,N,N
19-Oct-2011 13:51,201108,201008,Other Reporting Airports      ,ABERDEEN                      ,SCATSTA                       , 13632 , 0 , 13632 , 13042 , 0 , 13042 , 4.523846 ,N,N
19-Oct-2011 13:51,201108,201008,Other Reporting Airports      ,ABERDEEN                      ,SOUTHAMPTON                   , 1588 , 1588 , 0 , 2224 , 2224 , 0 ,-28.59712 ,N,N
19-Oct-2011 13:51,201108,201008,Other Reporting Airports      ,ABERDEEN                      ,STORNOWAY                     , 469 , 469 , 0 , 568 , 568 , 0 ,-17.42958 ,N,N
19-Oct-2011 13:51,201108,201008,Other Reporting Airports      ,ABERDEEN                      ,SUMBURGH                      , 6922 , 6269 , 653 , 6853 , 6126 , 727 , 1.006858 ,N,N
19-Oct-2011 13:51,201108,201008,Other Reporting Airports      ,ABERDEEN                      ,WICK                          , 1242 , 1242 , 0 , 1222 , 1222 , 0 , 1.636661 ,N,N
19-Oct-2011 13:51,201108,201008,Other Reporting Airports      ,ALDERNEY                      ,GUERNSEY                      , 4833 , 4833 , 0 , 5063 , 5063 , 0 ,-4.542761 ,N,N
19-Oct-2011 13:51,201108,201008,Other Reporting Airports      ,ALDERNEY                      ,JERSEY                        , 0 , 0 , 0 , 51 , 51 , 0 ,-100 ,N,N
19-Oct-2011 13:51,201108,201008,Other Reporting Airports      ,ALDERNEY                      ,SOUTHAMPTON                   , 4277 , 4277 , 0 , 4621 , 4621 , 0 ,-7.444276 ,N,N
19-Oct-2011 13:51,201108,201008,Other Reporting Airports      ,ANGLESEY (VALLEY)             ,CARDIFF WALES                 , 489 , 489 , 0 , 657 , 657 , 0 ,-25.57078 ,N,N
19-Oct-2011 13:51,201108,201008,Other Reporting Airports      ,ANGLESEY (VALLEY)             ,GLASGOW                       , 7 , 0 , 7 , 0 , 0 , 0 ,Null,N,N
19-Oct-2011 13:51,201108,201008,Other Reporting Airports      ,ANGLESEY (VALLEY)             ,ISLE OF MAN                   , 204 , 204 , 0 , 188 , 188 , 0 , 8.510638 ,N,N
19-Oct-2011 13:51,201108,201008,Other Reporting Airports      ,BARRA                         ,BENBECULA                     , 295 , 295 , 0 , 296 , 296 , 0 ,-0.3378378 ,N,N
19-Oct-2011 13:51,201108,201008,Other Reporting Airports      ,BARRA                         ,GLASGOW                       , 1172 , 1172 , 0 , 1042 , 1042 , 0 , 12.47601 ,N,N
19-Oct-2011 13:51,201108,201008,Other Reporting Airports      ,BELFAST CITY (GEORGE BEST)    ,BIRMINGHAM                    , 28118 , 28118 , 0 , 17521 , 17521 , 0 , 60.48171 ,N,N
19-Oct-2011 13:51,201108,201008,Other Reporting Airports      ,BELFAST CITY (GEORGE BEST)    ,BLACKPOOL                     , 843 , 843 , 0 , 1503 , 1503 , 0 ,-43.91217 ,N,N
19-Oct-2011 13:51,201108,201008,Other Reporting Airports      ,BELFAST CITY (GEORGE BEST)    ,BRISTOL                       , 4407 , 4407 , 0 , 14247 , 14247 , 0 ,-69.06717 ,N,N
19-Oct-2011 13:51,201108,201008,Other Reporting Airports      ,BELFAST CITY (GEORGE BEST)    ,CARDIFF WALES                 , 7095 , 7095 , 0 , 5051 , 5051 , 0 , 40.46724 ,N,N
19-Oct-2011 13:51,201108,201008,Other Reporting Airports      ,BELFAST CITY (GEORGE BEST)    ,DONCASTER SHEFFIELD           , 1968 , 1968 , 0 , 2735 , 2735 , 0 ,-28.04387 ,N,N
19-Oct-2011 13:51,201108,201008,Other Reporting Airports      ,BELFAST CITY (GEORGE BEST)    ,DUNDEE                        , 908 , 908 , 0 , 973 , 973 , 0 ,-6.68037 ,N,N
19-Oct-2011 13:51,201108,201008,Other Reporting Airports      ,BELFAST CITY (GEORGE BEST)    ,EAST MIDLANDS INTERNATIONAL   , 18042 , 18042 , 0 , 21130 , 21130 , 0 ,-14.61429 ,N,N
19-Oct-2011 13:51,201108,201008,Other Reporting Airports      ,BELFAST CITY (GEORGE BEST)    ,EDINBURGH                     , 11023 , 11023 , 0 , 11116 , 11116 , 0 ,-0.8366319 ,N,N
19-Oct-2011 13:51,201108,201008,Other Reporting Airports      ,BELFAST CITY (GEORGE BEST)    ,EXETER                        , 1521 , 1521 , 0 , 0 , 0 , 0 ,Null,N,N
19-Oct-2011 13:51,201108,201008,Other Reporting Airports      ,BELFAST CITY (GEORGE BEST)    ,GLASGOW                       , 9789 , 9789 , 0 , 9778 , 9778 , 0 , 0.1124974 ,N,N
19-Oct-2011 13:51,201108,201008,Other Reporting Airports      ,BELFAST CITY (GEORGE BEST)    ,GUERNSEY                      , 400 , 400 , 0 , 352 , 352 , 0 , 13.63636 ,N,N
19-Oct-2011 13:51,201108,201008,Other Reporting Airports      ,BELFAST CITY (GEORGE BEST)    ,INVERNESS                     , 2621 , 2621 , 0 , 1842 , 1842 , 0 , 42.29099 ,N,N
19-Oct-2011 13:51,201108,201008,Other Reporting Airports      ,BELFAST CITY (GEORGE BEST)    ,ISLE OF MAN                   , 1641 , 1641 , 0 , 159 , 159 , 0 , 932.0755 ,N,N
19-Oct-2011 13:51,201108,201008,Other Reporting Airports      ,BELFAST CITY (GEORGE BEST)    ,JERSEY                        , 537 , 537 , 0 , 516 , 516 , 0 , 4.069767 ,N,N
19-Oct-2011 13:51,201108,201008,Other Reporting Airports      ,BELFAST CITY (GEORGE BEST)    ,LEEDS BRADFORD                , 8080 , 8080 , 0 , 6355 , 6355 , 0 , 27.14398 ,N,N
19-Oct-2011 13:51,201108,201008,Other Reporting Airports      ,BELFAST CITY (GEORGE BEST)    ,LIVERPOOL (JOHN LENNON)       , 8542 , 8542 , 0 , 20473 , 20473 , 0 ,-58.27676 ,N,N
19-Oct-2011 13:51,201108,201008,Other Reporting Airports      ,BELFAST CITY (GEORGE BEST)    ,MANCHESTER                    , 28745 , 28745 , 0 , 21128 , 21128 , 0 , 36.05169 ,N,N
19-Oct-2011 13:51,201108,201008,Other Reporting Airports      ,BELFAST CITY (GEORGE BEST)    ,MANSTON (KENT INT)            , 1505 , 1505 , 0 , 0 , 0 , 0 ,Null,N,N
19-Oct-2011 13:51,201108,201008,Other Reporting Airports      ,BELFAST CITY (GEORGE BEST)    ,NEWCASTLE                     , 4356 , 4356 , 0 , 4111 , 4111 , 0 , 5.95962 ,N,N
19-Oct-2011 13:51,201108,201008,Other Reporting Airports      ,BELFAST CITY (GEORGE BEST)    ,PRESTWICK                     , 0 , 0 , 0 , 6885 , 6885 , 0 ,-100 ,N,N
19-Oct-2011 13:51,201108,201008,Other Reporting Airports      ,BELFAST CITY (GEORGE BEST)    ,SOUTHAMPTON                   , 9768 , 9768 , 0 , 8193 , 8193 , 0 , 19.22373 ,N,N
19-Oct-2011 13:51,201108,201008,Other Reporting Airports      ,BELFAST INTERNATIONAL         ,BIRMINGHAM                    , 0 , 0 , 0 , 10512 , 10512 , 0 ,-100 ,N,N
19-Oct-2011 13:51,201108,201008,Other Reporting Airports      ,BELFAST INTERNATIONAL         ,BLACKPOOL                     , 4937 , 4937 , 0 , 5638 , 5638 , 0 ,-12.43349 ,N,N
19-Oct-2011 13:51,201108,201008,Other Reporting Airports      ,BELFAST INTERNATIONAL         ,BRISTOL                       , 16196 , 16196 , 0 , 14557 , 14557 , 0 , 11.25919 ,N,N
19-Oct-2011 13:51,201108,201008,Other Reporting Airports      ,BELFAST INTERNATIONAL         ,EAST MIDLANDS INTERNATIONAL   , 0 , 0 , 0 , 7081 , 7081 , 0 ,-100 ,N,N
19-Oct-2011 13:51,201108,201008,Other Reporting Airports      ,BELFAST INTERNATIONAL         ,EDINBURGH                     , 21748 , 21618 , 130 , 21462 , 21462 , 0 , 1.332588 ,N,N
19-Oct-2011 13:51,201108,201008,Other Reporting Airports      ,BELFAST INTERNATIONAL         ,GLASGOW                       , 22957 , 22957 , 0 , 17804 , 17740 , 64 , 28.94293 ,N,N
19-Oct-2011 13:51,201108,201008,Other Reporting Airports      ,BELFAST INTERNATIONAL         ,ISLE OF MAN                   , 0 , 0 , 0 , 892 , 892 , 0 ,-100 ,N,N
19-Oct-2011 13:51,201108,201008,Other Reporting Airports      ,BELFAST INTERNATIONAL         ,JERSEY                        , 2611 , 2611 , 0 , 2293 , 2293 , 0 , 13.86829 ,N,N
19-Oct-2011 13:51,201108,201008,Other Reporting Airports      ,BELFAST INTERNATIONAL         ,LEEDS BRADFORD                , 7613 , 7613 , 0 , 8890 , 8890 , 0 ,-14.36445 ,N,N
19-Oct-2011 13:51,201108,201008,Other Reporting Airports      ,BELFAST INTERNATIONAL         ,LIVERPOOL (JOHN LENNON)       , 39249 , 39249 , 0 , 30332 , 30332 , 0 , 29.39799 ,N,N
19-Oct-2011 13:51,201108,201008,Other Reporting Airports      ,BELFAST INTERNATIONAL         ,MANCHESTER                    , 0 , 0 , 0 , 9625 , 9625 , 0 ,-100 ,N,N
19-Oct-2011 13:51,201108,201008,Other Reporting Airports      ,BELFAST INTERNATIONAL         ,NEWCASTLE                     , 15296 , 15296 , 0 , 15136 , 15136 , 0 , 1.057082 ,N,N
19-Oct-2011 13:51,201108,201008,Other Reporting Airports      ,BELFAST INTERNATIONAL         ,NEWQUAY                       , 0 , 0 , 0 , 1417 , 1417 , 0 ,-100 ,N,N
19-Oct-2011 13:51,201108,201008,Other Reporting Airports      ,BELFAST INTERNATIONAL         ,NORWICH                       , 0 , 0 , 0 , 70 , 0 , 70 ,-100 ,N,N
19-Oct-2011 13:51,201108,201008,Other Reporting Airports      ,BENBECULA                     ,GLASGOW                       , 2357 , 2357 , 0 , 2320 , 2320 , 0 , 1.594828 ,N,N
19-Oct-2011 13:51,201108,201008,Other Reporting Airports      ,BENBECULA                     ,STORNOWAY                     , 816 , 816 , 0 , 625 , 625 , 0 , 30.56 ,N,N
19-Oct-2011 13:51,201108,201008,Other Reporting Airports      ,BIGGIN HILL                   ,GUERNSEY                      , 1 , 0 , 1 , 0 , 0 , 0 ,Null,Y,N
19-Oct-2011 13:51,201108,201008,Other Reporting Airports      ,BIGGIN HILL                   ,WICK                          , 0 , 0 , 0 , 94 , 0 , 94 ,-100 ,N,N
19-Oct-2011 13:51,201108,201008,Other Reporting Airports      ,BIRMINGHAM                    ,CITY OF DERRY (EGLINTON)      , 5687 , 5687 , 0 , 5519 , 5519 , 0 , 3.04403 ,N,N
19-Oct-2011 13:51,201108,201008,Other Reporting Airports      ,BIRMINGHAM                    ,DUNDEE                        , 1389 , 1389 , 0 , 1506 , 1506 , 0 ,-7.768924 ,N,N
19-Oct-2011 13:51,201108,201008,Other Reporting Airports      ,BIRMINGHAM                    ,EDINBURGH                     , 24511 , 24511 , 0 , 25387 , 25387 , 0 ,-3.450585 ,N,N
19-Oct-2011 13:51,201108,201008,Other Reporting Airports      ,BIRMINGHAM                    ,GLASGOW                       , 17845 , 17758 , 87 , 16829 , 16829 , 0 , 6.037198 ,N,N
19-Oct-2011 13:51,201108,201008,Other Reporting Airports      ,BIRMINGHAM                    ,GUERNSEY                      , 3535 , 3535 , 0 , 3545 , 3545 , 0 ,-0.2820874 ,N,N
19-Oct-2011 13:51,201108,201008,Other Reporting Airports      ,BIRMINGHAM                    ,INVERNESS                     , 3563 , 3563 , 0 , 3344 , 3344 , 0 , 6.549043 ,N,N
19-Oct-2011 13:51,201108,201008,Other Reporting Airports      ,BIRMINGHAM                    ,ISLE OF MAN                   , 4398 , 4398 , 0 , 4167 , 4167 , 0 , 5.543557 ,N,N
19-Oct-2011 13:51,201108,201008,Other Reporting Airports      ,BIRMINGHAM                    ,JERSEY                        , 6616 , 6616 , 0 , 7304 , 7304 , 0 ,-9.419497 ,N,N
19-Oct-2011 13:51,201108,201008,Other Reporting Airports      ,BIRMINGHAM                    ,NEWCASTLE                     , 440 , 440 , 0 , 671 , 671 , 0 ,-34.42623 ,N,N
19-Oct-2011 13:51,201108,201008,Other Reporting Airports      ,BLACKPOOL                     ,ISLE OF MAN                   , 1901 , 1901 , 0 , 2340 , 2340 , 0 ,-18.76068 ,N,N
19-Oct-2011 13:51,201108,201008,Other Reporting Airports      ,BLACKPOOL                     ,JERSEY                        , 2343 , 2343 , 0 , 2371 , 2371 , 0 ,-1.180936 ,N,N
19-Oct-2011 13:51,201108,201008,Other Reporting Airports      ,BLACKPOOL                     ,SOUTH MARSTON                 , 0 , 0 , 0 , 30 , 0 , 30 ,-100 ,N,N
19-Oct-2011 13:51,201108,201008,Other Reporting Airports      ,BOURNEMOUTH                   ,MANCHESTER                    , 0 , 0 , 0 , 1813 , 1813 , 0 ,-100 ,N,N
19-Oct-2011 13:51,201108,201008,Other Reporting Airports      ,BRISTOL                       ,CARDIFF WALES                 , 0 , 0 , 0 , 2 , 0 , 2 ,-100 ,N,N
19-Oct-2011 13:51,201108,201008,Other Reporting Airports      ,BRISTOL                       ,EDINBURGH                     , 24150 , 24150 , 0 , 16105 , 16105 , 0 , 49.95343 ,N,N
19-Oct-2011 13:51,201108,201008,Other Reporting Airports      ,BRISTOL                       ,GLASGOW                       , 19920 , 19920 , 0 , 17880 , 17880 , 0 , 11.4094 ,N,N
19-Oct-2011 13:51,201108,201008,Other Reporting Airports      ,BRISTOL                       ,GUERNSEY                      , 3301 , 3301 , 0 , 3616 , 3616 , 0 ,-8.711283 ,N,N
19-Oct-2011 13:51,201108,201008,Other Reporting Airports      ,BRISTOL                       ,INVERNESS                     , 8618 , 8618 , 0 , 7811 , 7811 , 0 , 10.33158 ,N,N
19-Oct-2011 13:51,201108,201008,Other Reporting Airports      ,BRISTOL                       ,ISLE OF MAN                   , 1065 , 1065 , 0 , 1302 , 1302 , 0 ,-18.20276 ,N,N
19-Oct-2011 13:51,201108,201008,Other Reporting Airports      ,BRISTOL                       ,ISLES OF SCILLY (ST.MARYS)    , 683 , 683 , 0 , 611 , 611 , 0 , 11.78396 ,N,N
19-Oct-2011 13:51,201108,201008,Other Reporting Airports      ,BRISTOL                       ,JERSEY                        , 3982 , 3982 , 0 , 3311 , 3311 , 0 , 20.26578 ,N,N
19-Oct-2011 13:51,201108,201008,Other Reporting Airports      ,BRISTOL                       ,LEEDS BRADFORD                , 760 , 760 , 0 , 1784 , 1784 , 0 ,-57.3991 ,N,N
19-Oct-2011 13:51,201108,201008,Other Reporting Airports      ,BRISTOL                       ,MANCHESTER                    , 0 , 0 , 0 , 1390 , 1390 , 0 ,-100 ,N,N
19-Oct-2011 13:51,201108,201008,Other Reporting Airports      ,BRISTOL                       ,NEWCASTLE                     , 12697 , 12697 , 0 , 12950 , 12950 , 0 ,-1.953668 ,N,N
19-Oct-2011 13:51,201108,201008,Other Reporting Airports      ,BRISTOL                       ,NEWQUAY                       , 225 , 225 , 0 , 1404 , 1404 , 0 ,-83.97436 ,N,N
19-Oct-2011 13:51,201108,201008,Other Reporting Airports      ,BRISTOL                       ,PLYMOUTH                      , 0 , 0 , 0 , 862 , 862 , 0 ,-100 ,N,N
19-Oct-2011 13:51,201108,201008,Other Reporting Airports      ,CAMPBELTOWN                   ,EDINBURGH                     , 0 , 0 , 0 , 4 , 0 , 4 ,-100 ,N,Y
19-Oct-2011 13:51,201108,201008,Other Reporting Airports      ,CAMPBELTOWN                   ,GLASGOW                       , 1152 , 1152 , 0 , 1060 , 1060 , 0 , 8.679245 ,N,N
19-Oct-2011 13:51,201108,201008,Other Reporting Airports      ,CARDIFF WALES                 ,EDINBURGH                     , 7170 , 7170 , 0 , 9902 , 9902 , 0 ,-27.59039 ,N,N
19-Oct-2011 13:51,201108,201008,Other Reporting Airports      ,CARDIFF WALES                 ,GLASGOW                       , 4881 , 4881 , 0 , 4828 , 4828 , 0 , 1.097763 ,N,N
19-Oct-2011 13:51,201108,201008,Other Reporting Airports      ,CARDIFF WALES                 ,JERSEY                        , 2045 , 2045 , 0 , 3906 , 3906 , 0 ,-47.64465 ,N,N
19-Oct-2011 13:51,201108,201008,Other Reporting Airports      ,CARDIFF WALES                 ,NEWCASTLE                     , 1161 , 1161 , 0 , 2008 , 2008 , 0 ,-42.18127 ,N,N
19-Oct-2011 13:51,201108,201008,Other Reporting Airports      ,CARDIFF WALES                 ,NEWQUAY                       , 0 , 0 , 0 , 37 , 0 , 37 ,-100 ,N,N
19-Oct-2011 13:51,201108,201008,Other Reporting Airports      ,CITY OF DERRY (EGLINTON)      ,LIVERPOOL (JOHN LENNON)       , 7624 , 7624 , 0 , 6428 , 6428 , 0 , 18.6061 ,N,N
19-Oct-2011 13:51,201108,201008,Other Reporting Airports      ,CITY OF DERRY (EGLINTON)      ,MANCHESTER                    , 2473 , 2473 , 0 , 0 , 0 , 0 ,Null,N,N
19-Oct-2011 13:51,201108,201008,Other Reporting Airports      ,CITY OF DERRY (EGLINTON)      ,PRESTWICK                     , 6173 , 6173 , 0 , 4670 , 4670 , 0 , 32.18415 ,N,N
19-Oct-2011 13:51,201108,201008,Other Reporting Airports      ,DONCASTER SHEFFIELD           ,JERSEY                        , 2083 , 2083 , 0 , 2535 , 2535 , 0 ,-17.83038 ,N,N
19-Oct-2011 13:51,201108,201008,Other Reporting Airports      ,DUNDEE                        ,JERSEY                        , 337 , 0 , 337 , 484 , 484 , 0 ,-30.3719 ,N,N
19-Oct-2011 13:51,201108,201008,Other Reporting Airports      ,DUNDEE                        ,SCATSTA                       , 36 , 0 , 36 , 0 , 0 , 0 ,Null,N,N
19-Oct-2011 13:51,201108,201008,Other Reporting Airports      ,DURHAM TEES VALLEY            ,JERSEY                        , 440 , 440 , 0 , 473 , 473 , 0 ,-6.976744 ,N,N
19-Oct-2011 13:51,201108,201008,Other Reporting Airports      ,DURHAM TEES VALLEY            ,SOUTHAMPTON                   , 477 , 477 , 0 , 531 , 531 , 0 ,-10.16949 ,N,N
19-Oct-2011 13:51,201108,201008,Other Reporting Airports      ,EAST MIDLANDS INTERNATIONAL   ,EDINBURGH                     , 8564 , 8564 , 0 , 9468 , 9468 , 0 ,-9.547951 ,N,N
19-Oct-2011 13:51,201108,201008,Other Reporting Airports      ,EAST MIDLANDS INTERNATIONAL   ,GLASGOW                       , 8385 , 8385 , 0 , 8263 , 8263 , 0 , 1.476461 ,N,N
19-Oct-2011 13:51,201108,201008,Other Reporting Airports      ,EAST MIDLANDS INTERNATIONAL   ,GUERNSEY                      , 3938 , 3938 , 0 , 3794 , 3794 , 0 , 3.795466 ,N,N
19-Oct-2011 13:51,201108,201008,Other Reporting Airports      ,EAST MIDLANDS INTERNATIONAL   ,JERSEY                        , 6791 , 6791 , 0 , 7149 , 7149 , 0 ,-5.007693 ,N,N
19-Oct-2011 13:51,201108,201008,Other Reporting Airports      ,EAST MIDLANDS INTERNATIONAL   ,NEWQUAY                       , 2073 , 2073 , 0 , 2911 , 2911 , 0 ,-28.78736 ,N,N
19-Oct-2011 13:51,201108,201008,Other Reporting Airports      ,EDAY                          ,KIRKWALL                      , 45 , 45 , 0 , 23 , 23 , 0 , 95.65218 ,N,N
19-Oct-2011 13:51,201108,201008,Other Reporting Airports      ,EDINBURGH                     ,EXETER                        , 5995 , 5995 , 0 , 5952 , 5952 , 0 , 0.7224463 ,N,N
19-Oct-2011 13:51,201108,201008,Other Reporting Airports      ,EDINBURGH                     ,FARNBOROUGH                   , 0 , 0 , 0 , 4 , 0 , 4 ,-100 ,N,Y
19-Oct-2011 13:51,201108,201008,Other Reporting Airports      ,EDINBURGH                     ,GUERNSEY                      , 0 , 0 , 0 , 646 , 646 , 0 ,-100 ,N,N
19-Oct-2011 13:51,201108,201008,Other Reporting Airports      ,EDINBURGH                     ,HUMBERSIDE                    , 0 , 0 , 0 , 19 , 0 , 19 ,-100 ,N,N
19-Oct-2011 13:51,201108,201008,Other Reporting Airports      ,EDINBURGH                     ,INVERNESS                     , 64 , 64 , 0 , 34 , 34 , 0 , 88.23529 ,N,N
19-Oct-2011 13:51,201108,201008,Other Reporting Airports      ,EDINBURGH                     ,ISLE OF MAN                   , 1128 , 1128 , 0 , 1345 , 1345 , 0 ,-16.13383 ,N,N
19-Oct-2011 13:51,201108,201008,Other Reporting Airports      ,EDINBURGH                     ,JERSEY                        , 2654 , 2654 , 0 , 3249 , 3249 , 0 ,-18.31333 ,N,N
19-Oct-2011 13:51,201108,201008,Other Reporting Airports      ,EDINBURGH                     ,KIRKWALL                      , 3859 , 3859 , 0 , 3690 , 3690 , 0 , 4.579946 ,N,N
19-Oct-2011 13:51,201108,201008,Other Reporting Airports      ,EDINBURGH                     ,LEEDS BRADFORD                , 662 , 662 , 0 , 1021 , 1021 , 0 ,-35.16161 ,N,N
19-Oct-2011 13:51,201108,201008,Other Reporting Airports      ,EDINBURGH                     ,MANCHESTER                    , 9814 , 9814 , 0 , 10793 , 10793 , 0 ,-9.070694 ,N,N
19-Oct-2011 13:51,201108,201008,Other Reporting Airports      ,EDINBURGH                     ,MANSTON (KENT INT)            , 3702 , 3702 , 0 , 3148 , 3148 , 0 , 17.59847 ,N,N
19-Oct-2011 13:51,201108,201008,Other Reporting Airports      ,EDINBURGH                     ,NEWQUAY                       , 2610 , 2610 , 0 , 2305 , 2305 , 0 , 13.2321 ,N,N
19-Oct-2011 13:51,201108,201008,Other Reporting Airports      ,EDINBURGH                     ,NORWICH                       , 5347 , 5182 , 165 , 5316 , 5316 , 0 , 0.5831452 ,N,N
19-Oct-2011 13:51,201108,201008,Other Reporting Airports      ,EDINBURGH                     ,SOUTHAMPTON                   , 20069 , 20069 , 0 , 19097 , 19097 , 0 , 5.089805 ,N,N
19-Oct-2011 13:51,201108,201008,Other Reporting Airports      ,EDINBURGH                     ,STORNOWAY                     , 1855 , 1855 , 0 , 2151 , 2151 , 0 ,-13.76104 ,N,N
19-Oct-2011 13:51,201108,201008,Other Reporting Airports      ,EDINBURGH                     ,SUMBURGH                      , 3511 , 3511 , 0 , 3377 , 3377 , 0 , 3.968019 ,N,N
19-Oct-2011 13:51,201108,201008,Other Reporting Airports      ,EDINBURGH                     ,WICK                          , 868 , 868 , 0 , 766 , 766 , 0 , 13.31593 ,N,N
19-Oct-2011 13:51,201108,201008,Other Reporting Airports      ,EXETER                        ,GLASGOW                       , 2942 , 2942 , 0 , 2732 , 2732 , 0 , 7.686677 ,N,N
19-Oct-2011 13:51,201108,201008,Other Reporting Airports      ,EXETER                        ,GUERNSEY                      , 2313 , 2313 , 0 , 2382 , 2382 , 0 ,-2.896725 ,N,N
19-Oct-2011 13:51,201108,201008,Other Reporting Airports      ,EXETER                        ,ISLES OF SCILLY (ST.MARYS)    , 594 , 594 , 0 , 464 , 464 , 0 , 28.01724 ,N,N
19-Oct-2011 13:51,201108,201008,Other Reporting Airports      ,EXETER                        ,JERSEY                        , 3629 , 3629 , 0 , 3025 , 3025 , 0 , 19.96694 ,N,N
19-Oct-2011 13:51,201108,201008,Other Reporting Airports      ,EXETER                        ,LEEDS BRADFORD                , 1122 , 1122 , 0 , 1313 , 1313 , 0 ,-14.54684 ,N,N
19-Oct-2011 13:51,201108,201008,Other Reporting Airports      ,EXETER                        ,LIVERPOOL (JOHN LENNON)       , 45 , 0 , 45 , 0 , 0 , 0 ,Null,N,N
19-Oct-2011 13:51,201108,201008,Other Reporting Airports      ,EXETER                        ,MANCHESTER                    , 3473 , 3473 , 0 , 3914 , 3914 , 0 ,-11.26725 ,N,N
19-Oct-2011 13:51,201108,201008,Other Reporting Airports      ,EXETER                        ,NEWCASTLE                     , 2520 , 2520 , 0 , 2498 , 2498 , 0 , 0.8807046 ,N,N
19-Oct-2011 13:51,201108,201008,Other Reporting Airports      ,EXETER                        ,NORWICH                       , 0 , 0 , 0 , 1715 , 1715 , 0 ,-100 ,N,N
19-Oct-2011 13:51,201108,201008,Other Reporting Airports      ,FAIR ISLE                     ,LERWICK (TINGWALL)            , 353 , 353 , 0 , 404 , 404 , 0 ,-12.62376 ,N,N
19-Oct-2011 13:51,201108,201008,Other Reporting Airports      ,FAIR ISLE                     ,SUMBURGH                      , 6 , 6 , 0 , 16 , 16 , 0 ,-62.5 ,N,N
19-Oct-2011 13:51,201108,201008,Other Reporting Airports      ,FARNBOROUGH                   ,GLASGOW                       , 64 , 0 , 64 , 0 , 0 , 0 ,Null,N,N
19-Oct-2011 13:51,201108,201008,Other Reporting Airports      ,FARNBOROUGH                   ,GUERNSEY                      , 6 , 0 , 6 , 0 , 0 , 0 ,Null,Y,N
19-Oct-2011 13:51,201108,201008,Other Reporting Airports      ,FARNBOROUGH                   ,MANCHESTER                    , 33 , 0 , 33 , 44 , 0 , 44 ,-25 ,N,N
19-Oct-2011 13:51,201108,201008,Other Reporting Airports      ,FARNBOROUGH                   ,NEWCASTLE                     , 63 , 0 , 63 , 0 , 0 , 0 ,Null,N,N
19-Oct-2011 13:51,201108,201008,Other Reporting Airports      ,FOULA                         ,LERWICK (TINGWALL)            , 160 , 160 , 0 , 166 , 166 , 0 ,-3.614458 ,N,N
19-Oct-2011 13:51,201108,201008,London Area Airports          ,GATWICK                       ,ABERDEEN                      , 19026 , 19026 , 0 , 12161 , 12161 , 0 , 56.45095 ,N,N
19-Oct-2011 13:51,201108,201008,London Area Airports          ,GATWICK                       ,BELFAST CITY (GEORGE BEST)    , 25997 , 25997 , 0 , 20836 , 20836 , 0 , 24.76963 ,N,N
19-Oct-2011 13:51,201108,201008,London Area Airports          ,GATWICK                       ,BELFAST INTERNATIONAL         , 33040 , 33040 , 0 , 30512 , 30512 , 0 , 8.285265 ,N,N
19-Oct-2011 13:51,201108,201008,London Area Airports          ,GATWICK                       ,BLACKPOOL                     , 0 , 0 , 0 , 34 , 0 , 34 ,-100 ,N,N
19-Oct-2011 13:51,201108,201008,London Area Airports          ,GATWICK                       ,EAST MIDLANDS INTERNATIONAL   , 0 , 0 , 0 , 149 , 0 , 149 ,-100 ,N,N
19-Oct-2011 13:51,201108,201008,London Area Airports          ,GATWICK                       ,EDINBURGH                     , 58648 , 58648 , 0 , 56240 , 56240 , 0 , 4.28165 ,N,N
19-Oct-2011 13:51,201108,201008,London Area Airports          ,GATWICK                       ,GLASGOW                       , 48889 , 48846 , 43 , 44997 , 44997 , 0 , 8.649466 ,N,N
19-Oct-2011 13:51,201108,201008,London Area Airports          ,GATWICK                       ,GUERNSEY                      , 35458 , 35458 , 0 , 34735 , 34735 , 0 , 2.081474 ,N,N
19-Oct-2011 13:51,201108,201008,London Area Airports          ,GATWICK                       ,INVERNESS                     , 22083 , 22083 , 0 , 20936 , 20936 , 0 , 5.478601 ,N,N
19-Oct-2011 13:51,201108,201008,London Area Airports          ,GATWICK                       ,ISLE OF MAN                   , 10896 , 10896 , 0 , 11460 , 11460 , 0 ,-4.921466 ,N,N
19-Oct-2011 13:51,201108,201008,London Area Airports          ,GATWICK                       ,JERSEY                        , 56864 , 56864 , 0 , 56701 , 56701 , 0 , 0.2874729 ,N,N
19-Oct-2011 13:51,201108,201008,London Area Airports          ,GATWICK                       ,LEEDS BRADFORD                , 0 , 0 , 0 , 4451 , 4451 , 0 ,-100 ,N,N
19-Oct-2011 13:51,201108,201008,London Area Airports          ,GATWICK                       ,MANCHESTER                    , 18865 , 18865 , 0 , 20828 , 20788 , 40 ,-9.424812 ,N,N
19-Oct-2011 13:51,201108,201008,London Area Airports          ,GATWICK                       ,NEWCASTLE                     , 8483 , 8412 , 71 , 7908 , 7908 , 0 , 7.271118 ,N,N
19-Oct-2011 13:51,201108,201008,London Area Airports          ,GATWICK                       ,NEWQUAY                       , 11085 , 11085 , 0 , 11705 , 11705 , 0 ,-5.296882 ,N,N
19-Oct-2011 13:51,201108,201008,London Area Airports          ,GATWICK                       ,PLYMOUTH                      , 0 , 0 , 0 , 5779 , 5779 , 0 ,-100 ,N,N
19-Oct-2011 13:51,201108,201008,Other Reporting Airports      ,GLASGOW                       ,HAWARDEN                      , 36 , 0 , 36 , 0 , 0 , 0 ,Null,N,N
19-Oct-2011 13:51,201108,201008,Other Reporting Airports      ,GLASGOW                       ,ISLAY                         , 2690 , 2690 , 0 , 2879 , 2879 , 0 ,-6.564779 ,N,N
19-Oct-2011 13:51,201108,201008,Other Reporting Airports      ,GLASGOW                       ,ISLE OF MAN                   , 1199 , 1199 , 0 , 1176 , 1176 , 0 , 1.955782 ,N,N
19-Oct-2011 13:51,201108,201008,Other Reporting Airports      ,GLASGOW                       ,JERSEY                        , 3971 , 3971 , 0 , 1929 , 1929 , 0 , 105.858 ,N,N
19-Oct-2011 13:51,201108,201008,Other Reporting Airports      ,GLASGOW                       ,KIRKWALL                      , 1523 , 1523 , 0 , 1485 , 1485 , 0 , 2.558923 ,N,N
19-Oct-2011 13:51,201108,201008,Other Reporting Airports      ,GLASGOW                       ,LEEDS BRADFORD                , 989 , 989 , 0 , 1269 , 1269 , 0 ,-22.06462 ,N,N
19-Oct-2011 13:51,201108,201008,Other Reporting Airports      ,GLASGOW                       ,MANCHESTER                    , 3856 , 3856 , 0 , 4807 , 4807 , 0 ,-19.78365 ,N,N
19-Oct-2011 13:51,201108,201008,Other Reporting Airports      ,GLASGOW                       ,NEWQUAY                       , 633 , 633 , 0 , 0 , 0 , 0 ,Null,N,N
19-Oct-2011 13:51,201108,201008,Other Reporting Airports      ,GLASGOW                       ,PLYMOUTH                      , 622 , 622 , 0 , 2193 , 2193 , 0 ,-71.63702 ,N,N
19-Oct-2011 13:51,201108,201008,Other Reporting Airports      ,GLASGOW                       ,SOUTHAMPTON                   , 13234 , 13132 , 102 , 11089 , 11089 , 0 , 19.34349 ,N,N
19-Oct-2011 13:51,201108,201008,Other Reporting Airports      ,GLASGOW                       ,STORNOWAY                     , 5633 , 5633 , 0 , 5050 , 5050 , 0 , 11.54455 ,N,N
19-Oct-2011 13:51,201108,201008,Other Reporting Airports      ,GLASGOW                       ,SUMBURGH                      , 1777 , 1777 , 0 , 1602 , 1602 , 0 , 10.92385 ,N,N
19-Oct-2011 13:51,201108,201008,Other Reporting Airports      ,GLASGOW                       ,TIREE                         , 978 , 978 , 0 , 837 , 837 , 0 , 16.84588 ,N,N
19-Oct-2011 13:51,201108,201008,Other Reporting Airports      ,GLOUCESTERSHIRE               ,ISLE OF MAN                   , 1166 , 1166 , 0 , 1216 , 1216 , 0 ,-4.111842 ,N,N
19-Oct-2011 13:51,201108,201008,Other Reporting Airports      ,GLOUCESTERSHIRE               ,JERSEY                        , 83 , 83 , 0 , 256 , 256 , 0 ,-67.57813 ,N,N
19-Oct-2011 13:51,201108,201008,Other Reporting Airports      ,GUERNSEY                      ,HUMBERSIDE                    , 4 , 0 , 4 , 0 , 0 , 0 ,Null,Y,N
19-Oct-2011 13:51,201108,201008,Other Reporting Airports      ,GUERNSEY                      ,ISLE OF MAN                   , 0 , 0 , 0 , 264 , 264 , 0 ,-100 ,N,N
19-Oct-2011 13:51,201108,201008,Other Reporting Airports      ,GUERNSEY                      ,JERSEY                        , 11563 , 11563 , 0 , 11324 , 11324 , 0 , 2.110562 ,N,N
19-Oct-2011 13:51,201108,201008,Other Reporting Airports      ,GUERNSEY                      ,MANCHESTER                    , 7971 , 7971 , 0 , 9519 , 9519 , 0 ,-16.26221 ,N,N
19-Oct-2011 13:51,201108,201008,Other Reporting Airports      ,GUERNSEY                      ,NEWCASTLE                     , 0 , 0 , 0 , 659 , 659 , 0 ,-100 ,N,N
19-Oct-2011 13:51,201108,201008,Other Reporting Airports      ,GUERNSEY                      ,NEWQUAY                       , 385 , 385 , 0 , 0 , 0 , 0 ,Null,N,N
19-Oct-2011 13:51,201108,201008,Other Reporting Airports      ,GUERNSEY                      ,NORWICH                       , 296 , 296 , 0 , 334 , 334 , 0 ,-11.37725 ,N,N
19-Oct-2011 13:51,201108,201008,Other Reporting Airports      ,GUERNSEY                      ,PLYMOUTH                      , 0 , 0 , 0 , 477 , 477 , 0 ,-100 ,N,N
19-Oct-2011 13:51,201108,201008,Other Reporting Airports      ,GUERNSEY                      ,SOUTHAMPTON                   , 13239 , 13239 , 0 , 13854 , 13854 , 0 ,-4.439151 ,N,N
19-Oct-2011 13:51,201108,201008,London Area Airports          ,HEATHROW                      ,ABERDEEN                      , 55060 , 55060 , 0 , 59444 , 59444 , 0 ,-7.375009 ,N,N
19-Oct-2011 13:51,201108,201008,London Area Airports          ,HEATHROW                      ,BELFAST CITY (GEORGE BEST)    , 34914 , 34914 , 0 , 40917 , 40917 , 0 ,-14.67116 ,N,N
19-Oct-2011 13:51,201108,201008,London Area Airports          ,HEATHROW                      ,BELFAST INTERNATIONAL         , 32472 , 32472 , 0 , 31388 , 31388 , 0 , 3.453549 ,N,N
19-Oct-2011 13:51,201108,201008,London Area Airports          ,HEATHROW                      ,EDINBURGH                     , 122202 , 122202 , 0 , 134573 , 134573 , 0 ,-9.19278 ,N,N
19-Oct-2011 13:51,201108,201008,London Area Airports          ,HEATHROW                      ,GLASGOW                       , 69420 , 69420 , 0 , 96912 , 96912 , 0 ,-28.368 ,N,N
19-Oct-2011 13:51,201108,201008,London Area Airports          ,HEATHROW                      ,LEEDS BRADFORD                , 0 , 0 , 0 , 152 , 0 , 152 ,-100 ,N,N
19-Oct-2011 13:51,201108,201008,London Area Airports          ,HEATHROW                      ,MANCHESTER                    , 59425 , 59425 , 0 , 71780 , 71780 , 0 ,-17.21231 ,N,N
19-Oct-2011 13:51,201108,201008,London Area Airports          ,HEATHROW                      ,NEWCASTLE                     , 40364 , 40364 , 0 , 41346 , 41346 , 0 ,-2.375079 ,N,N
19-Oct-2011 13:51,201108,201008,Other Reporting Airports      ,HUMBERSIDE                    ,JERSEY                        , 412 , 412 , 0 , 464 , 464 , 0 ,-11.2069 ,N,N
19-Oct-2011 13:51,201108,201008,Other Reporting Airports      ,HUMBERSIDE                    ,NORWICH                       , 197 , 197 , 0 , 180 , 180 , 0 , 9.444445 ,N,N
19-Oct-2011 13:51,201108,201008,Other Reporting Airports      ,INVERNESS                     ,JERSEY                        , 440 , 440 , 0 , 380 , 380 , 0 , 15.78947 ,N,N
19-Oct-2011 13:51,201108,201008,Other Reporting Airports      ,INVERNESS                     ,KIRKWALL                      , 2190 , 2190 , 0 , 2361 , 2361 , 0 ,-7.242694 ,N,N
19-Oct-2011 13:51,201108,201008,Other Reporting Airports      ,INVERNESS                     ,MANCHESTER                    , 4891 , 4891 , 0 , 4565 , 4565 , 0 , 7.141293 ,N,N
19-Oct-2011 13:51,201108,201008,Other Reporting Airports      ,INVERNESS                     ,SOUTHAMPTON                   , 505 , 505 , 0 , 498 , 498 , 0 , 1.405622 ,N,N
19-Oct-2011 13:51,201108,201008,Other Reporting Airports      ,INVERNESS                     ,STORNOWAY                     , 3071 , 3071 , 0 , 2704 , 2704 , 0 , 13.57248 ,N,N
19-Oct-2011 13:51,201108,201008,Other Reporting Airports      ,INVERNESS                     ,SUMBURGH                      , 95 , 95 , 0 , 0 , 0 , 0 ,Null,N,N
19-Oct-2011 13:51,201108,201008,Other Reporting Airports      ,ISLE OF MAN                   ,JERSEY                        , 368 , 368 , 0 , 364 , 364 , 0 , 1.098901 ,N,N
19-Oct-2011 13:51,201108,201008,Other Reporting Airports      ,ISLE OF MAN                   ,LEEDS BRADFORD                , 101 , 101 , 0 , 533 , 533 , 0 ,-81.05066 ,N,N
19-Oct-2011 13:51,201108,201008,Other Reporting Airports      ,ISLE OF MAN                   ,LIVERPOOL (JOHN LENNON)       , 15553 , 15553 , 0 , 13627 , 13627 , 0 , 14.13371 ,N,N
19-Oct-2011 13:51,201108,201008,Other Reporting Airports      ,ISLE OF MAN                   ,MANCHESTER                    , 10939 , 10939 , 0 , 10985 , 10985 , 0 ,-0.4187528 ,N,N
19-Oct-2011 13:51,201108,201008,Other Reporting Airports      ,ISLE OF MAN                   ,NEWCASTLE                     , 93 , 93 , 0 , 575 , 575 , 0 ,-83.82609 ,N,N
19-Oct-2011 13:51,201108,201008,Other Reporting Airports      ,ISLE OF MAN                   ,SOUTHAMPTON                   , 1829 , 1829 , 0 , 1387 , 1387 , 0 , 31.86734 ,N,N
19-Oct-2011 13:51,201108,201008,Other Reporting Airports      ,ISLES OF SCILLY (ST.MARYS)    ,NEWQUAY                       , 2271 , 2271 , 0 , 1758 , 1758 , 0 , 29.18089 ,N,N
19-Oct-2011 13:51,201108,201008,Other Reporting Airports      ,ISLES OF SCILLY (ST.MARYS)    ,SOUTHAMPTON                   , 663 , 663 , 0 , 550 , 550 , 0 , 20.54545 ,N,N
19-Oct-2011 13:51,201108,201008,Other Reporting Airports      ,JERSEY                        ,LEEDS BRADFORD                , 4515 , 4515 , 0 , 4722 , 4722 , 0 ,-4.383736 ,N,N
19-Oct-2011 13:51,201108,201008,Other Reporting Airports      ,JERSEY                        ,LIVERPOOL (JOHN LENNON)       , 8174 , 8174 , 0 , 7942 , 7942 , 0 , 2.921179 ,N,N
19-Oct-2011 13:51,201108,201008,Other Reporting Airports      ,JERSEY                        ,MANCHESTER                    , 10496 , 10496 , 0 , 11637 , 11637 , 0 ,-9.804933 ,N,N
19-Oct-2011 13:51,201108,201008,Other Reporting Airports      ,JERSEY                        ,MANSTON (KENT INT)            , 322 , 0 , 322 , 391 , 0 , 391 ,-17.64706 ,N,N
19-Oct-2011 13:51,201108,201008,Other Reporting Airports      ,JERSEY                        ,NEWCASTLE                     , 2598 , 2598 , 0 , 2238 , 2238 , 0 , 16.08579 ,N,N
19-Oct-2011 13:51,201108,201008,Other Reporting Airports      ,JERSEY                        ,NEWQUAY                       , 419 , 419 , 0 , 0 , 0 , 0 ,Null,N,N
19-Oct-2011 13:51,201108,201008,Other Reporting Airports      ,JERSEY                        ,NORWICH                       , 1130 , 1130 , 0 , 1701 , 1701 , 0 ,-33.56849 ,N,N
19-Oct-2011 13:51,201108,201008,Other Reporting Airports      ,JERSEY                        ,OXFORD (KIDLINGTON)           , 373 , 0 , 373 , 259 , 0 , 259 , 44.01545 ,N,N
19-Oct-2011 13:51,201108,201008,Other Reporting Airports      ,JERSEY                        ,PLYMOUTH                      , 270 , 270 , 0 , 785 , 785 , 0 ,-65.60509 ,N,N
19-Oct-2011 13:51,201108,201008,Other Reporting Airports      ,JERSEY                        ,PRESTWICK                     , 0 , 0 , 0 , 363 , 363 , 0 ,-100 ,N,N
19-Oct-2011 13:51,201108,201008,Other Reporting Airports      ,JERSEY                        ,SOUTHAMPTON                   , 15310 , 15310 , 0 , 15500 , 15500 , 0 ,-1.225806 ,N,N
19-Oct-2011 13:51,201108,201008,Other Reporting Airports      ,KIRKWALL                      ,NORTH RONALDSAY               , 834 , 834 , 0 , 851 , 851 , 0 ,-1.99765 ,N,N
19-Oct-2011 13:51,201108,201008,Other Reporting Airports      ,KIRKWALL                      ,PAPA WESTRAY                  , 494 , 494 , 0 , 449 , 449 , 0 , 10.02227 ,N,N
19-Oct-2011 13:51,201108,201008,Other Reporting Airports      ,KIRKWALL                      ,SANDAY                        , 186 , 186 , 0 , 187 , 187 , 0 ,-0.5347593 ,N,N
19-Oct-2011 13:51,201108,201008,Other Reporting Airports      ,KIRKWALL                      ,STRONSAY                      , 247 , 247 , 0 , 236 , 236 , 0 , 4.661017 ,N,N
19-Oct-2011 13:51,201108,201008,Other Reporting Airports      ,KIRKWALL                      ,SUMBURGH                      , 930 , 930 , 0 , 1024 , 1024 , 0 ,-9.179688 ,N,N
19-Oct-2011 13:51,201108,201008,Other Reporting Airports      ,KIRKWALL                      ,WESTRAY                       , 347 , 347 , 0 , 443 , 443 , 0 ,-21.67043 ,N,N
19-Oct-2011 13:51,201108,201008,Other Reporting Airports      ,LEEDS BRADFORD                ,NEWQUAY                       , 1411 , 1411 , 0 , 551 , 551 , 0 , 156.0798 ,N,N
19-Oct-2011 13:51,201108,201008,Other Reporting Airports      ,LEEDS BRADFORD                ,PLYMOUTH                      , 329 , 329 , 0 , 50 , 0 , 50 , 558 ,N,N
19-Oct-2011 13:51,201108,201008,Other Reporting Airports      ,LEEDS BRADFORD                ,SOUTHAMPTON                   , 5805 , 5805 , 0 , 6274 , 6274 , 0 ,-7.475295 ,N,N
19-Oct-2011 13:51,201108,201008,Other Reporting Airports      ,LERWICK (TINGWALL)            ,OUT SKERRIES                  , 47 , 47 , 0 , 43 , 43 , 0 , 9.302325 ,N,N
19-Oct-2011 13:51,201108,201008,Other Reporting Airports      ,LERWICK (TINGWALL)            ,PAPA STOUR                    , 33 , 33 , 0 , 20 , 20 , 0 , 65 ,N,N
19-Oct-2011 13:51,201108,201008,Other Reporting Airports      ,LIVERPOOL (JOHN LENNON)       ,SOUTHAMPTON                   , 0 , 0 , 0 , 530 , 530 , 0 ,-100 ,N,N
19-Oct-2011 13:51,201108,201008,London Area Airports          ,LONDON CITY                   ,DUNDEE                        , 2468 , 2468 , 0 , 3191 , 3191 , 0 ,-22.65747 ,N,N
19-Oct-2011 13:51,201108,201008,London Area Airports          ,LONDON CITY                   ,EDINBURGH                     , 30668 , 30668 , 0 , 29545 , 29545 , 0 , 3.800982 ,N,N
19-Oct-2011 13:51,201108,201008,London Area Airports          ,LONDON CITY                   ,GLASGOW                       , 13524 , 13524 , 0 , 8739 , 8739 , 0 , 54.75455 ,N,N
19-Oct-2011 13:51,201108,201008,London Area Airports          ,LONDON CITY                   ,ISLE OF MAN                   , 3793 , 3793 , 0 , 4362 , 4362 , 0 ,-13.04447 ,N,N
19-Oct-2011 13:51,201108,201008,London Area Airports          ,LONDON CITY                   ,JERSEY                        , 1946 , 1946 , 0 , 1086 , 1086 , 0 , 79.18969 ,N,N
19-Oct-2011 13:51,201108,201008,London Area Airports          ,LUTON                         ,ABERDEEN                      , 14385 , 14385 , 0 , 12583 , 12583 , 0 , 14.32091 ,N,N
19-Oct-2011 13:51,201108,201008,London Area Airports          ,LUTON                         ,BELFAST CITY (GEORGE BEST)    , 0 , 0 , 0 , 16159 , 16159 , 0 ,-100 ,N,N
19-Oct-2011 13:51,201108,201008,London Area Airports          ,LUTON                         ,BELFAST INTERNATIONAL         , 17873 , 17873 , 0 , 0 , 0 , 0 ,Null,N,N
19-Oct-2011 13:51,201108,201008,London Area Airports          ,LUTON                         ,BLACKPOOL                     , 0 , 0 , 0 , 60 , 0 , 60 ,-100 ,N,N
19-Oct-2011 13:51,201108,201008,London Area Airports          ,LUTON                         ,BOURNEMOUTH                   , 0 , 0 , 0 , 3 , 0 , 3 ,-100 ,N,Y
19-Oct-2011 13:51,201108,201008,London Area Airports          ,LUTON                         ,DURHAM TEES VALLEY            , 28 , 0 , 28 , 0 , 0 , 0 ,Null,N,N
19-Oct-2011 13:51,201108,201008,London Area Airports          ,LUTON                         ,EDINBURGH                     , 22271 , 22271 , 0 , 22545 , 22545 , 0 ,-1.215347 ,N,N
19-Oct-2011 13:51,201108,201008,London Area Airports          ,LUTON                         ,FARNBOROUGH                   , 4 , 0 , 4 , 0 , 0 , 0 ,Null,Y,N
19-Oct-2011 13:51,201108,201008,London Area Airports          ,LUTON                         ,GLASGOW                       , 23065 , 23065 , 0 , 19878 , 19878 , 0 , 16.0328 ,N,N
19-Oct-2011 13:51,201108,201008,London Area Airports          ,LUTON                         ,INVERNESS                     , 10888 , 10888 , 0 , 9721 , 9721 , 0 , 12.00494 ,N,N
19-Oct-2011 13:51,201108,201008,London Area Airports          ,LUTON                         ,ISLE OF MAN                   , 2807 , 2807 , 0 , 3037 , 3037 , 0 ,-7.573263 ,N,N
19-Oct-2011 13:51,201108,201008,London Area Airports          ,LUTON                         ,JERSEY                        , 2420 , 2410 , 10 , 2434 , 2418 , 16 ,-0.5751849 ,N,N
19-Oct-2011 13:51,201108,201008,London Area Airports          ,LUTON                         ,LEEDS BRADFORD                , 0 , 0 , 0 , 6 , 0 , 6 ,-100 ,N,Y
19-Oct-2011 13:51,201108,201008,London Area Airports          ,LUTON                         ,LIVERPOOL (JOHN LENNON)       , 0 , 0 , 0 , 61 , 0 , 61 ,-100 ,N,N
19-Oct-2011 13:51,201108,201008,London Area Airports          ,LUTON                         ,MANCHESTER                    , 37 , 0 , 37 , 0 , 0 , 0 ,Null,N,N
19-Oct-2011 13:51,201108,201008,London Area Airports          ,LUTON                         ,NEWCASTLE                     , 33 , 0 , 33 , 0 , 0 , 0 ,Null,N,N
19-Oct-2011 13:51,201108,201008,London Area Airports          ,LUTON                         ,PRESTWICK                     , 1 , 0 , 1 , 0 , 0 , 0 ,Null,Y,N
19-Oct-2011 13:51,201108,201008,Other Reporting Airports      ,MANCHESTER                    ,NEWCASTLE                     , 98 , 0 , 98 , 0 , 0 , 0 ,Null,N,N
19-Oct-2011 13:51,201108,201008,Other Reporting Airports      ,MANCHESTER                    ,NEWQUAY                       , 7111 , 7111 , 0 , 7611 , 7611 , 0 ,-6.569439 ,N,N
19-Oct-2011 13:51,201108,201008,Other Reporting Airports      ,MANCHESTER                    ,NORWICH                       , 2097 , 2032 , 65 , 2581 , 2581 , 0 ,-18.75242 ,N,N
19-Oct-2011 13:51,201108,201008,Other Reporting Airports      ,MANCHESTER                    ,PLYMOUTH                      , 225 , 225 , 0 , 1569 , 1569 , 0 ,-85.65965 ,N,N
19-Oct-2011 13:51,201108,201008,Other Reporting Airports      ,MANCHESTER                    ,SOUTHAMPTON                   , 9288 , 9288 , 0 , 8213 , 8177 , 36 , 13.08901 ,N,N
19-Oct-2011 13:51,201108,201008,Other Reporting Airports      ,NEWCASTLE                     ,NEWQUAY                       , 0 , 0 , 0 , 1101 , 1101 , 0 ,-100 ,N,N
19-Oct-2011 13:51,201108,201008,Other Reporting Airports      ,NEWCASTLE                     ,PLYMOUTH                      , 0 , 0 , 0 , 1838 , 1838 , 0 ,-100 ,N,N
19-Oct-2011 13:51,201108,201008,Other Reporting Airports      ,NEWCASTLE                     ,SOUTHAMPTON                   , 8742 , 8742 , 0 , 9719 , 9719 , 0 ,-10.05247 ,N,N
19-Oct-2011 13:51,201108,201008,Other Reporting Airports      ,NEWQUAY                       ,OXFORD (KIDLINGTON)           , 0 , 0 , 0 , 47 , 0 , 47 ,-100 ,N,N
19-Oct-2011 13:51,201108,201008,Other Reporting Airports      ,NEWQUAY                       ,PLYMOUTH                      , 0 , 0 , 0 , 24 , 24 , 0 ,-100 ,N,N
19-Oct-2011 13:51,201108,201008,London Area Airports          ,SOUTHEND                      ,JERSEY                        , 577 , 577 , 0 , 587 , 587 , 0 ,-1.703578 ,N,N
19-Oct-2011 13:51,201108,201008,London Area Airports          ,STANSTED                      ,BELFAST CITY (GEORGE BEST)    , 9812 , 9812 , 0 , 36620 , 36620 , 0 ,-73.2059 ,N,N
19-Oct-2011 13:51,201108,201008,London Area Airports          ,STANSTED                      ,BELFAST INTERNATIONAL         , 33845 , 33845 , 0 , 32071 , 32071 , 0 , 5.531477 ,N,N
19-Oct-2011 13:51,201108,201008,London Area Airports          ,STANSTED                      ,CITY OF DERRY (EGLINTON)      , 13462 , 13462 , 0 , 10565 , 10565 , 0 , 27.42073 ,N,N
19-Oct-2011 13:51,201108,201008,London Area Airports          ,STANSTED                      ,EDINBURGH                     , 32033 , 31913 , 120 , 25204 , 25204 , 0 , 27.09491 ,N,N
19-Oct-2011 13:51,201108,201008,London Area Airports          ,STANSTED                      ,GLASGOW                       , 30375 , 30255 , 120 , 28699 , 28699 , 0 , 5.839925 ,N,N
19-Oct-2011 13:51,201108,201008,London Area Airports          ,STANSTED                      ,GUERNSEY                      , 3711 , 3711 , 0 , 3441 , 3441 , 0 , 7.846556 ,N,N
19-Oct-2011 13:51,201108,201008,London Area Airports          ,STANSTED                      ,JERSEY                        , 903 , 903 , 0 , 3619 , 3619 , 0 ,-75.04836 ,N,N
19-Oct-2011 13:51,201108,201008,London Area Airports          ,STANSTED                      ,NEWCASTLE                     , 0 , 0 , 0 , 9978 , 9978 , 0 ,-100 ,N,N
19-Oct-2011 13:51,201108,201008,London Area Airports          ,STANSTED                      ,PRESTWICK                     , 9293 , 9293 , 0 , 24328 , 24328 , 0 ,-61.80122 ,N,N
