rundate,report_period,reporting_airport_grp_name,reporting_airport_name,total_mail,mail_set_down_scheduled_uk,mail_picked_up_scheduled_uk,mail_set_down_scheduled_foreign_EU,mail_picked_up_scheduled_foreign_EU,mail_set_down_scheduled_foreign_non_EU,mail_picked_up_scheduled_foreign_non_EU,mail_set_down_charter_uk,mail_picked_up_charter_uk,mail_set_down_charter_foreign_EU,mail_picked_up_charter_foreign_EU,mail_set_down_charter_foreign_non_EU,mail_picked_up_charter_foreign_non_EU
12/06/2002 14:52,200203,London Area Airports,GATWICK,761.569,85.685,138.589,0.122,29.459,53.723,88.967,190.235,174.789,0,0,0,0
12/06/2002 14:52,200203,London Area Airports,HEATHROW,6595.125,406.671,480.284,509.145,850.114,1775.122,2165.242,201.322,207.225,0,0,0,0
12/06/2002 14:52,200203,London Area Airports,STANSTED,1211.858,0.106,3.724,0,0,0,0,420.41,781.303,3.5,2.815,0,0
12/06/2002 14:52,200203,Other UK Airports,ABERDEEN,54.892,0.309,1.718,0,0,0.001,0,0,52.864,0,0,0,0
12/06/2002 14:52,200203,Other UK Airports,BARRA,3.922,3.25,0.672,0,0,0,0,0,0,0,0,0,0
12/06/2002 14:52,200203,Other UK Airports,BELFAST CITY,7.252,2.859,4.393,0,0,0,0,0,0,0,0,0,0
12/06/2002 14:52,200203,Other UK Airports,BELFAST INTERNATIONAL,1035.317,6.052,3.139,0,0,0,0,686.886,339.24,0,0,0,0
12/06/2002 14:52,200203,Other UK Airports,BENBECULA,3.88,0,3.88,0,0,0,0,0,0,0,0,0,0
12/06/2002 14:52,200203,Other UK Airports,BIGGIN HILL,25.346,0,0,0,0,0,0,7.24,18.106,0,0,0,0
12/06/2002 14:52,200203,Other UK Airports,BIRMINGHAM,88.971,9.526,30.2,0,43.414,0,5.831,0,0,0,0,0,0
12/06/2002 14:52,200203,Other UK Airports,BOURNEMOUTH,371.914,0.5,0,0,0,0,0,189.481,181.933,0,0,0,0
12/06/2002 14:52,200203,Other UK Airports,BRISTOL,416.41,0,0,0,0,0,0,203.934,212.476,0,0,0,0
12/06/2002 14:52,200203,Other UK Airports,CARDIFF WALES,3.133,0,0,0,0,0,0,3.133,0,0,0,0,0
12/06/2002 14:52,200203,Other UK Airports,CARLISLE,1,0,0,0,0,0,0,0,1,0,0,0,0
12/06/2002 14:52,200203,Other UK Airports,COVENTRY,665.324,0,0,0,0,0,0,200.03,450.528,4.846,9.92,0,0
12/06/2002 14:52,200203,Other UK Airports,EAST MIDLANDS,791.651,0,0.961,0,0,0,0,374.258,416.432,0,0,0,0
12/06/2002 14:52,200203,Other UK Airports,EDINBURGH,3381.252,5.673,0,0,0,0,0,1432.56,1090.927,246.972,187.76,200.193,217.167
12/06/2002 14:52,200203,Other UK Airports,EXETER,52.393,0,0,0,0,0,0,17.527,34.866,0,0,0,0
12/06/2002 14:52,200203,Other UK Airports,GLASGOW,72.714,9.121,43.712,1.101,18.466,0.043,0.271,0,0,0,0,0,0
12/06/2002 14:52,200203,Other UK Airports,INVERNESS,7.404,0,7.404,0,0,0,0,0,0,0,0,0,0
12/06/2002 14:52,200203,Other UK Airports,ISLAY,3.616,1.152,2.464,0,0,0,0,0,0,0,0,0,0
12/06/2002 14:52,200203,Other UK Airports,ISLE OF MAN,205.401,0.288,0,0,0,0,0,139.091,66.022,0,0,0,0
12/06/2002 14:52,200203,Other UK Airports,ISLES OF SCILLY (ST.MARYS),19,13,6,0,0,0,0,0,0,0,0,0,0
12/06/2002 14:52,200203,Other UK Airports,ISLES OF SCILLY (TRESCO),0.57,0.2,0.37,0,0,0,0,0,0,0,0,0,0
12/06/2002 14:52,200203,Other UK Airports,KIRKWALL,2.815,0.58,2.235,0,0,0,0,0,0,0,0,0,0
12/06/2002 14:52,200203,Other UK Airports,LIVERPOOL,1113.934,0,0,0,0,0,0,512.441,601.493,0,0,0,0
12/06/2002 14:52,200203,Other UK Airports,MANCHESTER,295.281,12.267,48.166,107.171,60.118,35.346,31.697,0.002,0.514,0,0,0,0
12/06/2002 14:52,200203,Other UK Airports,NEWCASTLE,265.728,0.56,1.937,0,0,0,0,112.734,150.497,0,0,0,0
12/06/2002 14:52,200203,Other UK Airports,PENZANCE HELIPORT,13,5,8,0,0,0,0,0,0,0,0,0,0
12/06/2002 14:52,200203,Other UK Airports,STORNOWAY,3.597,3.597,0,0,0,0,0,0,0,0,0,0,0
12/06/2002 14:52,200203,Other UK Airports,SUMBURGH,1.013,0.634,0.379,0,0,0,0,0,0,0,0,0,0
12/06/2002 14:52,200203,Other UK Airports,TIREE,2.262,2.044,0.218,0,0,0,0,0,0,0,0,0,0
12/06/2002 14:52,200203,Channel Islands Airports,ALDERNEY,13.096,10.705,2.391,0,0,0,0,0,0,0,0,0,0
12/06/2002 14:52,200203,Channel Islands Airports,GUERNSEY,198.413,10.664,23.38,0,0,0,0,97.264,67.105,0,0,0,0
12/06/2002 14:52,200203,Channel Islands Airports,JERSEY,31.218,12.108,17.695,0,0,0,0,0,1.415,0,0,0,0
