rundate,report_period,reporting_airport_group_name,reporting_airport_name,freight_scheduled_passenger_aircraft_foreign_eu,freight_scheduled_cargo_aircraft_foreign_eu,freight_charter_passenger_aircraft_foreign_eu,freight_charter_cargo_aircraft_foreign_eu,freight_scheduled_passenger_aircraft_foreign_non_eu,freight_scheduled_cargo_aircraft_foreign_non_eu,freight_charter_passenger_aircraft_foreign_non_eu,freight_charter_cargo_aircraft_foreign_non_eu,freight_scheduled_passenger_aircraft_uk,freight_scheduled_cargo_aircraft_uk,freight_charter_passenger_aircraft_uk,freight_charter_cargo_aircraft_uk
12/06/2002 14:48,200203,London Area Airports,GATWICK,357.92,0,209.37,0,17198.896,4.615,1134.409,3089.988,169.894,0,0.058,37.599
12/06/2002 14:48,200203,London Area Airports,HEATHROW,8647.232,262.409,0.152,1430.154,85632.274,9172.887,0,235.872,391.806,0,0,1.49
12/06/2002 14:48,200203,London Area Airports,LUTON,23.594,86.639,2.791,1121.129,0.3,924.956,22.647,20.148,0.391,0,0,0
12/06/2002 14:48,200203,London Area Airports,SOUTHEND,0,0,0,0,0,0,0,0,0,0,0,2.512
12/06/2002 14:48,200203,London Area Airports,STANSTED,101.697,1966.687,0,3041.694,25.529,8754.366,0,702.854,47.466,0,0,378.381
12/06/2002 14:48,200203,Other UK Airports,ABERDEEN,9.613,0,0,0,63.39,0,48.459,8.319,50.87,0,47.871,105.748
12/06/2002 14:48,200203,Other UK Airports,BARRA,0,0,0,0,0,0,0,0,3.055,0,0,0
12/06/2002 14:48,200203,Other UK Airports,BELFAST CITY,0.012,0,0,0,0,0,0,0,48.735,0,0,0
12/06/2002 14:48,200203,Other UK Airports,BELFAST INTERNATIONAL,0,0,0.445,0.85,0,0,0,28.417,91.781,0,0,2332.659
12/06/2002 14:48,200203,Other UK Airports,BENBECULA,0,0,0,0,0,0,0,0,20.958,0,0,0
12/06/2002 14:48,200203,Other UK Airports,BIRMINGHAM,111.537,0,6.791,81.321,665.865,0,16.835,0,34.044,0,0.04,0
12/06/2002 14:48,200203,Other UK Airports,BLACKPOOL,0,0,0,0,0,0,4.099,0,0,0,0,0
12/06/2002 14:48,200203,Other UK Airports,BOURNEMOUTH,0,0,17.562,81.173,0,0,0,0,3.014,136.941,0,318.001
12/06/2002 14:48,200203,Other UK Airports,BRISTOL,0,0,0,25.981,0,0,0,0,0,0.087,0,0
12/06/2002 14:48,200203,Other UK Airports,CARDIFF WALES,0,0,2.652,0,0,0,0,0,0,0,0,0
12/06/2002 14:48,200203,Other UK Airports,COVENTRY,0,0,0,206.009,0,0,0,0,0,0,0,210.354
12/06/2002 14:48,200203,Other UK Airports,EAST MIDLANDS,1.044,2163.915,0.543,10339.612,0,3917.64,3.45,886.741,2.573,41.544,0,2528.025
12/06/2002 14:48,200203,Other UK Airports,EDINBURGH,14.03,0,0.966,249.92,0,0,0,287.318,15.151,0,0,641.298
12/06/2002 14:48,200203,Other UK Airports,GLASGOW,24.601,0,5.862,0,76.93,0,0,0,78.503,0,0,10.359
12/06/2002 14:48,200203,Other UK Airports,HUMBERSIDE,0,0,0,0,0,0,7.422,1.303,0,0,0,0
12/06/2002 14:48,200203,Other UK Airports,INVERNESS,0,0,0,0,0,0,0,0,66.625,11,0,0
12/06/2002 14:48,200203,Other UK Airports,ISLAY,0,0,0,0,0,0,0,0,11.433,0,0,0
12/06/2002 14:48,200203,Other UK Airports,ISLE OF MAN,0.045,0,0,0,0,0,0,0,24.639,0,0,157.611
12/06/2002 14:48,200203,Other UK Airports,ISLES OF SCILLY (ST.MARYS),0,0,0,0,0,0,0,0,13,10,0,0
12/06/2002 14:48,200203,Other UK Airports,ISLES OF SCILLY (TRESCO),0,0,0,0,0,0,0,0,3.1,0.2,0,0
12/06/2002 14:48,200203,Other UK Airports,KENT INTERNATIONAL,0,0,0,441.749,0,0,0,2419.551,0,0,0,0
12/06/2002 14:48,200203,Other UK Airports,KIRKWALL,0,0,0,0,0,0,0,0,9.491,0.271,0,0
12/06/2002 14:48,200203,Other UK Airports,LEEDS BRADFORD,0.21,0,0.04,8.336,0,0,0,0,7.142,0,0,0
12/06/2002 14:48,200203,Other UK Airports,LIVERPOOL,0,0,0,594.067,0,0,0,0,4.478,0,0,522.619
12/06/2002 14:48,200203,Other UK Airports,MANCHESTER,419.163,40,100.738,0,4879.857,3902.971,317.228,73.626,52.586,0,2.366,0
12/06/2002 14:48,200203,Other UK Airports,NEWCASTLE,0.165,0,0.312,58.862,4.683,0,0,33.24,6.645,0,0,0
12/06/2002 14:48,200203,Other UK Airports,NORWICH,4.505,0,0,0,0,0,2.698,0.571,0.002,0,0,0
12/06/2002 14:48,200203,Other UK Airports,PENZANCE HELIPORT,0,0,0,0,0,0,0,0,18,0,0,0
12/06/2002 14:48,200203,Other UK Airports,PLYMOUTH,0.25,0,0,0,0,0,0,0,1.5,0,0,0
12/06/2002 14:48,200203,Other UK Airports,PRESTWICK,23.605,773.802,0,9.451,0,2740.289,0,89.685,0,0,0,5.945
12/06/2002 14:48,200203,Other UK Airports,SCATSTA,0,0,0,0,0,0,15.059,0.023,0,0,43.578,0.287
12/06/2002 14:48,200203,Other UK Airports,SOUTHAMPTON,0.002,0,0,0,0,0,0,0,30.381,0,0,0
12/06/2002 14:48,200203,Other UK Airports,STORNOWAY,0,0,0,0,0,0,0,0,44.826,21.34,0,0
12/06/2002 14:48,200203,Other UK Airports,SUMBURGH,0,0,0,0,0,0,0.5,0,4.707,0,1.739,0
12/06/2002 14:48,200203,Other UK Airports,TEESSIDE,0.007,0,0,93.671,0,0,0,0,0.764,0,0,2.537
12/06/2002 14:48,200203,Other UK Airports,TIREE,0,0,0,0,0,0,0,0,1.921,0.047,0,0
12/06/2002 14:48,200203,Channel Islands Airports,ALDERNEY,0,0,0,0,0,0,0,0,32.834,5.65,0,0
12/06/2002 14:48,200203,Channel Islands Airports,GUERNSEY,2.809,0,0,0,0.945,0,0,0,134.29,65.94,0,175.674
12/06/2002 14:48,200203,Channel Islands Airports,JERSEY,0.036,0,0,0,0.292,0,0,0,173.122,71.1,0,244.091
