rundate,report_period,reporting_airport_group_name,reporting_airport_name,total_atms,atms_scheduled_uk_operator,atms_scheduled_foreign_EU_operator,atms_scheduled_foreign_non_EU_operator,atms_charter_uk_operator,atms_charter_foreign_EU_operator,atms_charter_foreign_non_EU_operator
12/06/2002 14:17,200203,London Area Airports,GATWICK,18179,10919,1889,1727,3407,75,162
12/06/2002 14:17,200203,London Area Airports,HEATHROW,38271,21334,9115,7678,92,40,12
12/06/2002 14:17,200203,London Area Airports,LONDON CITY,4475,1606,2139,710,0,18,2
12/06/2002 14:17,200203,London Area Airports,LUTON,4064,2869,290,415,286,160,44
12/06/2002 14:17,200203,London Area Airports,SOUTHEND,1,0,0,0,1,0,0
12/06/2002 14:17,200203,London Area Airports,STANSTED,11079,4690,4893,464,720,290,22
12/06/2002 14:17,200203,Miscellaneous,METRO LONDON HELIPORT,126,0,0,0,126,0,0
12/06/2002 14:17,200203,Other UK Airports,ABERDEEN,6423,3062,0,296,3015,48,2
12/06/2002 14:17,200203,Other UK Airports,BARRA,88,88,0,0,0,0,0
12/06/2002 14:17,200203,Other UK Airports,BELFAST CITY,3133,3123,0,0,10,0,0
12/06/2002 14:17,200203,Other UK Airports,BELFAST INTERNATIONAL,2960,2292,0,0,540,108,20
12/06/2002 14:17,200203,Other UK Airports,BENBECULA,176,176,0,0,0,0,0
12/06/2002 14:17,200203,Other UK Airports,BIGGIN HILL,10,0,0,0,8,2,0
12/06/2002 14:17,200203,Other UK Airports,BIRMINGHAM,8544,5692,1617,515,682,29,9
12/06/2002 14:17,200203,Other UK Airports,BLACKPOOL,514,88,0,0,416,8,2
12/06/2002 14:17,200203,Other UK Airports,BOURNEMOUTH,604,130,124,0,321,19,10
12/06/2002 14:17,200203,Other UK Airports,BRISTOL,3539,2295,641,0,580,15,8
12/06/2002 14:17,200203,Other UK Airports,CAMPBELTOWN,82,82,0,0,0,0,0
12/06/2002 14:17,200203,Other UK Airports,CARDIFF WALES,1354,785,340,0,219,8,2
12/06/2002 14:17,200203,Other UK Airports,CARLISLE,1,0,0,0,1,0,0
12/06/2002 14:17,200203,Other UK Airports,COVENTRY,358,0,0,0,316,41,1
12/06/2002 14:17,200203,Other UK Airports,DUNDEE,208,208,0,0,0,0,0
12/06/2002 14:17,200203,Other UK Airports,EAST MIDLANDS,3150,1520,34,211,509,827,49
12/06/2002 14:17,200203,Other UK Airports,EDINBURGH,8704,6968,796,2,573,322,43
12/06/2002 14:17,200203,Other UK Airports,EXETER,383,244,2,0,88,37,12
12/06/2002 14:17,200203,Other UK Airports,GLASGOW,6565,5727,178,110,438,79,33
12/06/2002 14:17,200203,Other UK Airports,GLOUCESTERSHIRE,2,0,0,0,2,0,0
12/06/2002 14:17,200203,Other UK Airports,HAWARDEN,9,0,0,0,9,0,0
12/06/2002 14:17,200203,Other UK Airports,HUMBERSIDE,1052,546,0,0,471,35,0
12/06/2002 14:17,200203,Other UK Airports,INVERNESS,767,764,0,0,1,0,2
12/06/2002 14:17,200203,Other UK Airports,ISLAY,91,90,0,0,1,0,0
12/06/2002 14:17,200203,Other UK Airports,ISLE OF MAN,1777,1634,0,0,138,5,0
12/06/2002 14:17,200203,Other UK Airports,ISLES OF SCILLY (ST.MARYS),754,746,0,8,0,0,0
12/06/2002 14:17,200203,Other UK Airports,ISLES OF SCILLY (TRESCO),210,210,0,0,0,0,0
12/06/2002 14:17,200203,Other UK Airports,KENT INTERNATIONAL,71,0,0,0,0,1,70
12/06/2002 14:17,200203,Other UK Airports,KIRKWALL,637,637,0,0,0,0,0
12/06/2002 14:17,200203,Other UK Airports,LEEDS BRADFORD,2089,1857,62,0,141,27,2
12/06/2002 14:17,200203,Other UK Airports,LERWICK  (TINGWALL),50,50,0,0,0,0,0
12/06/2002 14:17,200203,Other UK Airports,LIVERPOOL,2379,1472,166,61,608,72,0
12/06/2002 14:17,200203,Other UK Airports,LONDONDERRY,364,241,114,0,3,4,2
12/06/2002 14:17,200203,Other UK Airports,MANCHESTER,13260,6969,2736,1090,2264,112,89
12/06/2002 14:17,200203,Other UK Airports,NEWCASTLE,3344,2483,260,142,384,40,35
12/06/2002 14:17,200203,Other UK Airports,NORWICH,1083,661,0,0,388,26,8
12/06/2002 14:17,200203,Other UK Airports,PENZANCE HELIPORT,468,468,0,0,0,0,0
12/06/2002 14:17,200203,Other UK Airports,PLYMOUTH,452,452,0,0,0,0,0
12/06/2002 14:17,200203,Other UK Airports,PRESTWICK,1292,0,1166,84,8,33,1
12/06/2002 14:17,200203,Other UK Airports,SCATSTA,884,0,0,0,884,0,0
12/06/2002 14:17,200203,Other UK Airports,SHEFFIELD CITY,102,102,0,0,0,0,0
12/06/2002 14:17,200203,Other UK Airports,SHOREHAM,34,0,0,0,34,0,0
12/06/2002 14:17,200203,Other UK Airports,SOUTHAMPTON,2243,2061,156,0,12,12,2
12/06/2002 14:17,200203,Other UK Airports,STORNOWAY,354,354,0,0,0,0,0
12/06/2002 14:17,200203,Other UK Airports,SUMBURGH,481,298,0,0,155,28,0
12/06/2002 14:17,200203,Other UK Airports,TEESSIDE,704,532,62,0,53,57,0
12/06/2002 14:17,200203,Other UK Airports,TIREE,53,52,0,0,1,0,0
12/06/2002 14:17,200203,Other UK Airports,WICK,196,178,0,0,14,4,0
12/06/2002 14:17,200203,Channel Islands Airports,ALDERNEY,557,557,0,0,0,0,0
12/06/2002 14:17,200203,Channel Islands Airports,GUERNSEY,2814,2652,0,62,93,7,0
12/06/2002 14:17,200203,Channel Islands Airports,JERSEY,3003,2853,0,72,66,10,2
