rundate,report_period,reporting_reporting_grp_name,reporting_reporting_name,mail_scheduled_passenger_aircraft_foreign_EU,mail_scheduled_cargo_aircraft_foreign_EU,mail_charter_passenger_aircraft_foreign_EU,mail_charter_cargo_aircraft_foreign_EU,mail_scheduled_passenger_aircraft_foreign_non_EU,mail_scheduled_cargo_aircraft_foreign_non_EU,mail_charter_passenger_aircraft_foreign_non_EU,mail_charter_cargo_aircraft_foreign_non_EU,mail_scheduled_passenger_aircraft_uk,mail_scheduled_cargo_aircraft_uk,mail_charter_passenger_aircraft_uk,mail_charter_cargo_aircraft_uk
12/03/2002 11:32,200112,London Area Airports,GATWICK,120.747,1.228,0.256,0,420.332,0,4.232,0.1,85.605,8.305,0,289.069
12/03/2002 11:32,200112,London Area Airports,HEATHROW,1850.628,1.002,2.492,0,7049.611,38.885,0,0,98.738,320.313,0,0
12/03/2002 11:32,200112,London Area Airports,STANSTED,0.065,0,0,18.859,0,0,0,0,0,0,0,990.597
12/03/2002 11:32,200112,Other UK Airports,ABERDEEN,0,0,0,0,0,0,0,0,2.307,0,0,33.189
12/03/2002 11:32,200112,Other UK Airports,BARRA,0,0,0,0,0,0,0,0,4.408,0,0,0
12/03/2002 11:32,200112,Other UK Airports,BELFAST CITY,0,0,0,0,0,0,0,0,11.116,0,0,0
12/03/2002 11:32,200112,Other UK Airports,BELFAST INTERNATIONAL,0,0,0,0,0,0,0,0,16.892,0,0,1063.429
12/03/2002 11:32,200112,Other UK Airports,BENBECULA,0,0,0,0,0,0,0,0,5.951,0,0,0
12/03/2002 11:32,200112,Other UK Airports,BIGGIN HILL,0,0,0,0,0,0,0,0,0,0,0,8.386
12/03/2002 11:32,200112,Other UK Airports,BIRMINGHAM,69.659,0,0,0,8.585,0,0,0,27.774,0,0,0
12/03/2002 11:32,200112,Other UK Airports,BOURNEMOUTH,0,0,0.115,0,0,0,0,0,3.498,0,0,353.348
12/03/2002 11:32,200112,Other UK Airports,BRISTOL,0,0,0,0,0,0,0,0,0,0,0,287.935
12/03/2002 11:32,200112,Other UK Airports,COVENTRY,0,0,0,12.397,0,0,0,0,0,0,0,591.099
12/03/2002 11:32,200112,Other UK Airports,EAST MIDLANDS,0,0,0,0,0,0,0,0,2.484,0,0,655.281
12/03/2002 11:32,200112,Other UK Airports,EDINBURGH,4.28,0,0,313.342,0,0,0,193.481,4.019,331.196,0,1994.136
12/03/2002 11:32,200112,Other UK Airports,EXETER,0,0,0,0,0,0,0,0,0,0,0,81.132
12/03/2002 11:32,200112,Other UK Airports,GLASGOW,64.141,0,0,0,0.729,0,0,0,45.854,0,0,4
12/03/2002 11:32,200112,Other UK Airports,INVERNESS,0,0,0,0,0,0,0,0,7.824,0,0,0
12/03/2002 11:32,200112,Other UK Airports,ISLAY,0,0,0,0,0,0,0,0,5.283,0.051,0,0
12/03/2002 11:32,200112,Other UK Airports,ISLE OF MAN,0,0,0,0,0,0,0,0,13.504,0,0,215.534
12/03/2002 11:32,200112,Other UK Airports,KIRKWALL,0,0,0,0,0,0,0,0,3.349,0.15,0,0
12/03/2002 11:32,200112,Other UK Airports,LIVERPOOL,0,0,0,0,0,0,0,0,7.698,0,0,998.359
12/03/2002 11:32,200112,Other UK Airports,MANCHESTER,254.765,0,0.007,0,145.87,0,0,0,10.936,0,0,0
12/03/2002 11:32,200112,Other UK Airports,NEWCASTLE,0,0,0,0,0.004,0,0,0,1.831,0,0,50.237
12/03/2002 11:32,200112,Other UK Airports,NORWICH,0,0,0,0,0,0,0,0,0,0,0,3.875
12/03/2002 11:32,200112,Other UK Airports,PENZANCE HELIPORT,0,0,0,0,0,0,0,0,12,2,0,0
12/03/2002 11:32,200112,Other UK Airports,STORNOWAY,0,0,0,0,0,0,0,0,6.987,0,0,0
12/03/2002 11:32,200112,Other UK Airports,SUMBURGH,0,0,0,0,0,0,0,0,0.51,0,0,0
12/03/2002 11:32,200112,Other UK Airports,TEESSIDE,0,0,0,0,0,0,0,0,0,0,0,61.94
12/03/2002 11:32,200112,Other UK Airports,TIREE,0,0,0,0,0,0,0,0,2.712,0,0,0
12/03/2002 11:32,200112,Channel Islands Airports,ALDERNEY,0,0,0,0,0,0,0,0,10.687,4.56,0,0
12/03/2002 11:32,200112,Channel Islands Airports,GUERNSEY,0,0,0,0,0,0,0,0,40.372,4.967,0,156.825
12/03/2002 11:32,200112,Channel Islands Airports,JERSEY,0.102,0,0,0,0,0,0,0,31.464,0,0,7.49
