rundate,report_period,reporting_airport_grp_name,reporting_airport_name,total_mail,mail_set_down_scheduled_uk,mail_picked_up_scheduled_uk,mail_set_down_scheduled_foreign_EU,mail_picked_up_scheduled_foreign_EU,mail_set_down_scheduled_foreign_non_EU,mail_picked_up_scheduled_foreign_non_EU,mail_set_down_charter_uk,mail_picked_up_charter_uk,mail_set_down_charter_foreign_EU,mail_picked_up_charter_foreign_EU,mail_set_down_charter_foreign_non_EU,mail_picked_up_charter_foreign_non_EU
12/03/2002 11:32,200112,London Area Airports,GATWICK,929.874,120.115,216.051,0.22,37.378,120.21,142.243,146.551,147.006,0,0,0,0.1
12/03/2002 11:32,200112,London Area Airports,HEATHROW,9361.669,984.185,1017.457,720.321,1011.612,2631.661,2993.941,0,0,0,2.492,0,0
12/03/2002 11:32,200112,London Area Airports,STANSTED,1009.521,0.065,0,0,0,0,0,412.466,592.674,3.227,1.089,0,0
12/03/2002 11:32,200112,Other UK Airports,ABERDEEN,35.496,0.833,1.474,0,0,0,0,0,33.189,0,0,0,0
12/03/2002 11:32,200112,Other UK Airports,BARRA,4.408,3.286,1.122,0,0,0,0,0,0,0,0,0,0
12/03/2002 11:32,200112,Other UK Airports,BELFAST CITY,11.116,5.954,5.162,0,0,0,0,0,0,0,0,0,0
12/03/2002 11:32,200112,Other UK Airports,BELFAST INTERNATIONAL,1080.321,14.501,2.391,0,0,0,0,672.686,390.743,0,0,0,0
12/03/2002 11:32,200112,Other UK Airports,BENBECULA,5.951,0.361,5.59,0,0,0,0,0,0,0,0,0,0
12/03/2002 11:32,200112,Other UK Airports,BIGGIN HILL,8.386,0,0,0,0,0,0,3.116,5.27,0,0,0,0
12/03/2002 11:32,200112,Other UK Airports,BIRMINGHAM,106.018,14.027,42.582,0.11,40.714,0,8.585,0,0,0,0,0,0
12/03/2002 11:32,200112,Other UK Airports,BOURNEMOUTH,356.961,3.498,0,0,0,0,0,183.43,170.033,0,0,0,0
12/03/2002 11:32,200112,Other UK Airports,BRISTOL,287.935,0,0,0,0,0,0,130.734,157.201,0,0,0,0
12/03/2002 11:32,200112,Other UK Airports,COVENTRY,603.496,0,0,0,0,0,0,208.622,388.742,1.17,4.962,0,0
12/03/2002 11:32,200112,Other UK Airports,EAST MIDLANDS,657.765,0,2.484,0,0,0,0,332.715,322.566,0,0,0,0
12/03/2002 11:32,200112,Other UK Airports,EDINBURGH,2840.454,176.771,162.724,0,0,0,0,1005.244,750.215,232.054,157.357,185.481,170.608
12/03/2002 11:32,200112,Other UK Airports,EXETER,81.132,0,0,0,0,0,0,40.892,40.24,0,0,0,0
12/03/2002 11:32,200112,Other UK Airports,GLASGOW,114.724,13.195,67.985,1.95,26.865,0.067,0.662,0,4,0,0,0,0
12/03/2002 11:32,200112,Other UK Airports,INVERNESS,7.824,0,7.824,0,0,0,0,0,0,0,0,0,0
12/03/2002 11:32,200112,Other UK Airports,ISLAY,5.334,1.319,4.015,0,0,0,0,0,0,0,0,0,0
12/03/2002 11:32,200112,Other UK Airports,ISLE OF MAN,229.038,0,13.504,0,0,0,0,140.577,74.957,0,0,0,0
12/03/2002 11:32,200112,Other UK Airports,KIRKWALL,3.499,1.211,2.288,0,0,0,0,0,0,0,0,0,0
12/03/2002 11:32,200112,Other UK Airports,LIVERPOOL,1006.057,7.624,0.074,0,0,0,0,443.07,555.289,0,0,0,0
12/03/2002 11:32,200112,Other UK Airports,MANCHESTER,411.578,11.693,99.444,109.844,80.517,70.087,39.986,0.007,0,0,0,0,0
12/03/2002 11:32,200112,Other UK Airports,NEWCASTLE,52.072,0.14,1.691,0,0,0,0.004,24.39,25.847,0,0,0,0
12/03/2002 11:32,200112,Other UK Airports,NORWICH,3.875,0,0,0,0,0,0,1.6,2.275,0,0,0,0
12/03/2002 11:32,200112,Other UK Airports,PENZANCE HELIPORT,14,7,7,0,0,0,0,0,0,0,0,0,0
12/03/2002 11:32,200112,Other UK Airports,STORNOWAY,6.987,6.987,0,0,0,0,0,0,0,0,0,0,0
12/03/2002 11:32,200112,Other UK Airports,SUMBURGH,0.51,0.014,0.496,0,0,0,0,0,0,0,0,0,0
12/03/2002 11:32,200112,Other UK Airports,TEESSIDE,61.94,0,0,0,0,0,0,33.522,28.418,0,0,0,0
12/03/2002 11:32,200112,Other UK Airports,TIREE,2.712,2.062,0.65,0,0,0,0,0,0,0,0,0,0
12/03/2002 11:32,200112,Channel Islands Airports,ALDERNEY,15.247,11.898,3.349,0,0,0,0,0,0,0,0,0,0
12/03/2002 11:32,200112,Channel Islands Airports,GUERNSEY,202.164,11.469,33.87,0,0,0,0,93.556,63.269,0,0,0,0
12/03/2002 11:32,200112,Channel Islands Airports,JERSEY,39.056,12.843,18.723,0,0,0,0,0,7.49,0,0,0,0
