rundate,this_period,last_period,group_name,airport1_name,airport2_name,total_pax_this_period,total_pax_scheduled_this_period,total_pax_charter_this_period,total_pax_last_period,total_pax_scheduled_last_period,total_pax_charter_last_period,total_pax_percent_change
12/03/2002 13:50,200112,200012,London Area Airports,GATWICK,ABERDEEN,16667,16667,0,18827,18827,0,-11.47288513
12/03/2002 13:50,200112,200012,London Area Airports,GATWICK,BELFAST CITY,19706,19706,0,19557,19557,0,0.76187557
12/03/2002 13:50,200112,200012,London Area Airports,GATWICK,BRISTOL,1012,1012,0,635,635,0,59.37007904
12/03/2002 13:50,200112,200012,London Area Airports,GATWICK,EDINBURGH,24403,24403,0,25435,25435,0,-4.05740118
12/03/2002 13:50,200112,200012,London Area Airports,GATWICK,EXETER,0,0,0,28,28,0,
12/03/2002 13:50,200112,200012,London Area Airports,GATWICK,GLASGOW,24004,24004,0,25727,25727,0,-6.697244167
12/03/2002 13:50,200112,200012,London Area Airports,GATWICK,GUERNSEY,20625,20625,0,21689,21689,0,-4.905712605
12/03/2002 13:50,200112,200012,London Area Airports,GATWICK,INVERNESS,9786,9786,0,10610,10610,0,-7.76625824
12/03/2002 13:50,200112,200012,London Area Airports,GATWICK,JERSEY,34345,34345,0,36565,36565,0,-6.071379662
12/03/2002 13:50,200112,200012,London Area Airports,GATWICK,LEEDS BRADFORD,2199,2199,0,2,0,2,109850
12/03/2002 13:50,200112,200012,London Area Airports,GATWICK,LIVERPOOL,27,0,27,0,0,0,
12/03/2002 13:50,200112,200012,London Area Airports,GATWICK,MANCHESTER,31072,31060,12,43827,43707,120,-29.10306358
12/03/2002 13:50,200112,200012,London Area Airports,GATWICK,NEWCASTLE,13650,13650,0,20980,20927,53,-34.93803787
12/03/2002 13:50,200112,200012,London Area Airports,GATWICK,NEWQUAY,3976,3976,0,4676,4676,0,-14.97006035
12/03/2002 13:50,200112,200012,London Area Airports,GATWICK,PLYMOUTH,3366,3366,0,4256,4256,0,-20.91165352
12/03/2002 13:50,200112,200012,London Area Airports,HEATHROW,ABERDEEN,34739,34739,0,37668,37668,0,-7.775830746
12/03/2002 13:50,200112,200012,London Area Airports,HEATHROW,BELFAST CITY,47357,47357,0,0,0,0,
12/03/2002 13:50,200112,200012,London Area Airports,HEATHROW,BELFAST INTERNATIONAL,20679,20679,0,88353,87717,636,-76.59502411
12/03/2002 13:50,200112,200012,London Area Airports,HEATHROW,EDINBURGH,105925,105925,0,127266,127266,0,-16.76881409
12/03/2002 13:50,200112,200012,London Area Airports,HEATHROW,GLASGOW,99533,99533,0,110763,110763,0,-10.13876438
12/03/2002 13:50,200112,200012,London Area Airports,HEATHROW,ISLE OF MAN,9150,9150,0,9061,9061,0,0.982231557
12/03/2002 13:50,200112,200012,London Area Airports,HEATHROW,LEEDS BRADFORD,11850,11850,0,19556,19556,0,-39.40478516
12/03/2002 13:50,200112,200012,London Area Airports,HEATHROW,MANCHESTER,89593,89593,0,122004,122004,0,-26.56552315
12/03/2002 13:50,200112,200012,London Area Airports,HEATHROW,NEWCASTLE,34330,34330,0,42872,42872,0,-19.92442703
12/03/2002 13:50,200112,200012,London Area Airports,HEATHROW,TEESSIDE,10348,10348,0,16006,16006,0,-35.34924316
12/03/2002 13:50,200112,200012,London Area Airports,HEATHROW,WICK,0,0,0,6,0,6,
12/03/2002 13:50,200112,200012,London Area Airports,LONDON CITY,ABERDEEN,1236,1236,0,4267,4267,0,-71.03351593
12/03/2002 13:50,200112,200012,London Area Airports,LONDON CITY,BELFAST CITY,5837,5837,0,2337,2337,0,149.7646484
12/03/2002 13:50,200112,200012,London Area Airports,LONDON CITY,DUNDEE,3290,3290,0,3947,3947,0,-16.64555359
12/03/2002 13:50,200112,200012,London Area Airports,LONDON CITY,EDINBURGH,9104,9104,0,12905,12905,0,-29.45370102
12/03/2002 13:50,200112,200012,London Area Airports,LONDON CITY,GLASGOW,1600,1600,0,2343,2343,0,-31.71148109
12/03/2002 13:50,200112,200012,London Area Airports,LONDON CITY,INVERNESS,286,286,0,0,0,0,
12/03/2002 13:50,200112,200012,London Area Airports,LONDON CITY,ISLE OF MAN,2346,2346,0,1395,1395,0,68.17204285
12/03/2002 13:50,200112,200012,London Area Airports,LONDON CITY,JERSEY,5096,5096,0,4848,4848,0,5.115511417
12/03/2002 13:50,200112,200012,London Area Airports,LONDON CITY,LIVERPOOL,29,0,29,0,0,0,
12/03/2002 13:50,200112,200012,London Area Airports,LUTON,ABERDEEN,14306,14306,0,12824,12824,0,11.55645657
12/03/2002 13:50,200112,200012,London Area Airports,LUTON,BELFAST INTERNATIONAL,32950,32950,0,27471,27471,0,19.94466972
12/03/2002 13:50,200112,200012,London Area Airports,LUTON,BLACKPOOL,27,0,27,0,0,0,
12/03/2002 13:50,200112,200012,London Area Airports,LUTON,EDINBURGH,39910,39906,4,34621,34357,264,15.27685547
12/03/2002 13:50,200112,200012,London Area Airports,LUTON,GLASGOW,39281,39271,10,33797,33797,0,16.22629166
12/03/2002 13:50,200112,200012,London Area Airports,LUTON,INVERNESS,11019,11019,0,8712,8712,0,26.48071671
12/03/2002 13:50,200112,200012,London Area Airports,LUTON,ISLE OF MAN,3516,3516,0,3598,3598,0,-2.279043913
12/03/2002 13:50,200112,200012,London Area Airports,LUTON,JERSEY,0,0,0,1379,1379,0,
12/03/2002 13:50,200112,200012,London Area Airports,LUTON,LIVERPOOL,1449,1148,301,18842,18817,25,-92.30973053
12/03/2002 13:50,200112,200012,London Area Airports,LUTON,MANCHESTER,28,0,28,0,0,0,
12/03/2002 13:50,200112,200012,London Area Airports,LUTON,NEWCASTLE,0,0,0,54,0,54,
12/03/2002 13:50,200112,200012,London Area Airports,STANSTED,BELFAST CITY,0,0,0,10522,10522,0,
12/03/2002 13:50,200112,200012,London Area Airports,STANSTED,BELFAST INTERNATIONAL,28796,28796,0,15952,15952,0,80.51654816
12/03/2002 13:50,200112,200012,London Area Airports,STANSTED,BLACKPOOL,25,0,25,0,0,0,
12/03/2002 13:50,200112,200012,London Area Airports,STANSTED,EDINBURGH,36086,35568,518,34636,34636,0,4.186395645
12/03/2002 13:50,200112,200012,London Area Airports,STANSTED,GLASGOW,24427,24427,0,18139,18139,0,34.66563797
12/03/2002 13:50,200112,200012,London Area Airports,STANSTED,GUERNSEY,3514,3514,0,3379,3379,0,3.995264769
12/03/2002 13:50,200112,200012,London Area Airports,STANSTED,LEEDS BRADFORD,35,0,35,0,0,0,
12/03/2002 13:50,200112,200012,London Area Airports,STANSTED,LIVERPOOL,108,0,108,204,0,204,-47.05882263
12/03/2002 13:50,200112,200012,London Area Airports,STANSTED,LONDONDERRY,9580,9580,0,9600,9600,0,-0.208333328
12/03/2002 13:50,200112,200012,London Area Airports,STANSTED,MANCHESTER,1955,1892,63,4278,4278,0,-54.30107498
12/03/2002 13:50,200112,200012,London Area Airports,STANSTED,NEWCASTLE,12098,12098,0,7343,7290,53,64.75554657
12/03/2002 13:50,200112,200012,London Area Airports,STANSTED,PRESTWICK,50049,50049,0,46638,46638,0,7.3137784
12/03/2002 13:50,200112,200012,London Area Airports,STANSTED,TEESSIDE,105,0,105,88,0,88,19.31818199
12/03/2002 13:50,200112,200012,London Area Airports,STANSTED,WARTON,98,0,98,0,0,0,
12/03/2002 13:50,200112,200012,Other UK Airports,ABERDEEN,BELFAST CITY,792,792,0,0,0,0,
12/03/2002 13:50,200112,200012,Other UK Airports,ABERDEEN,BELFAST INTERNATIONAL,0,0,0,496,496,0,
12/03/2002 13:50,200112,200012,Other UK Airports,ABERDEEN,BIRMINGHAM,4094,4094,0,4696,4696,0,-12.81942081
12/03/2002 13:50,200112,200012,Other UK Airports,ABERDEEN,BRISTOL,2212,2212,0,5776,5776,0,-61.70360184
12/03/2002 13:50,200112,200012,Other UK Airports,ABERDEEN,CARDIFF WALES,46,46,0,665,665,0,-93.08271027
12/03/2002 13:50,200112,200012,Other UK Airports,ABERDEEN,EAST MIDLANDS,1388,937,451,1108,1108,0,25.27075768
12/03/2002 13:50,200112,200012,Other UK Airports,ABERDEEN,EDINBURGH,95,41,54,0,0,0,
12/03/2002 13:50,200112,200012,Other UK Airports,ABERDEEN,GLASGOW,318,289,29,471,471,0,-32.48407745
12/03/2002 13:50,200112,200012,Other UK Airports,ABERDEEN,HUMBERSIDE,1857,1857,0,1875,1875,0,-0.959999979
12/03/2002 13:50,200112,200012,Other UK Airports,ABERDEEN,KIRKWALL,3034,3034,0,2808,2808,0,8.048433304
12/03/2002 13:50,200112,200012,Other UK Airports,ABERDEEN,LEEDS BRADFORD,980,980,0,820,820,0,19.51219559
12/03/2002 13:50,200112,200012,Other UK Airports,ABERDEEN,MANCHESTER,10735,10735,0,11172,11172,0,-3.911564589
12/03/2002 13:50,200112,200012,Other UK Airports,ABERDEEN,NEWCASTLE,3660,3623,37,1453,1453,0,151.8926392
12/03/2002 13:50,200112,200012,Other UK Airports,ABERDEEN,NORWICH,3295,3295,0,4334,4334,0,-23.97323418
12/03/2002 13:50,200112,200012,Other UK Airports,ABERDEEN,PLYMOUTH,36,36,0,0,0,0,
12/03/2002 13:50,200112,200012,Other UK Airports,ABERDEEN,SCATSTA,8555,0,8555,11386,0,11386,-24.86386871
12/03/2002 13:50,200112,200012,Other UK Airports,ABERDEEN,SOUTHAMPTON,923,923,0,3521,3521,0,-73.78585815
12/03/2002 13:50,200112,200012,Other UK Airports,ABERDEEN,STORNOWAY,48,0,48,0,0,0,
12/03/2002 13:50,200112,200012,Other UK Airports,ABERDEEN,SUMBURGH,6878,5105,1773,5191,5132,59,32.49855423
12/03/2002 13:50,200112,200012,Other UK Airports,ABERDEEN,TEESSIDE,1260,1260,0,1085,1079,6,16.12903214
12/03/2002 13:50,200112,200012,Other UK Airports,ABERDEEN,WICK,498,498,0,758,758,0,-34.30079269
12/03/2002 13:50,200112,200012,Other UK Airports,ALDERNEY,GUERNSEY,2177,2177,0,2019,2019,0,7.825656414
12/03/2002 13:50,200112,200012,Other UK Airports,ALDERNEY,JERSEY,505,505,0,646,646,0,-21.82662582
12/03/2002 13:50,200112,200012,Other UK Airports,ALDERNEY,SOUTHAMPTON,1855,1855,0,1816,1816,0,2.147577047
12/03/2002 13:50,200112,200012,Other UK Airports,BARRA,BENBECULA,151,151,0,189,189,0,-20.1058197
12/03/2002 13:50,200112,200012,Other UK Airports,BARRA,GLASGOW,366,366,0,342,342,0,7.017543793
12/03/2002 13:50,200112,200012,Other UK Airports,BELFAST CITY,BIRMINGHAM,11813,11813,0,14711,14711,0,-19.69954491
12/03/2002 13:50,200112,200012,Other UK Airports,BELFAST CITY,BLACKPOOL,0,0,0,1776,1776,0,
12/03/2002 13:50,200112,200012,Other UK Airports,BELFAST CITY,BRISTOL,4685,4685,0,5420,5371,49,-13.56088543
12/03/2002 13:50,200112,200012,Other UK Airports,BELFAST CITY,CARDIFF WALES,1103,1103,0,0,0,0,
12/03/2002 13:50,200112,200012,Other UK Airports,BELFAST CITY,EAST MIDLANDS,5756,5756,0,0,0,0,
12/03/2002 13:50,200112,200012,Other UK Airports,BELFAST CITY,EDINBURGH,3124,3124,0,5908,5908,0,-47.12254715
12/03/2002 13:50,200112,200012,Other UK Airports,BELFAST CITY,GLASGOW,3797,3797,0,7740,7740,0,-50.94315338
12/03/2002 13:50,200112,200012,Other UK Airports,BELFAST CITY,INVERNESS,68,0,68,0,0,0,
12/03/2002 13:50,200112,200012,Other UK Airports,BELFAST CITY,ISLE OF MAN,2282,2282,0,0,0,0,
12/03/2002 13:50,200112,200012,Other UK Airports,BELFAST CITY,LEEDS BRADFORD,5626,5626,0,5639,5639,0,-0.230537325
12/03/2002 13:50,200112,200012,Other UK Airports,BELFAST CITY,LIVERPOOL,0,0,0,1853,1853,0,
12/03/2002 13:50,200112,200012,Other UK Airports,BELFAST CITY,MANCHESTER,11849,11849,0,9203,9203,0,28.75149345
12/03/2002 13:50,200112,200012,Other UK Airports,BELFAST CITY,NEWCASTLE,6672,6672,0,9845,9845,0,-32.22955704
12/03/2002 13:50,200112,200012,Other UK Airports,BELFAST CITY,SHEFFIELD CITY,1532,1532,0,1888,1888,0,-18.85593224
12/03/2002 13:50,200112,200012,Other UK Airports,BELFAST CITY,SOUTHAMPTON,1817,1817,0,1936,1936,0,-6.146694183
12/03/2002 13:50,200112,200012,Other UK Airports,BELFAST INTERNATIONAL,BIRMINGHAM,7971,7971,0,10407,10407,0,-23.40732193
12/03/2002 13:50,200112,200012,Other UK Airports,BELFAST INTERNATIONAL,BRISTOL,9121,9121,0,0,0,0,
12/03/2002 13:50,200112,200012,Other UK Airports,BELFAST INTERNATIONAL,CARDIFF WALES,0,0,0,1497,1497,0,
12/03/2002 13:50,200112,200012,Other UK Airports,BELFAST INTERNATIONAL,EAST MIDLANDS,0,0,0,5630,5630,0,
12/03/2002 13:50,200112,200012,Other UK Airports,BELFAST INTERNATIONAL,EDINBURGH,28562,28562,0,1617,1617,0,1666.357422
12/03/2002 13:50,200112,200012,Other UK Airports,BELFAST INTERNATIONAL,GLASGOW,28494,28200,294,3102,3102,0,818.5686646
12/03/2002 13:50,200112,200012,Other UK Airports,BELFAST INTERNATIONAL,LIVERPOOL,37047,37047,0,26338,26338,0,40.65988159
12/03/2002 13:50,200112,200012,Other UK Airports,BELFAST INTERNATIONAL,MANCHESTER,0,0,0,6437,6437,0,
12/03/2002 13:50,200112,200012,Other UK Airports,BENBECULA,GLASGOW,1595,1595,0,1732,1732,0,-7.909930706
12/03/2002 13:50,200112,200012,Other UK Airports,BENBECULA,STORNOWAY,725,725,0,792,792,0,-8.45959568
12/03/2002 13:50,200112,200012,Other UK Airports,BIGGIN HILL,LIVERPOOL,26,0,26,0,0,0,
12/03/2002 13:50,200112,200012,Other UK Airports,BIGGIN HILL,TEESSIDE,50,0,50,0,0,0,
12/03/2002 13:50,200112,200012,Other UK Airports,BIGGIN HILL,WICK,0,0,0,60,0,60,
12/03/2002 13:50,200112,200012,Other UK Airports,BIRMINGHAM,BRISTOL,342,0,342,0,0,0,
12/03/2002 13:50,200112,200012,Other UK Airports,BIRMINGHAM,EDINBURGH,19004,18542,462,21967,21883,84,-13.48841476
12/03/2002 13:50,200112,200012,Other UK Airports,BIRMINGHAM,EXETER,54,0,54,3196,3196,0,-98.31038666
12/03/2002 13:50,200112,200012,Other UK Airports,BIRMINGHAM,GLASGOW,17825,17825,0,19423,19269,154,-8.227359772
12/03/2002 13:50,200112,200012,Other UK Airports,BIRMINGHAM,GUERNSEY,2825,2825,0,1839,1839,0,53.6160965
12/03/2002 13:50,200112,200012,Other UK Airports,BIRMINGHAM,ISLE OF MAN,3663,3663,0,3532,3532,0,3.708946705
12/03/2002 13:50,200112,200012,Other UK Airports,BIRMINGHAM,JERSEY,2754,2754,0,3977,3977,0,-30.75182343
12/03/2002 13:50,200112,200012,Other UK Airports,BIRMINGHAM,KINLOSS,250,0,250,0,0,0,
12/03/2002 13:50,200112,200012,Other UK Airports,BIRMINGHAM,NEWCASTLE,1891,1891,0,2450,2450,0,-22.81632614
12/03/2002 13:50,200112,200012,Other UK Airports,BLACKPOOL,EXETER,0,0,0,18,0,18,
12/03/2002 13:50,200112,200012,Other UK Airports,BLACKPOOL,ISLE OF MAN,311,311,0,582,582,0,-46.56357574
12/03/2002 13:50,200112,200012,Other UK Airports,BLACKPOOL,JERSEY,0,0,0,132,0,132,
12/03/2002 13:50,200112,200012,Other UK Airports,BOURNEMOUTH,BRISTOL,0,0,0,49,0,49,
12/03/2002 13:50,200112,200012,Other UK Airports,BOURNEMOUTH,EDINBURGH,264,0,264,16,0,16,1550
12/03/2002 13:50,200112,200012,Other UK Airports,BOURNEMOUTH,JERSEY,246,0,246,0,0,0,
12/03/2002 13:50,200112,200012,Other UK Airports,BRISTOL,EAST MIDLANDS,219,0,219,0,0,0,
12/03/2002 13:50,200112,200012,Other UK Airports,BRISTOL,EDINBURGH,19988,19941,47,9494,9494,0,110.5329666
12/03/2002 13:50,200112,200012,Other UK Airports,BRISTOL,GLASGOW,17402,17402,0,8020,8010,10,116.9825439
12/03/2002 13:50,200112,200012,Other UK Airports,BRISTOL,GUERNSEY,611,611,0,909,909,0,-32.78327942
12/03/2002 13:50,200112,200012,Other UK Airports,BRISTOL,ISLE OF MAN,1124,1124,0,230,190,40,388.6956482
12/03/2002 13:50,200112,200012,Other UK Airports,BRISTOL,JERSEY,1547,1547,0,305,305,0,407.2131042
12/03/2002 13:50,200112,200012,Other UK Airports,BRISTOL,MANCHESTER,403,0,403,0,0,0,
12/03/2002 13:50,200112,200012,Other UK Airports,BRISTOL,NEWCASTLE,2898,2898,0,50,50,0,5696
12/03/2002 13:50,200112,200012,Other UK Airports,BRISTOL,PLYMOUTH,1885,1885,0,1811,1811,0,4.086140156
12/03/2002 13:50,200112,200012,Other UK Airports,BRISTOL,STANSTED,257,0,257,0,0,0,
12/03/2002 13:50,200112,200012,Other UK Airports,BRIZE NORTON,EDINBURGH,92,0,92,0,0,0,
12/03/2002 13:50,200112,200012,Other UK Airports,CAMPBELTOWN,GLASGOW,541,541,0,430,430,0,25.8139534
12/03/2002 13:50,200112,200012,Other UK Airports,CARDIFF WALES,EDINBURGH,1550,1550,0,1888,1888,0,-17.90254211
12/03/2002 13:50,200112,200012,Other UK Airports,CARDIFF WALES,GLASGOW,1265,1265,0,1995,1967,28,-36.59148026
12/03/2002 13:50,200112,200012,Other UK Airports,CARDIFF WALES,JERSEY,1193,1193,0,1113,1113,0,7.187780857
12/03/2002 13:50,200112,200012,Other UK Airports,CARDIFF WALES,LEEDS BRADFORD,169,0,169,0,0,0,
12/03/2002 13:50,200112,200012,Other UK Airports,CARDIFF WALES,MANCHESTER,180,0,180,0,0,0,
12/03/2002 13:50,200112,200012,Other UK Airports,CARDIFF WALES,NEWCASTLE,459,459,0,763,763,0,-39.84272766
12/03/2002 13:50,200112,200012,Other UK Airports,CARDIFF WALES,SOUTHAMPTON,0,0,0,24,24,0,
12/03/2002 13:50,200112,200012,Other UK Airports,COVENTRY,LUTON,14,0,14,0,0,0,
12/03/2002 13:50,200112,200012,Other UK Airports,COVENTRY,SOUTH MARSTON,0,0,0,1,0,1,
12/03/2002 13:50,200112,200012,Other UK Airports,EAST MIDLANDS,EDINBURGH,5743,4651,1092,6129,6129,0,-6.297927856
12/03/2002 13:50,200112,200012,Other UK Airports,EAST MIDLANDS,GLASGOW,5263,5263,0,6824,6824,0,-22.87514687
12/03/2002 13:50,200112,200012,Other UK Airports,EAST MIDLANDS,GUERNSEY,0,0,0,276,276,0,
12/03/2002 13:50,200112,200012,Other UK Airports,EAST MIDLANDS,JERSEY,3676,3676,0,3496,3263,233,5.148741245
12/03/2002 13:50,200112,200012,Other UK Airports,EDAY,KIRKWALL,37,37,0,39,39,0,-5.128205299
12/03/2002 13:50,200112,200012,Other UK Airports,EDINBURGH,GUERNSEY,0,0,0,155,155,0,
12/03/2002 13:50,200112,200012,Other UK Airports,EDINBURGH,INVERNESS,240,240,0,0,0,0,
12/03/2002 13:50,200112,200012,Other UK Airports,EDINBURGH,JERSEY,73,67,6,0,0,0,
12/03/2002 13:50,200112,200012,Other UK Airports,EDINBURGH,KIRKWALL,1940,1940,0,2433,2433,0,-20.26305008
12/03/2002 13:50,200112,200012,Other UK Airports,EDINBURGH,LEEDS BRADFORD,2303,2303,0,2488,2488,0,-7.435691357
12/03/2002 13:50,200112,200012,Other UK Airports,EDINBURGH,MANCHESTER,11527,11525,2,12915,12914,1,-10.74719334
12/03/2002 13:50,200112,200012,Other UK Airports,EDINBURGH,NORWICH,1553,1553,0,1560,1560,0,-0.448717952
12/03/2002 13:50,200112,200012,Other UK Airports,EDINBURGH,PLYMOUTH,25,25,0,104,104,0,-75.96154022
12/03/2002 13:50,200112,200012,Other UK Airports,EDINBURGH,SOUTHAMPTON,4894,4894,0,5981,5981,0,-18.17421913
12/03/2002 13:50,200112,200012,Other UK Airports,EDINBURGH,STORNOWAY,827,827,0,764,764,0,8.246073723
12/03/2002 13:50,200112,200012,Other UK Airports,EDINBURGH,SUMBURGH,1130,1130,0,1000,1000,0,13
12/03/2002 13:50,200112,200012,Other UK Airports,EDINBURGH,WICK,611,611,0,574,574,0,6.445992947
12/03/2002 13:50,200112,200012,Other UK Airports,EXETER,GUERNSEY,1920,1920,0,1621,1621,0,18.44540405
12/03/2002 13:50,200112,200012,Other UK Airports,EXETER,JERSEY,2113,2113,0,2678,2678,0,-21.09783363
12/03/2002 13:50,200112,200012,Other UK Airports,FAIR ISLE,LERWICK  (TINGWALL),119,119,0,100,100,0,19
12/03/2002 13:50,200112,200012,Other UK Airports,FARNBOROUGH,SOUTHAMPTON,9,0,9,0,0,0,
12/03/2002 13:50,200112,200012,Other UK Airports,FILTON,HAWARDEN,134,0,134,167,0,167,-19.76047897
12/03/2002 13:50,200112,200012,Other UK Airports,GLASGOW,INVERNESS,1877,1877,0,1023,1023,0,83.47995758
12/03/2002 13:50,200112,200012,Other UK Airports,GLASGOW,ISLAY,1171,1171,0,1319,1319,0,-11.22062206
12/03/2002 13:50,200112,200012,Other UK Airports,GLASGOW,ISLE OF MAN,2075,2075,0,2042,2042,0,1.616062641
12/03/2002 13:50,200112,200012,Other UK Airports,GLASGOW,JERSEY,848,848,0,1032,1032,0,-17.82945824
12/03/2002 13:50,200112,200012,Other UK Airports,GLASGOW,KIRKWALL,360,360,0,0,0,0,
12/03/2002 13:50,200112,200012,Other UK Airports,GLASGOW,LEEDS BRADFORD,1952,1952,0,2074,2074,0,-5.882352829
12/03/2002 13:50,200112,200012,Other UK Airports,GLASGOW,LONDONDERRY,1618,1618,0,2163,2163,0,-25.19648552
12/03/2002 13:50,200112,200012,Other UK Airports,GLASGOW,MANCHESTER,8748,8746,2,10691,10691,0,-18.17416573
12/03/2002 13:50,200112,200012,Other UK Airports,GLASGOW,NEWCASTLE,132,0,132,0,0,0,
12/03/2002 13:50,200112,200012,Other UK Airports,GLASGOW,PLYMOUTH,80,80,0,741,741,0,-89.20378113
12/03/2002 13:50,200112,200012,Other UK Airports,GLASGOW,SOUTHAMPTON,4189,4189,0,5386,5386,0,-22.22428513
12/03/2002 13:50,200112,200012,Other UK Airports,GLASGOW,STORNOWAY,3322,3322,0,3447,3447,0,-3.62634182
12/03/2002 13:50,200112,200012,Other UK Airports,GLASGOW,SUMBURGH,780,780,0,2166,2166,0,-63.9889183
12/03/2002 13:50,200112,200012,Other UK Airports,GLASGOW,TIREE,426,426,0,326,326,0,30.67484665
12/03/2002 13:50,200112,200012,Other UK Airports,GUERNSEY,JERSEY,11810,11810,0,12075,12075,0,-2.194617033
12/03/2002 13:50,200112,200012,Other UK Airports,GUERNSEY,MANCHESTER,3707,3707,0,3445,3445,0,7.605225086
12/03/2002 13:50,200112,200012,Other UK Airports,GUERNSEY,SOUTHAMPTON,8638,8638,0,8824,8824,0,-2.107887506
12/03/2002 13:50,200112,200012,Other UK Airports,INVERNESS,KIRKWALL,960,960,0,389,389,0,146.7866364
12/03/2002 13:50,200112,200012,Other UK Airports,INVERNESS,SOUTHAMPTON,0,0,0,10,0,10,
12/03/2002 13:50,200112,200012,Other UK Airports,INVERNESS,STANSTED,73,0,73,0,0,0,
12/03/2002 13:50,200112,200012,Other UK Airports,INVERNESS,STORNOWAY,1874,1874,0,1782,1782,0,5.162738323
12/03/2002 13:50,200112,200012,Other UK Airports,INVERNESS,SUMBURGH,66,66,0,541,541,0,-87.80036926
12/03/2002 13:50,200112,200012,Other UK Airports,ISLE OF MAN,JERSEY,558,558,0,777,777,0,-28.18532753
12/03/2002 13:50,200112,200012,Other UK Airports,ISLE OF MAN,LEEDS BRADFORD,805,805,0,868,868,0,-7.258064747
12/03/2002 13:50,200112,200012,Other UK Airports,ISLE OF MAN,LIVERPOOL,16598,16598,0,16787,16787,0,-1.125871181
12/03/2002 13:50,200112,200012,Other UK Airports,ISLE OF MAN,MANCHESTER,7142,7006,136,7081,7081,0,0.861460268
12/03/2002 13:50,200112,200012,Other UK Airports,ISLE OF MAN,SOUTHAMPTON,306,306,0,232,232,0,31.89655113
12/03/2002 13:50,200112,200012,Other UK Airports,JERSEY,LEEDS BRADFORD,1469,1469,0,1180,1180,0,24.49152565
12/03/2002 13:50,200112,200012,Other UK Airports,JERSEY,MANCHESTER,3983,3983,0,4254,4254,0,-6.370474815
12/03/2002 13:50,200112,200012,Other UK Airports,JERSEY,PLYMOUTH,1376,1376,0,419,419,0,228.4009552
12/03/2002 13:50,200112,200012,Other UK Airports,JERSEY,SOUTHAMPTON,10794,10794,0,10846,10846,0,-0.479439437
12/03/2002 13:50,200112,200012,Other UK Airports,JERSEY,STANSTED,0,0,0,93,0,93,
12/03/2002 13:50,200112,200012,Other UK Airports,KIRKWALL,NORTH RONALDSAY,248,248,0,257,257,0,-3.501945496
12/03/2002 13:50,200112,200012,Other UK Airports,KIRKWALL,PAPA WESTRAY,187,187,0,132,132,0,41.66666794
12/03/2002 13:50,200112,200012,Other UK Airports,KIRKWALL,SANDAY,160,160,0,138,138,0,15.942029
12/03/2002 13:50,200112,200012,Other UK Airports,KIRKWALL,STRONSAY,208,208,0,190,190,0,9.473684311
12/03/2002 13:50,200112,200012,Other UK Airports,KIRKWALL,SUMBURGH,416,416,0,390,390,0,6.666666508
12/03/2002 13:50,200112,200012,Other UK Airports,KIRKWALL,WESTRAY,141,141,0,131,131,0,7.633587837
12/03/2002 13:50,200112,200012,Other UK Airports,KIRKWALL,WICK,235,235,0,530,530,0,-55.6603775
12/03/2002 13:50,200112,200012,Other UK Airports,LEEDS BRADFORD,MANCHESTER,20,0,20,0,0,0,
12/03/2002 13:50,200112,200012,Other UK Airports,LEEDS BRADFORD,SOUTHAMPTON,1464,1427,37,1895,1895,0,-22.74406242
12/03/2002 13:50,200112,200012,Other UK Airports,LERWICK  (TINGWALL),UNST,0,0,0,3,3,0,
12/03/2002 13:50,200112,200012,Other UK Airports,LONDONDERRY,MANCHESTER,1485,1485,0,1114,1114,0,33.30340958
12/03/2002 13:50,200112,200012,Other UK Airports,MANCHESTER,NEWCASTLE,10,0,10,0,0,0,
12/03/2002 13:50,200112,200012,Other UK Airports,MANCHESTER,NORWICH,766,766,0,946,944,2,-19.02748489
12/03/2002 13:50,200112,200012,Other UK Airports,MANCHESTER,SOUTHAMPTON,3801,3766,35,4940,4940,0,-23.05668068
12/03/2002 13:50,200112,200012,Other UK Airports,NEWCASTLE,PLYMOUTH,524,524,0,0,0,0,
12/03/2002 13:50,200112,200012,Other UK Airports,NEWCASTLE,SOUTHAMPTON,2239,2239,0,3118,3118,0,-28.19114876
12/03/2002 13:50,200112,200012,Other UK Airports,NEWCASTLE,WICK,0,0,0,1069,1069,0,
12/03/2002 13:50,200112,200012,Other UK Airports,SOUTHAMPTON,TEESSIDE,0,0,0,38,0,38,
12/03/2002 13:50,200112,200012,Other UK Airports,SOUTHAMPTON,WADDINGTON,9,0,9,0,0,0,
12/03/2002 13:50,200112,200012,Other UK Airports,SOUTHAMPTON,WARTON,176,0,176,0,0,0,
12/03/2002 13:50,200112,200012,Other UK Airports,SUMBURGH,UNST,0,0,0,116,116,0,
12/03/2002 13:50,200112,200012,Other UK Airports,SUMBURGH,WICK,171,171,0,6,6,0,2750
