rundate,report_period,reporting_airport_group_name,reporting_airport_name,total_pax,pax_terminal_scheduled_uk,pax_transit_scheduled_uk,pax_terminal_scheduled_foreign_EU,pax_transit_scheduled_foreign_EU,pax_terminal_scheduled_foreign_non_EU,pax_transit_scheduled_foreign_non_EU,pax_terminal_charter_uk,pax_transit_charter_uk,pax_terminal_charter_foreign_EU,pax_transit_charter_foreign_EU,pax_terminal_charter_foreign_non_EU,pax_transit_charter_foreign_non_EU
12/03/2002 11:26,200112,London Area Airports,GATWICK,1733797,869230,19,112982,33,251559,208,469130,12617,6387,416,11064,152
12/03/2002 11:26,200112,London Area Airports,HEATHROW,4462495,2360509,0,841174,0,1227267,28916,3415,0,1138,0,76,0
12/03/2002 11:26,200112,London Area Airports,LONDON CITY,107692,35276,0,50740,0,21564,0,29,0,81,0,2,0
12/03/2002 11:26,200112,London Area Airports,LUTON,428421,324330,267,26825,0,41382,0,33799,910,260,38,610,0
12/03/2002 11:26,200112,London Area Airports,SOUTHEND,367,0,0,280,0,87,0,0,0,0,0,0,0
12/03/2002 11:26,200112,London Area Airports,STANSTED,921723,379135,96,476017,0,13958,0,50079,180,1523,226,130,379
12/03/2002 11:26,200112,Miscellaneous,BATTERSEA HELIPORT,341,0,0,0,0,0,0,341,0,0,0,0,0
12/03/2002 11:26,200112,Other UK Airports,ABERDEEN,178053,120383,26,0,0,8328,0,45638,0,3658,0,20,0
12/03/2002 11:26,200112,Other UK Airports,BARRA,517,517,0,0,0,0,0,0,0,0,0,0,0
12/03/2002 11:26,200112,Other UK Airports,BELFAST CITY,133301,132575,385,0,0,0,0,341,0,0,0,0,0
12/03/2002 11:26,200112,Other UK Airports,BELFAST INTERNATIONAL,224142,204730,6,0,0,320,176,17029,406,1369,106,0,0
12/03/2002 11:26,200112,Other UK Airports,BENBECULA,2469,2469,0,0,0,0,0,0,0,0,0,0,0
12/03/2002 11:26,200112,Other UK Airports,BIGGIN HILL,494,32,0,320,0,0,0,92,0,50,0,0,0
12/03/2002 11:26,200112,Other UK Airports,BIRMINGHAM,411563,200147,5210,75899,170,35589,63,88409,1063,3648,0,1365,0
12/03/2002 11:26,200112,Other UK Airports,BLACKPOOL,6459,518,0,0,0,0,0,4650,0,1291,0,0,0
12/03/2002 11:26,200112,Other UK Airports,BOURNEMOUTH,14454,355,265,5750,0,0,0,5919,0,1952,0,213,0
12/03/2002 11:26,200112,Other UK Airports,BRISTOL,171816,95313,1381,24695,31,0,0,45698,2102,1785,0,615,196
12/03/2002 11:26,200112,Other UK Airports,CAMBRIDGE,681,681,0,0,0,0,0,0,0,0,0,0,0
12/03/2002 11:26,200112,Other UK Airports,CAMPBELTOWN,556,541,15,0,0,0,0,0,0,0,0,0,0
12/03/2002 11:26,200112,Other UK Airports,CARDIFF WALES,60950,14910,171,14601,32,0,0,29552,1319,365,0,0,0
12/03/2002 11:26,200112,Other UK Airports,COVENTRY,257,0,0,0,0,0,0,253,0,0,0,4,0
12/03/2002 11:26,200112,Other UK Airports,DUNDEE,3332,3314,18,0,0,0,0,0,0,0,0,0,0
12/03/2002 11:26,200112,Other UK Airports,EAST MIDLANDS,103697,46907,269,0,0,0,0,52941,600,1678,0,1082,220
12/03/2002 11:26,200112,Other UK Airports,EDINBURGH,433918,374315,489,46922,0,0,0,7134,0,5058,0,0,0
12/03/2002 11:26,200112,Other UK Airports,EXETER,15312,4946,856,0,0,0,0,5161,229,3821,0,299,0
12/03/2002 11:26,200112,Other UK Airports,GLASGOW,449365,345712,1568,10472,0,15002,452,68477,779,6398,112,393,0
12/03/2002 11:26,200112,Other UK Airports,HAWARDEN,134,0,0,0,0,0,0,134,0,0,0,0,0
12/03/2002 11:26,200112,Other UK Airports,HUMBERSIDE,21617,10836,0,0,0,0,0,5806,0,4975,0,0,0
12/03/2002 11:26,200112,Other UK Airports,INVERNESS,27231,25447,1622,0,0,0,0,89,0,73,0,0,0
12/03/2002 11:26,200112,Other UK Airports,ISLAY,1196,1194,0,0,0,0,0,2,0,0,0,0,0
12/03/2002 11:26,200112,Other UK Airports,ISLE OF MAN,55447,54443,678,0,0,0,0,145,181,0,0,0,0
12/03/2002 11:26,200112,Other UK Airports,ISLES OF SCILLY (ST.MARYS),3980,3829,123,0,0,0,0,28,0,0,0,0,0
12/03/2002 11:26,200112,Other UK Airports,ISLES OF SCILLY (TRESCO),820,545,265,0,0,0,0,10,0,0,0,0,0
12/03/2002 11:26,200112,Other UK Airports,KIRKWALL,6915,6467,448,0,0,0,0,0,0,0,0,0,0
12/03/2002 11:26,200112,Other UK Airports,LEEDS BRADFORD,78735,48761,152,5445,0,0,0,21107,228,3042,0,0,0
12/03/2002 11:26,200112,Other UK Airports,LERWICK  (TINGWALL),119,119,0,0,0,0,0,0,0,0,0,0,0
12/03/2002 11:26,200112,Other UK Airports,LIVERPOOL,168515,141673,0,13714,0,7057,0,2778,0,3293,0,0,0
12/03/2002 11:26,200112,Other UK Airports,LONDONDERRY,8938,4707,0,4216,0,0,0,15,0,0,0,0,0
12/03/2002 11:26,200112,Other UK Airports,MANCHESTER,1023860,376669,453,149527,686,115300,12784,351651,5391,6905,0,4494,0
12/03/2002 11:26,200112,Other UK Airports,NEWCASTLE,164898,114727,2830,3493,0,2349,0,37036,1474,2370,338,281,0
12/03/2002 11:26,200112,Other UK Airports,NORWICH,21467,13273,25,0,0,0,0,4698,0,3351,0,120,0
12/03/2002 11:26,200112,Other UK Airports,PENZANCE HELIPORT,3376,3376,0,0,0,0,0,0,0,0,0,0,0
12/03/2002 11:26,200112,Other UK Airports,PLYMOUTH,10990,8135,2855,0,0,0,0,0,0,0,0,0,0
12/03/2002 11:26,200112,Other UK Airports,PRESTWICK,94547,0,0,90587,0,0,0,486,498,2686,31,0,259
12/03/2002 11:26,200112,Other UK Airports,SCATSTA,15239,0,0,0,0,0,0,15239,0,0,0,0,0
12/03/2002 11:26,200112,Other UK Airports,SHEFFIELD CITY,1423,1423,0,0,0,0,0,0,0,0,0,0,0
12/03/2002 11:26,200112,Other UK Airports,SHOREHAM,40,0,0,0,0,0,0,32,8,0,0,0,0
12/03/2002 11:26,200112,Other UK Airports,SOUTHAMPTON,55230,48450,65,3771,0,0,0,419,0,2525,0,0,0
12/03/2002 11:26,200112,Other UK Airports,STORNOWAY,6646,6483,42,0,0,0,0,48,0,73,0,0,0
12/03/2002 11:26,200112,Other UK Airports,SUMBURGH,12141,7664,0,0,0,0,0,2488,607,874,0,508,0
12/03/2002 11:26,200112,Other UK Airports,TEESSIDE,32026,17353,3,5176,0,0,0,6093,161,3238,2,0,0
12/03/2002 11:26,200112,Other UK Airports,TIREE,381,374,7,0,0,0,0,0,0,0,0,0,0
12/03/2002 11:26,200112,Other UK Airports,WICK,1899,1300,541,0,0,0,0,0,58,0,0,0,0
12/03/2002 11:26,200112,Channel Islands Airports,ALDERNEY,4537,4537,0,0,0,0,0,0,0,0,0,0,0
12/03/2002 11:26,200112,Channel Islands Airports,GUERNSEY,61901,56802,3918,0,0,530,510,0,0,141,0,0,0
12/03/2002 11:26,200112,Channel Islands Airports,JERSEY,89718,83691,2996,0,0,898,222,370,0,1541,0,0,0
