rundate,report_period,reporting_airport_group_name,reporting_airport_name,total_atms,atms_scheduled_uk_operator,atms_scheduled_foreign_EU_operator,atms_scheduled_foreign_non_EU_operator,atms_charter_uk_operator,atms_charter_foreign_EU_operator,atms_charter_foreign_non_EU_operator
12/03/2002 11:24,200112,London Area Airports,GATWICK,15319,9119,1745,1764,2484,53,154
12/03/2002 11:24,200112,London Area Airports,HEATHROW,35278,19202,8470,7515,31,43,17
12/03/2002 11:24,200112,London Area Airports,LONDON CITY,3726,1422,1657,637,1,8,1
12/03/2002 11:24,200112,London Area Airports,LUTON,3896,2863,270,387,209,139,28
12/03/2002 11:24,200112,London Area Airports,SOUTHEND,33,1,10,2,14,6,0
12/03/2002 11:24,200112,London Area Airports,STANSTED,9749,4065,4422,430,578,225,29
12/03/2002 11:24,200112,Miscellaneous,BATTERSEA HELIPORT,140,0,0,0,140,0,0
12/03/2002 11:24,200112,Other UK Airports,ABERDEEN,6259,2810,0,243,3125,79,2
12/03/2002 11:24,200112,Other UK Airports,BARRA,86,86,0,0,0,0,0
12/03/2002 11:24,200112,Other UK Airports,BELFAST CITY,2959,2954,0,0,5,0,0
12/03/2002 11:24,200112,Other UK Airports,BELFAST INTERNATIONAL,2788,2185,0,2,510,89,2
12/03/2002 11:24,200112,Other UK Airports,BENBECULA,161,161,0,0,0,0,0
12/03/2002 11:24,200112,Other UK Airports,BIGGIN HILL,18,2,12,0,3,1,0
12/03/2002 11:24,200112,Other UK Airports,BIRMINGHAM,7142,4817,1344,469,477,24,11
12/03/2002 11:24,200112,Other UK Airports,BLACKPOOL,575,57,0,0,510,8,0
12/03/2002 11:24,200112,Other UK Airports,BOURNEMOUTH,347,54,62,0,216,13,2
12/03/2002 11:24,200112,Other UK Airports,BRISTOL,3027,2074,531,0,402,12,8
12/03/2002 11:24,200112,Other UK Airports,CAMBRIDGE,69,69,0,0,0,0,0
12/03/2002 11:24,200112,Other UK Airports,CAMPBELTOWN,66,66,0,0,0,0,0
12/03/2002 11:24,200112,Other UK Airports,CARDIFF WALES,1278,778,317,0,177,6,0
12/03/2002 11:24,200112,Other UK Airports,COVENTRY,284,0,0,0,252,30,2
12/03/2002 11:24,200112,Other UK Airports,DUNDEE,164,164,0,0,0,0,0
12/03/2002 11:24,200112,Other UK Airports,EAST MIDLANDS,2474,1145,24,165,442,655,43
12/03/2002 11:24,200112,Other UK Airports,EDINBURGH,7249,5889,700,0,385,239,36
12/03/2002 11:24,200112,Other UK Airports,EXETER,310,212,0,0,70,25,3
12/03/2002 11:24,200112,Other UK Airports,GLASGOW,6158,5479,169,111,343,53,3
12/03/2002 11:24,200112,Other UK Airports,HAWARDEN,7,0,0,0,7,0,0
12/03/2002 11:24,200112,Other UK Airports,HUMBERSIDE,908,442,0,0,436,30,0
12/03/2002 11:24,200112,Other UK Airports,INVERNESS,728,720,0,0,4,4,0
12/03/2002 11:24,200112,Other UK Airports,ISLAY,82,80,0,0,2,0,0
12/03/2002 11:24,200112,Other UK Airports,ISLE OF MAN,1654,1521,0,0,133,0,0
12/03/2002 11:24,200112,Other UK Airports,ISLES OF SCILLY (ST.MARYS),431,428,0,0,3,0,0
12/03/2002 11:24,200112,Other UK Airports,ISLES OF SCILLY (TRESCO),66,66,0,0,0,0,0
12/03/2002 11:24,200112,Other UK Airports,KENT INTERNATIONAL,109,0,0,0,0,0,109
12/03/2002 11:24,200112,Other UK Airports,KIRKWALL,592,592,0,0,0,0,0
12/03/2002 11:24,200112,Other UK Airports,LEEDS BRADFORD,1839,1653,58,0,106,22,0
12/03/2002 11:24,200112,Other UK Airports,LERWICK  (TINGWALL),42,42,0,0,0,0,0
12/03/2002 11:24,200112,Other UK Airports,LIVERPOOL,2326,1456,148,58,585,79,0
12/03/2002 11:24,200112,Other UK Airports,LONDONDERRY,370,262,105,0,3,0,0
12/03/2002 11:24,200112,Other UK Airports,MANCHESTER,11750,6493,2424,1062,1675,56,40
12/03/2002 11:24,200112,Other UK Airports,NEWCASTLE,2780,2268,177,78,233,21,3
12/03/2002 11:24,200112,Other UK Airports,NORWICH,1010,549,0,0,437,22,2
12/03/2002 11:24,200112,Other UK Airports,PENZANCE HELIPORT,220,220,0,0,0,0,0
12/03/2002 11:24,200112,Other UK Airports,PLYMOUTH,540,540,0,0,0,0,0
12/03/2002 11:24,200112,Other UK Airports,PRESTWICK,1125,0,1008,88,6,19,4
12/03/2002 11:24,200112,Other UK Airports,SCATSTA,677,0,0,0,677,0,0
12/03/2002 11:24,200112,Other UK Airports,SHEFFIELD CITY,85,85,0,0,0,0,0
12/03/2002 11:24,200112,Other UK Airports,SHOREHAM,24,0,0,0,24,0,0
12/03/2002 11:24,200112,Other UK Airports,SOUTHAMPTON,2023,1863,125,0,16,19,0
12/03/2002 11:24,200112,Other UK Airports,STORNOWAY,325,320,0,0,3,2,0
12/03/2002 11:24,200112,Other UK Airports,SUMBURGH,564,258,0,0,255,33,18
12/03/2002 11:24,200112,Other UK Airports,TEESSIDE,623,450,61,0,61,51,0
12/03/2002 11:24,200112,Other UK Airports,TIREE,47,47,0,0,0,0,0
12/03/2002 11:24,200112,Other UK Airports,WICK,179,158,0,0,21,0,0
12/03/2002 11:24,200112,Channel Islands Airports,ALDERNEY,482,482,0,0,0,0,0
12/03/2002 11:24,200112,Channel Islands Airports,GUERNSEY,2577,2438,0,60,78,1,0
12/03/2002 11:24,200112,Channel Islands Airports,JERSEY,2867,2746,0,64,42,15,0
