rundate,this_period,last_period,group_name,airport_1_name,airport_2_name,total_pax_this_period,total_pax_scheduled_this_period,total_pax_charter_this_period,total_pax_last_period,total_pax_scheduled_last_period,total_pax_charter_last_period,total_pax_percent,charters_tm_only_small_acf,charters_lm_only_small_acf
16-Jan-2015 14:22,201411,201311,Other Reporting Airports      ,ABERDEEN                      ,BELFAST CITY (GEORGE BEST)    , 3539 , 3539 , 0 , 2352 , 2352 , 0 , 50.46769 ,N,N
16-Jan-2015 14:22,201411,201311,Other Reporting Airports      ,ABERDEEN                      ,BIRMINGHAM                    , 10400 , 10400 , 0 , 8504 , 8504 , 0 , 22.29539 ,N,N
16-Jan-2015 14:22,201411,201311,Other Reporting Airports      ,ABERDEEN                      ,BRISTOL                       , 2703 , 2703 , 0 , 2699 , 2699 , 0 , 0.148203 ,N,N
16-Jan-2015 14:22,201411,201311,Other Reporting Airports      ,ABERDEEN                      ,CARDIFF WALES                 , 1131 , 1131 , 0 , 1096 , 1096 , 0 , 3.193431 ,N,N
16-Jan-2015 14:22,201411,201311,Other Reporting Airports      ,ABERDEEN                      ,DURHAM TEES VALLEY            , 2762 , 2762 , 0 , 3021 , 3021 , 0 ,-8.57332 ,N,N
16-Jan-2015 14:22,201411,201311,Other Reporting Airports      ,ABERDEEN                      ,EAST MIDLANDS INTERNATIONAL   , 1557 , 1557 , 0 , 1511 , 1511 , 0 , 3.044342 ,N,N
16-Jan-2015 14:22,201411,201311,Other Reporting Airports      ,ABERDEEN                      ,HUMBERSIDE                    , 3204 , 3204 , 0 , 3169 , 3169 , 0 , 1.104449 ,N,N
16-Jan-2015 14:22,201411,201311,Other Reporting Airports      ,ABERDEEN                      ,JERSEY                        , 5103 , 5103 , 0 , 0 , 0 , 0 ,Null,N,N
16-Jan-2015 14:22,201411,201311,Other Reporting Airports      ,ABERDEEN                      ,KIRKWALL                      , 3805 , 3805 , 0 , 3776 , 3686 , 90 , 0.7680085 ,N,N
16-Jan-2015 14:22,201411,201311,Other Reporting Airports      ,ABERDEEN                      ,LEEDS BRADFORD                , 587 , 587 , 0 , 1546 , 1546 , 0 ,-62.03105 ,N,N
16-Jan-2015 14:22,201411,201311,Other Reporting Airports      ,ABERDEEN                      ,MANCHESTER                    , 19291 , 19095 , 196 , 17418 , 17218 , 200 , 10.75324 ,N,N
16-Jan-2015 14:22,201411,201311,Other Reporting Airports      ,ABERDEEN                      ,NEWCASTLE                     , 2485 , 2485 , 0 , 2736 , 2736 , 0 ,-9.173977 ,N,N
16-Jan-2015 14:22,201411,201311,Other Reporting Airports      ,ABERDEEN                      ,NORWICH                       , 5058 , 5058 , 0 , 5370 , 5370 , 0 ,-5.810056 ,N,N
16-Jan-2015 14:22,201411,201311,Other Reporting Airports      ,ABERDEEN                      ,SCATSTA                       , 13587 , 0 , 13587 , 13914 , 0 , 13914 ,-2.350151 ,N,N
16-Jan-2015 14:22,201411,201311,Other Reporting Airports      ,ABERDEEN                      ,SOUTHAMPTON                   , 1172 , 1172 , 0 , 498 , 498 , 0 , 135.3414 ,N,N
16-Jan-2015 14:22,201411,201311,Other Reporting Airports      ,ABERDEEN                      ,STORNOWAY                     , 493 , 493 , 0 , 446 , 446 , 0 , 10.53812 ,N,N
16-Jan-2015 14:22,201411,201311,Other Reporting Airports      ,ABERDEEN                      ,SUMBURGH                      , 12773 , 6990 , 5783 , 10547 , 5823 , 4724 , 21.10553 ,N,N
16-Jan-2015 14:22,201411,201311,Other Reporting Airports      ,ABERDEEN                      ,WICK JOHN O GROATS            , 1004 , 1004 , 0 , 1137 , 1137 , 0 ,-11.69745 ,N,N
16-Jan-2015 14:22,201411,201311,Other Reporting Airports      ,ALDERNEY                      ,GUERNSEY                      , 2465 , 2465 , 0 , 2405 , 2405 , 0 , 2.494802 ,N,N
16-Jan-2015 14:22,201411,201311,Other Reporting Airports      ,ALDERNEY                      ,SOUTHAMPTON                   , 1259 , 1259 , 0 , 1598 , 1598 , 0 ,-21.21402 ,N,N
16-Jan-2015 14:22,201411,201311,Other Reporting Airports      ,ANGLESEY (VALLEY)             ,CARDIFF WALES                 , 812 , 812 , 0 , 823 , 823 , 0 ,-1.336573 ,N,N
16-Jan-2015 14:22,201411,201311,Other Reporting Airports      ,BARRA                         ,GLASGOW                       , 568 , 568 , 0 , 603 , 603 , 0 ,-5.804312 ,N,N
16-Jan-2015 14:22,201411,201311,Other Reporting Airports      ,BELFAST CITY (GEORGE BEST)    ,BIRMINGHAM                    , 21941 , 21941 , 0 , 21236 , 21236 , 0 , 3.319834 ,N,N
16-Jan-2015 14:22,201411,201311,Other Reporting Airports      ,BELFAST CITY (GEORGE BEST)    ,CARDIFF WALES                 , 3291 , 3291 , 0 , 2813 , 2813 , 0 , 16.99253 ,N,N
16-Jan-2015 14:22,201411,201311,Other Reporting Airports      ,BELFAST CITY (GEORGE BEST)    ,DONCASTER SHEFFIELD           , 214 , 214 , 0 , 0 , 0 , 0 ,Null,N,N
16-Jan-2015 14:22,201411,201311,Other Reporting Airports      ,BELFAST CITY (GEORGE BEST)    ,EAST MIDLANDS INTERNATIONAL   , 11727 , 11727 , 0 , 8664 , 8664 , 0 , 35.35318 ,N,N
16-Jan-2015 14:22,201411,201311,Other Reporting Airports      ,BELFAST CITY (GEORGE BEST)    ,EDINBURGH                     , 11111 , 11111 , 0 , 11650 , 11650 , 0 ,-4.626609 ,N,N
16-Jan-2015 14:22,201411,201311,Other Reporting Airports      ,BELFAST CITY (GEORGE BEST)    ,EXETER                        , 2838 , 2838 , 0 , 868 , 868 , 0 , 226.9585 ,N,N
16-Jan-2015 14:22,201411,201311,Other Reporting Airports      ,BELFAST CITY (GEORGE BEST)    ,GLASGOW                       , 13118 , 13118 , 0 , 9966 , 9966 , 0 , 31.62753 ,N,N
16-Jan-2015 14:22,201411,201311,Other Reporting Airports      ,BELFAST CITY (GEORGE BEST)    ,INVERNESS                     , 2050 , 2050 , 0 , 1710 , 1710 , 0 , 19.88304 ,N,N
16-Jan-2015 14:22,201411,201311,Other Reporting Airports      ,BELFAST CITY (GEORGE BEST)    ,ISLE OF MAN                   , 2086 , 2086 , 0 , 2363 , 2363 , 0 ,-11.72239 ,N,N
16-Jan-2015 14:22,201411,201311,Other Reporting Airports      ,BELFAST CITY (GEORGE BEST)    ,LEEDS BRADFORD                , 12093 , 12093 , 0 , 12364 , 12364 , 0 ,-2.191847 ,N,N
16-Jan-2015 14:22,201411,201311,Other Reporting Airports      ,BELFAST CITY (GEORGE BEST)    ,MANCHESTER                    , 24075 , 24075 , 0 , 25453 , 25453 , 0 ,-5.4139 ,N,N
16-Jan-2015 14:22,201411,201311,Other Reporting Airports      ,BELFAST CITY (GEORGE BEST)    ,NEWCASTLE                     , 2514 , 2514 , 0 , 3252 , 3252 , 0 ,-22.69373 ,N,N
16-Jan-2015 14:22,201411,201311,Other Reporting Airports      ,BELFAST CITY (GEORGE BEST)    ,SOUTHAMPTON                   , 8856 , 8856 , 0 , 7151 , 7151 , 0 , 23.84282 ,N,N
16-Jan-2015 14:22,201411,201311,Other Reporting Airports      ,BELFAST INTERNATIONAL         ,BIRMINGHAM                    , 15335 , 15335 , 0 , 16551 , 16551 , 0 ,-7.346988 ,N,N
16-Jan-2015 14:22,201411,201311,Other Reporting Airports      ,BELFAST INTERNATIONAL         ,BLACKPOOL                     , 0 , 0 , 0 , 272 , 272 , 0 ,-100 ,N,N
16-Jan-2015 14:22,201411,201311,Other Reporting Airports      ,BELFAST INTERNATIONAL         ,BRISTOL                       , 19583 , 19543 , 40 , 18674 , 18674 , 0 , 4.867731 ,N,N
16-Jan-2015 14:22,201411,201311,Other Reporting Airports      ,BELFAST INTERNATIONAL         ,DONCASTER SHEFFIELD           , 0 , 0 , 0 , 94 , 0 , 94 ,-100 ,N,N
16-Jan-2015 14:22,201411,201311,Other Reporting Airports      ,BELFAST INTERNATIONAL         ,EDINBURGH                     , 20588 , 20588 , 0 , 20395 , 20395 , 0 , 0.9463103 ,N,N
16-Jan-2015 14:22,201411,201311,Other Reporting Airports      ,BELFAST INTERNATIONAL         ,GLASGOW                       , 20947 , 20947 , 0 , 21158 , 21158 , 0 ,-0.9972587 ,N,N
16-Jan-2015 14:22,201411,201311,Other Reporting Airports      ,BELFAST INTERNATIONAL         ,LIVERPOOL (JOHN LENNON)       , 35837 , 35837 , 0 , 33098 , 33098 , 0 , 8.275425 ,N,N
16-Jan-2015 14:22,201411,201311,Other Reporting Airports      ,BELFAST INTERNATIONAL         ,MANCHESTER                    , 18118 , 18118 , 0 , 17263 , 17263 , 0 , 4.952789 ,N,N
16-Jan-2015 14:22,201411,201311,Other Reporting Airports      ,BELFAST INTERNATIONAL         ,NEWCASTLE                     , 16888 , 16888 , 0 , 16576 , 16576 , 0 , 1.882239 ,N,N
16-Jan-2015 14:22,201411,201311,Other Reporting Airports      ,BENBECULA                     ,GLASGOW                       , 1731 , 1731 , 0 , 1671 , 1671 , 0 , 3.590664 ,N,N
16-Jan-2015 14:22,201411,201311,Other Reporting Airports      ,BENBECULA                     ,INVERNESS                     , 0 , 0 , 0 , 373 , 373 , 0 ,-100 ,N,N
16-Jan-2015 14:22,201411,201311,Other Reporting Airports      ,BENBECULA                     ,STORNOWAY                     , 643 , 643 , 0 , 374 , 374 , 0 , 71.92513 ,N,N
16-Jan-2015 14:22,201411,201311,Other Reporting Airports      ,BIGGIN HILL                   ,GUERNSEY                      , 0 , 0 , 0 , 1 , 0 , 1 ,-100 ,N,Y
16-Jan-2015 14:22,201411,201311,Other Reporting Airports      ,BIGGIN HILL                   ,LIVERPOOL (JOHN LENNON)       , 0 , 0 , 0 , 80 , 0 , 80 ,-100 ,N,N
16-Jan-2015 14:22,201411,201311,Other Reporting Airports      ,BIGGIN HILL                   ,NEWCASTLE                     , 75 , 0 , 75 , 0 , 0 , 0 ,Null,N,N
16-Jan-2015 14:22,201411,201311,Other Reporting Airports      ,BIRMINGHAM                    ,CITY OF DERRY (EGLINTON)      , 1937 , 1937 , 0 , 3547 , 3547 , 0 ,-45.39047 ,N,N
16-Jan-2015 14:22,201411,201311,Other Reporting Airports      ,BIRMINGHAM                    ,EDINBURGH                     , 25192 , 25192 , 0 , 26763 , 26695 , 68 ,-5.870044 ,N,N
16-Jan-2015 14:22,201411,201311,Other Reporting Airports      ,BIRMINGHAM                    ,GLASGOW                       , 20247 , 20247 , 0 , 19691 , 19691 , 0 , 2.823625 ,N,N
16-Jan-2015 14:22,201411,201311,Other Reporting Airports      ,BIRMINGHAM                    ,GUERNSEY                      , 2519 , 2519 , 0 , 2460 , 2370 , 90 , 2.398374 ,N,N
16-Jan-2015 14:22,201411,201311,Other Reporting Airports      ,BIRMINGHAM                    ,INVERNESS                     , 2834 , 2834 , 0 , 2752 , 2752 , 0 , 2.979651 ,N,N
16-Jan-2015 14:22,201411,201311,Other Reporting Airports      ,BIRMINGHAM                    ,ISLE OF MAN                   , 3530 , 3530 , 0 , 3684 , 3684 , 0 ,-4.180239 ,N,N
16-Jan-2015 14:22,201411,201311,Other Reporting Airports      ,BIRMINGHAM                    ,JERSEY                        , 2768 , 2768 , 0 , 2313 , 2313 , 0 , 19.67142 ,N,N
16-Jan-2015 14:22,201411,201311,Other Reporting Airports      ,BIRMINGHAM                    ,NEWCASTLE                     , 826 , 789 , 37 , 788 , 788 , 0 , 4.822335 ,N,N
16-Jan-2015 14:22,201411,201311,Other Reporting Airports      ,BLACKPOOL                     ,ISLE OF MAN                   , 0 , 0 , 0 , 1469 , 1469 , 0 ,-100 ,N,N
16-Jan-2015 14:22,201411,201311,Other Reporting Airports      ,BOURNEMOUTH                   ,LEEDS BRADFORD                , 33 , 0 , 33 , 0 , 0 , 0 ,Null,N,N
16-Jan-2015 14:22,201411,201311,Other Reporting Airports      ,BOURNEMOUTH                   ,LIVERPOOL (JOHN LENNON)       , 34 , 0 , 34 , 0 , 0 , 0 ,Null,N,N
16-Jan-2015 14:22,201411,201311,Other Reporting Airports      ,BOURNEMOUTH                   ,MANCHESTER                    , 73 , 0 , 73 , 0 , 0 , 0 ,Null,N,N
16-Jan-2015 14:22,201411,201311,Other Reporting Airports      ,BOURNEMOUTH                   ,NEWCASTLE                     , 0 , 0 , 0 , 40 , 0 , 40 ,-100 ,N,N
16-Jan-2015 14:22,201411,201311,Other Reporting Airports      ,BRISTOL                       ,EDINBURGH                     , 28151 , 28151 , 0 , 26135 , 26135 , 0 , 7.713794 ,N,N
16-Jan-2015 14:22,201411,201311,Other Reporting Airports      ,BRISTOL                       ,GLASGOW                       , 22554 , 22554 , 0 , 21778 , 21778 , 0 , 3.563229 ,N,N
16-Jan-2015 14:22,201411,201311,Other Reporting Airports      ,BRISTOL                       ,GUERNSEY                      , 1274 , 1274 , 0 , 1461 , 1461 , 0 ,-12.79945 ,N,N
16-Jan-2015 14:22,201411,201311,Other Reporting Airports      ,BRISTOL                       ,HAWARDEN                      , 467 , 0 , 467 , 914 , 0 , 914 ,-48.90591 ,N,N
16-Jan-2015 14:22,201411,201311,Other Reporting Airports      ,BRISTOL                       ,INVERNESS                     , 4591 , 4591 , 0 , 4821 , 4821 , 0 ,-4.770794 ,N,N
16-Jan-2015 14:22,201411,201311,Other Reporting Airports      ,BRISTOL                       ,JERSEY                        , 2601 , 2601 , 0 , 3161 , 3161 , 0 ,-17.71591 ,N,N
16-Jan-2015 14:22,201411,201311,Other Reporting Airports      ,BRISTOL                       ,LEEDS BRADFORD                , 39 , 0 , 39 , 0 , 0 , 0 ,Null,N,N
16-Jan-2015 14:22,201411,201311,Other Reporting Airports      ,BRISTOL                       ,MANCHESTER                    , 0 , 0 , 0 , 51 , 0 , 51 ,-100 ,N,N
16-Jan-2015 14:22,201411,201311,Other Reporting Airports      ,BRISTOL                       ,NEWCASTLE                     , 12916 , 12916 , 0 , 16279 , 16279 , 0 ,-20.65852 ,N,N
16-Jan-2015 14:22,201411,201311,Other Reporting Airports      ,CAMBRIDGE                     ,NEWCASTLE                     , 0 , 0 , 0 , 12 , 0 , 12 ,-100 ,N,N
16-Jan-2015 14:22,201411,201311,Other Reporting Airports      ,CAMPBELTOWN                   ,GLASGOW                       , 593 , 593 , 0 , 821 , 821 , 0 ,-27.77101 ,N,N
16-Jan-2015 14:22,201411,201311,Other Reporting Airports      ,CARDIFF WALES                 ,EDINBURGH                     , 3614 , 3581 , 33 , 6281 , 6281 , 0 ,-42.46139 ,N,N
16-Jan-2015 14:22,201411,201311,Other Reporting Airports      ,CARDIFF WALES                 ,GLASGOW                       , 0 , 0 , 0 , 4342 , 4342 , 0 ,-100 ,N,N
16-Jan-2015 14:22,201411,201311,Other Reporting Airports      ,CARDIFF WALES                 ,LIVERPOOL (JOHN LENNON)       , 43 , 0 , 43 , 0 , 0 , 0 ,Null,N,N
16-Jan-2015 14:22,201411,201311,Other Reporting Airports      ,CARDIFF WALES                 ,MANCHESTER                    , 81 , 0 , 81 , 110 , 0 , 110 ,-26.36364 ,N,N
16-Jan-2015 14:22,201411,201311,Other Reporting Airports      ,CARDIFF WALES                 ,NEWCASTLE                     , 1345 , 1345 , 0 , 1026 , 1026 , 0 , 31.09162 ,N,N
16-Jan-2015 14:22,201411,201311,Other Reporting Airports      ,CITY OF DERRY (EGLINTON)      ,GLASGOW                       , 6004 , 6004 , 0 , 0 , 0 , 0 ,Null,N,N
16-Jan-2015 14:22,201411,201311,Other Reporting Airports      ,CITY OF DERRY (EGLINTON)      ,LIVERPOOL (JOHN LENNON)       , 6856 , 6856 , 0 , 7185 , 7185 , 0 ,-4.578984 ,N,N
16-Jan-2015 14:22,201411,201311,Other Reporting Airports      ,CITY OF DERRY (EGLINTON)      ,PRESTWICK                     , 0 , 0 , 0 , 5535 , 5535 , 0 ,-100 ,N,N
16-Jan-2015 14:22,201411,201311,Other Reporting Airports      ,DONCASTER SHEFFIELD           ,FARNBOROUGH                   , 0 , 0 , 0 , 2 , 0 , 2 ,-100 ,N,Y
16-Jan-2015 14:22,201411,201311,Other Reporting Airports      ,DONCASTER SHEFFIELD           ,NEWCASTLE                     , 0 , 0 , 0 , 2 , 0 , 2 ,-100 ,N,Y
16-Jan-2015 14:22,201411,201311,Other Reporting Airports      ,DUNKESWELL                    ,JERSEY                        , 0 , 0 , 0 , 4 , 0 , 4 ,-100 ,N,Y
16-Jan-2015 14:22,201411,201311,Other Reporting Airports      ,DURHAM TEES VALLEY            ,NORWICH                       , 72 , 0 , 72 , 0 , 0 , 0 ,Null,N,N
16-Jan-2015 14:22,201411,201311,Other Reporting Airports      ,EAST MIDLANDS INTERNATIONAL   ,EDINBURGH                     , 7652 , 7652 , 0 , 7595 , 7595 , 0 , 0.7504938 ,N,N
16-Jan-2015 14:22,201411,201311,Other Reporting Airports      ,EAST MIDLANDS INTERNATIONAL   ,GLASGOW                       , 8500 , 8500 , 0 , 6768 , 6703 , 65 , 25.59102 ,N,N
16-Jan-2015 14:22,201411,201311,Other Reporting Airports      ,EAST MIDLANDS INTERNATIONAL   ,GUERNSEY                      , 1264 , 1264 , 0 , 1290 , 1290 , 0 ,-2.015504 ,N,N
16-Jan-2015 14:22,201411,201311,Other Reporting Airports      ,EAST MIDLANDS INTERNATIONAL   ,JERSEY                        , 2509 , 2509 , 0 , 1172 , 1172 , 0 , 114.0785 ,N,N
16-Jan-2015 14:22,201411,201311,Other Reporting Airports      ,EAST MIDLANDS INTERNATIONAL   ,NEWCASTLE                     , 64 , 0 , 64 , 0 , 0 , 0 ,Null,N,N
16-Jan-2015 14:22,201411,201311,Other Reporting Airports      ,EDAY                          ,KIRKWALL                      , 47 , 47 , 0 , 67 , 67 , 0 ,-29.85075 ,N,N
16-Jan-2015 14:22,201411,201311,Other Reporting Airports      ,EDINBURGH                     ,EXETER                        , 3617 , 3617 , 0 , 2641 , 2641 , 0 , 36.9557 ,N,N
16-Jan-2015 14:22,201411,201311,Other Reporting Airports      ,EDINBURGH                     ,GLASGOW                       , 0 , 0 , 0 , 29 , 0 , 29 ,-100 ,N,N
16-Jan-2015 14:22,201411,201311,Other Reporting Airports      ,EDINBURGH                     ,KIRKWALL                      , 3272 , 3272 , 0 , 3201 , 3201 , 0 , 2.218057 ,N,N
16-Jan-2015 14:22,201411,201311,Other Reporting Airports      ,EDINBURGH                     ,MANCHESTER                    , 9847 , 9847 , 0 , 10524 , 10524 , 0 ,-6.432915 ,N,N
16-Jan-2015 14:22,201411,201311,Other Reporting Airports      ,EDINBURGH                     ,NORWICH                       , 2425 , 2425 , 0 , 1779 , 1779 , 0 , 36.31253 ,N,N
16-Jan-2015 14:22,201411,201311,Other Reporting Airports      ,EDINBURGH                     ,SOUTHAMPTON                   , 16540 , 16540 , 0 , 16459 , 16459 , 0 , 0.492132 ,N,N
16-Jan-2015 14:22,201411,201311,Other Reporting Airports      ,EDINBURGH                     ,STORNOWAY                     , 1526 , 1526 , 0 , 1460 , 1460 , 0 , 4.520548 ,N,N
16-Jan-2015 14:22,201411,201311,Other Reporting Airports      ,EDINBURGH                     ,SUMBURGH                      , 3170 , 3170 , 0 , 2656 , 2656 , 0 , 19.35241 ,N,N
16-Jan-2015 14:22,201411,201311,Other Reporting Airports      ,EDINBURGH                     ,WICK JOHN O GROATS            , 934 , 934 , 0 , 1013 , 1013 , 0 ,-7.798618 ,N,N
16-Jan-2015 14:22,201411,201311,Other Reporting Airports      ,EXETER                        ,GLASGOW                       , 0 , 0 , 0 , 1990 , 1990 , 0 ,-100 ,N,N
16-Jan-2015 14:22,201411,201311,Other Reporting Airports      ,EXETER                        ,GUERNSEY                      , 1776 , 1776 , 0 , 1662 , 1662 , 0 , 6.859206 ,N,N
16-Jan-2015 14:22,201411,201311,Other Reporting Airports      ,EXETER                        ,ISLES OF SCILLY (ST.MARYS)    , 12 , 12 , 0 , 36 , 36 , 0 ,-66.66666 ,N,N
16-Jan-2015 14:22,201411,201311,Other Reporting Airports      ,EXETER                        ,JERSEY                        , 2722 , 2722 , 0 , 2395 , 2395 , 0 , 13.65344 ,N,N
16-Jan-2015 14:22,201411,201311,Other Reporting Airports      ,EXETER                        ,MANCHESTER                    , 10497 , 10497 , 0 , 7796 , 7796 , 0 , 34.64597 ,N,N
16-Jan-2015 14:22,201411,201311,Other Reporting Airports      ,EXETER                        ,NEWCASTLE                     , 3015 , 3015 , 0 , 2284 , 2284 , 0 , 32.00525 ,N,N
16-Jan-2015 14:22,201411,201311,Other Reporting Airports      ,FAIR ISLE                     ,LERWICK (TINGWALL)            , 155 , 155 , 0 , 143 , 143 , 0 , 8.391608 ,N,N
16-Jan-2015 14:22,201411,201311,Other Reporting Airports      ,FARNBOROUGH                   ,GLASGOW                       , 12 , 0 , 12 , 16 , 0 , 16 ,-25 ,Y,Y
16-Jan-2015 14:22,201411,201311,Other Reporting Airports      ,FARNBOROUGH                   ,JERSEY                        , 8 , 0 , 8 , 0 , 0 , 0 ,Null,Y,N
16-Jan-2015 14:22,201411,201311,Other Reporting Airports      ,FARNBOROUGH                   ,LIVERPOOL (JOHN LENNON)       , 78 , 0 , 78 , 45 , 0 , 45 , 73.33334 ,N,N
16-Jan-2015 14:22,201411,201311,Other Reporting Airports      ,FARNBOROUGH                   ,NEWCASTLE                     , 40 , 0 , 40 , 80 , 0 , 80 ,-50 ,N,N
16-Jan-2015 14:22,201411,201311,Other Reporting Airports      ,FOULA                         ,LERWICK (TINGWALL)            , 92 , 92 , 0 , 87 , 87 , 0 , 5.747127 ,N,N
16-Jan-2015 14:22,201411,201311,London Area Airports          ,GATWICK                       ,ABERDEEN                      , 12350 , 12350 , 0 , 13895 , 13895 , 0 ,-11.11911 ,N,N
16-Jan-2015 14:22,201411,201311,London Area Airports          ,GATWICK                       ,BELFAST CITY (GEORGE BEST)    , 19356 , 19356 , 0 , 32838 , 32838 , 0 ,-41.0561 ,N,N
16-Jan-2015 14:22,201411,201311,London Area Airports          ,GATWICK                       ,BELFAST INTERNATIONAL         , 32139 , 32139 , 0 , 31882 , 31849 , 33 , 0.8060975 ,N,N
16-Jan-2015 14:22,201411,201311,London Area Airports          ,GATWICK                       ,EDINBURGH                     , 52362 , 52362 , 0 , 57267 , 57267 , 0 ,-8.565143 ,N,N
16-Jan-2015 14:22,201411,201311,London Area Airports          ,GATWICK                       ,GLASGOW                       , 45140 , 45140 , 0 , 50294 , 50294 , 0 ,-10.24774 ,N,N
16-Jan-2015 14:22,201411,201311,London Area Airports          ,GATWICK                       ,GUERNSEY                      , 25271 , 25271 , 0 , 27068 , 27068 , 0 ,-6.638835 ,N,N
16-Jan-2015 14:22,201411,201311,London Area Airports          ,GATWICK                       ,INVERNESS                     , 15853 , 15853 , 0 , 14740 , 14740 , 0 , 7.550882 ,N,N
16-Jan-2015 14:22,201411,201311,London Area Airports          ,GATWICK                       ,ISLE OF MAN                   , 9501 , 9501 , 0 , 15693 , 15693 , 0 ,-39.45708 ,N,N
16-Jan-2015 14:22,201411,201311,London Area Airports          ,GATWICK                       ,JERSEY                        , 46101 , 46101 , 0 , 42501 , 42501 , 0 , 8.470389 ,N,N
16-Jan-2015 14:22,201411,201311,London Area Airports          ,GATWICK                       ,LIVERPOOL (JOHN LENNON)       , 43 , 0 , 43 , 41 , 0 , 41 , 4.878049 ,N,N
16-Jan-2015 14:22,201411,201311,London Area Airports          ,GATWICK                       ,NEWCASTLE                     , 8148 , 8076 , 72 , 6787 , 6787 , 0 , 20.05304 ,N,N
16-Jan-2015 14:22,201411,201311,London Area Airports          ,GATWICK                       ,NEWQUAY                       , 9378 , 9378 , 0 , 7228 , 7228 , 0 , 29.74543 ,N,N
16-Jan-2015 14:22,201411,201311,Other Reporting Airports      ,GLASGOW                       ,HUMBERSIDE                    , 10 , 0 , 10 , 0 , 0 , 0 ,Null,N,N
16-Jan-2015 14:22,201411,201311,Other Reporting Airports      ,GLASGOW                       ,ISLAY                         , 2165 , 2165 , 0 , 1757 , 1757 , 0 , 23.2214 ,N,N
16-Jan-2015 14:22,201411,201311,Other Reporting Airports      ,GLASGOW                       ,ISLE OF MAN                   , 634 , 634 , 0 , 0 , 0 , 0 ,Null,N,N
16-Jan-2015 14:22,201411,201311,Other Reporting Airports      ,GLASGOW                       ,JERSEY                        , 294 , 294 , 0 , 2241 , 2241 , 0 ,-86.88086 ,N,N
16-Jan-2015 14:22,201411,201311,Other Reporting Airports      ,GLASGOW                       ,KIRKWALL                      , 1347 , 1347 , 0 , 1386 , 1386 , 0 ,-2.813853 ,N,N
16-Jan-2015 14:22,201411,201311,Other Reporting Airports      ,GLASGOW                       ,LEEDS BRADFORD                , 845 , 845 , 0 , 992 , 978 , 14 ,-14.81855 ,N,N
16-Jan-2015 14:22,201411,201311,Other Reporting Airports      ,GLASGOW                       ,MANCHESTER                    , 7050 , 6992 , 58 , 4355 , 4312 , 43 , 61.88289 ,N,N
16-Jan-2015 14:22,201411,201311,Other Reporting Airports      ,GLASGOW                       ,SOUTHAMPTON                   , 14296 , 14296 , 0 , 15341 , 15341 , 0 ,-6.811811 ,N,N
16-Jan-2015 14:22,201411,201311,Other Reporting Airports      ,GLASGOW                       ,STORNOWAY                     , 5140 , 5140 , 0 , 4529 , 4529 , 0 , 13.49084 ,N,N
16-Jan-2015 14:22,201411,201311,Other Reporting Airports      ,GLASGOW                       ,SUMBURGH                      , 2225 , 2225 , 0 , 1959 , 1959 , 0 , 13.57836 ,N,N
16-Jan-2015 14:22,201411,201311,Other Reporting Airports      ,GLASGOW                       ,TIREE                         , 470 , 470 , 0 , 549 , 549 , 0 ,-14.3898 ,N,N
16-Jan-2015 14:22,201411,201311,Other Reporting Airports      ,GLOUCESTERSHIRE               ,ISLE OF MAN                   , 1150 , 1150 , 0 , 1121 , 1121 , 0 , 2.586976 ,N,N
16-Jan-2015 14:22,201411,201311,Other Reporting Airports      ,GUERNSEY                      ,JERSEY                        , 11922 , 11922 , 0 , 13135 , 13135 , 0 ,-9.234869 ,N,N
16-Jan-2015 14:22,201411,201311,Other Reporting Airports      ,GUERNSEY                      ,MANCHESTER                    , 4664 , 4664 , 0 , 4727 , 4723 , 4 ,-1.332769 ,N,N
16-Jan-2015 14:22,201411,201311,Other Reporting Airports      ,GUERNSEY                      ,SOUTHAMPTON                   , 13104 , 13104 , 0 , 11239 , 11239 , 0 , 16.594 ,N,N
16-Jan-2015 14:22,201411,201311,London Area Airports          ,HEATHROW                      ,ABERDEEN                      , 65456 , 65456 , 0 , 61282 , 61282 , 0 , 6.811135 ,N,N
16-Jan-2015 14:22,201411,201311,London Area Airports          ,HEATHROW                      ,BELFAST CITY (GEORGE BEST)    , 56342 , 56342 , 0 , 54283 , 54283 , 0 , 3.793084 ,N,N
16-Jan-2015 14:22,201411,201311,London Area Airports          ,HEATHROW                      ,EDINBURGH                     , 110666 , 110666 , 0 , 115662 , 115662 , 0 ,-4.319483 ,N,N
16-Jan-2015 14:22,201411,201311,London Area Airports          ,HEATHROW                      ,GLASGOW                       , 82637 , 82637 , 0 , 76109 , 76109 , 0 , 8.577172 ,N,N
16-Jan-2015 14:22,201411,201311,London Area Airports          ,HEATHROW                      ,LEEDS BRADFORD                , 10298 , 10298 , 0 , 10187 , 10187 , 0 , 1.089624 ,N,N
16-Jan-2015 14:22,201411,201311,London Area Airports          ,HEATHROW                      ,MANCHESTER                    , 75884 , 75884 , 0 , 68762 , 68762 , 0 , 10.35746 ,N,N
16-Jan-2015 14:22,201411,201311,London Area Airports          ,HEATHROW                      ,NEWCASTLE                     , 41795 , 41795 , 0 , 40457 , 40457 , 0 , 3.307215 ,N,N
16-Jan-2015 14:22,201411,201311,Other Reporting Airports      ,HUMBERSIDE                    ,LEEDS BRADFORD                , 91 , 0 , 91 , 0 , 0 , 0 ,Null,N,N
16-Jan-2015 14:22,201411,201311,Other Reporting Airports      ,HUMBERSIDE                    ,NORWICH                       , 0 , 0 , 0 , 26 , 26 , 0 ,-100 ,N,N
16-Jan-2015 14:22,201411,201311,Other Reporting Airports      ,HUMBERSIDE                    ,SOUTHAMPTON                   , 0 , 0 , 0 , 64 , 0 , 64 ,-100 ,N,N
16-Jan-2015 14:22,201411,201311,Other Reporting Airports      ,INVERNESS                     ,KIRKWALL                      , 1510 , 1510 , 0 , 1591 , 1591 , 0 ,-5.091138 ,N,N
16-Jan-2015 14:22,201411,201311,Other Reporting Airports      ,INVERNESS                     ,MANCHESTER                    , 6592 , 6592 , 0 , 4903 , 4903 , 0 , 34.4483 ,N,N
16-Jan-2015 14:22,201411,201311,Other Reporting Airports      ,INVERNESS                     ,STORNOWAY                     , 2446 , 2446 , 0 , 2514 , 2514 , 0 ,-2.704853 ,N,N
16-Jan-2015 14:22,201411,201311,Other Reporting Airports      ,INVERNESS                     ,SUMBURGH                      , 289 , 289 , 0 , 248 , 248 , 0 , 16.53226 ,N,N
16-Jan-2015 14:22,201411,201311,Other Reporting Airports      ,ISLE OF MAN                   ,LIVERPOOL (JOHN LENNON)       , 16142 , 16142 , 0 , 19661 , 19661 , 0 ,-17.89838 ,N,N
16-Jan-2015 14:22,201411,201311,Other Reporting Airports      ,ISLE OF MAN                   ,MANCHESTER                    , 15065 , 15065 , 0 , 11461 , 11461 , 0 , 31.44577 ,N,N
16-Jan-2015 14:22,201411,201311,Other Reporting Airports      ,ISLE OF MAN                   ,NEWCASTLE                     , 305 , 305 , 0 , 355 , 355 , 0 ,-14.08451 ,N,N
16-Jan-2015 14:22,201411,201311,Other Reporting Airports      ,ISLES OF SCILLY (ST.MARYS)    ,NEWQUAY                       , 902 , 902 , 0 , 841 , 841 , 0 , 7.25327 ,N,N
16-Jan-2015 14:22,201411,201311,Other Reporting Airports      ,JERSEY                        ,LEEDS BRADFORD                , 210 , 210 , 0 , 228 , 228 , 0 ,-7.894737 ,N,N
16-Jan-2015 14:22,201411,201311,Other Reporting Airports      ,JERSEY                        ,LIVERPOOL (JOHN LENNON)       , 6035 , 6035 , 0 , 4826 , 4826 , 0 , 25.0518 ,N,N
16-Jan-2015 14:22,201411,201311,Other Reporting Airports      ,JERSEY                        ,MANCHESTER                    , 3272 , 3272 , 0 , 3468 , 3468 , 0 ,-5.651672 ,N,N
16-Jan-2015 14:22,201411,201311,Other Reporting Airports      ,JERSEY                        ,NEWCASTLE                     , 219 , 219 , 0 , 234 , 234 , 0 ,-6.410256 ,N,N
16-Jan-2015 14:22,201411,201311,Other Reporting Airports      ,JERSEY                        ,SOUTHAMPTON                   , 7981 , 7981 , 0 , 12571 , 12571 , 0 ,-36.51261 ,N,N
16-Jan-2015 14:22,201411,201311,Other Reporting Airports      ,KIRKWALL                      ,NORTH RONALDSAY               , 313 , 313 , 0 , 368 , 368 , 0 ,-14.94565 ,N,N
16-Jan-2015 14:22,201411,201311,Other Reporting Airports      ,KIRKWALL                      ,PAPA WESTRAY                  , 343 , 343 , 0 , 333 , 333 , 0 , 3.003003 ,N,N
16-Jan-2015 14:22,201411,201311,Other Reporting Airports      ,KIRKWALL                      ,SANDAY                        , 255 , 255 , 0 , 285 , 285 , 0 ,-10.52632 ,N,N
16-Jan-2015 14:22,201411,201311,Other Reporting Airports      ,KIRKWALL                      ,STRONSAY                      , 260 , 260 , 0 , 282 , 282 , 0 ,-7.801418 ,N,N
16-Jan-2015 14:22,201411,201311,Other Reporting Airports      ,KIRKWALL                      ,SUMBURGH                      , 548 , 548 , 0 , 577 , 577 , 0 ,-5.025997 ,N,N
16-Jan-2015 14:22,201411,201311,Other Reporting Airports      ,KIRKWALL                      ,WESTRAY                       , 288 , 288 , 0 , 283 , 283 , 0 , 1.766784 ,N,N
16-Jan-2015 14:22,201411,201311,Other Reporting Airports      ,LEEDS BRADFORD                ,SOUTHAMPTON                   , 7220 , 7220 , 0 , 5243 , 5243 , 0 , 37.70742 ,N,N
16-Jan-2015 14:22,201411,201311,Other Reporting Airports      ,LERWICK (TINGWALL)            ,OUT SKERRIES                  , 7 , 5 , 2 , 17 , 17 , 0 ,-58.82353 ,N,N
16-Jan-2015 14:22,201411,201311,Other Reporting Airports      ,LERWICK (TINGWALL)            ,PAPA STOUR                    , 6 , 6 , 0 , 0 , 0 , 0 ,Null,N,N
16-Jan-2015 14:22,201411,201311,Other Reporting Airports      ,LIVERPOOL (JOHN LENNON)       ,NEWCASTLE                     , 36 , 0 , 36 , 0 , 0 , 0 ,Null,N,N
16-Jan-2015 14:22,201411,201311,London Area Airports          ,LONDON CITY                   ,ABERDEEN                      , 4561 , 4561 , 0 , 6027 , 6027 , 0 ,-24.32388 ,N,N
16-Jan-2015 14:22,201411,201311,London Area Airports          ,LONDON CITY                   ,BELFAST CITY (GEORGE BEST)    , 7847 , 7847 , 0 , 0 , 0 , 0 ,Null,N,N
16-Jan-2015 14:22,201411,201311,London Area Airports          ,LONDON CITY                   ,DUNDEE                        , 0 , 0 , 0 , 2084 , 2084 , 0 ,-100 ,N,N
16-Jan-2015 14:22,201411,201311,London Area Airports          ,LONDON CITY                   ,EDINBURGH                     , 41263 , 41263 , 0 , 28689 , 28689 , 0 , 43.82864 ,N,N
16-Jan-2015 14:22,201411,201311,London Area Airports          ,LONDON CITY                   ,EXETER                        , 4940 , 4940 , 0 , 0 , 0 , 0 ,Null,N,N
16-Jan-2015 14:22,201411,201311,London Area Airports          ,LONDON CITY                   ,GLASGOW                       , 22061 , 22061 , 0 , 18537 , 18537 , 0 , 19.01063 ,N,N
16-Jan-2015 14:22,201411,201311,London Area Airports          ,LONDON CITY                   ,GUERNSEY                      , 1312 , 1312 , 0 , 0 , 0 , 0 ,Null,N,N
16-Jan-2015 14:22,201411,201311,London Area Airports          ,LONDON CITY                   ,INVERNESS                     , 3376 , 3376 , 0 , 0 , 0 , 0 ,Null,N,N
16-Jan-2015 14:22,201411,201311,London Area Airports          ,LONDON CITY                   ,ISLE OF MAN                   , 5898 , 5898 , 0 , 2330 , 2330 , 0 , 153.133 ,N,N
16-Jan-2015 14:22,201411,201311,London Area Airports          ,LONDON CITY                   ,JERSEY                        , 3332 , 3332 , 0 , 3039 , 3039 , 0 , 9.64133 ,N,N
16-Jan-2015 14:22,201411,201311,London Area Airports          ,LUTON                         ,ABERDEEN                      , 4339 , 4339 , 0 , 4461 , 4461 , 0 ,-2.734813 ,N,N
16-Jan-2015 14:22,201411,201311,London Area Airports          ,LUTON                         ,BELFAST CITY (GEORGE BEST)    , 0 , 0 , 0 , 16 , 0 , 16 ,-100 ,N,N
16-Jan-2015 14:22,201411,201311,London Area Airports          ,LUTON                         ,BELFAST INTERNATIONAL         , 18535 , 18535 , 0 , 18190 , 18190 , 0 , 1.896646 ,N,N
16-Jan-2015 14:22,201411,201311,London Area Airports          ,LUTON                         ,CARDIFF WALES                 , 60 , 0 , 60 , 28 , 0 , 28 , 114.2857 ,N,N
16-Jan-2015 14:22,201411,201311,London Area Airports          ,LUTON                         ,DURHAM TEES VALLEY            , 0 , 0 , 0 , 63 , 0 , 63 ,-100 ,N,N
16-Jan-2015 14:22,201411,201311,London Area Airports          ,LUTON                         ,EDINBURGH                     , 19620 , 19620 , 0 , 22802 , 22802 , 0 ,-13.95492 ,N,N
16-Jan-2015 14:22,201411,201311,London Area Airports          ,LUTON                         ,EXETER                        , 86 , 0 , 86 , 121 , 0 , 121 ,-28.92562 ,N,N
16-Jan-2015 14:22,201411,201311,London Area Airports          ,LUTON                         ,GLASGOW                       , 17863 , 17805 , 58 , 24394 , 24394 , 0 ,-26.77298 ,N,N
16-Jan-2015 14:22,201411,201311,London Area Airports          ,LUTON                         ,INVERNESS                     , 5963 , 5963 , 0 , 5725 , 5725 , 0 , 4.157205 ,N,N
16-Jan-2015 14:22,201411,201311,London Area Airports          ,LUTON                         ,JERSEY                        , 7 , 0 , 7 , 0 , 0 , 0 ,Null,Y,N
16-Jan-2015 14:22,201411,201311,London Area Airports          ,LUTON                         ,LIVERPOOL (JOHN LENNON)       , 0 , 0 , 0 , 36 , 0 , 36 ,-100 ,N,N
16-Jan-2015 14:22,201411,201311,London Area Airports          ,LUTON                         ,MANCHESTER                    , 37 , 0 , 37 , 0 , 0 , 0 ,Null,N,N
16-Jan-2015 14:22,201411,201311,London Area Airports          ,LUTON                         ,NEWCASTLE                     , 72 , 0 , 72 , 0 , 0 , 0 ,Null,N,N
16-Jan-2015 14:22,201411,201311,Other Reporting Airports      ,MANCHESTER                    ,NEWCASTLE                     , 0 , 0 , 0 , 70 , 0 , 70 ,-100 ,N,N
16-Jan-2015 14:22,201411,201311,Other Reporting Airports      ,MANCHESTER                    ,NEWQUAY                       , 3815 , 3815 , 0 , 1826 , 1826 , 0 , 108.9266 ,N,N
16-Jan-2015 14:22,201411,201311,Other Reporting Airports      ,MANCHESTER                    ,NORWICH                       , 2585 , 2585 , 0 , 2656 , 2656 , 0 ,-2.673193 ,N,N
16-Jan-2015 14:22,201411,201311,Other Reporting Airports      ,MANCHESTER                    ,SOUTHAMPTON                   , 14424 , 14348 , 76 , 10991 , 10991 , 0 , 31.23465 ,N,N
16-Jan-2015 14:22,201411,201311,Other Reporting Airports      ,NEWCASTLE                     ,NORWICH                       , 0 , 0 , 0 , 80 , 0 , 80 ,-100 ,N,N
16-Jan-2015 14:22,201411,201311,Other Reporting Airports      ,NEWCASTLE                     ,SOUTHAMPTON                   , 8267 , 8267 , 0 , 7510 , 7474 , 36 , 10.07989 ,N,N
16-Jan-2015 14:22,201411,201311,London Area Airports          ,SOUTHEND                      ,BELFAST INTERNATIONAL         , 0 , 0 , 0 , 4931 , 4931 , 0 ,-100 ,N,N
16-Jan-2015 14:22,201411,201311,London Area Airports          ,SOUTHEND                      ,EDINBURGH                     , 0 , 0 , 0 , 4293 , 4293 , 0 ,-100 ,N,N
16-Jan-2015 14:22,201411,201311,London Area Airports          ,SOUTHEND                      ,ISLE OF MAN                   , 32 , 32 , 0 , 0 , 0 , 0 ,Null,N,N
16-Jan-2015 14:22,201411,201311,London Area Airports          ,SOUTHEND                      ,JERSEY                        , 270 , 270 , 0 , 2973 , 2973 , 0 ,-90.91827 ,N,N
16-Jan-2015 14:22,201411,201311,London Area Airports          ,STANSTED                      ,BELFAST INTERNATIONAL         , 27597 , 27597 , 0 , 26320 , 26320 , 0 , 4.851824 ,N,N
16-Jan-2015 14:22,201411,201311,London Area Airports          ,STANSTED                      ,CITY OF DERRY (EGLINTON)      , 11792 , 11792 , 0 , 11096 , 11096 , 0 , 6.272531 ,N,N
16-Jan-2015 14:22,201411,201311,London Area Airports          ,STANSTED                      ,DUNDEE                        , 1700 , 1700 , 0 , 0 , 0 , 0 ,Null,N,N
16-Jan-2015 14:22,201411,201311,London Area Airports          ,STANSTED                      ,EDINBURGH                     , 49471 , 49471 , 0 , 27243 , 27241 , 2 , 81.5916 ,N,N
16-Jan-2015 14:22,201411,201311,London Area Airports          ,STANSTED                      ,GATWICK                       , 0 , 0 , 0 , 2 , 0 , 2 ,-100 ,N,N
16-Jan-2015 14:22,201411,201311,London Area Airports          ,STANSTED                      ,GLASGOW                       , 38367 , 38367 , 0 , 22755 , 22755 , 0 , 68.6091 ,N,N
16-Jan-2015 14:22,201411,201311,London Area Airports          ,STANSTED                      ,GUERNSEY                      , 1156 , 1156 , 0 , 1146 , 1146 , 0 , 0.8726004 ,N,N
16-Jan-2015 14:22,201411,201311,London Area Airports          ,STANSTED                      ,LIVERPOOL (JOHN LENNON)       , 0 , 0 , 0 , 64 , 0 , 64 ,-100 ,N,N
16-Jan-2015 14:22,201411,201311,London Area Airports          ,STANSTED                      ,MANCHESTER                    , 0 , 0 , 0 , 64 , 0 , 64 ,-100 ,N,N
16-Jan-2015 14:22,201411,201311,London Area Airports          ,STANSTED                      ,NEWCASTLE                     , 0 , 0 , 0 , 72 , 0 , 72 ,-100 ,N,N
