rundate,report_period,reporting_reporting_grp_name,reporting_reporting_name,mail_scheduled_passenger_aircraft_foreign_EU,mail_scheduled_cargo_aircraft_foreign_EU,mail_charter_passenger_aircraft_foreign_EU,mail_charter_cargo_aircraft_foreign_EU,mail_scheduled_passenger_aircraft_foreign_non_EU,mail_scheduled_cargo_aircraft_foreign_non_EU,mail_charter_passenger_aircraft_foreign_non_EU,mail_charter_cargo_aircraft_foreign_non_EU,mail_scheduled_passenger_aircraft_uk,mail_scheduled_cargo_aircraft_uk,mail_charter_passenger_aircraft_uk,mail_charter_cargo_aircraft_uk
14/12/2001 10:41,200109,London Area Airports,GATWICK,101.3,0,0.182,0,293.137,0,0,0,32.052,0,0,310.826
14/12/2001 10:41,200109,London Area Airports,HEATHROW,1493.401,3.742,0,0,3358.606,31.235,0,0,45.512,319.859,0,0
14/12/2001 10:41,200109,London Area Airports,STANSTED,0,0,0.029,43.364,0,0,0,0,0,0,0,934.377
14/12/2001 10:41,200109,Other UK Airports,ABERDEEN,0,0,0,0,0,0,0,0,3.769,0,0,39.169
14/12/2001 10:41,200109,Other UK Airports,BARRA,0,0,0,0,0,0,0,0,3.325,0,0,0
14/12/2001 10:41,200109,Other UK Airports,BELFAST CITY,0,0,0,0,0,0,0,0,1.166,0,0,0
14/12/2001 10:41,200109,Other UK Airports,BELFAST INTERNATIONAL,0,0,0,0,0,0,0,0,32.458,0,0,925.462
14/12/2001 10:41,200109,Other UK Airports,BENBECULA,0,0,0,0,0,0,0,0,2.45,0,0,0
14/12/2001 10:41,200109,Other UK Airports,BIGGIN HILL,0,0,0,0,0,0,0,0,0,0,0,23.351
14/12/2001 10:41,200109,Other UK Airports,BIRMINGHAM,49.766,0,0.242,0,6.62,0,0,0,38.111,0,0,0
14/12/2001 10:41,200109,Other UK Airports,BOURNEMOUTH,0,0,0,0,0,0,0,0,64.454,0,0,281.249
14/12/2001 10:41,200109,Other UK Airports,BRISTOL,0,0,0,0,0,0,0,0,0,0,0,310.523
14/12/2001 10:41,200109,Other UK Airports,CARDIFF WALES,0,0,0,0,0,0,0,0,0,0,0,38.023
14/12/2001 10:41,200109,Other UK Airports,CARLISLE,0,0,0,0,0,0,0,0,0,0,0,10
14/12/2001 10:41,200109,Other UK Airports,COVENTRY,0,0,0,6.249,0,0,0,0,0,0,0,648.868
14/12/2001 10:41,200109,Other UK Airports,EAST MIDLANDS,0,0,0,0,0,0,0,0,0.359,0,0,698.54
14/12/2001 10:41,200109,Other UK Airports,EDINBURGH,3.113,0,0,455.693,0,0,0,26.844,9.936,334.992,0,1796.46
14/12/2001 10:41,200109,Other UK Airports,EXETER,0,0,0,0,0,0,0,0,0,0,0,95.152
14/12/2001 10:41,200109,Other UK Airports,GLASGOW,39.325,0,0,0,2.009,0,0,0,50.594,0,0,4.309
14/12/2001 10:41,200109,Other UK Airports,INVERNESS,0,0,0,0,0,0,0,0,5.295,0,0,0
14/12/2001 10:41,200109,Other UK Airports,ISLAY,0,0,0,0,0,0,0,0,3.407,0,0,0
14/12/2001 10:41,200109,Other UK Airports,ISLE OF MAN,0,0,0,0,0,0,0,0,0,0,0,199.734
14/12/2001 10:41,200109,Other UK Airports,ISLES OF SCILLY (ST.MARYS),0,0,0,0,0,0,0,0,11,4,0,0
14/12/2001 10:41,200109,Other UK Airports,KENT INTERNATIONAL,0,0,0,0,0,0,0,46.605,0,0,0,0
14/12/2001 10:41,200109,Other UK Airports,KIRKWALL,0,0,0,0,0,0,0,0,2.375,0.092,0,0
14/12/2001 10:41,200109,Other UK Airports,LIVERPOOL,0,0,0,0,0,0,0,0,0,0,0,989.449
14/12/2001 10:41,200109,Other UK Airports,MANCHESTER,207.958,0,0.002,0,44.774,0,0,0,6.313,0,0,0
14/12/2001 10:41,200109,Other UK Airports,NEWCASTLE,0.02,0,0,0,0,0,0,0,1.893,6.1,0,216.233
14/12/2001 10:41,200109,Other UK Airports,PENZANCE HELIPORT,0,0,0,0,0,0,0,0,9,0,0,0
14/12/2001 10:41,200109,Other UK Airports,STORNOWAY,0,0,0,0,0,0,0,0,1.339,0,0,0
14/12/2001 10:41,200109,Other UK Airports,TIREE,0,0,0,0,0,0,0,0,2.018,0,0,0
14/12/2001 10:41,200109,Channel Islands Airports,ALDERNEY,0,0,0,0,0,0,0,0,9.952,1.872,0,0
14/12/2001 10:41,200109,Channel Islands Airports,GUERNSEY,0,0,0,0,0,0,0,0,20.017,2.766,0,144.13
14/12/2001 10:41,200109,Channel Islands Airports,JERSEY,0,0,0,0,0,0,0,0,31.331,0,0,0
