rundate,report_period,reporting_airport_grp_name,reporting_airport_name,total_mail,mail_set_down_scheduled_uk,mail_picked_up_scheduled_uk,mail_set_down_scheduled_foreign_EU,mail_picked_up_scheduled_foreign_EU,mail_set_down_scheduled_foreign_non_EU,mail_picked_up_scheduled_foreign_non_EU,mail_set_down_charter_uk,mail_picked_up_charter_uk,mail_set_down_charter_foreign_EU,mail_picked_up_charter_foreign_EU,mail_set_down_charter_foreign_non_EU,mail_picked_up_charter_foreign_non_EU
14/12/2001 10:41,200109,London Area Airports,GATWICK,737.497,96.552,191.819,7.336,10.149,32.441,88.192,169.155,141.853,0,0,0,0
14/12/2001 10:41,200109,London Area Airports,HEATHROW,5252.355,411.774,404.519,537.35,895.025,1159.136,1844.551,0,0,0,0,0,0
14/12/2001 10:41,200109,London Area Airports,STANSTED,977.77,0,0,0,0,0,0,330.145,647.625,0,0,0,0
14/12/2001 10:41,200109,Other UK Airports,ABERDEEN,42.938,1.149,2.62,0,0,0,0,0,39.169,0,0,0,0
14/12/2001 10:41,200109,Other UK Airports,BARRA,3.325,2.708,0.617,0,0,0,0,0,0,0,0,0,0
14/12/2001 10:41,200109,Other UK Airports,BELFAST CITY,1.166,0.911,0.255,0,0,0,0,0,0,0,0,0,0
14/12/2001 10:41,200109,Other UK Airports,BELFAST INTERNATIONAL,957.92,25.79,6.668,0,0,0,0,610.844,314.618,0,0,0,0
14/12/2001 10:41,200109,Other UK Airports,BENBECULA,2.45,0,2.45,0,0,0,0,0,0,0,0,0,0
14/12/2001 10:41,200109,Other UK Airports,BIGGIN HILL,23.351,0,0,0,0,0,0,6.485,16.866,0,0,0,0
14/12/2001 10:41,200109,Other UK Airports,BIRMINGHAM,94.739,10.216,44.507,0,33.154,0,6.62,0.242,0,0,0,0,0
14/12/2001 10:41,200109,Other UK Airports,BOURNEMOUTH,345.703,28.834,35.62,0,0,0,0,119.415,161.834,0,0,0,0
14/12/2001 10:41,200109,Other UK Airports,BRISTOL,310.523,0,0,0,0,0,0,148.336,162.187,0,0,0,0
14/12/2001 10:41,200109,Other UK Airports,CARDIFF WALES,38.023,0,0,0,0,0,0,10.357,27.666,0,0,0,0
14/12/2001 10:41,200109,Other UK Airports,CARLISLE,10,0,0,0,0,0,0,0,10,0,0,0,0
14/12/2001 10:41,200109,Other UK Airports,COVENTRY,655.117,0,0,0,0,0,0,209.754,439.114,0,6.249,0,0
14/12/2001 10:41,200109,Other UK Airports,EAST MIDLANDS,698.899,0,0.359,0,0,0,0,345.847,352.693,0,0,0,0
14/12/2001 10:41,200109,Other UK Airports,EDINBURGH,2627.038,181.912,166.129,0,0,0,0,1260.941,953.871,14.969,0,26.844,22.372
14/12/2001 10:41,200109,Other UK Airports,EXETER,95.152,0,0,0,0,0,0,44.855,50.297,0,0,0,0
14/12/2001 10:41,200109,Other UK Airports,GLASGOW,96.237,8.735,63.412,1.036,16.736,0.034,1.975,0,4.309,0,0,0,0
14/12/2001 10:41,200109,Other UK Airports,INVERNESS,5.295,0,5.295,0,0,0,0,0,0,0,0,0,0
14/12/2001 10:41,200109,Other UK Airports,ISLAY,3.407,1.124,2.283,0,0,0,0,0,0,0,0,0,0
14/12/2001 10:41,200109,Other UK Airports,ISLE OF MAN,199.734,0,0,0,0,0,0,133.596,66.138,0,0,0,0
14/12/2001 10:41,200109,Other UK Airports,ISLES OF SCILLY (ST.MARYS),15,10,5,0,0,0,0,0,0,0,0,0,0
14/12/2001 10:41,200109,Other UK Airports,KENT INTERNATIONAL,46.605,0,0,0,0,0,0,0,0,0,0,46.605,0
14/12/2001 10:41,200109,Other UK Airports,KIRKWALL,2.467,0.51,1.957,0,0,0,0,0,0,0,0,0,0
14/12/2001 10:41,200109,Other UK Airports,LIVERPOOL,989.449,0,0,0,0,0,0,447.07,495.33,23.122,23.927,0,0
14/12/2001 10:41,200109,Other UK Airports,MANCHESTER,259.047,7.477,43.852,107.831,64.668,13.791,21.426,0.002,0,0,0,0,0
14/12/2001 10:41,200109,Other UK Airports,NEWCASTLE,224.246,6.345,1.668,0,0,0,0,95.215,121.018,0,0,0,0
14/12/2001 10:41,200109,Other UK Airports,PENZANCE HELIPORT,9,3,6,0,0,0,0,0,0,0,0,0,0
14/12/2001 10:41,200109,Other UK Airports,STORNOWAY,1.339,1.26,0.079,0,0,0,0,0,0,0,0,0,0
14/12/2001 10:41,200109,Other UK Airports,TIREE,2.018,1.794,0.224,0,0,0,0,0,0,0,0,0,0
14/12/2001 10:41,200109,Channel Islands Airports,ALDERNEY,11.824,9.511,2.313,0,0,0,0,0,0,0,0,0,0
14/12/2001 10:41,200109,Channel Islands Airports,GUERNSEY,166.913,6.85,15.933,0,0,0,0,88.765,55.365,0,0,0,0
14/12/2001 10:41,200109,Channel Islands Airports,JERSEY,31.331,15.785,15.546,0,0,0,0,0,0,0,0,0,0
