rundate,report_period,reporting_airport_group_name,reporting_airport_name,freight_scheduled_passenger_aircraft_foreign_eu,freight_scheduled_cargo_aircraft_foreign_eu,freight_charter_passenger_aircraft_foreign_eu,freight_charter_cargo_aircraft_foreign_eu,freight_scheduled_passenger_aircraft_foreign_non_eu,freight_scheduled_cargo_aircraft_foreign_non_eu,freight_charter_passenger_aircraft_foreign_non_eu,freight_charter_cargo_aircraft_foreign_non_eu,freight_scheduled_passenger_aircraft_uk,freight_scheduled_cargo_aircraft_uk,freight_charter_passenger_aircraft_uk,freight_charter_cargo_aircraft_uk
14/12/2001 10:39,200109,London Area Airports,GATWICK,482.346,1.736,269.384,8.28,16097.353,0,965.024,2342.587,153.387,0,0,19.421
14/12/2001 10:39,200109,London Area Airports,HEATHROW,8060.084,435.005,0,924.78,67281.989,7727.62,11.293,249.615,404.347,27.191,0,132.333
14/12/2001 10:39,200109,London Area Airports,LUTON,19.996,0.02,7.982,1073.009,0.064,0,7.147,503.081,1.174,0,0,0
14/12/2001 10:39,200109,London Area Airports,SOUTHEND,0,0,0,35.227,0,0,0,0,0,0,0,3.4
14/12/2001 10:39,200109,London Area Airports,STANSTED,97.117,767.45,0,2651.364,2.653,7325.271,0,587.931,19.522,0,0,414.265
14/12/2001 10:39,200109,Other UK Airports,ABERDEEN,8.022,0,0.437,2.898,72.885,0,42.939,5.194,45.018,0,38.908,101.99
14/12/2001 10:39,200109,Other UK Airports,BARRA,0,0,0,0,0,0,0,0,3.119,0,0,0
14/12/2001 10:39,200109,Other UK Airports,BELFAST CITY,0,0,0,0,0,0,0,0,26.637,0,0,0
14/12/2001 10:39,200109,Other UK Airports,BELFAST INTERNATIONAL,4.72,0,0.152,0,33.892,0,19.403,78.783,213.243,0,0,2346.439
14/12/2001 10:39,200109,Other UK Airports,BENBECULA,0,0,0,0,0,0,0,0,19.263,0,0,0
14/12/2001 10:39,200109,Other UK Airports,BIRMINGHAM,160.616,0,6.137,53.802,663.143,0,21.573,0,56.801,0,0,0
14/12/2001 10:39,200109,Other UK Airports,BLACKPOOL,0,0,0,0,0,0,5.926,0,0,0,0,0
14/12/2001 10:39,200109,Other UK Airports,BOURNEMOUTH,0,0,0,0,0,0,0,0,0,128.024,0,277.813
14/12/2001 10:39,200109,Other UK Airports,BRISTOL,0,0.989,0,0.084,0,0.047,0,0,0,0.688,0,0
14/12/2001 10:39,200109,Other UK Airports,CAMBRIDGE,0,0,12.5,0,0,0,0,0,0,0,0,0
14/12/2001 10:39,200109,Other UK Airports,CARDIFF WALES,0.109,0,6.672,77.603,0,0,2.412,0,0.135,0,0,0.875
14/12/2001 10:39,200109,Other UK Airports,COVENTRY,0,0,0,149.513,0,0,0,20.93,0,0,0,190.822
14/12/2001 10:39,200109,Other UK Airports,EAST MIDLANDS,0.462,1507.555,0,8695.695,0,2073.623,0,229.002,2.564,0,0,2350.957
14/12/2001 10:39,200109,Other UK Airports,EDINBURGH,21.013,0,0.391,355.664,1.154,0,0,254.407,72.016,0,0,580.921
14/12/2001 10:39,200109,Other UK Airports,GLASGOW,52.898,0,11.811,0,318.559,0,17.633,0,144.7,0,0,17.505
14/12/2001 10:39,200109,Other UK Airports,HUMBERSIDE,0.172,0,0.049,0,0,0,7.824,1.683,0,0,0,0
14/12/2001 10:39,200109,Other UK Airports,INVERNESS,0,0,0,0,0,0,0,0,42.55,20.28,0,0
14/12/2001 10:39,200109,Other UK Airports,ISLAY,0,0,0,0,0,0,0,0,18.245,0,0,0
14/12/2001 10:39,200109,Other UK Airports,ISLE OF MAN,0.63,0,0,0,0,0,0,0,25.908,0,0,132.265
14/12/2001 10:39,200109,Other UK Airports,ISLES OF SCILLY (ST.MARYS),0,0,0,0,0,0,0,0,13,2,0,0
14/12/2001 10:39,200109,Other UK Airports,ISLES OF SCILLY (TRESCO),0,0,0,0,0,0,0,0,2.8,0,0,0
14/12/2001 10:39,200109,Other UK Airports,KENT INTERNATIONAL,0,0,0,355.362,0,0,0,2477.374,0,0,0,0
14/12/2001 10:39,200109,Other UK Airports,KIRKWALL,0,0,0,0,0,0,0,0,8.63,0.062,0,0
14/12/2001 10:39,200109,Other UK Airports,LEEDS BRADFORD,5.952,0,0.238,120.267,0,0,0,106.047,6.048,0,0,0
14/12/2001 10:39,200109,Other UK Airports,LIVERPOOL,0,0,0.262,1167.657,0,0,0,0,4.198,0,0,652.776
14/12/2001 10:39,200109,Other UK Airports,MANCHESTER,419.409,10,98.759,35.285,4619.129,3683.937,499.959,65.782,48.324,0,0,0
14/12/2001 10:39,200109,Other UK Airports,NEWCASTLE,4.059,0,0.145,29.4,6.197,0,0.38,0,1.7,0,0,0
14/12/2001 10:39,200109,Other UK Airports,NORWICH,2.939,0,0,0,0,0,3.45,0.292,0.015,0,0,0
14/12/2001 10:39,200109,Other UK Airports,PENZANCE HELIPORT,0,0,0,0,0,0,0,0,15,0,0,0
14/12/2001 10:39,200109,Other UK Airports,PLYMOUTH,1.25,0,0,0,0,0,0,0,1.5,0,0,0
14/12/2001 10:39,200109,Other UK Airports,PRESTWICK,7.83,963.973,0,20.337,0,2778.081,0,139.601,0.002,0,0,6.277
14/12/2001 10:39,200109,Other UK Airports,SCATSTA,0,0,0,0,0,0,11.193,0.03,0,0,37.212,0.705
14/12/2001 10:39,200109,Other UK Airports,SOUTHAMPTON,0,0,0,0,0,0,0,0,27.007,0,0,0
14/12/2001 10:39,200109,Other UK Airports,STORNOWAY,0,0,0,0,0,0,0,0,40.967,20.326,0,0
14/12/2001 10:39,200109,Other UK Airports,SUMBURGH,0,0,0,0,0,0,0.388,0,5.409,0,0.517,0
14/12/2001 10:39,200109,Other UK Airports,TEESSIDE,0,0,0,69.978,0,0,0,0,0.391,0,0,1.013
14/12/2001 10:39,200109,Other UK Airports,TIREE,0,0,0,0,0,0,0,0,2.354,0,0,0
14/12/2001 10:39,200109,Channel Islands Airports,ALDERNEY,0,0,0,0,0,0,0,0,27.515,2.514,0,0
14/12/2001 10:39,200109,Channel Islands Airports,GUERNSEY,2.475,0.028,0,0,1.409,0,0,0,139.308,70.588,0,189.15
14/12/2001 10:39,200109,Channel Islands Airports,JERSEY,0.507,0,0,0,1.022,0,0,0,164.884,0,0,332.34
