rundate,this_period,last_period,group_name,airport1_name,airport2_name,total_pax_this_period,total_pax_scheduled_this_period,total_pax_charter_this_period,total_pax_last_period,total_pax_scheduled_last_period,total_pax_charter_last_period,total_pax_percent_change
14/12/2001 10:38,200109,200009,London Area Airports,GATWICK,ABERDEEN,21347,21299,48,23826,23826,0,-10.40460014
14/12/2001 10:38,200109,200009,London Area Airports,GATWICK,BELFAST CITY,19796,19796,0,23023,23023,0,-14.01641846
14/12/2001 10:38,200109,200009,London Area Airports,GATWICK,BRISTOL,1247,1247,0,1444,1444,0,-13.64265919
14/12/2001 10:38,200109,200009,London Area Airports,GATWICK,EDINBURGH,33981,33981,0,32780,32780,0,3.663819313
14/12/2001 10:38,200109,200009,London Area Airports,GATWICK,GLASGOW,32857,32857,0,31545,31545,0,4.159137726
14/12/2001 10:38,200109,200009,London Area Airports,GATWICK,GUERNSEY,27468,27468,0,31362,31362,0,-12.41629982
14/12/2001 10:38,200109,200009,London Area Airports,GATWICK,INVERNESS,14223,14223,0,15244,15244,0,-6.69771719
14/12/2001 10:38,200109,200009,London Area Airports,GATWICK,JERSEY,48975,48975,0,37706,37706,0,29.88648987
14/12/2001 10:38,200109,200009,London Area Airports,GATWICK,MANCHESTER,37861,37558,303,40710,40710,0,-6.998280525
14/12/2001 10:38,200109,200009,London Area Airports,GATWICK,NEWCASTLE,16778,16778,0,16403,16403,0,2.286167145
14/12/2001 10:38,200109,200009,London Area Airports,GATWICK,NEWQUAY,4836,4836,0,5270,5270,0,-8.235294342
14/12/2001 10:38,200109,200009,London Area Airports,GATWICK,PLYMOUTH,4128,4128,0,4487,4487,0,-8.000891685
14/12/2001 10:38,200109,200009,London Area Airports,GATWICK,STANSTED,178,0,178,0,0,0,
14/12/2001 10:38,200109,200009,London Area Airports,HEATHROW,ABERDEEN,40484,40484,0,45683,45683,0,-11.38060093
14/12/2001 10:38,200109,200009,London Area Airports,HEATHROW,BELFAST INTERNATIONAL,84373,84373,0,96458,96458,0,-12.52876854
14/12/2001 10:38,200109,200009,London Area Airports,HEATHROW,EDINBURGH,134303,134303,0,147311,147311,0,-8.83029747
14/12/2001 10:38,200109,200009,London Area Airports,HEATHROW,GLASGOW,120495,120495,0,132416,132416,0,-9.002688408
14/12/2001 10:38,200109,200009,London Area Airports,HEATHROW,ISLE OF MAN,10208,10208,0,10188,10188,0,0.196309388
14/12/2001 10:38,200109,200009,London Area Airports,HEATHROW,JERSEY,100,0,100,25161,25161,0,-99.60256195
14/12/2001 10:38,200109,200009,London Area Airports,HEATHROW,KINROSS,0,0,0,191,0,191,
14/12/2001 10:38,200109,200009,London Area Airports,HEATHROW,LEEDS BRADFORD,15775,15775,0,17117,17117,0,-7.840158939
14/12/2001 10:38,200109,200009,London Area Airports,HEATHROW,MANCHESTER,96166,96166,0,109606,109606,0,-12.26210213
14/12/2001 10:38,200109,200009,London Area Airports,HEATHROW,NEWCASTLE,34755,34755,0,37609,37609,0,-7.588609219
14/12/2001 10:38,200109,200009,London Area Airports,HEATHROW,PRESTWICK,0,0,0,77,0,77,
14/12/2001 10:38,200109,200009,London Area Airports,HEATHROW,TEESSIDE,12226,12226,0,13483,13483,0,-9.322851181
14/12/2001 10:38,200109,200009,London Area Airports,LONDON CITY,ABERDEEN,2224,2224,0,0,0,0,
14/12/2001 10:38,200109,200009,London Area Airports,LONDON CITY,BELFAST CITY,5259,5259,0,3407,3407,0,54.3586731
14/12/2001 10:38,200109,200009,London Area Airports,LONDON CITY,BIGGIN HILL,10,10,0,0,0,0,
14/12/2001 10:38,200109,200009,London Area Airports,LONDON CITY,DUNDEE,3436,3436,0,3903,3903,0,-11.96515465
14/12/2001 10:38,200109,200009,London Area Airports,LONDON CITY,EDINBURGH,10730,10730,0,12413,12413,0,-13.55836582
14/12/2001 10:38,200109,200009,London Area Airports,LONDON CITY,GLASGOW,2126,2126,0,3119,3119,0,-31.83712769
14/12/2001 10:38,200109,200009,London Area Airports,LONDON CITY,INVERNESS,224,224,0,0,0,0,
14/12/2001 10:38,200109,200009,London Area Airports,LONDON CITY,ISLE OF MAN,2334,2334,0,606,606,0,285.1485291
14/12/2001 10:38,200109,200009,London Area Airports,LONDON CITY,JERSEY,7722,7722,0,5161,5161,0,49.62216568
14/12/2001 10:38,200109,200009,London Area Airports,LONDON CITY,LEEDS BRADFORD,35,0,35,3058,3058,0,-98.85546112
14/12/2001 10:38,200109,200009,London Area Airports,LUTON,ABERDEEN,11737,11737,0,12429,12429,0,-5.567624092
14/12/2001 10:38,200109,200009,London Area Airports,LUTON,BELFAST INTERNATIONAL,28985,28985,0,25234,25234,0,14.8648653
14/12/2001 10:38,200109,200009,London Area Airports,LUTON,EDINBURGH,35913,35913,0,31031,31021,10,15.73265457
14/12/2001 10:38,200109,200009,London Area Airports,LUTON,GLASGOW,37320,37300,20,35969,35969,0,3.756012201
14/12/2001 10:38,200109,200009,London Area Airports,LUTON,HEATHROW,0,0,0,9,0,9,
14/12/2001 10:38,200109,200009,London Area Airports,LUTON,INVERNESS,9679,9679,0,9589,9589,0,0.938575447
14/12/2001 10:38,200109,200009,London Area Airports,LUTON,ISLE OF MAN,3603,3603,0,3669,3669,0,-1.798855305
14/12/2001 10:38,200109,200009,London Area Airports,LUTON,JERSEY,6328,6328,0,6828,6828,0,-7.322788715
14/12/2001 10:38,200109,200009,London Area Airports,LUTON,LEEDS BRADFORD,0,0,0,24,0,24,
14/12/2001 10:38,200109,200009,London Area Airports,LUTON,LIVERPOOL,0,0,0,15466,15466,0,
14/12/2001 10:38,200109,200009,London Area Airports,LUTON,MANCHESTER,1,0,1,0,0,0,
14/12/2001 10:38,200109,200009,London Area Airports,LUTON,NEWCASTLE,35,0,35,0,0,0,
14/12/2001 10:38,200109,200009,London Area Airports,SOUTHEND,JERSEY,498,0,498,452,0,452,10.17699146
14/12/2001 10:38,200109,200009,London Area Airports,STANSTED,ABERDEEN,46,0,46,0,0,0,
14/12/2001 10:38,200109,200009,London Area Airports,STANSTED,BELFAST CITY,298,298,0,14287,14287,0,-97.91418457
14/12/2001 10:38,200109,200009,London Area Airports,STANSTED,BELFAST INTERNATIONAL,22335,22335,0,0,0,0,
14/12/2001 10:38,200109,200009,London Area Airports,STANSTED,EDINBURGH,41150,41150,0,35325,35325,0,16.48973846
14/12/2001 10:38,200109,200009,London Area Airports,STANSTED,GLASGOW,26157,26147,10,0,0,0,
14/12/2001 10:38,200109,200009,London Area Airports,STANSTED,GUERNSEY,5036,5036,0,4784,4784,0,5.267558575
14/12/2001 10:38,200109,200009,London Area Airports,STANSTED,INVERNESS,525,0,525,608,0,608,-13.65131569
14/12/2001 10:38,200109,200009,London Area Airports,STANSTED,JERSEY,1155,0,1155,1218,0,1218,-5.172413826
14/12/2001 10:38,200109,200009,London Area Airports,STANSTED,LIVERPOOL,61,0,61,0,0,0,
14/12/2001 10:38,200109,200009,London Area Airports,STANSTED,LONDONDERRY,11929,11929,0,11687,11687,0,2.070676804
14/12/2001 10:38,200109,200009,London Area Airports,STANSTED,MANCHESTER,3383,3302,81,2437,2437,0,38.81821823
14/12/2001 10:38,200109,200009,London Area Airports,STANSTED,NEWCASTLE,2972,2891,81,3166,3113,53,-6.127605915
14/12/2001 10:38,200109,200009,London Area Airports,STANSTED,PRESTWICK,56855,56855,0,40443,40443,0,40.58057022
14/12/2001 10:38,200109,200009,Other UK Airports,ABERDEEN,BELFAST INTERNATIONAL,785,785,0,818,818,0,-4.034229755
14/12/2001 10:38,200109,200009,Other UK Airports,ABERDEEN,BIRMINGHAM,5219,5219,0,4906,4906,0,6.379942894
14/12/2001 10:38,200109,200009,Other UK Airports,ABERDEEN,BRISTOL,2816,2816,0,5875,5875,0,-52.06808472
14/12/2001 10:38,200109,200009,Other UK Airports,ABERDEEN,CARDIFF WALES,238,238,0,168,168,0,41.66666794
14/12/2001 10:38,200109,200009,Other UK Airports,ABERDEEN,EAST MIDLANDS,1311,1311,0,1308,1308,0,0.229357794
14/12/2001 10:38,200109,200009,Other UK Airports,ABERDEEN,EDINBURGH,0,0,0,1,0,1,
14/12/2001 10:38,200109,200009,Other UK Airports,ABERDEEN,GLASGOW,531,531,0,513,513,0,3.508771896
14/12/2001 10:38,200109,200009,Other UK Airports,ABERDEEN,HUMBERSIDE,2571,2571,0,1880,1880,0,36.75531769
14/12/2001 10:38,200109,200009,Other UK Airports,ABERDEEN,JERSEY,330,0,330,576,0,576,-42.70833206
14/12/2001 10:38,200109,200009,Other UK Airports,ABERDEEN,KIRKWALL,3357,3357,0,3173,3173,0,5.798928261
14/12/2001 10:38,200109,200009,Other UK Airports,ABERDEEN,LEEDS BRADFORD,1418,1418,0,752,752,0,88.56382751
14/12/2001 10:38,200109,200009,Other UK Airports,ABERDEEN,MANCHESTER,13615,13615,0,11823,11823,0,15.15689754
14/12/2001 10:38,200109,200009,Other UK Airports,ABERDEEN,NEWCASTLE,5492,5492,0,702,702,0,682.3361816
14/12/2001 10:38,200109,200009,Other UK Airports,ABERDEEN,NORWICH,4794,4794,0,4952,4952,0,-3.190629959
14/12/2001 10:38,200109,200009,Other UK Airports,ABERDEEN,PLYMOUTH,28,28,0,0,0,0,
14/12/2001 10:38,200109,200009,Other UK Airports,ABERDEEN,SCATSTA,11546,0,11546,10975,0,10975,5.202733517
14/12/2001 10:38,200109,200009,Other UK Airports,ABERDEEN,SOUTHAMPTON,1438,1438,0,3334,3334,0,-56.86862564
14/12/2001 10:38,200109,200009,Other UK Airports,ABERDEEN,SUMBURGH,6265,6190,75,6358,5971,387,-1.46272409
14/12/2001 10:38,200109,200009,Other UK Airports,ABERDEEN,TEESSIDE,1518,1518,0,2205,2205,0,-31.15646172
14/12/2001 10:38,200109,200009,Other UK Airports,ABERDEEN,WICK,635,635,0,850,850,0,-25.29411697
14/12/2001 10:38,200109,200009,Other UK Airports,ALDERNEY,GUERNSEY,3756,3756,0,4001,4001,0,-6.123469353
14/12/2001 10:38,200109,200009,Other UK Airports,ALDERNEY,JERSEY,966,966,0,1056,1056,0,-8.522727013
14/12/2001 10:38,200109,200009,Other UK Airports,ALDERNEY,SOUTHAMPTON,2804,2804,0,2915,2915,0,-3.807890177
14/12/2001 10:38,200109,200009,Other UK Airports,BARRA,BENBECULA,256,256,0,257,257,0,-0.389105052
14/12/2001 10:38,200109,200009,Other UK Airports,BARRA,GLASGOW,448,448,0,503,503,0,-10.93439388
14/12/2001 10:38,200109,200009,Other UK Airports,BELFAST CITY,BIRMINGHAM,13264,13264,0,16569,16569,0,-19.94688797
14/12/2001 10:38,200109,200009,Other UK Airports,BELFAST CITY,BLACKPOOL,1528,1528,0,3875,3875,0,-60.56774139
14/12/2001 10:38,200109,200009,Other UK Airports,BELFAST CITY,BRISTOL,4877,4877,0,6072,6072,0,-19.68050003
14/12/2001 10:38,200109,200009,Other UK Airports,BELFAST CITY,EDINBURGH,4266,4266,0,5999,5999,0,-28.88814735
14/12/2001 10:38,200109,200009,Other UK Airports,BELFAST CITY,EXETER,351,351,0,341,341,0,2.932551384
14/12/2001 10:38,200109,200009,Other UK Airports,BELFAST CITY,GLASGOW,5354,5354,0,7482,7482,0,-28.44159317
14/12/2001 10:38,200109,200009,Other UK Airports,BELFAST CITY,ISLE OF MAN,2324,2324,0,0,0,0,
14/12/2001 10:38,200109,200009,Other UK Airports,BELFAST CITY,LEEDS BRADFORD,6664,6664,0,7812,7812,0,-14.69534016
14/12/2001 10:38,200109,200009,Other UK Airports,BELFAST CITY,LIVERPOOL,0,0,0,4254,4254,0,
14/12/2001 10:38,200109,200009,Other UK Airports,BELFAST CITY,MANCHESTER,7767,7767,0,9871,9871,0,-21.31496239
14/12/2001 10:38,200109,200009,Other UK Airports,BELFAST CITY,NEWCASTLE,7532,7505,27,8864,8864,0,-15.02707577
14/12/2001 10:38,200109,200009,Other UK Airports,BELFAST CITY,SHEFFIELD CITY,1843,1843,0,2212,2212,0,-16.68173599
14/12/2001 10:38,200109,200009,Other UK Airports,BELFAST CITY,SOUTHAMPTON,2263,2263,0,2091,2091,0,8.225728989
14/12/2001 10:38,200109,200009,Other UK Airports,BELFAST INTERNATIONAL,BIRMINGHAM,13389,13389,0,13961,13961,0,-4.097127914
14/12/2001 10:38,200109,200009,Other UK Airports,BELFAST INTERNATIONAL,BRISTOL,3064,3064,0,0,0,0,
14/12/2001 10:38,200109,200009,Other UK Airports,BELFAST INTERNATIONAL,CARDIFF WALES,1257,1257,0,1438,1438,0,-12.58692646
14/12/2001 10:38,200109,200009,Other UK Airports,BELFAST INTERNATIONAL,EAST MIDLANDS,6337,6337,0,5778,5778,0,9.674628258
14/12/2001 10:38,200109,200009,Other UK Airports,BELFAST INTERNATIONAL,EDINBURGH,22184,22184,0,2155,2155,0,929.4199829
14/12/2001 10:38,200109,200009,Other UK Airports,BELFAST INTERNATIONAL,GLASGOW,24900,24900,0,3120,3120,0,698.0769043
14/12/2001 10:38,200109,200009,Other UK Airports,BELFAST INTERNATIONAL,JERSEY,1441,1441,0,1542,1542,0,-6.549935341
14/12/2001 10:38,200109,200009,Other UK Airports,BELFAST INTERNATIONAL,LEEDS BRADFORD,0,0,0,69,0,69,
14/12/2001 10:38,200109,200009,Other UK Airports,BELFAST INTERNATIONAL,LIVERPOOL,37571,37571,0,19802,19802,0,89.73336029
14/12/2001 10:38,200109,200009,Other UK Airports,BELFAST INTERNATIONAL,MANCHESTER,6245,6245,0,7794,7794,0,-19.87426186
14/12/2001 10:38,200109,200009,Other UK Airports,BENBECULA,GLASGOW,1738,1738,0,1613,1613,0,7.749535084
14/12/2001 10:38,200109,200009,Other UK Airports,BENBECULA,INVERNESS,0,0,0,313,313,0,
14/12/2001 10:38,200109,200009,Other UK Airports,BENBECULA,STORNOWAY,764,764,0,814,814,0,-6.142506123
14/12/2001 10:38,200109,200009,Other UK Airports,BIGGIN HILL,BLACKPOOL,128,128,0,0,0,0,
14/12/2001 10:38,200109,200009,Other UK Airports,BIGGIN HILL,NEWCASTLE,38,0,38,0,0,0,
14/12/2001 10:38,200109,200009,Other UK Airports,BIRMINGHAM,EDINBURGH,24881,24881,0,26979,26979,0,-7.776418686
14/12/2001 10:38,200109,200009,Other UK Airports,BIRMINGHAM,EXETER,2433,2433,0,3626,3626,0,-32.90126801
14/12/2001 10:38,200109,200009,Other UK Airports,BIRMINGHAM,GATWICK,79,0,79,197,0,197,-59.89847565
14/12/2001 10:38,200109,200009,Other UK Airports,BIRMINGHAM,GLASGOW,24096,24096,0,25469,25469,0,-5.390867233
14/12/2001 10:38,200109,200009,Other UK Airports,BIRMINGHAM,GUERNSEY,3713,3713,0,4452,4452,0,-16.59928131
14/12/2001 10:38,200109,200009,Other UK Airports,BIRMINGHAM,ISLE OF MAN,4482,4482,0,3936,3936,0,13.8719511
14/12/2001 10:38,200109,200009,Other UK Airports,BIRMINGHAM,JERSEY,12210,10063,2147,12141,11167,974,0.568322241
14/12/2001 10:38,200109,200009,Other UK Airports,BIRMINGHAM,MANCHESTER,311,0,311,0,0,0,
14/12/2001 10:38,200109,200009,Other UK Airports,BIRMINGHAM,NEWCASTLE,2385,2385,0,2301,2301,0,3.650586605
14/12/2001 10:38,200109,200009,Other UK Airports,BLACKBUSHE,JERSEY,0,0,0,506,0,506,
14/12/2001 10:38,200109,200009,Other UK Airports,BLACKPOOL,ISLE OF MAN,673,673,0,2320,2320,0,-70.99137878
14/12/2001 10:38,200109,200009,Other UK Airports,BLACKPOOL,JERSEY,589,0,589,687,0,687,-14.26492023
14/12/2001 10:38,200109,200009,Other UK Airports,BOURNEMOUTH,BRISTOL,0,0,0,33,0,33,
14/12/2001 10:38,200109,200009,Other UK Airports,BOURNEMOUTH,JERSEY,604,0,604,448,0,448,34.82143021
14/12/2001 10:38,200109,200009,Other UK Airports,BRISTOL,CARDIFF WALES,36,36,0,0,0,0,
14/12/2001 10:38,200109,200009,Other UK Airports,BRISTOL,EDINBURGH,14018,14018,0,9504,9504,0,47.49579239
14/12/2001 10:38,200109,200009,Other UK Airports,BRISTOL,GLASGOW,13788,13788,0,9343,9343,0,47.57572556
14/12/2001 10:38,200109,200009,Other UK Airports,BRISTOL,GUERNSEY,1248,1248,0,1270,1270,0,-1.732283473
14/12/2001 10:38,200109,200009,Other UK Airports,BRISTOL,ISLE OF MAN,1429,1429,0,100,0,100,1329
14/12/2001 10:38,200109,200009,Other UK Airports,BRISTOL,ISLES OF SCILLY (ST.MARYS),330,330,0,351,351,0,-5.982905865
14/12/2001 10:38,200109,200009,Other UK Airports,BRISTOL,JERSEY,1730,1730,0,1772,1772,0,-2.370203257
14/12/2001 10:38,200109,200009,Other UK Airports,BRISTOL,MANCHESTER,326,326,0,0,0,0,
14/12/2001 10:38,200109,200009,Other UK Airports,BRISTOL,NEWCASTLE,3424,3424,0,42,42,0,8052.380859
14/12/2001 10:38,200109,200009,Other UK Airports,BRISTOL,NEWQUAY,225,182,43,0,0,0,
14/12/2001 10:38,200109,200009,Other UK Airports,BRISTOL,PLYMOUTH,2825,2825,0,2374,2374,0,18.99747276
14/12/2001 10:38,200109,200009,Other UK Airports,BRISTOL,SOUTHAMPTON,30,30,0,0,0,0,
14/12/2001 10:38,200109,200009,Other UK Airports,CAMPBELTOWN,GLASGOW,809,809,0,807,807,0,0.247831479
14/12/2001 10:38,200109,200009,Other UK Airports,CARDIFF WALES,EDINBURGH,1986,1986,0,2125,2125,0,-6.541176319
14/12/2001 10:38,200109,200009,Other UK Airports,CARDIFF WALES,EXETER,181,0,181,0,0,0,
14/12/2001 10:38,200109,200009,Other UK Airports,CARDIFF WALES,GLASGOW,2078,2078,0,2194,2194,0,-5.287146568
14/12/2001 10:38,200109,200009,Other UK Airports,CARDIFF WALES,GUERNSEY,377,377,0,418,418,0,-9.808612823
14/12/2001 10:38,200109,200009,Other UK Airports,CARDIFF WALES,JERSEY,2943,2685,258,2805,2805,0,4.919785976
14/12/2001 10:38,200109,200009,Other UK Airports,CARDIFF WALES,NEWCASTLE,421,421,0,0,0,0,
14/12/2001 10:38,200109,200009,Other UK Airports,DUNDEE,JERSEY,448,0,448,387,0,387,15.76227379
14/12/2001 10:38,200109,200009,Other UK Airports,EAST MIDLANDS,EDINBURGH,6188,6188,0,6527,6527,0,-5.193810463
14/12/2001 10:38,200109,200009,Other UK Airports,EAST MIDLANDS,GLASGOW,8112,8112,0,7434,7434,0,9.120258331
14/12/2001 10:38,200109,200009,Other UK Airports,EAST MIDLANDS,GUERNSEY,1679,1679,0,1612,1612,0,4.156327724
14/12/2001 10:38,200109,200009,Other UK Airports,EAST MIDLANDS,HUMBERSIDE,179,0,179,0,0,0,
14/12/2001 10:38,200109,200009,Other UK Airports,EAST MIDLANDS,JERSEY,7487,7042,445,6468,6202,266,15.75448322
14/12/2001 10:38,200109,200009,Other UK Airports,EDAY,KIRKWALL,24,24,0,25,25,0,-4
14/12/2001 10:38,200109,200009,Other UK Airports,EDINBURGH,FARNBOROUGH,0,0,0,1,0,1,
14/12/2001 10:38,200109,200009,Other UK Airports,EDINBURGH,GUERNSEY,240,240,0,186,186,0,29.03225899
14/12/2001 10:38,200109,200009,Other UK Airports,EDINBURGH,INVERNESS,214,214,0,3,0,3,7033.333496
14/12/2001 10:38,200109,200009,Other UK Airports,EDINBURGH,JERSEY,1380,1296,84,2034,1635,399,-32.15339279
14/12/2001 10:38,200109,200009,Other UK Airports,EDINBURGH,KIRKWALL,2522,2522,0,2502,2502,0,0.799360514
14/12/2001 10:38,200109,200009,Other UK Airports,EDINBURGH,LEEDS BRADFORD,2836,2836,0,2526,2526,0,12.27236748
14/12/2001 10:38,200109,200009,Other UK Airports,EDINBURGH,MANCHESTER,14152,14152,0,14957,14957,0,-5.382095337
14/12/2001 10:38,200109,200009,Other UK Airports,EDINBURGH,NEWCASTLE,125,0,125,0,0,0,
14/12/2001 10:38,200109,200009,Other UK Airports,EDINBURGH,NORWICH,1937,1937,0,1541,1541,0,25.69759941
14/12/2001 10:38,200109,200009,Other UK Airports,EDINBURGH,PLYMOUTH,105,105,0,108,108,0,-2.777777672
14/12/2001 10:38,200109,200009,Other UK Airports,EDINBURGH,SOUTHAMPTON,6200,6200,0,6503,6503,0,-4.659388065
14/12/2001 10:38,200109,200009,Other UK Airports,EDINBURGH,STORNOWAY,976,976,0,939,939,0,3.940361977
14/12/2001 10:38,200109,200009,Other UK Airports,EDINBURGH,SUMBURGH,1558,1472,86,1400,1400,0,11.28571415
14/12/2001 10:38,200109,200009,Other UK Airports,EDINBURGH,TEESSIDE,24,0,24,0,0,0,
14/12/2001 10:38,200109,200009,Other UK Airports,EDINBURGH,WICK,735,735,0,572,572,0,28.49650383
14/12/2001 10:38,200109,200009,Other UK Airports,EXETER,GUERNSEY,2470,2470,0,3100,3100,0,-20.32258034
14/12/2001 10:38,200109,200009,Other UK Airports,EXETER,ISLES OF SCILLY (ST.MARYS),669,669,0,718,718,0,-6.824512482
14/12/2001 10:38,200109,200009,Other UK Airports,EXETER,JERSEY,5149,5149,0,5721,5721,0,-9.998251915
14/12/2001 10:38,200109,200009,Other UK Airports,FAIR ISLE,LERWICK  (TINGWALL),226,226,0,169,169,0,33.72780991
14/12/2001 10:38,200109,200009,Other UK Airports,FAIR ISLE,SUMBURGH,64,64,0,39,39,0,64.10256195
14/12/2001 10:38,200109,200009,Other UK Airports,FILTON,HAWARDEN,165,0,165,228,0,228,-27.63157845
14/12/2001 10:38,200109,200009,Other UK Airports,FILTON,NEWCASTLE,25,0,25,0,0,0,
14/12/2001 10:38,200109,200009,Other UK Airports,GLASGOW,GUERNSEY,86,86,0,296,296,0,-70.94594574
14/12/2001 10:38,200109,200009,Other UK Airports,GLASGOW,INVERNESS,2225,2225,0,1453,1453,0,53.13145065
14/12/2001 10:38,200109,200009,Other UK Airports,GLASGOW,ISLAY,1878,1878,0,1943,1943,0,-3.345342159
14/12/2001 10:38,200109,200009,Other UK Airports,GLASGOW,ISLE OF MAN,2267,2267,0,2217,2217,0,2.255300045
14/12/2001 10:38,200109,200009,Other UK Airports,GLASGOW,JERSEY,2888,2813,75,3211,3211,0,-10.05917168
14/12/2001 10:38,200109,200009,Other UK Airports,GLASGOW,KIRKWALL,463,463,0,18,18,0,2472.222168
14/12/2001 10:38,200109,200009,Other UK Airports,GLASGOW,LEEDS BRADFORD,3138,3138,0,2797,2797,0,12.19163418
14/12/2001 10:38,200109,200009,Other UK Airports,GLASGOW,LONDONDERRY,1848,1848,0,1493,1493,0,23.77762985
14/12/2001 10:38,200109,200009,Other UK Airports,GLASGOW,MANCHESTER,12084,12050,34,13974,13974,0,-13.52511787
14/12/2001 10:38,200109,200009,Other UK Airports,GLASGOW,NEWCASTLE,0,0,0,4,0,4,
14/12/2001 10:38,200109,200009,Other UK Airports,GLASGOW,PLYMOUTH,200,200,0,687,687,0,-70.88791656
14/12/2001 10:38,200109,200009,Other UK Airports,GLASGOW,SOUTHAMPTON,6263,6242,21,6737,6737,0,-7.0357728
14/12/2001 10:38,200109,200009,Other UK Airports,GLASGOW,STORNOWAY,4089,4032,57,4407,4407,0,-7.215793133
14/12/2001 10:38,200109,200009,Other UK Airports,GLASGOW,SUMBURGH,1249,985,264,2670,2670,0,-53.22097397
14/12/2001 10:38,200109,200009,Other UK Airports,GLASGOW,TIREE,424,424,0,428,428,0,-0.934579432
14/12/2001 10:38,200109,200009,Other UK Airports,GUERNSEY,JERSEY,13659,13659,0,14917,14917,0,-8.43333149
14/12/2001 10:38,200109,200009,Other UK Airports,GUERNSEY,LEEDS BRADFORD,644,644,0,731,731,0,-11.90150452
14/12/2001 10:38,200109,200009,Other UK Airports,GUERNSEY,MANCHESTER,5167,5167,0,5448,5085,363,-5.157855988
14/12/2001 10:38,200109,200009,Other UK Airports,GUERNSEY,NEWCASTLE,139,139,0,0,0,0,
14/12/2001 10:38,200109,200009,Other UK Airports,GUERNSEY,NORWICH,141,141,0,0,0,0,
14/12/2001 10:38,200109,200009,Other UK Airports,GUERNSEY,PLYMOUTH,72,72,0,0,0,0,
14/12/2001 10:38,200109,200009,Other UK Airports,GUERNSEY,SOUTHAMPTON,11836,11836,0,13106,13106,0,-9.690217972
14/12/2001 10:38,200109,200009,Other UK Airports,HUMBERSIDE,JERSEY,538,0,538,583,0,583,-7.718696594
14/12/2001 10:38,200109,200009,Other UK Airports,HUMBERSIDE,NORWICH,0,0,0,3,3,0,
14/12/2001 10:38,200109,200009,Other UK Airports,INVERNESS,KIRKWALL,1189,1189,0,652,652,0,82.36196136
14/12/2001 10:38,200109,200009,Other UK Airports,INVERNESS,STORNOWAY,2106,2106,0,1354,1354,0,55.53914261
14/12/2001 10:38,200109,200009,Other UK Airports,INVERNESS,SUMBURGH,0,0,0,374,374,0,
14/12/2001 10:38,200109,200009,Other UK Airports,ISLAY,TEESSIDE,0,0,0,2,0,2,
14/12/2001 10:38,200109,200009,Other UK Airports,ISLE OF MAN,JERSEY,984,984,0,1031,1031,0,-4.558681011
14/12/2001 10:38,200109,200009,Other UK Airports,ISLE OF MAN,LEEDS BRADFORD,1144,1144,0,1132,1132,0,1.060070634
14/12/2001 10:38,200109,200009,Other UK Airports,ISLE OF MAN,LIVERPOOL,16508,16508,0,18223,18223,0,-9.411183357
14/12/2001 10:38,200109,200009,Other UK Airports,ISLE OF MAN,MANCHESTER,9805,9805,0,8705,8705,0,12.63641548
14/12/2001 10:38,200109,200009,Other UK Airports,ISLE OF MAN,SOUTHAMPTON,471,471,0,505,505,0,-6.732673168
14/12/2001 10:38,200109,200009,Other UK Airports,JERSEY,LEEDS BRADFORD,4601,4270,331,3356,3356,0,37.09773636
14/12/2001 10:38,200109,200009,Other UK Airports,JERSEY,LIVERPOOL,1524,764,760,622,622,0,145.0160828
14/12/2001 10:38,200109,200009,Other UK Airports,JERSEY,MANCHESTER,10761,8299,2462,12569,11471,1098,-14.38459682
14/12/2001 10:38,200109,200009,Other UK Airports,JERSEY,NEWCASTLE,2191,589,1602,1771,532,1239,23.71541595
14/12/2001 10:38,200109,200009,Other UK Airports,JERSEY,NORWICH,1189,119,1070,834,0,834,42.56594849
14/12/2001 10:38,200109,200009,Other UK Airports,JERSEY,PLYMOUTH,2404,2404,0,1080,1080,0,122.5925903
14/12/2001 10:38,200109,200009,Other UK Airports,JERSEY,PRESTWICK,170,0,170,133,0,133,27.81954956
14/12/2001 10:38,200109,200009,Other UK Airports,JERSEY,SHEFFIELD CITY,524,0,524,506,0,506,3.55731225
14/12/2001 10:38,200109,200009,Other UK Airports,JERSEY,SOUTHAMPTON,15202,15202,0,15958,15619,339,-4.737435818
14/12/2001 10:38,200109,200009,Other UK Airports,JERSEY,TEESSIDE,1093,1093,0,1094,1094,0,-0.091407679
14/12/2001 10:38,200109,200009,Other UK Airports,KIRKWALL,NORTH RONALDSAY,329,329,0,360,360,0,-8.611110687
14/12/2001 10:38,200109,200009,Other UK Airports,KIRKWALL,PAPA WESTRAY,193,193,0,246,246,0,-21.54471588
14/12/2001 10:38,200109,200009,Other UK Airports,KIRKWALL,SANDAY,197,197,0,172,172,0,14.5348835
14/12/2001 10:38,200109,200009,Other UK Airports,KIRKWALL,STRONSAY,208,208,0,203,203,0,2.46305418
14/12/2001 10:38,200109,200009,Other UK Airports,KIRKWALL,SUMBURGH,703,703,0,584,584,0,20.3767128
14/12/2001 10:38,200109,200009,Other UK Airports,KIRKWALL,WESTRAY,239,239,0,229,229,0,4.366812229
14/12/2001 10:38,200109,200009,Other UK Airports,KIRKWALL,WICK,532,532,0,19,19,0,2700
14/12/2001 10:38,200109,200009,Other UK Airports,LEEDS BRADFORD,NEWCASTLE,0,0,0,6,0,6,
14/12/2001 10:38,200109,200009,Other UK Airports,LEEDS BRADFORD,NORWICH,1,0,1,0,0,0,
14/12/2001 10:38,200109,200009,Other UK Airports,LEEDS BRADFORD,SOUTHAMPTON,2129,2129,0,1951,1951,0,9.123526573
14/12/2001 10:38,200109,200009,Other UK Airports,LERWICK  (TINGWALL),UNST,0,0,0,2,2,0,
14/12/2001 10:38,200109,200009,Other UK Airports,LONDONDERRY,MANCHESTER,1475,1475,0,1178,1178,0,25.21222496
14/12/2001 10:38,200109,200009,Other UK Airports,MANCHESTER,NORWICH,1254,1254,0,1054,1054,0,18.97533226
14/12/2001 10:38,200109,200009,Other UK Airports,MANCHESTER,SOUTHAMPTON,5212,5195,17,5428,5428,0,-3.979366302
14/12/2001 10:38,200109,200009,Other UK Airports,NEWCASTLE,PLYMOUTH,263,263,0,0,0,0,
14/12/2001 10:38,200109,200009,Other UK Airports,NEWCASTLE,SOUTHAMPTON,2508,2508,0,2458,2397,61,2.034174204
14/12/2001 10:38,200109,200009,Other UK Airports,NEWCASTLE,WICK,0,0,0,762,762,0,
14/12/2001 10:38,200109,200009,Other UK Airports,NORTHOLT,WICK,0,0,0,22,0,22,
14/12/2001 10:38,200109,200009,Other UK Airports,NORWICH,TEESSIDE,0,0,0,11,11,0,
14/12/2001 10:38,200109,200009,Other UK Airports,SUMBURGH,UNST,0,0,0,95,95,0,
14/12/2001 10:38,200109,200009,Other UK Airports,SUMBURGH,WICK,236,236,0,0,0,0,
